#
# There is insufficient memory for the Java Runtime Environment to continue.
# Native memory allocation (malloc) failed to allocate 1283216 bytes. Error detail: Chunk::new
# Possible reasons:
#   The system is out of physical RAM or swap space
#   This process is running with CompressedOops enabled, and the Java Heap may be blocking the growth of the native heap
# Possible solutions:
#   Reduce memory load on the system
#   Increase physical memory or swap space
#   Check if swap backing store is full
#   Decrease Java heap size (-Xmx/-Xms)
#   Decrease number of Java threads
#   Decrease Java thread stack sizes (-Xss)
#   Set larger code cache with -XX:ReservedCodeCacheSize=
#   JVM is running with Unscaled Compressed Oops mode in which the Java heap is
#     placed in the first 4GB address space. The Java Heap base address is the
#     maximum limit for the native heap growth. Please use -XX:HeapBaseMinAddress
#     to set the Java Heap base and to place the Java Heap above 4GB virtual address.
# This output file may be truncated or incomplete.
#
#  Out of Memory Error (arena.cpp:168), pid=27144, tid=25428
#
# JRE version: OpenJDK Runtime Environment Temurin-21.0.12.1+1 (21.0.12.1+1) (build 21.0.12.1+1-LTS)
# Java VM: OpenJDK 64-Bit Server VM Temurin-21.0.12.1+1 (21.0.12.1+1-LTS, mixed mode, sharing, tiered, compressed oops, compressed class ptrs, g1 gc, windows-amd64)
# No core dump will be written. Minidumps are not enabled by default on client versions of Windows
#

---------------  S U M M A R Y ------------

Command Line: --add-opens=java.base/java.util=ALL-UNNAMED --add-opens=java.base/java.lang=ALL-UNNAMED --add-opens=java.base/java.lang.invoke=ALL-UNNAMED --add-opens=java.base/java.util=ALL-UNNAMED --add-opens=java.prefs/java.util.prefs=ALL-UNNAMED --add-opens=java.prefs/java.util.prefs=ALL-UNNAMED --add-opens=java.base/java.nio.charset=ALL-UNNAMED --add-opens=java.base/java.net=ALL-UNNAMED --add-opens=java.base/java.util.concurrent.atomic=ALL-UNNAMED -Xmx2048m -Dfile.encoding=UTF-8 -Duser.country=US -Duser.language=en -Duser.variant org.gradle.launcher.daemon.bootstrap.GradleDaemon 7.4

Host: AMD Ryzen 7 7435HS                             , 16 cores, 15G,  Windows 11 , 64 bit Build 26100 (10.0.26100.9444)
Time: Sun Sep 27 18:04:26 2026 Sri Lanka Standard Time elapsed time: 14.861500 seconds (0d 0h 0m 14s)

---------------  T H R E A D  ---------------

Current thread (0x0000020f7a569450):  JavaThread "C2 CompilerThread1" daemon [_thread_in_native, id=25428, stack(0x0000002d67d00000,0x0000002d67e00000) (1024K)]


Current CompileTask:
C2:14861 10767       4       org.gradle.internal.instantiation.generator.AbstractClassGenerator::inspectType (560 bytes)

Stack: [0x0000002d67d00000,0x0000002d67e00000]
Native frames: (J=compiled Java code, j=interpreted, Vv=VM code, C=native code)
V  [jvm.dll+0x6d83e9]
V  [jvm.dll+0x8b5736]
V  [jvm.dll+0x8b7cee]
V  [jvm.dll+0x8b83d3]
V  [jvm.dll+0x284596]
V  [jvm.dll+0xc685d]
V  [jvm.dll+0xc6da1]
V  [jvm.dll+0x3bf151]
V  [jvm.dll+0x1e3f42]
V  [jvm.dll+0x24c853]
V  [jvm.dll+0x24bce0]
V  [jvm.dll+0x1cb4ae]
V  [jvm.dll+0x25baad]
V  [jvm.dll+0x25a03a]
V  [jvm.dll+0x3f8aae]
V  [jvm.dll+0x8600cd]
V  [jvm.dll+0x6d6c1d]
C  [ucrtbase.dll+0x2cd30]
C  [KERNEL32.DLL+0x2cd87]
C  [ntdll.dll+0xacaec]


---------------  P R O C E S S  ---------------

Threads class SMR info:
_java_thread_list=0x0000020f7b282f00, length=206, elements={
0x0000020f5900eb80, 0x0000020f7366d550, 0x0000020f7366ed20, 0x0000020f73676180,
0x0000020f73676e60, 0x0000020f73679740, 0x0000020f7367cac0, 0x0000020f7368a6b0,
0x0000020f736900d0, 0x0000020f737fb5b0, 0x0000020f738bd820, 0x0000020f738bfea0,
0x0000020f784f5a30, 0x0000020f78bc7a10, 0x0000020f7932d650, 0x0000020f797c3040,
0x0000020f79214750, 0x0000020f78fc38e0, 0x0000020f796257b0, 0x0000020f7981e260,
0x0000020f7981c190, 0x0000020f7981c820, 0x0000020f7981d540, 0x0000020f7e589120,
0x0000020f7e5876e0, 0x0000020f7e5897b0, 0x0000020f7e588400, 0x0000020f7e58bf10,
0x0000020f7e588a90, 0x0000020f7e58d2c0, 0x0000020f7e589e40, 0x0000020f7e58c5a0,
0x0000020f7e58d950, 0x0000020f7e58a4d0, 0x0000020f7e58dfe0, 0x0000020f7e58e670,
0x0000020f7e58ed00, 0x0000020f7981f610, 0x0000020f79e50020, 0x0000020f79e4e5e0,
0x0000020f79e513d0, 0x0000020f79e51a60, 0x0000020f79e520f0, 0x0000020f79e506b0,
0x0000020f79e52780, 0x0000020f79e50d40, 0x0000020f79e4f990, 0x0000020f79e4f300,
0x0000020f79e52e10, 0x0000020f79e534a0, 0x0000020f79e54850, 0x0000020f79e54ee0,
0x0000020f79e53b30, 0x0000020f79e541c0, 0x0000020f79e55570, 0x0000020f7c803f50,
0x0000020f7c8017f0, 0x0000020f7c8038c0, 0x0000020f7c801e80, 0x0000020f7c802510,
0x0000020f7c800ad0, 0x0000020f7c8045e0, 0x0000020f7c801160, 0x0000020f7c804c70,
0x0000020f7c806020, 0x0000020f7c802ba0, 0x0000020f7c803230, 0x0000020f7c805300,
0x0000020f7c8080f0, 0x0000020f7c805990, 0x0000020f7c8066b0, 0x0000020f7c806d40,
0x0000020f7c8073d0, 0x0000020f7c807a60, 0x0000020f7c1aac00, 0x0000020f7c1abfb0,
0x0000020f7c1ac640, 0x0000020f7c1ab920, 0x0000020f7c1accd0, 0x0000020f7c1ad360,
0x0000020f7c1a9ee0, 0x0000020f7c1aa570, 0x0000020f7c1ab290, 0x0000020f7addcf80,
0x0000020f7addc8f0, 0x0000020f7addf6e0, 0x0000020f7addf050, 0x0000020f7ade0a90,
0x0000020f7adddca0, 0x0000020f7addfd70, 0x0000020f7adde9c0, 0x0000020f7addd610,
0x0000020f7ade0400, 0x0000020f7ade1120, 0x0000020f7ade17b0, 0x0000020f7adde330,
0x0000020f7ade2b60, 0x0000020f7ade1e40, 0x0000020f7ade24d0, 0x0000020f7ade3880,
0x0000020f7ade3f10, 0x0000020f7ade31f0, 0x0000020f786a19e0, 0x0000020f786a0cc0,
0x0000020f786a1350, 0x0000020f786a3ab0, 0x0000020f786a3420, 0x0000020f786a0630,
0x0000020f786a4140, 0x0000020f786a2700, 0x0000020f786a47d0, 0x0000020f786a4e60,
0x0000020f786a2d90, 0x0000020f786a54f0, 0x0000020f786a2070, 0x0000020f786a6f30,
0x0000020f786a5b80, 0x0000020f786a7c50, 0x0000020f786a6210, 0x0000020f786a68a0,
0x0000020f786a75c0, 0x0000020f7caa7350, 0x0000020f7caa5910, 0x0000020f7caa6630,
0x0000020f7caa6cc0, 0x0000020f7caa4560, 0x0000020f7caa5fa0, 0x0000020f7caa5280,
0x0000020f7caa3ed0, 0x0000020f7caa79e0, 0x0000020f7caa8070, 0x0000020f7caa4bf0,
0x0000020f7caa8700, 0x0000020f7caaa140, 0x0000020f7caaa7d0, 0x0000020f7caa8d90,
0x0000020f7caab4f0, 0x0000020f7caa9420, 0x0000020f7caa9ab0, 0x0000020f7caaae60,
0x0000020f7cc2c260, 0x0000020f7cc29470, 0x0000020f7cc2c8f0, 0x0000020f7cc29b00,
0x0000020f7cc2aeb0, 0x0000020f7cc2cf80, 0x0000020f7cc2a820, 0x0000020f7cc2a190,
0x0000020f7cc2d610, 0x0000020f7cc2e9c0, 0x0000020f7cc2dca0, 0x0000020f7cc2e330,
0x0000020f7cc2b540, 0x0000020f7cc2f050, 0x0000020f7cc2bbd0, 0x0000020f7cc2f6e0,
0x0000020f7cc2fd70, 0x0000020f7cc30400, 0x0000020f7cc30a90, 0x0000020f7abd8e50,
0x0000020f7abd6060, 0x0000020f7abd7410, 0x0000020f7abd66f0, 0x0000020f7abd87c0,
0x0000020f7abd6d80, 0x0000020f7abd7aa0, 0x0000020f7abd59d0, 0x0000020f7abd8130,
0x0000020f7abda200, 0x0000020f7abd9b70, 0x0000020f7abdb5b0, 0x0000020f7abda890,
0x0000020f7abdbc40, 0x0000020f7abdc2d0, 0x0000020f7abdaf20, 0x0000020f7abdc960,
0x0000020f7abd94e0, 0x0000020f7abdcff0, 0x0000020f7e4ea750, 0x0000020f7e4eade0,
0x0000020f7e4eb470, 0x0000020f7e4ea0c0, 0x0000020f7e4ebb00, 0x0000020f7e4e8680,
0x0000020f7e4ec190, 0x0000020f7e4e8d10, 0x0000020f7e4ec820, 0x0000020f7e4e93a0,
0x0000020f7e4eceb0, 0x0000020f7e4e9a30, 0x0000020f7e4ee8f0, 0x0000020f7e4eef80,
0x0000020f7e4ef610, 0x0000020f7e4efca0, 0x0000020f7e4ee260, 0x0000020f7e4ed540,
0x0000020f7e4f0330, 0x0000020f7e4edbd0, 0x0000020f7e4f3120, 0x0000020f7e4f1d70,
0x0000020f7a569450, 0x0000020f7e4f37b0, 0x0000020f7b899ba0, 0x0000020f7e4f44d0,
0x0000020f78720c20, 0x0000020f7f046300
}

Java Threads: ( => current thread )
  0x0000020f5900eb80 JavaThread "main"                              [_thread_blocked, id=32828, stack(0x0000002d66a00000,0x0000002d66b00000) (1024K)]
  0x0000020f7366d550 JavaThread "Reference Handler"          daemon [_thread_blocked, id=26964, stack(0x0000002d67200000,0x0000002d67300000) (1024K)]
  0x0000020f7366ed20 JavaThread "Finalizer"                  daemon [_thread_blocked, id=4812, stack(0x0000002d67300000,0x0000002d67400000) (1024K)]
  0x0000020f73676180 JavaThread "Signal Dispatcher"          daemon [_thread_blocked, id=33388, stack(0x0000002d67400000,0x0000002d67500000) (1024K)]
  0x0000020f73676e60 JavaThread "Attach Listener"            daemon [_thread_blocked, id=35812, stack(0x0000002d67500000,0x0000002d67600000) (1024K)]
  0x0000020f73679740 JavaThread "Service Thread"             daemon [_thread_blocked, id=31620, stack(0x0000002d67600000,0x0000002d67700000) (1024K)]
  0x0000020f7367cac0 JavaThread "Monitor Deflation Thread"   daemon [_thread_blocked, id=29352, stack(0x0000002d67700000,0x0000002d67800000) (1024K)]
  0x0000020f7368a6b0 JavaThread "C2 CompilerThread0"         daemon [_thread_in_native, id=19712, stack(0x0000002d67800000,0x0000002d67900000) (1024K)]
  0x0000020f736900d0 JavaThread "C1 CompilerThread0"         daemon [_thread_blocked, id=33464, stack(0x0000002d67900000,0x0000002d67a00000) (1024K)]
  0x0000020f737fb5b0 JavaThread "C1 CompilerThread1"         daemon [_thread_blocked, id=11352, stack(0x0000002d67a00000,0x0000002d67b00000) (1024K)]
  0x0000020f738bd820 JavaThread "Notification Thread"        daemon [_thread_blocked, id=24196, stack(0x0000002d67b00000,0x0000002d67c00000) (1024K)]
  0x0000020f738bfea0 JavaThread "Common-Cleaner"             daemon [_thread_blocked, id=31460, stack(0x0000002d67c00000,0x0000002d67d00000) (1024K)]
  0x0000020f784f5a30 JavaThread "C1 CompilerThread2"         daemon [_thread_blocked, id=29768, stack(0x0000002d67e00000,0x0000002d67f00000) (1024K)]
  0x0000020f78bc7a10 JavaThread "C1 CompilerThread3"         daemon [_thread_blocked, id=33336, stack(0x0000002d67f00000,0x0000002d68000000) (1024K)]
  0x0000020f7932d650 JavaThread "Daemon health stats"               [_thread_blocked, id=1764, stack(0x0000002d68700000,0x0000002d68800000) (1024K)]
  0x0000020f797c3040 JavaThread "Incoming local TCP Connector on port 52721"        [_thread_in_native, id=18208, stack(0x0000002d68800000,0x0000002d68900000) (1024K)]
  0x0000020f79214750 JavaThread "Daemon periodic checks"            [_thread_blocked, id=35168, stack(0x0000002d68900000,0x0000002d68a00000) (1024K)]
  0x0000020f78fc38e0 JavaThread "Daemon"                            [_thread_blocked, id=25800, stack(0x0000002d68a00000,0x0000002d68b00000) (1024K)]
  0x0000020f796257b0 JavaThread "Daemon worker"                     [_thread_in_vm, id=34568, stack(0x0000002d68d00000,0x0000002d68e00000) (1024K)]
  0x0000020f7981e260 JavaThread "Cache worker for journal cache (C:\Users\ASUS\.gradle\caches\journal-1)"        [_thread_blocked, id=16536, stack(0x0000002d69100000,0x0000002d69200000) (1024K)]
  0x0000020f7981c190 JavaThread "File lock request listener"        [_thread_in_native, id=26920, stack(0x0000002d69200000,0x0000002d69300000) (1024K)]
  0x0000020f7981c820 JavaThread "Cache worker for file hash cache (C:\Users\ASUS\.gradle\caches\7.4\fileHashes)"        [_thread_blocked, id=36732, stack(0x0000002d69300000,0x0000002d69400000) (1024K)]
  0x0000020f7981d540 JavaThread "File watcher server"        daemon [_thread_in_native, id=12896, stack(0x0000002d69400000,0x0000002d69500000) (1024K)]
  0x0000020f7e589120 JavaThread "File watcher consumer"      daemon [_thread_blocked, id=26688, stack(0x0000002d69500000,0x0000002d69600000) (1024K)]
  0x0000020f7e5876e0 JavaThread "Cache worker for execution history cache (C:\Users\ASUS\.gradle\caches\7.4\executionHistory)"        [_thread_blocked, id=29816, stack(0x0000002d6a200000,0x0000002d6a300000) (1024K)]
  0x0000020f7e5897b0 JavaThread "jar transforms"                    [_thread_blocked, id=33224, stack(0x0000002d6a300000,0x0000002d6a400000) (1024K)]
  0x0000020f7e588400 JavaThread "Handler for socket connection from /127.0.0.1:52721 to /127.0.0.1:61688"        [_thread_in_native, id=10128, stack(0x0000002d68600000,0x0000002d68700000) (1024K)]
  0x0000020f7e58bf10 JavaThread "Cancel handler"                    [_thread_blocked, id=6404, stack(0x0000002d68b00000,0x0000002d68c00000) (1024K)]
  0x0000020f7e588a90 JavaThread "Asynchronous log dispatcher for DefaultDaemonConnection: socket connection from /127.0.0.1:52721 to /127.0.0.1:61688"        [_thread_blocked, id=19616, stack(0x0000002d68c00000,0x0000002d68d00000) (1024K)]
  0x0000020f7e58d2c0 JavaThread "Stdin handler"                     [_thread_blocked, id=26616, stack(0x0000002d68e00000,0x0000002d68f00000) (1024K)]
  0x0000020f7e589e40 JavaThread "Daemon client event forwarder"        [_thread_blocked, id=26268, stack(0x0000002d68f00000,0x0000002d69000000) (1024K)]
  0x0000020f7e58c5a0 JavaThread "Cache worker for checksums cache (D:\OneDrive - University of Westminster\Documents\GitHub\ViMusic\.gradle\7.4\checksums)"        [_thread_blocked, id=21100, stack(0x0000002d69000000,0x0000002d69100000) (1024K)]
  0x0000020f7e58d950 JavaThread "Cache worker for cache directory md-rule (C:\Users\ASUS\.gradle\caches\7.4\md-rule)"        [_thread_blocked, id=34108, stack(0x0000002d69600000,0x0000002d69700000) (1024K)]
  0x0000020f7e58a4d0 JavaThread "Cache worker for file hash cache (D:\OneDrive - University of Westminster\Documents\GitHub\ViMusic\.gradle\7.4\fileHashes)"        [_thread_blocked, id=6884, stack(0x0000002d6a000000,0x0000002d6a100000) (1024K)]
  0x0000020f7e58dfe0 JavaThread "Cache worker for cache directory md-supplier (C:\Users\ASUS\.gradle\caches\7.4\md-supplier)"        [_thread_blocked, id=23932, stack(0x0000002d6a100000,0x0000002d6a200000) (1024K)]
  0x0000020f7e58e670 JavaThread "Cache worker for kotlin-dsl (C:\Users\ASUS\.gradle\caches\7.4\kotlin-dsl)"        [_thread_blocked, id=33892, stack(0x0000002d6a500000,0x0000002d6a600000) (1024K)]
  0x0000020f7e58ed00 JavaThread "jar transforms Thread 2"           [_thread_blocked, id=14516, stack(0x0000002d6a700000,0x0000002d6a800000) (1024K)]
  0x0000020f7981f610 JavaThread "Cache worker for dependencies-accessors (D:\OneDrive - University of Westminster\Documents\GitHub\ViMusic\.gradle\7.4\dependencies-accessors)"        [_thread_blocked, id=15336, stack(0x0000002d6a600000,0x0000002d6a700000) (1024K)]
  0x0000020f79e50020 JavaThread "Cache worker for Build Output Cleanup Cache (D:\OneDrive - University of Westminster\Documents\GitHub\ViMusic\.gradle\buildOutputCleanup)"        [_thread_blocked, id=17436, stack(0x0000002d6a800000,0x0000002d6a900000) (1024K)]
  0x0000020f79e4e5e0 JavaThread "jar transforms Thread 3"           [_thread_blocked, id=33068, stack(0x0000002d6a900000,0x0000002d6aa00000) (1024K)]
  0x0000020f79e513d0 JavaThread "Unconstrained build operations"        [_thread_blocked, id=33040, stack(0x0000002d6aa00000,0x0000002d6ab00000) (1024K)]
  0x0000020f79e51a60 JavaThread "Unconstrained build operations Thread 2"        [_thread_blocked, id=35936, stack(0x0000002d6ab00000,0x0000002d6ac00000) (1024K)]
  0x0000020f79e520f0 JavaThread "Unconstrained build operations Thread 3"        [_thread_blocked, id=27324, stack(0x0000002d6ac00000,0x0000002d6ad00000) (1024K)]
  0x0000020f79e506b0 JavaThread "Unconstrained build operations Thread 4"        [_thread_blocked, id=5916, stack(0x0000002d6ad00000,0x0000002d6ae00000) (1024K)]
  0x0000020f79e52780 JavaThread "Unconstrained build operations Thread 5"        [_thread_blocked, id=7940, stack(0x0000002d6ae00000,0x0000002d6af00000) (1024K)]
  0x0000020f79e50d40 JavaThread "Unconstrained build operations Thread 6"        [_thread_blocked, id=15304, stack(0x0000002d6af00000,0x0000002d6b000000) (1024K)]
  0x0000020f79e4f990 JavaThread "Unconstrained build operations Thread 7"        [_thread_blocked, id=23700, stack(0x0000002d6b000000,0x0000002d6b100000) (1024K)]
  0x0000020f79e4f300 JavaThread "Unconstrained build operations Thread 8"        [_thread_blocked, id=36824, stack(0x0000002d6b100000,0x0000002d6b200000) (1024K)]
  0x0000020f79e52e10 JavaThread "Unconstrained build operations Thread 9"        [_thread_blocked, id=18480, stack(0x0000002d6b200000,0x0000002d6b300000) (1024K)]
  0x0000020f79e534a0 JavaThread "Unconstrained build operations Thread 10"        [_thread_blocked, id=35112, stack(0x0000002d6b300000,0x0000002d6b400000) (1024K)]
  0x0000020f79e54850 JavaThread "Unconstrained build operations Thread 11"        [_thread_blocked, id=28884, stack(0x0000002d6b400000,0x0000002d6b500000) (1024K)]
  0x0000020f79e54ee0 JavaThread "Unconstrained build operations Thread 12"        [_thread_blocked, id=35316, stack(0x0000002d6b500000,0x0000002d6b600000) (1024K)]
  0x0000020f79e53b30 JavaThread "Unconstrained build operations Thread 13"        [_thread_blocked, id=8904, stack(0x0000002d6b600000,0x0000002d6b700000) (1024K)]
  0x0000020f79e541c0 JavaThread "Unconstrained build operations Thread 14"        [_thread_blocked, id=30564, stack(0x0000002d6b700000,0x0000002d6b800000) (1024K)]
  0x0000020f79e55570 JavaThread "Unconstrained build operations Thread 15"        [_thread_blocked, id=35440, stack(0x0000002d6b800000,0x0000002d6b900000) (1024K)]
  0x0000020f7c803f50 JavaThread "Unconstrained build operations Thread 16"        [_thread_blocked, id=27012, stack(0x0000002d6b900000,0x0000002d6ba00000) (1024K)]
  0x0000020f7c8017f0 JavaThread "Unconstrained build operations Thread 17"        [_thread_blocked, id=36092, stack(0x0000002d6ba00000,0x0000002d6bb00000) (1024K)]
  0x0000020f7c8038c0 JavaThread "Unconstrained build operations Thread 18"        [_thread_blocked, id=27088, stack(0x0000002d6bb00000,0x0000002d6bc00000) (1024K)]
  0x0000020f7c801e80 JavaThread "Unconstrained build operations Thread 19"        [_thread_blocked, id=33072, stack(0x0000002d6bc00000,0x0000002d6bd00000) (1024K)]
  0x0000020f7c802510 JavaThread "Unconstrained build operations Thread 20"        [_thread_blocked, id=33364, stack(0x0000002d6bd00000,0x0000002d6be00000) (1024K)]
  0x0000020f7c800ad0 JavaThread "Unconstrained build operations Thread 21"        [_thread_blocked, id=9608, stack(0x0000002d6be00000,0x0000002d6bf00000) (1024K)]
  0x0000020f7c8045e0 JavaThread "Unconstrained build operations Thread 22"        [_thread_blocked, id=36576, stack(0x0000002d6bf00000,0x0000002d6c000000) (1024K)]
  0x0000020f7c801160 JavaThread "Unconstrained build operations Thread 23"        [_thread_blocked, id=27056, stack(0x0000002d6c000000,0x0000002d6c100000) (1024K)]
  0x0000020f7c804c70 JavaThread "Unconstrained build operations Thread 24"        [_thread_blocked, id=15344, stack(0x0000002d6c100000,0x0000002d6c200000) (1024K)]
  0x0000020f7c806020 JavaThread "Unconstrained build operations Thread 25"        [_thread_blocked, id=23440, stack(0x0000002d6c200000,0x0000002d6c300000) (1024K)]
  0x0000020f7c802ba0 JavaThread "Unconstrained build operations Thread 26"        [_thread_blocked, id=7268, stack(0x0000002d6c300000,0x0000002d6c400000) (1024K)]
  0x0000020f7c803230 JavaThread "Unconstrained build operations Thread 27"        [_thread_blocked, id=31624, stack(0x0000002d6c400000,0x0000002d6c500000) (1024K)]
  0x0000020f7c805300 JavaThread "Unconstrained build operations Thread 28"        [_thread_blocked, id=4052, stack(0x0000002d6c500000,0x0000002d6c600000) (1024K)]
  0x0000020f7c8080f0 JavaThread "Unconstrained build operations Thread 29"        [_thread_blocked, id=19212, stack(0x0000002d6c600000,0x0000002d6c700000) (1024K)]
  0x0000020f7c805990 JavaThread "Unconstrained build operations Thread 30"        [_thread_blocked, id=19968, stack(0x0000002d6c700000,0x0000002d6c800000) (1024K)]
  0x0000020f7c8066b0 JavaThread "Unconstrained build operations Thread 31"        [_thread_blocked, id=36644, stack(0x0000002d6c800000,0x0000002d6c900000) (1024K)]
  0x0000020f7c806d40 JavaThread "Unconstrained build operations Thread 32"        [_thread_blocked, id=30108, stack(0x0000002d6c900000,0x0000002d6ca00000) (1024K)]
  0x0000020f7c8073d0 JavaThread "Unconstrained build operations Thread 33"        [_thread_blocked, id=27332, stack(0x0000002d6ca00000,0x0000002d6cb00000) (1024K)]
  0x0000020f7c807a60 JavaThread "Unconstrained build operations Thread 34"        [_thread_blocked, id=23824, stack(0x0000002d6cb00000,0x0000002d6cc00000) (1024K)]
  0x0000020f7c1aac00 JavaThread "Unconstrained build operations Thread 35"        [_thread_blocked, id=19088, stack(0x0000002d6cc00000,0x0000002d6cd00000) (1024K)]
  0x0000020f7c1abfb0 JavaThread "Unconstrained build operations Thread 36"        [_thread_blocked, id=34920, stack(0x0000002d6cd00000,0x0000002d6ce00000) (1024K)]
  0x0000020f7c1ac640 JavaThread "Unconstrained build operations Thread 37"        [_thread_blocked, id=27156, stack(0x0000002d6ce00000,0x0000002d6cf00000) (1024K)]
  0x0000020f7c1ab920 JavaThread "Unconstrained build operations Thread 38"        [_thread_blocked, id=34396, stack(0x0000002d6cf00000,0x0000002d6d000000) (1024K)]
  0x0000020f7c1accd0 JavaThread "Unconstrained build operations Thread 39"        [_thread_blocked, id=33120, stack(0x0000002d6d000000,0x0000002d6d100000) (1024K)]
  0x0000020f7c1ad360 JavaThread "Unconstrained build operations Thread 40"        [_thread_blocked, id=20000, stack(0x0000002d6d100000,0x0000002d6d200000) (1024K)]
  0x0000020f7c1a9ee0 JavaThread "Unconstrained build operations Thread 41"        [_thread_blocked, id=3160, stack(0x0000002d6d200000,0x0000002d6d300000) (1024K)]
  0x0000020f7c1aa570 JavaThread "Unconstrained build operations Thread 42"        [_thread_blocked, id=35760, stack(0x0000002d6d300000,0x0000002d6d400000) (1024K)]
  0x0000020f7c1ab290 JavaThread "Unconstrained build operations Thread 43"        [_thread_blocked, id=34516, stack(0x0000002d6d400000,0x0000002d6d500000) (1024K)]
  0x0000020f7addcf80 JavaThread "Unconstrained build operations Thread 44"        [_thread_blocked, id=31728, stack(0x0000002d6d500000,0x0000002d6d600000) (1024K)]
  0x0000020f7addc8f0 JavaThread "Unconstrained build operations Thread 45"        [_thread_blocked, id=23792, stack(0x0000002d6d600000,0x0000002d6d700000) (1024K)]
  0x0000020f7addf6e0 JavaThread "Unconstrained build operations Thread 46"        [_thread_blocked, id=32036, stack(0x0000002d6d700000,0x0000002d6d800000) (1024K)]
  0x0000020f7addf050 JavaThread "Unconstrained build operations Thread 47"        [_thread_blocked, id=8720, stack(0x0000002d6d800000,0x0000002d6d900000) (1024K)]
  0x0000020f7ade0a90 JavaThread "Unconstrained build operations Thread 48"        [_thread_blocked, id=24244, stack(0x0000002d6d900000,0x0000002d6da00000) (1024K)]
  0x0000020f7adddca0 JavaThread "Unconstrained build operations Thread 49"        [_thread_blocked, id=32760, stack(0x0000002d6da00000,0x0000002d6db00000) (1024K)]
  0x0000020f7addfd70 JavaThread "Unconstrained build operations Thread 50"        [_thread_blocked, id=18856, stack(0x0000002d6db00000,0x0000002d6dc00000) (1024K)]
  0x0000020f7adde9c0 JavaThread "Unconstrained build operations Thread 51"        [_thread_blocked, id=21144, stack(0x0000002d6dc00000,0x0000002d6dd00000) (1024K)]
  0x0000020f7addd610 JavaThread "Unconstrained build operations Thread 52"        [_thread_blocked, id=28068, stack(0x0000002d6dd00000,0x0000002d6de00000) (1024K)]
  0x0000020f7ade0400 JavaThread "Unconstrained build operations Thread 53"        [_thread_blocked, id=27260, stack(0x0000002d6de00000,0x0000002d6df00000) (1024K)]
  0x0000020f7ade1120 JavaThread "Unconstrained build operations Thread 54"        [_thread_blocked, id=31136, stack(0x0000002d6df00000,0x0000002d6e000000) (1024K)]
  0x0000020f7ade17b0 JavaThread "Unconstrained build operations Thread 55"        [_thread_blocked, id=27004, stack(0x0000002d6e000000,0x0000002d6e100000) (1024K)]
  0x0000020f7adde330 JavaThread "Unconstrained build operations Thread 56"        [_thread_blocked, id=21600, stack(0x0000002d6e100000,0x0000002d6e200000) (1024K)]
  0x0000020f7ade2b60 JavaThread "Unconstrained build operations Thread 57"        [_thread_blocked, id=9908, stack(0x0000002d6e200000,0x0000002d6e300000) (1024K)]
  0x0000020f7ade1e40 JavaThread "Unconstrained build operations Thread 58"        [_thread_blocked, id=15044, stack(0x0000002d6e300000,0x0000002d6e400000) (1024K)]
  0x0000020f7ade24d0 JavaThread "Unconstrained build operations Thread 59"        [_thread_blocked, id=26644, stack(0x0000002d6e400000,0x0000002d6e500000) (1024K)]
  0x0000020f7ade3880 JavaThread "Unconstrained build operations Thread 60"        [_thread_blocked, id=26944, stack(0x0000002d6e500000,0x0000002d6e600000) (1024K)]
  0x0000020f7ade3f10 JavaThread "Unconstrained build operations Thread 61"        [_thread_blocked, id=36224, stack(0x0000002d6e600000,0x0000002d6e700000) (1024K)]
  0x0000020f7ade31f0 JavaThread "Unconstrained build operations Thread 62"        [_thread_blocked, id=14384, stack(0x0000002d6e700000,0x0000002d6e800000) (1024K)]
  0x0000020f786a19e0 JavaThread "Unconstrained build operations Thread 63"        [_thread_blocked, id=35624, stack(0x0000002d6e800000,0x0000002d6e900000) (1024K)]
  0x0000020f786a0cc0 JavaThread "Unconstrained build operations Thread 64"        [_thread_blocked, id=29160, stack(0x0000002d6e900000,0x0000002d6ea00000) (1024K)]
  0x0000020f786a1350 JavaThread "Unconstrained build operations Thread 65"        [_thread_blocked, id=24412, stack(0x0000002d6ea00000,0x0000002d6eb00000) (1024K)]
  0x0000020f786a3ab0 JavaThread "Unconstrained build operations Thread 66"        [_thread_blocked, id=22480, stack(0x0000002d6eb00000,0x0000002d6ec00000) (1024K)]
  0x0000020f786a3420 JavaThread "Unconstrained build operations Thread 67"        [_thread_blocked, id=15264, stack(0x0000002d6ec00000,0x0000002d6ed00000) (1024K)]
  0x0000020f786a0630 JavaThread "Unconstrained build operations Thread 68"        [_thread_blocked, id=20508, stack(0x0000002d6ed00000,0x0000002d6ee00000) (1024K)]
  0x0000020f786a4140 JavaThread "Unconstrained build operations Thread 69"        [_thread_blocked, id=13100, stack(0x0000002d6ee00000,0x0000002d6ef00000) (1024K)]
  0x0000020f786a2700 JavaThread "Unconstrained build operations Thread 70"        [_thread_blocked, id=24304, stack(0x0000002d6ef00000,0x0000002d6f000000) (1024K)]
  0x0000020f786a47d0 JavaThread "Unconstrained build operations Thread 71"        [_thread_blocked, id=25040, stack(0x0000002d6f000000,0x0000002d6f100000) (1024K)]
  0x0000020f786a4e60 JavaThread "Unconstrained build operations Thread 72"        [_thread_blocked, id=10604, stack(0x0000002d6f100000,0x0000002d6f200000) (1024K)]
  0x0000020f786a2d90 JavaThread "Unconstrained build operations Thread 73"        [_thread_blocked, id=36216, stack(0x0000002d6f200000,0x0000002d6f300000) (1024K)]
  0x0000020f786a54f0 JavaThread "Unconstrained build operations Thread 74"        [_thread_blocked, id=32316, stack(0x0000002d6f300000,0x0000002d6f400000) (1024K)]
  0x0000020f786a2070 JavaThread "Unconstrained build operations Thread 75"        [_thread_blocked, id=25904, stack(0x0000002d6f400000,0x0000002d6f500000) (1024K)]
  0x0000020f786a6f30 JavaThread "Unconstrained build operations Thread 76"        [_thread_blocked, id=8368, stack(0x0000002d6f500000,0x0000002d6f600000) (1024K)]
  0x0000020f786a5b80 JavaThread "Unconstrained build operations Thread 77"        [_thread_blocked, id=12828, stack(0x0000002d6f600000,0x0000002d6f700000) (1024K)]
  0x0000020f786a7c50 JavaThread "Unconstrained build operations Thread 78"        [_thread_blocked, id=33032, stack(0x0000002d6f700000,0x0000002d6f800000) (1024K)]
  0x0000020f786a6210 JavaThread "Unconstrained build operations Thread 79"        [_thread_blocked, id=31952, stack(0x0000002d6f800000,0x0000002d6f900000) (1024K)]
  0x0000020f786a68a0 JavaThread "Unconstrained build operations Thread 80"        [_thread_blocked, id=28528, stack(0x0000002d6f900000,0x0000002d6fa00000) (1024K)]
  0x0000020f786a75c0 JavaThread "Unconstrained build operations Thread 81"        [_thread_blocked, id=9076, stack(0x0000002d6fa00000,0x0000002d6fb00000) (1024K)]
  0x0000020f7caa7350 JavaThread "Unconstrained build operations Thread 82"        [_thread_blocked, id=29676, stack(0x0000002d6fb00000,0x0000002d6fc00000) (1024K)]
  0x0000020f7caa5910 JavaThread "Unconstrained build operations Thread 83"        [_thread_blocked, id=18280, stack(0x0000002d6fc00000,0x0000002d6fd00000) (1024K)]
  0x0000020f7caa6630 JavaThread "Unconstrained build operations Thread 84"        [_thread_blocked, id=17596, stack(0x0000002d6fd00000,0x0000002d6fe00000) (1024K)]
  0x0000020f7caa6cc0 JavaThread "Unconstrained build operations Thread 85"        [_thread_blocked, id=33556, stack(0x0000002d6fe00000,0x0000002d6ff00000) (1024K)]
  0x0000020f7caa4560 JavaThread "Unconstrained build operations Thread 86"        [_thread_blocked, id=32712, stack(0x0000002d6ff00000,0x0000002d70000000) (1024K)]
  0x0000020f7caa5fa0 JavaThread "Unconstrained build operations Thread 87"        [_thread_blocked, id=27368, stack(0x0000002d70000000,0x0000002d70100000) (1024K)]
  0x0000020f7caa5280 JavaThread "Unconstrained build operations Thread 88"        [_thread_blocked, id=7540, stack(0x0000002d70100000,0x0000002d70200000) (1024K)]
  0x0000020f7caa3ed0 JavaThread "Unconstrained build operations Thread 89"        [_thread_blocked, id=6872, stack(0x0000002d70200000,0x0000002d70300000) (1024K)]
  0x0000020f7caa79e0 JavaThread "Unconstrained build operations Thread 90"        [_thread_blocked, id=26660, stack(0x0000002d70300000,0x0000002d70400000) (1024K)]
  0x0000020f7caa8070 JavaThread "Unconstrained build operations Thread 91"        [_thread_blocked, id=33860, stack(0x0000002d70400000,0x0000002d70500000) (1024K)]
  0x0000020f7caa4bf0 JavaThread "Unconstrained build operations Thread 92"        [_thread_blocked, id=31216, stack(0x0000002d70500000,0x0000002d70600000) (1024K)]
  0x0000020f7caa8700 JavaThread "Unconstrained build operations Thread 93"        [_thread_blocked, id=28748, stack(0x0000002d70600000,0x0000002d70700000) (1024K)]
  0x0000020f7caaa140 JavaThread "Unconstrained build operations Thread 94"        [_thread_blocked, id=35412, stack(0x0000002d70700000,0x0000002d70800000) (1024K)]
  0x0000020f7caaa7d0 JavaThread "Unconstrained build operations Thread 95"        [_thread_blocked, id=26980, stack(0x0000002d70800000,0x0000002d70900000) (1024K)]
  0x0000020f7caa8d90 JavaThread "Unconstrained build operations Thread 96"        [_thread_blocked, id=35684, stack(0x0000002d70900000,0x0000002d70a00000) (1024K)]
  0x0000020f7caab4f0 JavaThread "Unconstrained build operations Thread 97"        [_thread_blocked, id=5884, stack(0x0000002d70a00000,0x0000002d70b00000) (1024K)]
  0x0000020f7caa9420 JavaThread "Unconstrained build operations Thread 98"        [_thread_blocked, id=4040, stack(0x0000002d70b00000,0x0000002d70c00000) (1024K)]
  0x0000020f7caa9ab0 JavaThread "Unconstrained build operations Thread 99"        [_thread_blocked, id=7628, stack(0x0000002d70c00000,0x0000002d70d00000) (1024K)]
  0x0000020f7caaae60 JavaThread "Unconstrained build operations Thread 100"        [_thread_blocked, id=36376, stack(0x0000002d70d00000,0x0000002d70e00000) (1024K)]
  0x0000020f7cc2c260 JavaThread "Unconstrained build operations Thread 101"        [_thread_blocked, id=12816, stack(0x0000002d70e00000,0x0000002d70f00000) (1024K)]
  0x0000020f7cc29470 JavaThread "Unconstrained build operations Thread 102"        [_thread_blocked, id=23196, stack(0x0000002d70f00000,0x0000002d71000000) (1024K)]
  0x0000020f7cc2c8f0 JavaThread "Unconstrained build operations Thread 103"        [_thread_blocked, id=15300, stack(0x0000002d71000000,0x0000002d71100000) (1024K)]
  0x0000020f7cc29b00 JavaThread "Unconstrained build operations Thread 104"        [_thread_blocked, id=34232, stack(0x0000002d71100000,0x0000002d71200000) (1024K)]
  0x0000020f7cc2aeb0 JavaThread "Unconstrained build operations Thread 105"        [_thread_blocked, id=34076, stack(0x0000002d71200000,0x0000002d71300000) (1024K)]
  0x0000020f7cc2cf80 JavaThread "Unconstrained build operations Thread 106"        [_thread_blocked, id=31248, stack(0x0000002d71300000,0x0000002d71400000) (1024K)]
  0x0000020f7cc2a820 JavaThread "Unconstrained build operations Thread 107"        [_thread_blocked, id=28596, stack(0x0000002d71400000,0x0000002d71500000) (1024K)]
  0x0000020f7cc2a190 JavaThread "Unconstrained build operations Thread 108"        [_thread_blocked, id=19988, stack(0x0000002d71500000,0x0000002d71600000) (1024K)]
  0x0000020f7cc2d610 JavaThread "Unconstrained build operations Thread 109"        [_thread_blocked, id=24060, stack(0x0000002d71600000,0x0000002d71700000) (1024K)]
  0x0000020f7cc2e9c0 JavaThread "Unconstrained build operations Thread 110"        [_thread_blocked, id=28384, stack(0x0000002d71700000,0x0000002d71800000) (1024K)]
  0x0000020f7cc2dca0 JavaThread "Unconstrained build operations Thread 111"        [_thread_blocked, id=28196, stack(0x0000002d71800000,0x0000002d71900000) (1024K)]
  0x0000020f7cc2e330 JavaThread "Unconstrained build operations Thread 112"        [_thread_blocked, id=20364, stack(0x0000002d71900000,0x0000002d71a00000) (1024K)]
  0x0000020f7cc2b540 JavaThread "Unconstrained build operations Thread 113"        [_thread_blocked, id=9072, stack(0x0000002d71a00000,0x0000002d71b00000) (1024K)]
  0x0000020f7cc2f050 JavaThread "Unconstrained build operations Thread 114"        [_thread_blocked, id=17576, stack(0x0000002d71b00000,0x0000002d71c00000) (1024K)]
  0x0000020f7cc2bbd0 JavaThread "Unconstrained build operations Thread 115"        [_thread_blocked, id=23688, stack(0x0000002d71c00000,0x0000002d71d00000) (1024K)]
  0x0000020f7cc2f6e0 JavaThread "Unconstrained build operations Thread 116"        [_thread_blocked, id=36692, stack(0x0000002d71d00000,0x0000002d71e00000) (1024K)]
  0x0000020f7cc2fd70 JavaThread "Unconstrained build operations Thread 117"        [_thread_blocked, id=13008, stack(0x0000002d71e00000,0x0000002d71f00000) (1024K)]
  0x0000020f7cc30400 JavaThread "Unconstrained build operations Thread 118"        [_thread_blocked, id=36236, stack(0x0000002d71f00000,0x0000002d72000000) (1024K)]
  0x0000020f7cc30a90 JavaThread "Unconstrained build operations Thread 119"        [_thread_blocked, id=7248, stack(0x0000002d72000000,0x0000002d72100000) (1024K)]
  0x0000020f7abd8e50 JavaThread "Unconstrained build operations Thread 120"        [_thread_blocked, id=15292, stack(0x0000002d72100000,0x0000002d72200000) (1024K)]
  0x0000020f7abd6060 JavaThread "Unconstrained build operations Thread 121"        [_thread_blocked, id=27072, stack(0x0000002d72200000,0x0000002d72300000) (1024K)]
  0x0000020f7abd7410 JavaThread "Unconstrained build operations Thread 122"        [_thread_blocked, id=24180, stack(0x0000002d72300000,0x0000002d72400000) (1024K)]
  0x0000020f7abd66f0 JavaThread "Unconstrained build operations Thread 123"        [_thread_blocked, id=9584, stack(0x0000002d72400000,0x0000002d72500000) (1024K)]
  0x0000020f7abd87c0 JavaThread "Unconstrained build operations Thread 124"        [_thread_blocked, id=5584, stack(0x0000002d72500000,0x0000002d72600000) (1024K)]
  0x0000020f7abd6d80 JavaThread "Unconstrained build operations Thread 125"        [_thread_blocked, id=3316, stack(0x0000002d72600000,0x0000002d72700000) (1024K)]
  0x0000020f7abd7aa0 JavaThread "Unconstrained build operations Thread 126"        [_thread_blocked, id=29392, stack(0x0000002d72700000,0x0000002d72800000) (1024K)]
  0x0000020f7abd59d0 JavaThread "Unconstrained build operations Thread 127"        [_thread_blocked, id=9576, stack(0x0000002d72800000,0x0000002d72900000) (1024K)]
  0x0000020f7abd8130 JavaThread "Unconstrained build operations Thread 128"        [_thread_blocked, id=6536, stack(0x0000002d72900000,0x0000002d72a00000) (1024K)]
  0x0000020f7abda200 JavaThread "Unconstrained build operations Thread 129"        [_thread_blocked, id=1808, stack(0x0000002d72a00000,0x0000002d72b00000) (1024K)]
  0x0000020f7abd9b70 JavaThread "Unconstrained build operations Thread 130"        [_thread_blocked, id=14060, stack(0x0000002d72b00000,0x0000002d72c00000) (1024K)]
  0x0000020f7abdb5b0 JavaThread "Unconstrained build operations Thread 131"        [_thread_blocked, id=34492, stack(0x0000002d72c00000,0x0000002d72d00000) (1024K)]
  0x0000020f7abda890 JavaThread "Unconstrained build operations Thread 132"        [_thread_blocked, id=28700, stack(0x0000002d72d00000,0x0000002d72e00000) (1024K)]
  0x0000020f7abdbc40 JavaThread "Unconstrained build operations Thread 133"        [_thread_blocked, id=32792, stack(0x0000002d72e00000,0x0000002d72f00000) (1024K)]
  0x0000020f7abdc2d0 JavaThread "Unconstrained build operations Thread 134"        [_thread_blocked, id=18852, stack(0x0000002d72f00000,0x0000002d73000000) (1024K)]
  0x0000020f7abdaf20 JavaThread "Unconstrained build operations Thread 135"        [_thread_blocked, id=13580, stack(0x0000002d73000000,0x0000002d73100000) (1024K)]
  0x0000020f7abdc960 JavaThread "Unconstrained build operations Thread 136"        [_thread_blocked, id=14216, stack(0x0000002d73100000,0x0000002d73200000) (1024K)]
  0x0000020f7abd94e0 JavaThread "Unconstrained build operations Thread 137"        [_thread_blocked, id=25060, stack(0x0000002d73200000,0x0000002d73300000) (1024K)]
  0x0000020f7abdcff0 JavaThread "Unconstrained build operations Thread 138"        [_thread_blocked, id=21624, stack(0x0000002d73300000,0x0000002d73400000) (1024K)]
  0x0000020f7e4ea750 JavaThread "Unconstrained build operations Thread 139"        [_thread_blocked, id=25096, stack(0x0000002d73400000,0x0000002d73500000) (1024K)]
  0x0000020f7e4eade0 JavaThread "Unconstrained build operations Thread 140"        [_thread_blocked, id=12728, stack(0x0000002d73500000,0x0000002d73600000) (1024K)]
  0x0000020f7e4eb470 JavaThread "Unconstrained build operations Thread 141"        [_thread_blocked, id=33408, stack(0x0000002d73600000,0x0000002d73700000) (1024K)]
  0x0000020f7e4ea0c0 JavaThread "Unconstrained build operations Thread 142"        [_thread_blocked, id=25200, stack(0x0000002d73700000,0x0000002d73800000) (1024K)]
  0x0000020f7e4ebb00 JavaThread "Unconstrained build operations Thread 143"        [_thread_blocked, id=27052, stack(0x0000002d73800000,0x0000002d73900000) (1024K)]
  0x0000020f7e4e8680 JavaThread "Unconstrained build operations Thread 144"        [_thread_blocked, id=35416, stack(0x0000002d73900000,0x0000002d73a00000) (1024K)]
  0x0000020f7e4ec190 JavaThread "Unconstrained build operations Thread 145"        [_thread_blocked, id=25752, stack(0x0000002d73a00000,0x0000002d73b00000) (1024K)]
  0x0000020f7e4e8d10 JavaThread "Unconstrained build operations Thread 146"        [_thread_blocked, id=33368, stack(0x0000002d73b00000,0x0000002d73c00000) (1024K)]
  0x0000020f7e4ec820 JavaThread "Unconstrained build operations Thread 147"        [_thread_blocked, id=36168, stack(0x0000002d73c00000,0x0000002d73d00000) (1024K)]
  0x0000020f7e4e93a0 JavaThread "jar transforms Thread 4"           [_thread_blocked, id=34636, stack(0x0000002d73d00000,0x0000002d73e00000) (1024K)]
  0x0000020f7e4eceb0 JavaThread "jar transforms Thread 5"           [_thread_blocked, id=34984, stack(0x0000002d73e00000,0x0000002d73f00000) (1024K)]
  0x0000020f7e4e9a30 JavaThread "jar transforms Thread 6"           [_thread_blocked, id=36360, stack(0x0000002d73f00000,0x0000002d74000000) (1024K)]
  0x0000020f7e4ee8f0 JavaThread "jar transforms Thread 7"           [_thread_blocked, id=6268, stack(0x0000002d74000000,0x0000002d74100000) (1024K)]
  0x0000020f7e4eef80 JavaThread "jar transforms Thread 8"           [_thread_blocked, id=36836, stack(0x0000002d74100000,0x0000002d74200000) (1024K)]
  0x0000020f7e4ef610 JavaThread "jar transforms Thread 9"           [_thread_blocked, id=25276, stack(0x0000002d74200000,0x0000002d74300000) (1024K)]
  0x0000020f7e4efca0 JavaThread "jar transforms Thread 10"          [_thread_blocked, id=24460, stack(0x0000002d74300000,0x0000002d74400000) (1024K)]
  0x0000020f7e4ee260 JavaThread "jar transforms Thread 11"          [_thread_blocked, id=35988, stack(0x0000002d74400000,0x0000002d74500000) (1024K)]
  0x0000020f7e4ed540 JavaThread "jar transforms Thread 12"          [_thread_blocked, id=36616, stack(0x0000002d74500000,0x0000002d74600000) (1024K)]
  0x0000020f7e4f0330 JavaThread "jar transforms Thread 13"          [_thread_blocked, id=21672, stack(0x0000002d74600000,0x0000002d74700000) (1024K)]
  0x0000020f7e4edbd0 JavaThread "jar transforms Thread 14"          [_thread_blocked, id=21676, stack(0x0000002d74700000,0x0000002d74800000) (1024K)]
  0x0000020f7e4f3120 JavaThread "jar transforms Thread 15"          [_thread_blocked, id=21652, stack(0x0000002d74800000,0x0000002d74900000) (1024K)]
  0x0000020f7e4f1d70 JavaThread "jar transforms Thread 16"          [_thread_blocked, id=33144, stack(0x0000002d74900000,0x0000002d74a00000) (1024K)]
=>0x0000020f7a569450 JavaThread "C2 CompilerThread1"         daemon [_thread_in_native, id=25428, stack(0x0000002d67d00000,0x0000002d67e00000) (1024K)]
  0x0000020f7e4f37b0 JavaThread "Cache worker for file content cache (C:\Users\ASUS\.gradle\caches\7.4\fileContent)"        [_thread_blocked, id=29820, stack(0x0000002d68500000,0x0000002d68600000) (1024K)]
  0x0000020f7b899ba0 JavaThread "C2 CompilerThread2"         daemon [_thread_in_native, id=10072, stack(0x0000002d6a400000,0x0000002d6a500000) (1024K)]
  0x0000020f7e4f44d0 JavaThread "Memory manager"                    [_thread_blocked, id=31352, stack(0x0000002d74a00000,0x0000002d74b00000) (1024K)]
  0x0000020f78720c20 JavaThread "C2 CompilerThread3"         daemon [_thread_blocked, id=7472, stack(0x0000002d74b00000,0x0000002d74c00000) (1024K)]
  0x0000020f7f046300 JavaThread "C2 CompilerThread4"         daemon [_thread_in_native, id=32836, stack(0x0000002d74c00000,0x0000002d74d00000) (1024K)]
Total: 206

Other Threads:
  0x0000020f7364dd40 VMThread "VM Thread"                           [id=18260, stack(0x0000002d67100000,0x0000002d67200000) (1024K)]
  0x0000020f737219e0 WatcherThread "VM Periodic Task Thread"        [id=24856, stack(0x0000002d67000000,0x0000002d67100000) (1024K)]
  0x0000020f5b490690 WorkerThread "GC Thread#0"                     [id=36540, stack(0x0000002d66b00000,0x0000002d66c00000) (1024K)]
  0x0000020f78bec280 WorkerThread "GC Thread#1"                     [id=6908, stack(0x0000002d68000000,0x0000002d68100000) (1024K)]
  0x0000020f78beca40 WorkerThread "GC Thread#2"                     [id=2576, stack(0x0000002d68100000,0x0000002d68200000) (1024K)]
  0x0000020f78cf2e80 WorkerThread "GC Thread#3"                     [id=9640, stack(0x0000002d68200000,0x0000002d68300000) (1024K)]
  0x0000020f78c064d0 WorkerThread "GC Thread#4"                     [id=22244, stack(0x0000002d68300000,0x0000002d68400000) (1024K)]
  0x0000020f78c072a0 WorkerThread "GC Thread#5"                     [id=26596, stack(0x0000002d68400000,0x0000002d68500000) (1024K)]
  0x0000020f796279d0 WorkerThread "GC Thread#6"                     [id=25876, stack(0x0000002d69700000,0x0000002d69800000) (1024K)]
  0x0000020f79627620 WorkerThread "GC Thread#7"                     [id=25316, stack(0x0000002d69800000,0x0000002d69900000) (1024K)]
  0x0000020f7da8fe60 WorkerThread "GC Thread#8"                     [id=32964, stack(0x0000002d69900000,0x0000002d69a00000) (1024K)]
  0x0000020f7da90210 WorkerThread "GC Thread#9"                     [id=24372, stack(0x0000002d69a00000,0x0000002d69b00000) (1024K)]
  0x0000020f7da8f350 WorkerThread "GC Thread#10"                    [id=29900, stack(0x0000002d69b00000,0x0000002d69c00000) (1024K)]
  0x0000020f7da8ebf0 WorkerThread "GC Thread#11"                    [id=23284, stack(0x0000002d69c00000,0x0000002d69d00000) (1024K)]
  0x0000020f7da8d980 WorkerThread "GC Thread#12"                    [id=35588, stack(0x0000002d69d00000,0x0000002d69e00000) (1024K)]
  0x0000020f5b4a2410 ConcurrentGCThread "G1 Main Marker"            [id=15136, stack(0x0000002d66c00000,0x0000002d66d00000) (1024K)]
  0x0000020f5b4a35d0 WorkerThread "G1 Conc#0"                       [id=17640, stack(0x0000002d66d00000,0x0000002d66e00000) (1024K)]
  0x0000020f7da8d5d0 WorkerThread "G1 Conc#1"                       [id=19068, stack(0x0000002d69e00000,0x0000002d69f00000) (1024K)]
  0x0000020f7da8efa0 WorkerThread "G1 Conc#2"                       [id=3084, stack(0x0000002d69f00000,0x0000002d6a000000) (1024K)]
  0x0000020f7358eba0 ConcurrentGCThread "G1 Refine#0"               [id=8364, stack(0x0000002d66e00000,0x0000002d66f00000) (1024K)]
  0x0000020f735904e0 ConcurrentGCThread "G1 Service"                [id=35796, stack(0x0000002d66f00000,0x0000002d67000000) (1024K)]
Total: 21

Threads with active compile tasks:
C2 CompilerThread0  14911 10807       4       java.lang.invoke.InvokerBytecodeGenerator::addMethod (725 bytes)
C2 CompilerThread1  14911 10767       4       org.gradle.internal.instantiation.generator.AbstractClassGenerator::inspectType (560 bytes)
C2 CompilerThread2  14911 10797       4       java.lang.ClassLoader::defineClass (43 bytes)
C2 CompilerThread4  14911 10796       4       java.security.SecureClassLoader::defineClass (16 bytes)
Total: 4

VM state: not at safepoint (normal execution)

VM Mutex/Monitor currently owned by a thread: None

Heap address: 0x0000000080000000, size: 2048 MB, Compressed Oops mode: 32-bit

CDS archive(s) mapped at: [0x0000020f00000000-0x0000020f00ba0000-0x0000020f00ba0000), size 12189696, SharedBaseAddress: 0x0000020f00000000, ArchiveRelocationMode: 1.
Compressed class space mapped at: 0x0000020f01000000-0x0000020f41000000, reserved size: 1073741824
Narrow klass base: 0x0000020f00000000, Narrow klass shift: 0, Narrow klass range: 0x100000000

GC Precious Log:
 CardTable entry size: 512
 Card Set container configuration: InlinePtr #cards 5 size 8 Array Of Cards #cards 12 size 40 Howl #buckets 4 coarsen threshold 1843 Howl Bitmap #cards 512 size 80 coarsen threshold 460 Card regions per heap region 1 cards per card region 2048
 CPUs: 16 total, 16 available
 Memory: 16202M
 Large Page Support: Disabled
 NUMA Support: Disabled
 Compressed Oops: Enabled (32-bit)
 Heap Region Size: 1M
 Heap Min Capacity: 8M
 Heap Initial Capacity: 254M
 Heap Max Capacity: 2G
 Pre-touch: Disabled
 Parallel Workers: 13
 Concurrent Workers: 3
 Concurrent Refinement Workers: 13
 Periodic GC: Disabled

Heap:
 garbage-first heap   total 135168K, used 88999K [0x0000000080000000, 0x0000000100000000)
  region size 1024K, 15 young (15360K), 5 survivors (5120K)
 Metaspace       used 73352K, committed 75136K, reserved 1114112K
  class space    used 10141K, committed 11008K, reserved 1048576K

Heap Regions: E=young(eden), S=young(survivor), O=old, HS=humongous(starts), HC=humongous(continues), CS=collection set, F=free, TAMS=top-at-mark-start, PB=parsable bottom
|   0|0x0000000080000000, 0x0000000080100000, 0x0000000080100000|100%| O|  |TAMS 0x0000000080000000| PB 0x0000000080000000| Untracked 
|   1|0x0000000080100000, 0x0000000080200000, 0x0000000080200000|100%| O|  |TAMS 0x0000000080100000| PB 0x0000000080100000| Untracked 
|   2|0x0000000080200000, 0x0000000080300000, 0x0000000080300000|100%| O|  |TAMS 0x0000000080200000| PB 0x0000000080200000| Untracked 
|   3|0x0000000080300000, 0x0000000080400000, 0x0000000080400000|100%|HS|  |TAMS 0x0000000080300000| PB 0x0000000080300000| Complete 
|   4|0x0000000080400000, 0x0000000080500000, 0x0000000080500000|100%|HC|  |TAMS 0x0000000080400000| PB 0x0000000080400000| Complete 
|   5|0x0000000080500000, 0x0000000080600000, 0x0000000080600000|100%|HC|  |TAMS 0x0000000080500000| PB 0x0000000080500000| Complete 
|   6|0x0000000080600000, 0x0000000080700000, 0x0000000080700000|100%| O|  |TAMS 0x0000000080600000| PB 0x0000000080600000| Untracked 
|   7|0x0000000080700000, 0x0000000080700000, 0x0000000080800000|  0%| F|  |TAMS 0x0000000080700000| PB 0x0000000080700000| Untracked 
|   8|0x0000000080800000, 0x0000000080900000, 0x0000000080900000|100%| O|  |TAMS 0x0000000080800000| PB 0x0000000080800000| Untracked 
|   9|0x0000000080900000, 0x0000000080a00000, 0x0000000080a00000|100%| O|  |TAMS 0x0000000080900000| PB 0x0000000080900000| Untracked 
|  10|0x0000000080a00000, 0x0000000080b00000, 0x0000000080b00000|100%| O|  |TAMS 0x0000000080a00000| PB 0x0000000080a00000| Untracked 
|  11|0x0000000080b00000, 0x0000000080c00000, 0x0000000080c00000|100%| O|  |TAMS 0x0000000080b00000| PB 0x0000000080b00000| Untracked 
|  12|0x0000000080c00000, 0x0000000080d00000, 0x0000000080d00000|100%| O|  |TAMS 0x0000000080c00000| PB 0x0000000080c00000| Untracked 
|  13|0x0000000080d00000, 0x0000000080e00000, 0x0000000080e00000|100%| O|  |TAMS 0x0000000080d00000| PB 0x0000000080d00000| Untracked 
|  14|0x0000000080e00000, 0x0000000080f00000, 0x0000000080f00000|100%| O|  |TAMS 0x0000000080e00000| PB 0x0000000080e00000| Untracked 
|  15|0x0000000080f00000, 0x0000000081000000, 0x0000000081000000|100%| O|  |TAMS 0x0000000080f00000| PB 0x0000000080f00000| Untracked 
|  16|0x0000000081000000, 0x0000000081100000, 0x0000000081100000|100%| O|  |TAMS 0x0000000081000000| PB 0x0000000081000000| Untracked 
|  17|0x0000000081100000, 0x0000000081200000, 0x0000000081200000|100%| O|  |TAMS 0x0000000081100000| PB 0x0000000081100000| Untracked 
|  18|0x0000000081200000, 0x0000000081300000, 0x0000000081300000|100%| O|  |TAMS 0x0000000081200000| PB 0x0000000081200000| Untracked 
|  19|0x0000000081300000, 0x0000000081400000, 0x0000000081400000|100%| O|  |TAMS 0x0000000081300000| PB 0x0000000081300000| Untracked 
|  20|0x0000000081400000, 0x0000000081500000, 0x0000000081500000|100%| O|  |TAMS 0x0000000081400000| PB 0x0000000081400000| Untracked 
|  21|0x0000000081500000, 0x0000000081600000, 0x0000000081600000|100%| O|  |TAMS 0x0000000081500000| PB 0x0000000081500000| Untracked 
|  22|0x0000000081600000, 0x0000000081700000, 0x0000000081700000|100%| O|  |TAMS 0x0000000081600000| PB 0x0000000081600000| Untracked 
|  23|0x0000000081700000, 0x0000000081800000, 0x0000000081800000|100%| O|  |TAMS 0x0000000081700000| PB 0x0000000081700000| Untracked 
|  24|0x0000000081800000, 0x0000000081900000, 0x0000000081900000|100%| O|  |TAMS 0x0000000081800000| PB 0x0000000081800000| Untracked 
|  25|0x0000000081900000, 0x0000000081a00000, 0x0000000081a00000|100%| O|  |TAMS 0x0000000081900000| PB 0x0000000081900000| Untracked 
|  26|0x0000000081a00000, 0x0000000081b00000, 0x0000000081b00000|100%| O|  |TAMS 0x0000000081a00000| PB 0x0000000081a00000| Untracked 
|  27|0x0000000081b00000, 0x0000000081c00000, 0x0000000081c00000|100%| O|  |TAMS 0x0000000081b00000| PB 0x0000000081b00000| Untracked 
|  28|0x0000000081c00000, 0x0000000081d00000, 0x0000000081d00000|100%| O|  |TAMS 0x0000000081c00000| PB 0x0000000081c00000| Untracked 
|  29|0x0000000081d00000, 0x0000000081e00000, 0x0000000081e00000|100%| O|  |TAMS 0x0000000081d00000| PB 0x0000000081d00000| Untracked 
|  30|0x0000000081e00000, 0x0000000081f00000, 0x0000000081f00000|100%| O|  |TAMS 0x0000000081e00000| PB 0x0000000081e00000| Untracked 
|  31|0x0000000081f00000, 0x0000000082000000, 0x0000000082000000|100%| O|  |TAMS 0x0000000081f00000| PB 0x0000000081f00000| Untracked 
|  32|0x0000000082000000, 0x0000000082100000, 0x0000000082100000|100%|HS|  |TAMS 0x0000000082000000| PB 0x0000000082000000| Complete 
|  33|0x0000000082100000, 0x0000000082200000, 0x0000000082200000|100%|HS|  |TAMS 0x0000000082100000| PB 0x0000000082100000| Complete 
|  34|0x0000000082200000, 0x0000000082300000, 0x0000000082300000|100%|HS|  |TAMS 0x0000000082200000| PB 0x0000000082200000| Complete 
|  35|0x0000000082300000, 0x0000000082400000, 0x0000000082400000|100%|HS|  |TAMS 0x0000000082300000| PB 0x0000000082300000| Complete 
|  36|0x0000000082400000, 0x0000000082500000, 0x0000000082500000|100%|HC|  |TAMS 0x0000000082400000| PB 0x0000000082400000| Complete 
|  37|0x0000000082500000, 0x0000000082600000, 0x0000000082600000|100%|HC|  |TAMS 0x0000000082500000| PB 0x0000000082500000| Complete 
|  38|0x0000000082600000, 0x0000000082700000, 0x0000000082700000|100%|HC|  |TAMS 0x0000000082600000| PB 0x0000000082600000| Complete 
|  39|0x0000000082700000, 0x0000000082800000, 0x0000000082800000|100%| O|  |TAMS 0x0000000082700000| PB 0x0000000082700000| Untracked 
|  40|0x0000000082800000, 0x0000000082900000, 0x0000000082900000|100%| O|  |TAMS 0x0000000082800000| PB 0x0000000082800000| Untracked 
|  41|0x0000000082900000, 0x0000000082a00000, 0x0000000082a00000|100%| O|  |TAMS 0x0000000082900000| PB 0x0000000082900000| Untracked 
|  42|0x0000000082a00000, 0x0000000082b00000, 0x0000000082b00000|100%| O|  |TAMS 0x0000000082a00000| PB 0x0000000082a00000| Untracked 
|  43|0x0000000082b00000, 0x0000000082c00000, 0x0000000082c00000|100%| O|  |TAMS 0x0000000082b00000| PB 0x0000000082b00000| Untracked 
|  44|0x0000000082c00000, 0x0000000082d00000, 0x0000000082d00000|100%| O|  |TAMS 0x0000000082c00000| PB 0x0000000082c00000| Untracked 
|  45|0x0000000082d00000, 0x0000000082e00000, 0x0000000082e00000|100%| O|  |TAMS 0x0000000082d00000| PB 0x0000000082d00000| Untracked 
|  46|0x0000000082e00000, 0x0000000082f00000, 0x0000000082f00000|100%| O|  |TAMS 0x0000000082e00000| PB 0x0000000082e00000| Untracked 
|  47|0x0000000082f00000, 0x0000000083000000, 0x0000000083000000|100%| O|  |TAMS 0x0000000082f00000| PB 0x0000000082f00000| Untracked 
|  48|0x0000000083000000, 0x0000000083100000, 0x0000000083100000|100%|HS|  |TAMS 0x0000000083000000| PB 0x0000000083000000| Complete 
|  49|0x0000000083100000, 0x0000000083200000, 0x0000000083200000|100%|HC|  |TAMS 0x0000000083100000| PB 0x0000000083100000| Complete 
|  50|0x0000000083200000, 0x0000000083300000, 0x0000000083300000|100%| O|  |TAMS 0x0000000083200000| PB 0x0000000083200000| Untracked 
|  51|0x0000000083300000, 0x0000000083300000, 0x0000000083400000|  0%| F|  |TAMS 0x0000000083300000| PB 0x0000000083300000| Untracked 
|  52|0x0000000083400000, 0x0000000083500000, 0x0000000083500000|100%| O|Cm|TAMS 0x0000000083400000| PB 0x0000000083400000| Complete 
|  53|0x0000000083500000, 0x0000000083600000, 0x0000000083600000|100%| O|  |TAMS 0x0000000083500000| PB 0x0000000083500000| Untracked 
|  54|0x0000000083600000, 0x0000000083700000, 0x0000000083700000|100%| O|  |TAMS 0x0000000083600000| PB 0x0000000083600000| Untracked 
|  55|0x0000000083700000, 0x0000000083800000, 0x0000000083800000|100%| O|  |TAMS 0x0000000083700000| PB 0x0000000083700000| Untracked 
|  56|0x0000000083800000, 0x0000000083900000, 0x0000000083900000|100%| O|  |TAMS 0x0000000083800000| PB 0x0000000083800000| Untracked 
|  57|0x0000000083900000, 0x0000000083a00000, 0x0000000083a00000|100%| O|  |TAMS 0x0000000083900000| PB 0x0000000083900000| Untracked 
|  58|0x0000000083a00000, 0x0000000083b00000, 0x0000000083b00000|100%| O|  |TAMS 0x0000000083a00000| PB 0x0000000083a00000| Untracked 
|  59|0x0000000083b00000, 0x0000000083c00000, 0x0000000083c00000|100%| O|  |TAMS 0x0000000083b00000| PB 0x0000000083b00000| Untracked 
|  60|0x0000000083c00000, 0x0000000083d00000, 0x0000000083d00000|100%| O|  |TAMS 0x0000000083c00000| PB 0x0000000083c00000| Untracked 
|  61|0x0000000083d00000, 0x0000000083d00000, 0x0000000083e00000|  0%| F|  |TAMS 0x0000000083d00000| PB 0x0000000083d00000| Untracked 
|  62|0x0000000083e00000, 0x0000000083f00000, 0x0000000083f00000|100%| O|  |TAMS 0x0000000083e00000| PB 0x0000000083e00000| Untracked 
|  63|0x0000000083f00000, 0x0000000084000000, 0x0000000084000000|100%| O|  |TAMS 0x0000000083f00000| PB 0x0000000083f00000| Untracked 
|  64|0x0000000084000000, 0x0000000084100000, 0x0000000084100000|100%| O|  |TAMS 0x0000000084000000| PB 0x0000000084000000| Untracked 
|  65|0x0000000084100000, 0x0000000084200000, 0x0000000084200000|100%| O|  |TAMS 0x0000000084100000| PB 0x0000000084100000| Untracked 
|  66|0x0000000084200000, 0x0000000084300000, 0x0000000084300000|100%| O|  |TAMS 0x0000000084200000| PB 0x0000000084200000| Untracked 
|  67|0x0000000084300000, 0x0000000084400000, 0x0000000084400000|100%| O|  |TAMS 0x0000000084300000| PB 0x0000000084300000| Untracked 
|  68|0x0000000084400000, 0x0000000084500000, 0x0000000084500000|100%| O|Cm|TAMS 0x0000000084400000| PB 0x0000000084400000| Complete 
|  69|0x0000000084500000, 0x00000000845130c0, 0x0000000084600000|  7%| O|  |TAMS 0x0000000084500000| PB 0x0000000084500000| Untracked 
|  70|0x0000000084600000, 0x0000000084700000, 0x0000000084700000|100%| O|  |TAMS 0x0000000084600000| PB 0x0000000084600000| Untracked 
|  71|0x0000000084700000, 0x0000000084700000, 0x0000000084800000|  0%| F|  |TAMS 0x0000000084700000| PB 0x0000000084700000| Untracked 
|  72|0x0000000084800000, 0x0000000084800000, 0x0000000084900000|  0%| F|  |TAMS 0x0000000084800000| PB 0x0000000084800000| Untracked 
|  73|0x0000000084900000, 0x0000000084900000, 0x0000000084a00000|  0%| F|  |TAMS 0x0000000084900000| PB 0x0000000084900000| Untracked 
|  74|0x0000000084a00000, 0x0000000084a00000, 0x0000000084b00000|  0%| F|  |TAMS 0x0000000084a00000| PB 0x0000000084a00000| Untracked 
|  75|0x0000000084b00000, 0x0000000084b00000, 0x0000000084c00000|  0%| F|  |TAMS 0x0000000084b00000| PB 0x0000000084b00000| Untracked 
|  76|0x0000000084c00000, 0x0000000084c00000, 0x0000000084d00000|  0%| F|  |TAMS 0x0000000084c00000| PB 0x0000000084c00000| Untracked 
|  77|0x0000000084d00000, 0x0000000084d00000, 0x0000000084e00000|  0%| F|  |TAMS 0x0000000084d00000| PB 0x0000000084d00000| Untracked 
|  78|0x0000000084e00000, 0x0000000084e00000, 0x0000000084f00000|  0%| F|  |TAMS 0x0000000084e00000| PB 0x0000000084e00000| Untracked 
|  79|0x0000000084f00000, 0x0000000084f00000, 0x0000000085000000|  0%| F|  |TAMS 0x0000000084f00000| PB 0x0000000084f00000| Untracked 
|  80|0x0000000085000000, 0x0000000085000000, 0x0000000085100000|  0%| F|  |TAMS 0x0000000085000000| PB 0x0000000085000000| Untracked 
|  81|0x0000000085100000, 0x00000000851d6ec0, 0x0000000085200000| 83%| S|CS|TAMS 0x0000000085100000| PB 0x0000000085100000| Complete 
|  82|0x0000000085200000, 0x0000000085300000, 0x0000000085300000|100%| S|CS|TAMS 0x0000000085200000| PB 0x0000000085200000| Complete 
|  83|0x0000000085300000, 0x0000000085400000, 0x0000000085400000|100%| S|CS|TAMS 0x0000000085300000| PB 0x0000000085300000| Complete 
|  84|0x0000000085400000, 0x0000000085500000, 0x0000000085500000|100%| S|CS|TAMS 0x0000000085400000| PB 0x0000000085400000| Complete 
|  85|0x0000000085500000, 0x0000000085600000, 0x0000000085600000|100%| S|CS|TAMS 0x0000000085500000| PB 0x0000000085500000| Complete 
|  86|0x0000000085600000, 0x0000000085600000, 0x0000000085700000|  0%| F|  |TAMS 0x0000000085600000| PB 0x0000000085600000| Untracked 
|  87|0x0000000085700000, 0x0000000085700000, 0x0000000085800000|  0%| F|  |TAMS 0x0000000085700000| PB 0x0000000085700000| Untracked 
|  88|0x0000000085800000, 0x0000000085800000, 0x0000000085900000|  0%| F|  |TAMS 0x0000000085800000| PB 0x0000000085800000| Untracked 
|  89|0x0000000085900000, 0x0000000085900000, 0x0000000085a00000|  0%| F|  |TAMS 0x0000000085900000| PB 0x0000000085900000| Untracked 
|  90|0x0000000085a00000, 0x0000000085a00000, 0x0000000085b00000|  0%| F|  |TAMS 0x0000000085a00000| PB 0x0000000085a00000| Untracked 
|  91|0x0000000085b00000, 0x0000000085b00000, 0x0000000085c00000|  0%| F|  |TAMS 0x0000000085b00000| PB 0x0000000085b00000| Untracked 
|  92|0x0000000085c00000, 0x0000000085c00000, 0x0000000085d00000|  0%| F|  |TAMS 0x0000000085c00000| PB 0x0000000085c00000| Untracked 
|  93|0x0000000085d00000, 0x0000000085d00000, 0x0000000085e00000|  0%| F|  |TAMS 0x0000000085d00000| PB 0x0000000085d00000| Untracked 
|  94|0x0000000085e00000, 0x0000000085e00000, 0x0000000085f00000|  0%| F|  |TAMS 0x0000000085e00000| PB 0x0000000085e00000| Untracked 
|  95|0x0000000085f00000, 0x0000000085f00000, 0x0000000086000000|  0%| F|  |TAMS 0x0000000085f00000| PB 0x0000000085f00000| Untracked 
|  96|0x0000000086000000, 0x0000000086000000, 0x0000000086100000|  0%| F|  |TAMS 0x0000000086000000| PB 0x0000000086000000| Untracked 
|  97|0x0000000086100000, 0x0000000086100000, 0x0000000086200000|  0%| F|  |TAMS 0x0000000086100000| PB 0x0000000086100000| Untracked 
|  98|0x0000000086200000, 0x0000000086200000, 0x0000000086300000|  0%| F|  |TAMS 0x0000000086200000| PB 0x0000000086200000| Untracked 
|  99|0x0000000086300000, 0x0000000086300000, 0x0000000086400000|  0%| F|  |TAMS 0x0000000086300000| PB 0x0000000086300000| Untracked 
| 100|0x0000000086400000, 0x0000000086400000, 0x0000000086500000|  0%| F|  |TAMS 0x0000000086400000| PB 0x0000000086400000| Untracked 
| 101|0x0000000086500000, 0x0000000086500000, 0x0000000086600000|  0%| F|  |TAMS 0x0000000086500000| PB 0x0000000086500000| Untracked 
| 102|0x0000000086600000, 0x0000000086600000, 0x0000000086700000|  0%| F|  |TAMS 0x0000000086600000| PB 0x0000000086600000| Untracked 
| 103|0x0000000086700000, 0x0000000086700000, 0x0000000086800000|  0%| F|  |TAMS 0x0000000086700000| PB 0x0000000086700000| Untracked 
| 104|0x0000000086800000, 0x0000000086800000, 0x0000000086900000|  0%| F|  |TAMS 0x0000000086800000| PB 0x0000000086800000| Untracked 
| 105|0x0000000086900000, 0x0000000086900000, 0x0000000086a00000|  0%| F|  |TAMS 0x0000000086900000| PB 0x0000000086900000| Untracked 
| 106|0x0000000086a00000, 0x0000000086a00000, 0x0000000086b00000|  0%| F|  |TAMS 0x0000000086a00000| PB 0x0000000086a00000| Untracked 
| 107|0x0000000086b00000, 0x0000000086b00000, 0x0000000086c00000|  0%| F|  |TAMS 0x0000000086b00000| PB 0x0000000086b00000| Untracked 
| 108|0x0000000086c00000, 0x0000000086c00000, 0x0000000086d00000|  0%| F|  |TAMS 0x0000000086c00000| PB 0x0000000086c00000| Untracked 
| 109|0x0000000086d00000, 0x0000000086d00000, 0x0000000086e00000|  0%| F|  |TAMS 0x0000000086d00000| PB 0x0000000086d00000| Untracked 
| 110|0x0000000086e00000, 0x0000000086e00000, 0x0000000086f00000|  0%| F|  |TAMS 0x0000000086e00000| PB 0x0000000086e00000| Untracked 
| 150|0x0000000089600000, 0x0000000089600000, 0x0000000089700000|  0%| F|  |TAMS 0x0000000089600000| PB 0x0000000089600000| Untracked 
| 151|0x0000000089700000, 0x0000000089700000, 0x0000000089800000|  0%| F|  |TAMS 0x0000000089700000| PB 0x0000000089700000| Untracked 
| 152|0x0000000089800000, 0x0000000089800000, 0x0000000089900000|  0%| F|  |TAMS 0x0000000089800000| PB 0x0000000089800000| Untracked 
| 153|0x0000000089900000, 0x0000000089900000, 0x0000000089a00000|  0%| F|  |TAMS 0x0000000089900000| PB 0x0000000089900000| Untracked 
| 154|0x0000000089a00000, 0x0000000089a00000, 0x0000000089b00000|  0%| F|  |TAMS 0x0000000089a00000| PB 0x0000000089a00000| Untracked 
| 155|0x0000000089b00000, 0x0000000089b999e0, 0x0000000089c00000| 60%| E|  |TAMS 0x0000000089b00000| PB 0x0000000089b00000| Complete 
| 156|0x0000000089c00000, 0x0000000089d00000, 0x0000000089d00000|100%| E|CS|TAMS 0x0000000089c00000| PB 0x0000000089c00000| Complete 
| 157|0x0000000089d00000, 0x0000000089e00000, 0x0000000089e00000|100%| E|CS|TAMS 0x0000000089d00000| PB 0x0000000089d00000| Complete 
| 158|0x0000000089e00000, 0x0000000089f00000, 0x0000000089f00000|100%| E|CS|TAMS 0x0000000089e00000| PB 0x0000000089e00000| Complete 
| 159|0x0000000089f00000, 0x000000008a000000, 0x000000008a000000|100%| E|CS|TAMS 0x0000000089f00000| PB 0x0000000089f00000| Complete 
| 160|0x000000008a000000, 0x000000008a100000, 0x000000008a100000|100%| E|CS|TAMS 0x000000008a000000| PB 0x000000008a000000| Complete 
| 161|0x000000008a100000, 0x000000008a200000, 0x000000008a200000|100%| E|CS|TAMS 0x000000008a100000| PB 0x000000008a100000| Complete 
| 253|0x000000008fd00000, 0x000000008fe00000, 0x000000008fe00000|100%| E|CS|TAMS 0x000000008fd00000| PB 0x000000008fd00000| Complete 
|2040|0x00000000ff800000, 0x00000000ff900000, 0x00000000ff900000|100%| O|  |TAMS 0x00000000ff800000| PB 0x00000000ff800000| Untracked 
|2041|0x00000000ff900000, 0x00000000ffa00000, 0x00000000ffa00000|100%| O|  |TAMS 0x00000000ff900000| PB 0x00000000ff900000| Untracked 
|2042|0x00000000ffa00000, 0x00000000ffb00000, 0x00000000ffb00000|100%| E|CS|TAMS 0x00000000ffa00000| PB 0x00000000ffa00000| Complete 
|2043|0x00000000ffb00000, 0x00000000ffc00000, 0x00000000ffc00000|100%| O|  |TAMS 0x00000000ffb00000| PB 0x00000000ffb00000| Untracked 
|2044|0x00000000ffc00000, 0x00000000ffd00000, 0x00000000ffd00000|100%| O|  |TAMS 0x00000000ffc00000| PB 0x00000000ffc00000| Untracked 
|2045|0x00000000ffd00000, 0x00000000ffe00000, 0x00000000ffe00000|100%| E|CS|TAMS 0x00000000ffd00000| PB 0x00000000ffd00000| Complete 
|2046|0x00000000ffe00000, 0x00000000fff00000, 0x00000000fff00000|100%| O|  |TAMS 0x00000000ffe00000| PB 0x00000000ffe00000| Untracked 
|2047|0x00000000fff00000, 0x0000000100000000, 0x0000000100000000|100%| O|  |TAMS 0x00000000fff00000| PB 0x00000000fff00000| Untracked 

Card table byte_map: [0x0000020f6e2c0000,0x0000020f6e6c0000] _byte_map_base: 0x0000020f6dec0000

Marking Bits: (CMBitMap*) 0x0000020f5b490cb0
 Bits: [0x0000020f6e6c0000, 0x0000020f706c0000)

Polling page: 0x0000020f59250000

Metaspace:

Usage:
  Non-class:     61.74 MB used.
      Class:      9.91 MB used.
       Both:     71.65 MB used.

Virtual space:
  Non-class space:       64.00 MB reserved,      62.62 MB ( 98%) committed,  1 nodes.
      Class space:        1.00 GB reserved,      10.75 MB (  1%) committed,  1 nodes.
             Both:        1.06 GB reserved,      73.38 MB (  7%) committed. 

Chunk freelists:
   Non-Class:  1.28 MB
       Class:  5.27 MB
        Both:  6.55 MB

MaxMetaspaceSize: unlimited
CompressedClassSpaceSize: 1.00 GB
Initial GC threshold: 21.00 MB
Current GC threshold: 121.19 MB
CDS: on
 - commit_granule_bytes: 65536.
 - commit_granule_words: 8192.
 - virtual_space_node_default_size: 8388608.
 - enlarge_chunks_in_place: 1.
 - use_allocation_guard: 0.


Internal statistics:

num_allocs_failed_limit: 6.
num_arena_births: 3100.
num_arena_deaths: 0.
num_vsnodes_births: 2.
num_vsnodes_deaths: 0.
num_space_committed: 1174.
num_space_uncommitted: 0.
num_chunks_returned_to_freelist: 6.
num_chunks_taken_from_freelist: 6222.
num_chunk_merges: 3.
num_chunk_splits: 4166.
num_chunks_enlarged: 2710.
num_inconsistent_stats: 0.

CodeHeap 'non-profiled nmethods': size=119168Kb used=5416Kb max_used=5549Kb free=113751Kb
 bounds [0x0000020f661d0000, 0x0000020f66750000, 0x0000020f6d630000]
CodeHeap 'profiled nmethods': size=119104Kb used=17311Kb max_used=17800Kb free=101792Kb
 bounds [0x0000020f5e630000, 0x0000020f5f7a0000, 0x0000020f65a80000]
CodeHeap 'non-nmethods': size=7488Kb used=3620Kb max_used=3673Kb free=3867Kb
 bounds [0x0000020f65a80000, 0x0000020f65e20000, 0x0000020f661d0000]
CodeCache: size=245760Kb, used=26347Kb, max_used=27022Kb, free=219410Kb
 total_blobs=9984, nmethods=9184, adapters=701, full_count=0
Compilation: enabled, stopped_count=0, restarted_count=0

Compilation events (20 events):
Event: 14.710 Thread 0x0000020f737fb5b0 nmethod 10787 0x0000020f6673b290 code [0x0000020f6673b420, 0x0000020f6673b4e8]
Event: 14.754 Thread 0x0000020f7368a6b0 10788       4       java.util.jar.JarFile::getManifest (5 bytes)
Event: 14.755 Thread 0x0000020f7368a6b0 nmethod 10788 0x0000020f66351290 code [0x0000020f66351420, 0x0000020f663514d0]
Event: 14.786 Thread 0x0000020f7b899ba0 10789       4       java.util.TreeMap$ValueIterator::next (8 bytes)
Event: 14.786 Thread 0x0000020f7368a6b0 10790       4       java.util.ArrayList::toArray (57 bytes)
Event: 14.789 Thread 0x0000020f7368a6b0 nmethod 10790 0x0000020f66611a10 code [0x0000020f66611bc0, 0x0000020f66612090]
Event: 14.790 Thread 0x0000020f7b899ba0 nmethod 10789 0x0000020f665e1690 code [0x0000020f665e1820, 0x0000020f665e1b78]
Event: 14.791 Thread 0x0000020f7b899ba0 10791       4       org.gradle.internal.reflect.PropertyAccessorType::of (95 bytes)
Event: 14.792 Thread 0x0000020f784f5a30 10792       3       org.objectweb.asm.AnnotationWriter::<init> (60 bytes)
Event: 14.792 Thread 0x0000020f736900d0 10793       3       org.objectweb.asm.AnnotationVisitor::<init> (7 bytes)
Event: 14.792 Thread 0x0000020f78bc7a10 10794       3       org.objectweb.asm.AnnotationVisitor::<init> (94 bytes)
Event: 14.792 Thread 0x0000020f736900d0 nmethod 10793 0x0000020f5e637790 code [0x0000020f5e637940, 0x0000020f5e637a88]
Event: 14.792 Thread 0x0000020f784f5a30 nmethod 10792 0x0000020f5e645d10 code [0x0000020f5e645ee0, 0x0000020f5e6462c8]
Event: 14.793 Thread 0x0000020f78bc7a10 nmethod 10794 0x0000020f5eac2090 code [0x0000020f5eac22e0, 0x0000020f5eac2b58]
Event: 14.803 Thread 0x0000020f7b899ba0 nmethod 10791 0x0000020f66214d90 code [0x0000020f66214f80, 0x0000020f66215418]
Event: 14.809 Thread 0x0000020f7b899ba0 10795       4       org.gradle.internal.util.Trie::find (135 bytes)
Event: 14.817 Thread 0x0000020f7b899ba0 nmethod 10795 0x0000020f66388010 code [0x0000020f663881e0, 0x0000020f66388548]
Event: 14.826 Thread 0x0000020f7f046300 nmethod 10769 0x0000020f6661fd10 code [0x0000020f666204e0, 0x0000020f66626648]
Event: 14.830 Thread 0x0000020f7f046300 10796       4       java.security.SecureClassLoader::defineClass (16 bytes)
Event: 14.850 Thread 0x0000020f7b899ba0 10797       4       java.lang.ClassLoader::defineClass (43 bytes)

GC Heap History (20 events):
Event: 7.508 GC heap before
{Heap before GC invocations=10 (full 0):
 garbage-first heap   total 112640K, used 50912K [0x0000000080000000, 0x0000000100000000)
  region size 1024K, 18 young (18432K), 5 survivors (5120K)
 Metaspace       used 34910K, committed 35968K, reserved 1114112K
  class space    used 5024K, committed 5568K, reserved 1048576K
}
Event: 7.512 GC heap after
{Heap after GC invocations=11 (full 0):
 garbage-first heap   total 112640K, used 39669K [0x0000000080000000, 0x0000000100000000)
  region size 1024K, 6 young (6144K), 6 survivors (6144K)
 Metaspace       used 34910K, committed 35968K, reserved 1114112K
  class space    used 5024K, committed 5568K, reserved 1048576K
}
Event: 9.221 GC heap before
{Heap before GC invocations=12 (full 0):
 garbage-first heap   total 112640K, used 100085K [0x0000000080000000, 0x0000000100000000)
  region size 1024K, 65 young (66560K), 6 survivors (6144K)
 Metaspace       used 43134K, committed 44608K, reserved 1114112K
  class space    used 6221K, committed 6912K, reserved 1048576K
}
Event: 9.227 GC heap after
{Heap after GC invocations=13 (full 0):
 garbage-first heap   total 113664K, used 45667K [0x0000000080000000, 0x0000000100000000)
  region size 1024K, 9 young (9216K), 9 survivors (9216K)
 Metaspace       used 43134K, committed 44608K, reserved 1114112K
  class space    used 6221K, committed 6912K, reserved 1048576K
}
Event: 10.299 GC heap before
{Heap before GC invocations=13 (full 0):
 garbage-first heap   total 113664K, used 100963K [0x0000000080000000, 0x0000000100000000)
  region size 1024K, 63 young (64512K), 9 survivors (9216K)
 Metaspace       used 47338K, committed 48832K, reserved 1114112K
  class space    used 6826K, committed 7552K, reserved 1048576K
}
Event: 10.305 GC heap after
{Heap after GC invocations=14 (full 0):
 garbage-first heap   total 116736K, used 49768K [0x0000000080000000, 0x0000000100000000)
  region size 1024K, 5 young (5120K), 5 survivors (5120K)
 Metaspace       used 47338K, committed 48832K, reserved 1114112K
  class space    used 6826K, committed 7552K, reserved 1048576K
}
Event: 11.089 GC heap before
{Heap before GC invocations=14 (full 0):
 garbage-first heap   total 116736K, used 96872K [0x0000000080000000, 0x0000000100000000)
  region size 1024K, 45 young (46080K), 5 survivors (5120K)
 Metaspace       used 51540K, committed 52992K, reserved 1114112K
  class space    used 7357K, committed 8064K, reserved 1048576K
}
Event: 11.095 GC heap after
{Heap after GC invocations=15 (full 0):
 garbage-first heap   total 116736K, used 63898K [0x0000000080000000, 0x0000000100000000)
  region size 1024K, 8 young (8192K), 8 survivors (8192K)
 Metaspace       used 51540K, committed 52992K, reserved 1114112K
  class space    used 7357K, committed 8064K, reserved 1048576K
}
Event: 11.888 GC heap before
{Heap before GC invocations=16 (full 0):
 garbage-first heap   total 116736K, used 104858K [0x0000000080000000, 0x0000000100000000)
  region size 1024K, 45 young (46080K), 8 survivors (8192K)
 Metaspace       used 56004K, committed 57600K, reserved 1114112K
  class space    used 7965K, committed 8768K, reserved 1048576K
}
Event: 11.892 GC heap after
{Heap after GC invocations=17 (full 0):
 garbage-first heap   total 117760K, used 69899K [0x0000000080000000, 0x0000000100000000)
  region size 1024K, 4 young (4096K), 4 survivors (4096K)
 Metaspace       used 56004K, committed 57600K, reserved 1114112K
  class space    used 7965K, committed 8768K, reserved 1048576K
}
Event: 12.524 GC heap before
{Heap before GC invocations=17 (full 0):
 garbage-first heap   total 117760K, used 104715K [0x0000000080000000, 0x0000000100000000)
  region size 1024K, 38 young (38912K), 4 survivors (4096K)
 Metaspace       used 60889K, committed 62528K, reserved 1114112K
  class space    used 8558K, committed 9344K, reserved 1048576K
}
Event: 12.527 GC heap after
{Heap after GC invocations=18 (full 0):
 garbage-first heap   total 117760K, used 70563K [0x0000000080000000, 0x0000000100000000)
  region size 1024K, 2 young (2048K), 2 survivors (2048K)
 Metaspace       used 60889K, committed 62528K, reserved 1114112K
  class space    used 8558K, committed 9344K, reserved 1048576K
}
Event: 12.837 GC heap before
{Heap before GC invocations=18 (full 0):
 garbage-first heap   total 117760K, used 87971K [0x0000000080000000, 0x0000000100000000)
  region size 1024K, 20 young (20480K), 2 survivors (2048K)
 Metaspace       used 64432K, committed 66176K, reserved 1114112K
  class space    used 9010K, committed 9856K, reserved 1048576K
}
Event: 12.840 GC heap after
{Heap after GC invocations=19 (full 0):
 garbage-first heap   total 117760K, used 72680K [0x0000000080000000, 0x0000000100000000)
  region size 1024K, 4 young (4096K), 4 survivors (4096K)
 Metaspace       used 64432K, committed 66176K, reserved 1114112K
  class space    used 9010K, committed 9856K, reserved 1048576K
}
Event: 13.351 GC heap before
{Heap before GC invocations=20 (full 0):
 garbage-first heap   total 135168K, used 114664K [0x0000000080000000, 0x0000000100000000)
  region size 1024K, 37 young (37888K), 4 survivors (4096K)
 Metaspace       used 66414K, committed 68160K, reserved 1114112K
  class space    used 9276K, committed 10176K, reserved 1048576K
}
Event: 13.354 GC heap after
{Heap after GC invocations=21 (full 0):
 garbage-first heap   total 135168K, used 75644K [0x0000000080000000, 0x0000000100000000)
  region size 1024K, 5 young (5120K), 5 survivors (5120K)
 Metaspace       used 66414K, committed 68160K, reserved 1114112K
  class space    used 9276K, committed 10176K, reserved 1048576K
}
Event: 14.006 GC heap before
{Heap before GC invocations=21 (full 0):
 garbage-first heap   total 135168K, used 117628K [0x0000000080000000, 0x0000000100000000)
  region size 1024K, 45 young (46080K), 5 survivors (5120K)
 Metaspace       used 70199K, committed 72000K, reserved 1114112K
  class space    used 9733K, committed 10624K, reserved 1048576K
}
Event: 14.010 GC heap after
{Heap after GC invocations=22 (full 0):
 garbage-first heap   total 135168K, used 77400K [0x0000000080000000, 0x0000000100000000)
  region size 1024K, 3 young (3072K), 3 survivors (3072K)
 Metaspace       used 70199K, committed 72000K, reserved 1114112K
  class space    used 9733K, committed 10624K, reserved 1048576K
}
Event: 14.675 GC heap before
{Heap before GC invocations=22 (full 0):
 garbage-first heap   total 135168K, used 117336K [0x0000000080000000, 0x0000000100000000)
  region size 1024K, 43 young (44032K), 3 survivors (3072K)
 Metaspace       used 72620K, committed 74368K, reserved 1114112K
  class space    used 10018K, committed 10880K, reserved 1048576K
}
Event: 14.679 GC heap after
{Heap after GC invocations=23 (full 0):
 garbage-first heap   total 135168K, used 79783K [0x0000000080000000, 0x0000000100000000)
  region size 1024K, 5 young (5120K), 5 survivors (5120K)
 Metaspace       used 72620K, committed 74368K, reserved 1114112K
  class space    used 10018K, committed 10880K, reserved 1048576K
}

Dll operation events (20 events):
Event: 0.124 Attempting to load shared library C:\Users\ASUS\.devin\extensions\redhat.java-1.56.0-win32-x64\jre\21.0.12.1-win32-x86_64\bin\nio.dll
Event: 0.124 Loaded shared library C:\Users\ASUS\.devin\extensions\redhat.java-1.56.0-win32-x64\jre\21.0.12.1-win32-x86_64\bin\nio.dll
Event: 0.131 Attempting to load shared library C:\Users\ASUS\.devin\extensions\redhat.java-1.56.0-win32-x64\jre\21.0.12.1-win32-x86_64\bin\zip.dll
Event: 0.131 Loaded shared library C:\Users\ASUS\.devin\extensions\redhat.java-1.56.0-win32-x64\jre\21.0.12.1-win32-x86_64\bin\zip.dll
Event: 0.463 Attempting to load shared library C:\Users\ASUS\.devin\extensions\redhat.java-1.56.0-win32-x64\jre\21.0.12.1-win32-x86_64\bin\jimage.dll
Event: 0.463 Loaded shared library C:\Users\ASUS\.devin\extensions\redhat.java-1.56.0-win32-x64\jre\21.0.12.1-win32-x86_64\bin\jimage.dll
Event: 0.560 Attempting to load shared library C:\Users\ASUS\.devin\extensions\redhat.java-1.56.0-win32-x64\jre\21.0.12.1-win32-x86_64\bin\verify.dll
Event: 0.561 Loaded shared library C:\Users\ASUS\.devin\extensions\redhat.java-1.56.0-win32-x64\jre\21.0.12.1-win32-x86_64\bin\verify.dll
Event: 0.810 Attempting to load shared library C:\Users\ASUS\.gradle\native\e1d6ef7f7dcc3fd88c89a11ec53ec762bb8ba0a96d01ffa2cd45eb1d1d8dd5c5\windows-amd64\native-platform.dll
Event: 0.811 Loaded shared library C:\Users\ASUS\.gradle\native\e1d6ef7f7dcc3fd88c89a11ec53ec762bb8ba0a96d01ffa2cd45eb1d1d8dd5c5\windows-amd64\native-platform.dll
Event: 0.821 Attempting to load shared library C:\Users\ASUS\.gradle\native\0d407fdbe67a94daf76414ababcb853783967236a71b16ec16e742cd7a986fd3\windows-amd64\native-platform-file-events.dll
Event: 0.823 Loaded shared library C:\Users\ASUS\.gradle\native\0d407fdbe67a94daf76414ababcb853783967236a71b16ec16e742cd7a986fd3\windows-amd64\native-platform-file-events.dll
Event: 1.620 Attempting to load shared library C:\Users\ASUS\.devin\extensions\redhat.java-1.56.0-win32-x64\jre\21.0.12.1-win32-x86_64\bin\management.dll
Event: 1.621 Loaded shared library C:\Users\ASUS\.devin\extensions\redhat.java-1.56.0-win32-x64\jre\21.0.12.1-win32-x86_64\bin\management.dll
Event: 1.624 Attempting to load shared library C:\Users\ASUS\.devin\extensions\redhat.java-1.56.0-win32-x64\jre\21.0.12.1-win32-x86_64\bin\management_ext.dll
Event: 1.625 Loaded shared library C:\Users\ASUS\.devin\extensions\redhat.java-1.56.0-win32-x64\jre\21.0.12.1-win32-x86_64\bin\management_ext.dll
Event: 1.890 Attempting to load shared library C:\Users\ASUS\.devin\extensions\redhat.java-1.56.0-win32-x64\jre\21.0.12.1-win32-x86_64\bin\extnet.dll
Event: 1.891 Loaded shared library C:\Users\ASUS\.devin\extensions\redhat.java-1.56.0-win32-x64\jre\21.0.12.1-win32-x86_64\bin\extnet.dll
Event: 2.022 Attempting to load shared library C:\Users\ASUS\.devin\extensions\redhat.java-1.56.0-win32-x64\jre\21.0.12.1-win32-x86_64\bin\sunmscapi.dll
Event: 2.023 Loaded shared library C:\Users\ASUS\.devin\extensions\redhat.java-1.56.0-win32-x64\jre\21.0.12.1-win32-x86_64\bin\sunmscapi.dll

Deoptimization events (20 events):
Event: 14.440 Thread 0x0000020f796257b0 DEOPT PACKING pc=0x0000020f664b34e8 sp=0x0000002d68df8b90
Event: 14.440 Thread 0x0000020f796257b0 DEOPT UNPACKING pc=0x0000020f65ad4422 sp=0x0000002d68df8be8 mode 2
Event: 14.440 Thread 0x0000020f796257b0 Uncommon trap: trap_request=0xffffffde fr.pc=0x0000020f664b34e8 relative=0x0000000000001aa8
Event: 14.440 Thread 0x0000020f796257b0 Uncommon trap: reason=class_check action=maybe_recompile pc=0x0000020f664b34e8 method=java.lang.reflect.Constructor.newInstanceWithCaller([Ljava/lang/Object;ZLjava/lang/Class;)Ljava/lang/Object; @ 41 c2
Event: 14.440 Thread 0x0000020f796257b0 DEOPT PACKING pc=0x0000020f664b34e8 sp=0x0000002d68df88f0
Event: 14.440 Thread 0x0000020f796257b0 DEOPT UNPACKING pc=0x0000020f65ad4422 sp=0x0000002d68df8948 mode 2
Event: 14.440 Thread 0x0000020f796257b0 Uncommon trap: trap_request=0xffffffde fr.pc=0x0000020f664b34e8 relative=0x0000000000001aa8
Event: 14.440 Thread 0x0000020f796257b0 Uncommon trap: reason=class_check action=maybe_recompile pc=0x0000020f664b34e8 method=java.lang.reflect.Constructor.newInstanceWithCaller([Ljava/lang/Object;ZLjava/lang/Class;)Ljava/lang/Object; @ 41 c2
Event: 14.440 Thread 0x0000020f796257b0 DEOPT PACKING pc=0x0000020f664b34e8 sp=0x0000002d68df8640
Event: 14.440 Thread 0x0000020f796257b0 DEOPT UNPACKING pc=0x0000020f65ad4422 sp=0x0000002d68df8698 mode 2
Event: 14.446 Thread 0x0000020f796257b0 Uncommon trap: trap_request=0xffffffde fr.pc=0x0000020f664b34e8 relative=0x0000000000001aa8
Event: 14.446 Thread 0x0000020f796257b0 Uncommon trap: reason=class_check action=maybe_recompile pc=0x0000020f664b34e8 method=java.lang.reflect.Constructor.newInstanceWithCaller([Ljava/lang/Object;ZLjava/lang/Class;)Ljava/lang/Object; @ 41 c2
Event: 14.446 Thread 0x0000020f796257b0 DEOPT PACKING pc=0x0000020f664b34e8 sp=0x0000002d68df8b90
Event: 14.446 Thread 0x0000020f796257b0 DEOPT UNPACKING pc=0x0000020f65ad4422 sp=0x0000002d68df8be8 mode 2
Event: 14.549 Thread 0x0000020f796257b0 DEOPT PACKING pc=0x0000020f5eed8873 sp=0x0000002d68df88e0
Event: 14.549 Thread 0x0000020f796257b0 DEOPT UNPACKING pc=0x0000020f65ad4bc2 sp=0x0000002d68df7e90 mode 0
Event: 14.790 Thread 0x0000020f796257b0 Uncommon trap: trap_request=0xffffffcc fr.pc=0x0000020f66611df0 relative=0x0000000000000230
Event: 14.790 Thread 0x0000020f796257b0 Uncommon trap: reason=intrinsic_or_type_checked_inlining action=make_not_entrant pc=0x0000020f66611df0 method=java.util.ArrayList.toArray([Ljava/lang/Object;)[Ljava/lang/Object; @ 36 c2
Event: 14.790 Thread 0x0000020f796257b0 DEOPT PACKING pc=0x0000020f66611df0 sp=0x0000002d68df8260
Event: 14.790 Thread 0x0000020f796257b0 DEOPT UNPACKING pc=0x0000020f65ad4422 sp=0x0000002d68df8200 mode 2

Classes loaded (20 events):
Event: 14.436 Loading class java/io/ObjectInputStream$HandleTable
Event: 14.437 Loading class java/io/ObjectInputStream$HandleTable done
Event: 14.437 Loading class java/io/ObjectInputStream$HandleTable$HandleList
Event: 14.437 Loading class java/io/ObjectInputStream$HandleTable$HandleList done
Event: 14.437 Loading class java/io/ObjectInputStream$ValidationList
Event: 14.437 Loading class java/io/ObjectInputStream$ValidationList done
Event: 14.437 Loading class java/io/ObjectInputFilter$Config
Event: 14.437 Loading class java/io/ObjectInputFilter$Config done
Event: 14.437 Loading class java/io/ObjectInputFilter
Event: 14.437 Loading class java/io/ObjectInputFilter done
Event: 14.438 Loading class java/io/ObjectInputFilter$Config$BuiltinFilterFactory
Event: 14.438 Loading class java/io/ObjectInputFilter$Config$BuiltinFilterFactory done
Event: 14.438 Loading class jdk/internal/access/JavaObjectInputFilterAccess
Event: 14.438 Loading class jdk/internal/access/JavaObjectInputFilterAccess done
Event: 14.439 Loading class jdk/internal/event/DeserializationEvent
Event: 14.439 Loading class jdk/internal/event/DeserializationEvent done
Event: 14.440 Loading class java/io/ObjectInputStream$FieldValues
Event: 14.440 Loading class java/io/ObjectInputStream$GetField
Event: 14.440 Loading class java/io/ObjectInputStream$GetField done
Event: 14.440 Loading class java/io/ObjectInputStream$FieldValues done

Classes unloaded (0 events):
No events

Classes redefined (0 events):
No events

Internal exceptions (20 events):
Event: 14.114 Thread 0x0000020f796257b0 Exception <a 'java/lang/ClassNotFoundException'{0x0000000089f6ae90}: groovy/lang/Closure$1BeanInfo> (0x0000000089f6ae90) 
thrown [s\src\hotspot\share\classfile\systemDictionary.cpp, line 313]
Event: 14.114 Thread 0x0000020f796257b0 Exception <a 'java/lang/ClassNotFoundException'{0x0000000089f7e2c8}: groovy/lang/ClosureBeanInfo> (0x0000000089f7e2c8) 
thrown [s\src\hotspot\share\classfile\systemDictionary.cpp, line 313]
Event: 14.115 Thread 0x0000020f796257b0 Exception <a 'java/lang/ClassNotFoundException'{0x0000000089f90e88}: groovy/lang/ClosureCustomizer> (0x0000000089f90e88) 
thrown [s\src\hotspot\share\classfile\systemDictionary.cpp, line 313]
Event: 14.116 Thread 0x0000020f796257b0 Exception <a 'java/lang/ClassNotFoundException'{0x0000000089fc6d48}: groovy/lang/Closure$1Customizer> (0x0000000089fc6d48) 
thrown [s\src\hotspot\share\classfile\systemDictionary.cpp, line 313]
Event: 14.122 Thread 0x0000020f796257b0 Exception <a 'java/lang/ClassNotFoundException'{0x0000000089e2db20}: org/jetbrains/kotlin/gradle/targets/js/npm/DefaultNpmDependencyExtensionBeanInfo> (0x0000000089e2db20) 
thrown [s\src\hotspot\share\classfile\systemDictionary.cpp, line 313]
Event: 14.123 Thread 0x0000020f796257b0 Exception <a 'java/lang/ClassNotFoundException'{0x0000000089e3b900}: org/jetbrains/kotlin/gradle/targets/js/npm/DefaultNpmDependencyExtensionCustomizer> (0x0000000089e3b900) 
thrown [s\src\hotspot\share\classfile\systemDictionary.cpp, line 313]
Event: 14.128 Thread 0x0000020f796257b0 Exception <a 'java/lang/ClassNotFoundException'{0x0000000089ebd290}: org/jetbrains/kotlin/gradle/targets/js/npm/NpmDependencyExtensionKt$defaultNpmDependencyDelegate$1BeanInfo> (0x0000000089ebd290) 
thrown [s\src\hotspot\share\classfile\systemDictionary.cpp, line 313]
Event: 14.129 Thread 0x0000020f796257b0 Exception <a 'java/lang/ClassNotFoundException'{0x0000000089ecc608}: org/jetbrains/kotlin/gradle/targets/js/npm/NpmDependencyExtensionDelegateBeanInfo> (0x0000000089ecc608) 
thrown [s\src\hotspot\share\classfile\systemDictionary.cpp, line 313]
Event: 14.129 Thread 0x0000020f796257b0 Exception <a 'java/lang/ClassNotFoundException'{0x0000000089edbc68}: org/jetbrains/kotlin/gradle/targets/js/npm/NpmDependencyExtensionDelegateCustomizer> (0x0000000089edbc68) 
thrown [s\src\hotspot\share\classfile\systemDictionary.cpp, line 313]
Event: 14.131 Thread 0x0000020f796257b0 Exception <a 'java/lang/ClassNotFoundException'{0x0000000089d036e0}: org/jetbrains/kotlin/gradle/targets/js/npm/NpmDependencyExtensionKt$defaultNpmDependencyDelegate$1Customizer> (0x0000000089d036e0) 
thrown [s\src\hotspot\share\classfile\systemDictionary.cpp, line 313]
Event: 14.135 Thread 0x0000020f796257b0 Exception <a 'java/lang/ClassNotFoundException'{0x0000000089d41758}: org/jetbrains/kotlin/gradle/targets/js/npm/DefaultDevNpmDependencyExtensionBeanInfo> (0x0000000089d41758) 
thrown [s\src\hotspot\share\classfile\systemDictionary.cpp, line 313]
Event: 14.136 Thread 0x0000020f796257b0 Exception <a 'java/lang/ClassNotFoundException'{0x0000000089d4f5c0}: org/jetbrains/kotlin/gradle/targets/js/npm/DefaultDevNpmDependencyExtensionCustomizer> (0x0000000089d4f5c0) 
thrown [s\src\hotspot\share\classfile\systemDictionary.cpp, line 313]
Event: 14.140 Thread 0x0000020f796257b0 Exception <a 'java/lang/ClassNotFoundException'{0x0000000089d92cf8}: org/jetbrains/kotlin/gradle/targets/js/npm/DefaultPeerNpmDependencyExtensionBeanInfo> (0x0000000089d92cf8) 
thrown [s\src\hotspot\share\classfile\systemDictionary.cpp, line 313]
Event: 14.141 Thread 0x0000020f796257b0 Exception <a 'java/lang/ClassNotFoundException'{0x0000000089da0bf0}: org/jetbrains/kotlin/gradle/targets/js/npm/DefaultPeerNpmDependencyExtensionCustomizer> (0x0000000089da0bf0) 
thrown [s\src\hotspot\share\classfile\systemDictionary.cpp, line 313]
Event: 14.144 Thread 0x0000020f796257b0 Exception <a 'java/lang/ClassNotFoundException'{0x0000000089def9f0}: org/jetbrains/kotlin/gradle/targets/js/npm/DefaultPeerNpmDependencyExtension$delegate$1BeanInfo> (0x0000000089def9f0) 
thrown [s\src\hotspot\share\classfile\systemDictionary.cpp, line 313]
Event: 14.145 Thread 0x0000020f796257b0 Exception <a 'java/lang/ClassNotFoundException'{0x0000000089dfde60}: org/jetbrains/kotlin/gradle/targets/js/npm/DefaultPeerNpmDependencyExtension$delegate$1Customizer> (0x0000000089dfde60) 
thrown [s\src\hotspot\share\classfile\systemDictionary.cpp, line 313]
Event: 14.428 Thread 0x0000020f796257b0 Exception <a 'java/lang/NoSuchMethodError'{0x00000000860f53b0}: static Lorg/gradle/api/internal/catalog/DependencyModel;.<clinit>()V> (0x00000000860f53b0) 
thrown [s\src\hotspot\share\prims\jni.cpp, line 1111]
Event: 14.429 Thread 0x0000020f796257b0 Exception <a 'java/lang/NoSuchMethodError'{0x00000000860f8f00}: static Lorg/gradle/api/internal/catalog/AbstractContextAwareModel;.<clinit>()V> (0x00000000860f8f00) 
thrown [s\src\hotspot\share\prims\jni.cpp, line 1111]
Event: 14.430 Thread 0x0000020f796257b0 Exception <a 'java/lang/NoSuchMethodError'{0x0000000085f10048}: static Lorg/gradle/api/internal/artifacts/dependencies/AbstractVersionConstraint;.<clinit>()V> (0x0000000085f10048) 
thrown [s\src\hotspot\share\prims\jni.cpp, line 1111]
Event: 14.434 Thread 0x0000020f796257b0 Exception <a 'java/lang/NoSuchMethodError'{0x0000000085f559b0}: static [Ljava/lang/Object;.<clinit>()V> (0x0000000085f559b0) 
thrown [s\src\hotspot\share\prims\jni.cpp, line 1111]

ZGC Phase Switch (0 events):
No events

VM Operations (20 events):
Event: 12.896 Executing safepoint VM operation: G1PauseCleanup
Event: 12.896 Executing safepoint VM operation: G1PauseCleanup done
Event: 13.351 Executing safepoint VM operation: G1CollectForAllocation (G1 Evacuation Pause)
Event: 13.354 Executing safepoint VM operation: G1CollectForAllocation (G1 Evacuation Pause) done
Event: 13.716 Executing non-safepoint VM operation: HandshakeAllThreads (Deoptimize)
Event: 13.716 Executing non-safepoint VM operation: HandshakeAllThreads (Deoptimize) done
Event: 13.830 Executing safepoint VM operation: ICBufferFull
Event: 13.830 Executing safepoint VM operation: ICBufferFull done
Event: 14.006 Executing safepoint VM operation: G1CollectForAllocation (G1 Evacuation Pause)
Event: 14.010 Executing safepoint VM operation: G1CollectForAllocation (G1 Evacuation Pause) done
Event: 14.318 Executing safepoint VM operation: ICBufferFull
Event: 14.318 Executing safepoint VM operation: ICBufferFull done
Event: 14.503 Executing non-safepoint VM operation: HandshakeAllThreads (Deoptimize)
Event: 14.504 Executing non-safepoint VM operation: HandshakeAllThreads (Deoptimize) done
Event: 14.675 Executing safepoint VM operation: G1CollectForAllocation (G1 Evacuation Pause)
Event: 14.679 Executing safepoint VM operation: G1CollectForAllocation (G1 Evacuation Pause) done
Event: 14.717 Executing safepoint VM operation: G1PauseRemark
Event: 14.723 Executing safepoint VM operation: G1PauseRemark done
Event: 14.741 Executing safepoint VM operation: G1PauseCleanup
Event: 14.741 Executing safepoint VM operation: G1PauseCleanup done

Memory protections (0 events):
No events

Nmethod flushes (20 events):
Event: 14.721 Thread 0x0000020f7364dd40 flushing  nmethod 0x0000020f5f248d90
Event: 14.721 Thread 0x0000020f7364dd40 flushing  nmethod 0x0000020f5f26ee10
Event: 14.721 Thread 0x0000020f7364dd40 flushing  nmethod 0x0000020f66287890
Event: 14.721 Thread 0x0000020f7364dd40 flushing  nmethod 0x0000020f663bd810
Event: 14.721 Thread 0x0000020f7364dd40 flushing  nmethod 0x0000020f664a4410
Event: 14.721 Thread 0x0000020f7364dd40 flushing  nmethod 0x0000020f5e645d10
Event: 14.721 Thread 0x0000020f7364dd40 flushing  nmethod 0x0000020f5e72e890
Event: 14.721 Thread 0x0000020f7364dd40 flushing  nmethod 0x0000020f5e72fc90
Event: 14.721 Thread 0x0000020f7364dd40 flushing  nmethod 0x0000020f5e7f0310
Event: 14.721 Thread 0x0000020f7364dd40 flushing  nmethod 0x0000020f5e7f4410
Event: 14.721 Thread 0x0000020f7364dd40 flushing  nmethod 0x0000020f5e7f8810
Event: 14.721 Thread 0x0000020f7364dd40 flushing  nmethod 0x0000020f5e938c90
Event: 14.721 Thread 0x0000020f7364dd40 flushing  nmethod 0x0000020f5e984610
Event: 14.721 Thread 0x0000020f7364dd40 flushing  nmethod 0x0000020f5e9e4390
Event: 14.721 Thread 0x0000020f7364dd40 flushing  nmethod 0x0000020f5eaad290
Event: 14.721 Thread 0x0000020f7364dd40 flushing  nmethod 0x0000020f5eaf2110
Event: 14.721 Thread 0x0000020f7364dd40 flushing  nmethod 0x0000020f5ec06d90
Event: 14.721 Thread 0x0000020f7364dd40 flushing  nmethod 0x0000020f5ec08290
Event: 14.721 Thread 0x0000020f7364dd40 flushing  nmethod 0x0000020f5ec09890
Event: 14.721 Thread 0x0000020f7364dd40 flushing  nmethod 0x0000020f5ee90710

Events (20 events):
Event: 10.276 Thread 0x0000020f796257b0 Thread added: 0x0000020f7e4efca0
Event: 10.277 Thread 0x0000020f796257b0 Thread added: 0x0000020f7e4ee260
Event: 10.277 Thread 0x0000020f796257b0 Thread added: 0x0000020f7e4ed540
Event: 10.277 Thread 0x0000020f796257b0 Thread added: 0x0000020f7e4f0330
Event: 10.277 Thread 0x0000020f796257b0 Thread added: 0x0000020f7e4edbd0
Event: 10.278 Thread 0x0000020f796257b0 Thread added: 0x0000020f7e4f3120
Event: 10.278 Thread 0x0000020f796257b0 Thread added: 0x0000020f7e4f1d70
Event: 10.731 Thread 0x0000020f7a26ddc0 Thread exited: 0x0000020f7a26ddc0
Event: 10.731 Thread 0x0000020f78d37990 Thread exited: 0x0000020f78d37990
Event: 10.936 Thread 0x0000020f739ed560 Thread exited: 0x0000020f739ed560
Event: 10.966 Thread 0x0000020f78bc7a10 Thread added: 0x0000020f7a569450
Event: 11.858 Thread 0x0000020f7a569450 Thread exited: 0x0000020f7a569450
Event: 11.931 Thread 0x0000020f737fb5b0 Thread added: 0x0000020f7a569450
Event: 11.931 Thread 0x0000020f737fb5b0 Thread added: 0x0000020f7e128c30
Event: 12.191 Thread 0x0000020f7e128c30 Thread exited: 0x0000020f7e128c30
Event: 12.534 Thread 0x0000020f796257b0 Thread added: 0x0000020f7e4f37b0
Event: 12.648 Thread 0x0000020f78bc7a10 Thread added: 0x0000020f7b899ba0
Event: 12.669 Thread 0x0000020f796257b0 Thread added: 0x0000020f7e4f44d0
Event: 14.360 Thread 0x0000020f737fb5b0 Thread added: 0x0000020f78720c20
Event: 14.360 Thread 0x0000020f737fb5b0 Thread added: 0x0000020f7f046300


Dynamic libraries:
0x00007ff615420000 - 0x00007ff61542e000 	C:\Users\ASUS\.devin\extensions\redhat.java-1.56.0-win32-x64\jre\21.0.12.1-win32-x86_64\bin\java.exe
0x00007ffd93b20000 - 0x00007ffd93d87000 	C:\WINDOWS\SYSTEM32\ntdll.dll
0x00007ffd92430000 - 0x00007ffd924fb000 	C:\WINDOWS\System32\KERNEL32.DLL
0x00007ffd91430000 - 0x00007ffd91832000 	C:\WINDOWS\System32\KERNELBASE.dll
0x00007ffd90f00000 - 0x00007ffd9104c000 	C:\WINDOWS\System32\ucrtbase.dll
0x00007ffd507c0000 - 0x00007ffd507d8000 	C:\Users\ASUS\.devin\extensions\redhat.java-1.56.0-win32-x64\jre\21.0.12.1-win32-x86_64\bin\jli.dll
0x00007ffd4c850000 - 0x00007ffd4c86e000 	C:\Users\ASUS\.devin\extensions\redhat.java-1.56.0-win32-x64\jre\21.0.12.1-win32-x86_64\bin\VCRUNTIME140.dll
0x00007ffd93810000 - 0x00007ffd939df000 	C:\WINDOWS\System32\USER32.dll
0x00007ffd75380000 - 0x00007ffd75610000 	C:\WINDOWS\WinSxS\amd64_microsoft.windows.common-controls_6595b64144ccf1df_6.0.26100.9278_none_3e0d1ba8e3303201\COMCTL32.dll
0x00007ffd91400000 - 0x00007ffd91427000 	C:\WINDOWS\System32\win32u.dll
0x00007ffd91910000 - 0x00007ffd919b9000 	C:\WINDOWS\System32\msvcrt.dll
0x00007ffd92110000 - 0x00007ffd9213b000 	C:\WINDOWS\System32\GDI32.dll
0x00007ffd90d20000 - 0x00007ffd90e49000 	C:\WINDOWS\System32\gdi32full.dll
0x00007ffd90e50000 - 0x00007ffd90ef3000 	C:\WINDOWS\System32\msvcp_win.dll
0x00007ffd933c0000 - 0x00007ffd933f1000 	C:\WINDOWS\System32\IMM32.DLL
0x00007ffd6ec50000 - 0x00007ffd6ec5c000 	C:\Users\ASUS\.devin\extensions\redhat.java-1.56.0-win32-x64\jre\21.0.12.1-win32-x86_64\bin\vcruntime140_1.dll
0x00007ffd4c7c0000 - 0x00007ffd4c84d000 	C:\Users\ASUS\.devin\extensions\redhat.java-1.56.0-win32-x64\jre\21.0.12.1-win32-x86_64\bin\msvcp140.dll
0x00007ffce9df0000 - 0x00007ffceab92000 	C:\Users\ASUS\.devin\extensions\redhat.java-1.56.0-win32-x64\jre\21.0.12.1-win32-x86_64\bin\server\jvm.dll
0x00007ffd91840000 - 0x00007ffd918fc000 	C:\WINDOWS\System32\ADVAPI32.dll
0x00007ffd91f50000 - 0x00007ffd91ff9000 	C:\WINDOWS\System32\sechost.dll
0x00007ffd93670000 - 0x00007ffd93788000 	C:\WINDOWS\System32\RPCRT4.dll
0x00007ffd93a50000 - 0x00007ffd93ad0000 	C:\WINDOWS\System32\WS2_32.dll
0x00007ffd90ad0000 - 0x00007ffd90b2e000 	C:\WINDOWS\SYSTEM32\POWRPROF.dll
0x00007ffd826a0000 - 0x00007ffd826d6000 	C:\WINDOWS\SYSTEM32\WINMM.dll
0x00007ffd88f50000 - 0x00007ffd88f5b000 	C:\WINDOWS\SYSTEM32\VERSION.dll
0x00007ffd909a0000 - 0x00007ffd909b5000 	C:\WINDOWS\SYSTEM32\UMPDC.dll
0x00007ffd8f9b0000 - 0x00007ffd8f9cb000 	C:\WINDOWS\SYSTEM32\kernel.appcore.dll
0x00007ffd668c0000 - 0x00007ffd668ca000 	C:\Users\ASUS\.devin\extensions\redhat.java-1.56.0-win32-x64\jre\21.0.12.1-win32-x86_64\bin\jimage.dll
0x00007ffd8e260000 - 0x00007ffd8e4ac000 	C:\WINDOWS\SYSTEM32\DBGHELP.DLL
0x00007ffd92e00000 - 0x00007ffd93185000 	C:\WINDOWS\System32\combase.dll
0x00007ffd93490000 - 0x00007ffd93569000 	C:\WINDOWS\System32\OLEAUT32.dll
0x00007ffd79ef0000 - 0x00007ffd79f2b000 	C:\WINDOWS\SYSTEM32\dbgcore.DLL
0x00007ffd910f0000 - 0x00007ffd9119c000 	C:\WINDOWS\System32\bcryptPrimitives.dll
0x00007ffd4c7a0000 - 0x00007ffd4c7c0000 	C:\Users\ASUS\.devin\extensions\redhat.java-1.56.0-win32-x64\jre\21.0.12.1-win32-x86_64\bin\java.dll
0x00007ffd92660000 - 0x00007ffd92df8000 	C:\WINDOWS\System32\SHELL32.dll
0x00007ffd8e740000 - 0x00007ffd8efee000 	C:\WINDOWS\SYSTEM32\windows.storage.dll
0x00007ffd93570000 - 0x00007ffd9366b000 	C:\WINDOWS\System32\SHCORE.dll
0x00007ffd92340000 - 0x00007ffd923a6000 	C:\WINDOWS\System32\shlwapi.dll
0x00007ffd90c40000 - 0x00007ffd90c69000 	C:\WINDOWS\SYSTEM32\profapi.dll
0x00007ffd4c780000 - 0x00007ffd4c798000 	C:\Users\ASUS\.devin\extensions\redhat.java-1.56.0-win32-x64\jre\21.0.12.1-win32-x86_64\bin\zip.dll
0x00007ffd56070000 - 0x00007ffd56080000 	C:\Users\ASUS\.devin\extensions\redhat.java-1.56.0-win32-x64\jre\21.0.12.1-win32-x86_64\bin\net.dll
0x00007ffd8ae00000 - 0x00007ffd8af2a000 	C:\WINDOWS\SYSTEM32\WINHTTP.dll
0x00007ffd8ff50000 - 0x00007ffd8ffbc000 	C:\WINDOWS\system32\mswsock.dll
0x00007ffd42b30000 - 0x00007ffd42b46000 	C:\Users\ASUS\.devin\extensions\redhat.java-1.56.0-win32-x64\jre\21.0.12.1-win32-x86_64\bin\nio.dll
0x00007ffd55130000 - 0x00007ffd55140000 	C:\Users\ASUS\.devin\extensions\redhat.java-1.56.0-win32-x64\jre\21.0.12.1-win32-x86_64\bin\verify.dll
0x00007ffce9700000 - 0x00007ffce9727000 	C:\Users\ASUS\.gradle\native\e1d6ef7f7dcc3fd88c89a11ec53ec762bb8ba0a96d01ffa2cd45eb1d1d8dd5c5\windows-amd64\native-platform.dll
0x00007ffcf2a10000 - 0x00007ffcf2b54000 	C:\Users\ASUS\.gradle\native\0d407fdbe67a94daf76414ababcb853783967236a71b16ec16e742cd7a986fd3\windows-amd64\native-platform-file-events.dll
0x00007ffd54280000 - 0x00007ffd5428a000 	C:\Users\ASUS\.devin\extensions\redhat.java-1.56.0-win32-x64\jre\21.0.12.1-win32-x86_64\bin\management.dll
0x00007ffd540b0000 - 0x00007ffd540bc000 	C:\Users\ASUS\.devin\extensions\redhat.java-1.56.0-win32-x64\jre\21.0.12.1-win32-x86_64\bin\management_ext.dll
0x00007ffd91f40000 - 0x00007ffd91f48000 	C:\WINDOWS\System32\PSAPI.DLL
0x00007ffd90370000 - 0x00007ffd9038b000 	C:\WINDOWS\SYSTEM32\CRYPTSP.dll
0x00007ffd8f910000 - 0x00007ffd8f949000 	C:\WINDOWS\system32\rsaenh.dll
0x00007ffd90000000 - 0x00007ffd90034000 	C:\WINDOWS\SYSTEM32\USERENV.dll
0x00007ffd90c10000 - 0x00007ffd90c3a000 	C:\WINDOWS\SYSTEM32\bcrypt.dll
0x00007ffd901b0000 - 0x00007ffd901bc000 	C:\WINDOWS\SYSTEM32\CRYPTBASE.dll
0x00007ffd8f3b0000 - 0x00007ffd8f3e3000 	C:\WINDOWS\SYSTEM32\IPHLPAPI.DLL
0x00007ffd91f30000 - 0x00007ffd91f3a000 	C:\WINDOWS\System32\NSI.dll
0x00007ffd507b0000 - 0x00007ffd507b9000 	C:\Users\ASUS\.devin\extensions\redhat.java-1.56.0-win32-x64\jre\21.0.12.1-win32-x86_64\bin\extnet.dll
0x00007ffd4e9f0000 - 0x00007ffd4e9fe000 	C:\Users\ASUS\.devin\extensions\redhat.java-1.56.0-win32-x64\jre\21.0.12.1-win32-x86_64\bin\sunmscapi.dll
0x00007ffd911b0000 - 0x00007ffd9132e000 	C:\WINDOWS\System32\CRYPT32.dll
0x00007ffd904e0000 - 0x00007ffd90510000 	C:\WINDOWS\SYSTEM32\ncrypt.dll
0x00007ffd90490000 - 0x00007ffd904cf000 	C:\WINDOWS\SYSTEM32\NTASN1.dll
0x00007ffd777e0000 - 0x00007ffd777e8000 	C:\WINDOWS\system32\wshunix.dll

JVMTI agents: none

dbghelp: loaded successfully - version: 4.0.5 - missing functions: none
symbol engine: initialized successfully - sym options: 0x614 - pdb path: .;C:\Users\ASUS\.devin\extensions\redhat.java-1.56.0-win32-x64\jre\21.0.12.1-win32-x86_64\bin;C:\WINDOWS\SYSTEM32;C:\WINDOWS\WinSxS\amd64_microsoft.windows.common-controls_6595b64144ccf1df_6.0.26100.9278_none_3e0d1ba8e3303201;C:\Users\ASUS\.devin\extensions\redhat.java-1.56.0-win32-x64\jre\21.0.12.1-win32-x86_64\bin\server;C:\Users\ASUS\.gradle\native\e1d6ef7f7dcc3fd88c89a11ec53ec762bb8ba0a96d01ffa2cd45eb1d1d8dd5c5\windows-amd64;C:\Users\ASUS\.gradle\native\0d407fdbe67a94daf76414ababcb853783967236a71b16ec16e742cd7a986fd3\windows-amd64

VM Arguments:
jvm_args: --add-opens=java.base/java.util=ALL-UNNAMED --add-opens=java.base/java.lang=ALL-UNNAMED --add-opens=java.base/java.lang.invoke=ALL-UNNAMED --add-opens=java.base/java.util=ALL-UNNAMED --add-opens=java.prefs/java.util.prefs=ALL-UNNAMED --add-opens=java.prefs/java.util.prefs=ALL-UNNAMED --add-opens=java.base/java.nio.charset=ALL-UNNAMED --add-opens=java.base/java.net=ALL-UNNAMED --add-opens=java.base/java.util.concurrent.atomic=ALL-UNNAMED -Xmx2048m -Dfile.encoding=UTF-8 -Duser.country=US -Duser.language=en -Duser.variant 
java_command: org.gradle.launcher.daemon.bootstrap.GradleDaemon 7.4
java_class_path (initial): C:\Users\ASUS\.gradle\wrapper\dists\gradle-7.4-bin\c0gwcg53nkjbqw7r0h0umtfvt\gradle-7.4\lib\gradle-launcher-7.4.jar
Launcher Type: SUN_STANDARD

[Global flags]
     intx CICompilerCount                          = 12                                        {product} {ergonomic}
     uint ConcGCThreads                            = 3                                         {product} {ergonomic}
     uint G1ConcRefinementThreads                  = 13                                        {product} {ergonomic}
   size_t G1HeapRegionSize                         = 1048576                                   {product} {ergonomic}
    uintx GCDrainStackTargetSize                   = 64                                        {product} {ergonomic}
   size_t InitialHeapSize                          = 266338304                                 {product} {ergonomic}
   size_t MarkStackSize                            = 4194304                                   {product} {ergonomic}
   size_t MaxHeapSize                              = 2147483648                                {product} {command line}
   size_t MaxNewSize                               = 1287651328                                {product} {ergonomic}
   size_t MinHeapDeltaBytes                        = 1048576                                   {product} {ergonomic}
   size_t MinHeapSize                              = 8388608                                   {product} {ergonomic}
    uintx NonNMethodCodeHeapSize                   = 7602480                                {pd product} {ergonomic}
    uintx NonProfiledCodeHeapSize                  = 122027880                              {pd product} {ergonomic}
    uintx ProfiledCodeHeapSize                     = 122027880                              {pd product} {ergonomic}
    uintx ReservedCodeCacheSize                    = 251658240                              {pd product} {ergonomic}
     bool SegmentedCodeCache                       = true                                      {product} {ergonomic}
   size_t SoftMaxHeapSize                          = 2147483648                             {manageable} {ergonomic}
     bool UseCompressedOops                        = true                           {product lp64_product} {ergonomic}
     bool UseG1GC                                  = true                                      {product} {ergonomic}
     bool UseLargePagesIndividualAllocation        = false                                  {pd product} {ergonomic}

Logging:
Log output configuration:
 #0: stdout all=warning uptime,level,tags foldmultilines=false
 #1: stderr all=off uptime,level,tags foldmultilines=false

Release file:
JAVA_VERSION="21.0.12.1" 
MODULES="java.base java.compiler java.datatransfer java.xml java.prefs java.desktop java.instrument java.logging java.management java.security.sasl java.naming java.rmi java.management.rmi java.net.http java.scripting java.security.jgss java.transaction.xa java.sql java.sql.rowset java.xml.crypto java.se java.smartcardio jdk.accessibility jdk.internal.jvmstat jdk.attach jdk.charsets jdk.internal.opt jdk.zipfs jdk.compiler jdk.crypto.ec jdk.crypto.cryptoki jdk.crypto.mscapi jdk.dynalink jdk.internal.ed jdk.editpad jdk.hotspot.agent jdk.httpserver jdk.internal.le jdk.internal.vm.ci jdk.internal.vm.compiler jdk.internal.vm.compiler.management jdk.jartool jdk.javadoc jdk.jcmd jdk.management jdk.management.agent jdk.jconsole jdk.jdeps jdk.jdwp.agent jdk.jdi jdk.jfr jdk.jshell jdk.jsobject jdk.jstatd jdk.localedata jdk.management.jfr jdk.naming.dns jdk.naming.rmi jdk.net jdk.nio.mapmode jdk.random jdk.sctp jdk.security.auth jdk.security.jgss jdk.unsupported jdk.unsupported.desktop jdk.xml.dom" 

Environment Variables:
PATH=C:\Program Files\NVIDIA GPU Computing Toolkit\CUDA\v12.6\bin;C:\Program Files\NVIDIA GPU Computing Toolkit\CUDA\v12.6\libnvvp;C:\Program Files\NVIDIA GPU Computing Toolkit\CUDA\v13.3\bin\x64;C:\Program Files\NVIDIA GPU Computing Toolkit\CUDA\v13.3\bin;c:\Users\ASUS\AppData\Local\Programs\cursor\resources\app\bin;C:\Program Files\Common Files\Oracle\Java\javapath;C:\WINDOWS\system32;C:\WINDOWS;C:\WINDOWS\System32\Wbem;C:\WINDOWS\System32\WindowsPowerShell\v1.0\;C:\WINDOWS\System32\OpenSSH\;C:\Program Files (x86)\NVIDIA Corporation\PhysX\Common;C:\Program Files\dotnet\;C:\Program Files\Java\jdk-17\bin;C:\Program Files\nodejs\;C:\Program Files\PostgreSQL\17\bin;C:\Program Files\Git\cmd;C:\Users\ASUS\AppData\Local\Programs\Python\Launcher\;C:\Users\ASUS\scoop\shims;C:\Users\ASUS\AppData\Local\Microsoft\WindowsApps;C:\Users\ASUS\AppData\Roaming\npm;C:\Users\ASUS\AppData\Local\Programs\Python\Python313;C:\Users\ASUS\AppData\Local\Programs\Python\Python313\Scripts;C:\Users\ASUS\AppData\Local\Programs\cursor\resources\app\bin;c:\Users\ASUS\AppData\Local\Programs\cursor\resources\app\bin;C:\Program Files\Git\cmd;C:\Program Files\NVIDIA Corporation\NVIDIA App\NvDLISR;C:\Program Files (x86)\BaseX\bin;C:\Program Files\Apache\apache-maven-3.9.12\bin;C:\Program Files\Docker\Docker\resources\bin;C:\tools\rtk-x86_64-pc-windows-msvc;C:\Program Files\NVIDIA Corporation\Nsight Compute 2024.3.0\;C:\Program Files\NVIDIA GPU Computing Toolkit\CUDA\v12.6\bin;C:\Program Files\NVIDIA GPU Computing Toolkit\CUDA\v12.6\libnvvp;C:\Program Files\NVIDIA GPU Computing Toolkit\CUDA\v13.3\bin\x64;C:\Program Files\NVIDIA GPU Computing Toolkit\CUDA\v13.3\bin;c:\Users\ASUS\AppData\Local\Programs\cursor\resources\app\bin;C:\Program Files\Common Files\Oracle\Java\javapath;C:\WINDOWS\system32;C:\WINDOWS;C:\WINDOWS\System32\Wbem;C:\WINDOWS\System32\WindowsPowerShell\v1.0\;C:\WINDOWS\System32\OpenSSH\;C:\Program Files (x86)\NVIDIA Corporation\PhysX\Common;C:\Program Files\dotnet\;C:\Program Files\Java\jdk-17\bin;C:\Program Files\nodejs\;C:\Program Files\PostgreSQL\17\bin;C:\Program Files\Git\cmd;C:\Users\ASUS\AppData\Local\Programs\Python\Launcher\;C:\Users\ASUS\scoop\shims;C:\Users\ASUS\AppData\Local\Microsoft\WindowsApps;C:\Users\ASUS\AppData\Roaming\npm;C:\Users\ASUS\AppData\Local\Programs\Python\Python313;C:\Users\ASUS\AppData\Local\Programs\Python\Python313\Scripts;C:\Users\ASUS\AppData\Local\Programs\cursor\resources\app\bin;c:\Users\ASUS\AppData\Local\Programs\cursor\resources\app\bin;C:\Program Files\Git\cmd;C:\Program Files\NVIDIA Corporation\NVIDIA App\NvDLISR;C:\Program Files (x86)\BaseX\bin;C:\Program Files\Apache\apache-maven-3.9.12\bin;C:\Program Files\Docker\Docker\resources\bin;C:\tools\rtk-x86_64-pc-windows-msvc;C:\Program Files\NVIDIA Corporation\Nsight Compute 2024.3.0\;C:\Users\ASUS\AppData\Local\hermes\bin;C:\Users\ASUS\AppData\Local\hermes\hermes-agent\venv\Scripts;C:\Program Files\Common Files\Oracle\Java\javapath;C:\WINDOWS\system32;C:\WINDOWS;C:\WINDOWS\System32\Wbem;C:\WINDOWS\System32\WindowsPowerShell\v1.0\;C:\WINDOWS\System32\OpenSSH\;C:\Program Files (x86)\NVIDIA Corporation\PhysX\Common;C:\Program Files\NVIDIA Corporation\NVIDIA NvDLISR;C:\Program Files\dotnet\;C:\Program Files\Java\jdk-17\bin;C:\Program Files\nodejs\;C:\Program Files\Docker\Docker\resources\bin;C:\Program Files\PostgreSQL\17\bin;C:\Program Files\Git\cmd;C:\Users\ASUS\AppData\Local\Programs\Python\Launcher\;C:\Users\ASUS\scoop\shims;C:\Users\ASUS\AppData\Local\Microsoft\WindowsApps;C:\Users\ASUS\AppData\Roaming\npm;C:\Users\ASUS\AppData\Local\Programs\Python\Python313;C:\Users\ASUS\AppData\Local\Programs\Python\Python313\Scripts;C:\Program Files\Git\cmd;C:\Users\ASUS\AppData\Local\Programs\Python\Python311\Scrip;C:\Users\ASUS\AppData\Local\Programs\Microsoft VS Code\bin;C:\Users\ASUS\AppData\Local\GitHubDesktop\bin;C:\Users\ASUS\AppData\Local\Python\bin;C:\Users\ASUS\AppData\Local\Google\Cloud SDK\google-cloud-sdk\bin;C:\Users\ASUS\AppData\Local\Programs\Antigravity\bin;C:\Users\ASUS\AppData\Local\Programs\Ollama;C:\Users\ASUS\.local\bin;C:\Users\ASUS\.lmstudio\bin;C:\Users\ASUS\AppData\Local\Microsoft\WinGet\Links;C:\Users\ASUS\.dotnet\tools;D:\Qoder\bin;D:\Devin\bin;C:\Users\ASUS\AppData\Local\Android\Sdk\platform-tools
USERNAME=ASUS
OS=Windows_NT
PROCESSOR_IDENTIFIER=AMD64 Family 25 Model 68 Stepping 1, AuthenticAMD
TMP=C:\Users\ASUS\AppData\Local\Temp
TEMP=C:\Users\ASUS\AppData\Local\Temp




Periodic native trim disabled

---------------  S Y S T E M  ---------------

OS:
 Windows 11 , 64 bit Build 26100 (10.0.26100.9444)
OS uptime: 0 days 1:50 hours
Hyper-V role detected

CPU: total 16 (initial active 16) (16 cores per cpu, 2 threads per core) family 25 model 68 stepping 1 microcode 0xa404107, cx8, cmov, fxsr, ht, mmx, 3dnowpref, sse, sse2, sse3, ssse3, sse4a, sse4.1, sse4.2, popcnt, lzcnt, tsc, tscinvbit, avx, avx2, aes, erms, clmul, bmi1, bmi2, adx, sha, fma, vzeroupper, clflush, clflushopt, hv, rdtscp, rdpid, fsrm, f16c, cet_ss
Processor Information for the first 16 processors :
  Max Mhz: 3100, Current Mhz: 3100, Mhz Limit: 3100

Memory: 4k page, system-wide physical 16202M (1602M free)
TotalPageFile size 24219M (AvailPageFile size 9M)
current process WorkingSet (physical memory assigned to process): 399M, peak: 410M
current process commit charge ("private bytes"): 449M, peak: 483M

vm_info: OpenJDK 64-Bit Server VM (21.0.12.1+1-LTS) for windows-amd64 JRE (21.0.12.1+1-LTS), built on 2026-08-18T00:00:00Z by "admin" with MS VC++ 17.12 (VS2022)

END.
