#
# There is insufficient memory for the Java Runtime Environment to continue.
# Native memory allocation (malloc) failed to allocate 1211216 bytes for Chunk::new
# Possible reasons:
#   The system is out of physical RAM or swap space
#   The process is running with CompressedOops enabled, and the Java Heap may be blocking the growth of the native heap
# Possible solutions:
#   Reduce memory load on the system
#   Increase physical memory or swap space
#   Check if swap backing store is full
#   Decrease Java heap size (-Xmx/-Xms)
#   Decrease number of Java threads
#   Decrease Java thread stack sizes (-Xss)
#   Set larger code cache with -XX:ReservedCodeCacheSize=
#   JVM is running with Unscaled Compressed Oops mode in which the Java heap is
#     placed in the first 4GB address space. The Java Heap base address is the
#     maximum limit for the native heap growth. Please use -XX:HeapBaseMinAddress
#     to set the Java Heap base and to place the Java Heap above 4GB virtual address.
# This output file may be truncated or incomplete.
#
#  Out of Memory Error (arena.cpp:189), pid=33488, tid=34300
#
# JRE version: Java(TM) SE Runtime Environment (17.0.12+8) (build 17.0.12+8-LTS-286)
# Java VM: Java HotSpot(TM) 64-Bit Server VM (17.0.12+8-LTS-286, mixed mode, sharing, tiered, compressed oops, compressed class ptrs, g1 gc, windows-amd64)
# No core dump will be written. Minidumps are not enabled by default on client versions of Windows
#

---------------  S U M M A R Y ------------

Command Line: --add-opens=java.base/java.util=ALL-UNNAMED --add-opens=java.base/java.lang=ALL-UNNAMED --add-opens=java.base/java.lang.invoke=ALL-UNNAMED --add-opens=java.base/java.util=ALL-UNNAMED --add-opens=java.prefs/java.util.prefs=ALL-UNNAMED --add-opens=java.prefs/java.util.prefs=ALL-UNNAMED --add-opens=java.base/java.nio.charset=ALL-UNNAMED --add-opens=java.base/java.net=ALL-UNNAMED --add-opens=java.base/java.util.concurrent.atomic=ALL-UNNAMED -Xmx2048m -Dfile.encoding=UTF-8 -Duser.country=US -Duser.language=en -Duser.variant org.gradle.launcher.daemon.bootstrap.GradleDaemon 7.4

Host: AMD Ryzen 7 7435HS                             , 16 cores, 15G,  Windows 11 , 64 bit Build 26100 (10.0.26100.9444)
Time: Sun Sep 27 16:37:36 2026 Sri Lanka Standard Time elapsed time: 17.876482 seconds (0d 0h 0m 17s)

---------------  T H R E A D  ---------------

Current thread (0x000001c9993885e0):  JavaThread "C2 CompilerThread2" daemon [_thread_in_native, id=34300, stack(0x00000065c9500000,0x00000065c9600000)]


Current CompileTask:
C2:  17876 18363 %     4       com.android.tools.r8.graph.y2::a @ 36 (136 bytes)

Stack: [0x00000065c9500000,0x00000065c9600000]
Native frames: (J=compiled Java code, j=interpreted, Vv=VM code, C=native code)
V  [jvm.dll+0x67a04a]
V  [jvm.dll+0x7da4ed]
V  [jvm.dll+0x7dbe33]
V  [jvm.dll+0x7dc4a3]
V  [jvm.dll+0x24508f]
V  [jvm.dll+0xab773]
V  [jvm.dll+0xabd3c]
V  [jvm.dll+0x361b9f]
V  [jvm.dll+0x1ba64a]
V  [jvm.dll+0x216997]
V  [jvm.dll+0x215c6f]
V  [jvm.dll+0x1a2960]
V  [jvm.dll+0x22610b]
V  [jvm.dll+0x2242ab]
V  [jvm.dll+0x79075c]
V  [jvm.dll+0x78abea]
V  [jvm.dll+0x678f35]
C  [ucrtbase.dll+0x2cd30]
C  [KERNEL32.DLL+0x2cd87]
C  [ntdll.dll+0xacaec]


---------------  P R O C E S S  ---------------

Threads class SMR info:
_java_thread_list=0x000001c99da38b60, length=240, elements={
0x000001c9309c8980, 0x000001c9514e30a0, 0x000001c9514e4890, 0x000001c9514f8a50,
0x000001c9514f8f30, 0x000001c9514f9f80, 0x000001c9514ff780, 0x000001c95150b750,
0x000001c951513db0, 0x000001c951514e40, 0x000001c9516230c0, 0x000001c951633a30,
0x000001c951669550, 0x000001c951676270, 0x000001c95186eb60, 0x000001c998cde520,
0x000001c998d72690, 0x000001c998f85d60, 0x000001c998ab1ff0, 0x000001c998ab24d0,
0x000001c9984674b0, 0x000001c997c07220, 0x000001c997c06800, 0x000001c997c05de0,
0x000001c997c058d0, 0x000001c997c062f0, 0x000001c997c06d10, 0x000001c997c07730,
0x000001c997c053c0, 0x000001c9986967f0, 0x000001c9986953b0, 0x000001c9986958c0,
0x000001c998694990, 0x000001c998696d00, 0x000001c9986962e0, 0x000001c998697210,
0x000001c998693a60, 0x000001c99b00aeb0, 0x000001c99b00b3c0, 0x000001c99b00bde0,
0x000001c99b009a70, 0x000001c99b009f80, 0x000001c99b00b8d0, 0x000001c99b009050,
0x000001c99b008630, 0x000001c99b00a490, 0x000001c99b00a9a0, 0x000001c99b00c2f0,
0x000001c99b00c800, 0x000001c99b00cd10, 0x000001c99b009560, 0x000001c99b00f080,
0x000001c99b00d730, 0x000001c99b00dc40, 0x000001c99b00faa0, 0x000001c99b00eb70,
0x000001c99b00e150, 0x000001c99b00f590, 0x000001c99b00d220, 0x000001c99b00e660,
0x000001c999802180, 0x000001c999801760, 0x000001c999805420, 0x000001c999802ba0,
0x000001c9998044f0, 0x000001c999804a00, 0x000001c999804f10, 0x000001c999802690,
0x000001c9998030b0, 0x000001c999801c70, 0x000001c999805e40, 0x000001c999806d70,
0x000001c999805930, 0x000001c999806860, 0x000001c999806350, 0x000001c9998035c0,
0x000001c999803fe0, 0x000001c999807280, 0x000001c999803ad0, 0x000001c999807ca0,
0x000001c9998081b0, 0x000001c999807790, 0x000001c9998086c0, 0x000001c999808bd0,
0x000001c9998090e0, 0x000001c99c888ba0, 0x000001c99c888690, 0x000001c99c8890b0,
0x000001c99c88be40, 0x000001c99c889ad0, 0x000001c99c88aa00, 0x000001c99c8895c0,
0x000001c99c889fe0, 0x000001c99c88a4f0, 0x000001c99c88af10, 0x000001c99c88b420,
0x000001c99c88b930, 0x000001c99943a300, 0x000001c9994389b0, 0x000001c999438ec0,
0x000001c99943b740, 0x000001c9994398e0, 0x000001c999439df0, 0x000001c99943c160,
0x000001c99943a810, 0x000001c99943ad20, 0x000001c99943b230, 0x000001c99943bc50,
0x000001c9994393d0, 0x000001c99742dc30, 0x000001c997430ed0, 0x000001c99742e140,
0x000001c99742eb60, 0x000001c9974313e0, 0x000001c99742f070, 0x000001c9974318f0,
0x000001c99742e650, 0x000001c997432820, 0x000001c99742fa90, 0x000001c99742f580,
0x000001c99742ffa0, 0x000001c997432310, 0x000001c997432d30, 0x000001c9974304b0,
0x000001c997433240, 0x000001c997433c60, 0x000001c997433750, 0x000001c997431e00,
0x000001c997434170, 0x000001c9974309c0, 0x000001c997434680, 0x000001c997434b90,
0x000001c9974350a0, 0x000001c9974355b0, 0x000001c999c9c100, 0x000001c999c9b1d0,
0x000001c999c9b6e0, 0x000001c999c99d90, 0x000001c999c9d030, 0x000001c999c9d540,
0x000001c999c9bbf0, 0x000001c999c9c610, 0x000001c999c9cb20, 0x000001c999c9da50,
0x000001c999c9a2a0, 0x000001c999c9df60, 0x000001c999c9a7b0, 0x000001c999c9acc0,
0x000001c999c9f3a0, 0x000001c999ca02d0, 0x000001c999ca07e0, 0x000001c999ca0cf0,
0x000001c999c9e470, 0x000001c999ca1200, 0x000001c999c9e980, 0x000001c999c9fdc0,
0x000001c999c9f8b0, 0x000001c9981b2ef0, 0x000001c9981b1fc0, 0x000001c9981b0670,
0x000001c9981b1090, 0x000001c9981b0b80, 0x000001c9981b24d0, 0x000001c9981b15a0,
0x000001c9981b29e0, 0x000001c9981b1ab0, 0x000001c9981b3400, 0x000001c9981afc50,
0x000001c9981b3910, 0x000001c9981b0160, 0x000001c9981b4840, 0x000001c9981b3e20,
0x000001c9981b5c80, 0x000001c9981b4d50, 0x000001c9981b5260, 0x000001c9981b5770,
0x000001c9981b75d0, 0x000001c9981b6bb0, 0x000001c9981b6190, 0x000001c9981b66a0,
0x000001c9981b4330, 0x000001c9981b70c0, 0x000001c999ca1710, 0x000001c999c9ee90,
0x000001c951539c40, 0x000001c951538d10, 0x000001c951536eb0, 0x000001c95153a150,
0x000001c9515382f0, 0x000001c951539220, 0x000001c95153a660, 0x000001c951539730,
0x000001c95153ab70, 0x000001c9515378d0, 0x000001c9515373c0, 0x000001c95153b080,
0x000001c95153b590, 0x000001c951538800, 0x000001c951537de0, 0x000001c95153d900,
0x000001c95153baa0, 0x000001c95153d3f0, 0x000001c999389b20, 0x000001c9993885e0,
0x000001c95153c9d0, 0x000001c9971caed0, 0x000001c9971c9a90, 0x000001c9971ca4b0,
0x000001c9971cb8f0, 0x000001c9971cb3e0, 0x000001c9971c8b60, 0x000001c99938c5a0,
0x000001c9971c8140, 0x000001c9971cbe00, 0x000001c9971c9580, 0x000001c9971cd240,
0x000001c9971cc310, 0x000001c9971cd750, 0x000001c9971cc820, 0x000001c9971c9fa0,
0x000001c9971cdc60, 0x000001c9971ceb90, 0x000001c9971ce170, 0x000001c9971cf5b0,
0x000001c9971ce680, 0x000001c9971cf0a0, 0x000001c9971cfac0, 0x000001c99a484160,
0x000001c99a484b80, 0x000001c99a485fc0, 0x000001c99a487400, 0x000001c99a485090,
0x000001c9517f1330, 0x000001c9517f1840, 0x000001c99ebf1020, 0x000001c99d06fe40,
0x000001c99fb4f640, 0x000001c99a4864d0, 0x000001c99a081ff0, 0x000001c99a081ae0
}

Java Threads: ( => current thread )
  0x000001c9309c8980 JavaThread "main" [_thread_blocked, id=6192, stack(0x00000065c7f00000,0x00000065c8000000)]
  0x000001c9514e30a0 JavaThread "Reference Handler" daemon [_thread_blocked, id=2936, stack(0x00000065c8600000,0x00000065c8700000)]
  0x000001c9514e4890 JavaThread "Finalizer" daemon [_thread_blocked, id=3052, stack(0x00000065c8700000,0x00000065c8800000)]
  0x000001c9514f8a50 JavaThread "Signal Dispatcher" daemon [_thread_blocked, id=27192, stack(0x00000065c8800000,0x00000065c8900000)]
  0x000001c9514f8f30 JavaThread "Attach Listener" daemon [_thread_blocked, id=3820, stack(0x00000065c8900000,0x00000065c8a00000)]
  0x000001c9514f9f80 JavaThread "Service Thread" daemon [_thread_blocked, id=5548, stack(0x00000065c8a00000,0x00000065c8b00000)]
  0x000001c9514ff780 JavaThread "Monitor Deflation Thread" daemon [_thread_blocked, id=21192, stack(0x00000065c8b00000,0x00000065c8c00000)]
  0x000001c95150b750 JavaThread "C2 CompilerThread0" daemon [_thread_in_native, id=24460, stack(0x00000065c8c00000,0x00000065c8d00000)]
  0x000001c951513db0 JavaThread "C1 CompilerThread0" daemon [_thread_in_vm, id=3188, stack(0x00000065c8d00000,0x00000065c8e00000)]
  0x000001c951514e40 JavaThread "Sweeper thread" daemon [_thread_in_vm, id=22036, stack(0x00000065c8e00000,0x00000065c8f00000)]
  0x000001c9516230c0 JavaThread "C1 CompilerThread1" daemon [_thread_in_native, id=11720, stack(0x00000065c8f00000,0x00000065c9000000)]
  0x000001c951633a30 JavaThread "C1 CompilerThread2" daemon [_thread_in_native, id=10152, stack(0x00000065c9000000,0x00000065c9100000)]
  0x000001c951669550 JavaThread "Common-Cleaner" daemon [_thread_blocked, id=10608, stack(0x00000065c9100000,0x00000065c9200000)]
  0x000001c951676270 JavaThread "Notification Thread" daemon [_thread_blocked, id=7276, stack(0x00000065c9200000,0x00000065c9300000)]
  0x000001c95186eb60 JavaThread "C1 CompilerThread3" daemon [_thread_blocked, id=2836, stack(0x00000065c9700000,0x00000065c9800000)]
  0x000001c998cde520 JavaThread "Daemon health stats" [_thread_blocked, id=27204, stack(0x00000065c9d00000,0x00000065c9e00000)]
  0x000001c998d72690 JavaThread "Incoming local TCP Connector on port 50862" [_thread_in_native, id=29140, stack(0x00000065c9e00000,0x00000065c9f00000)]
  0x000001c998f85d60 JavaThread "Daemon periodic checks" [_thread_blocked, id=24748, stack(0x00000065c9f00000,0x00000065ca000000)]
  0x000001c998ab1ff0 JavaThread "Daemon" [_thread_blocked, id=7512, stack(0x00000065ca000000,0x00000065ca100000)]
  0x000001c998ab24d0 JavaThread "Handler for socket connection from /127.0.0.1:50862 to /127.0.0.1:50863" [_thread_in_native, id=32824, stack(0x00000065ca100000,0x00000065ca200000)]
  0x000001c9984674b0 JavaThread "Cancel handler" [_thread_blocked, id=33648, stack(0x00000065ca200000,0x00000065ca300000)]
  0x000001c997c07220 JavaThread "Daemon worker" [_thread_blocked, id=6628, stack(0x00000065ca300000,0x00000065ca400000)]
  0x000001c997c06800 JavaThread "Asynchronous log dispatcher for DefaultDaemonConnection: socket connection from /127.0.0.1:50862 to /127.0.0.1:50863" [_thread_blocked, id=24060, stack(0x00000065ca400000,0x00000065ca500000)]
  0x000001c997c05de0 JavaThread "Stdin handler" [_thread_blocked, id=9964, stack(0x00000065ca500000,0x00000065ca600000)]
  0x000001c997c058d0 JavaThread "Daemon client event forwarder" [_thread_blocked, id=3292, stack(0x00000065ca600000,0x00000065ca700000)]
  0x000001c997c062f0 JavaThread "Cache worker for journal cache (C:\Users\ASUS\.gradle\caches\journal-1)" [_thread_blocked, id=3364, stack(0x00000065c9600000,0x00000065c9700000)]
  0x000001c997c06d10 JavaThread "File lock request listener" [_thread_in_native, id=33244, stack(0x00000065ca700000,0x00000065ca800000)]
  0x000001c997c07730 JavaThread "Cache worker for file hash cache (C:\Users\ASUS\.gradle\caches\7.4\fileHashes)" [_thread_blocked, id=17576, stack(0x00000065ca800000,0x00000065ca900000)]
  0x000001c997c053c0 JavaThread "File watcher server" daemon [_thread_in_native, id=19660, stack(0x00000065cab00000,0x00000065cac00000)]
  0x000001c9986967f0 JavaThread "File watcher consumer" daemon [_thread_blocked, id=21156, stack(0x00000065cac00000,0x00000065cad00000)]
  0x000001c9986953b0 JavaThread "Cache worker for checksums cache (D:\OneDrive - University of Westminster\Documents\GitHub\ViMusic\.gradle\7.4\checksums)" [_thread_blocked, id=29516, stack(0x00000065caa00000,0x00000065cab00000)]
  0x000001c9986958c0 JavaThread "Cache worker for cache directory md-rule (C:\Users\ASUS\.gradle\caches\7.4\md-rule)" [_thread_blocked, id=20800, stack(0x00000065cad00000,0x00000065cae00000)]
  0x000001c998694990 JavaThread "Cache worker for file hash cache (D:\OneDrive - University of Westminster\Documents\GitHub\ViMusic\.gradle\7.4\fileHashes)" [_thread_blocked, id=24808, stack(0x00000065cae00000,0x00000065caf00000)]
  0x000001c998696d00 JavaThread "Cache worker for cache directory md-supplier (C:\Users\ASUS\.gradle\caches\7.4\md-supplier)" [_thread_blocked, id=24884, stack(0x00000065caf00000,0x00000065cb000000)]
  0x000001c9986962e0 JavaThread "Cache worker for execution history cache (C:\Users\ASUS\.gradle\caches\7.4\executionHistory)" [_thread_blocked, id=33512, stack(0x00000065cb900000,0x00000065cba00000)]
  0x000001c998697210 JavaThread "jar transforms" [_thread_blocked, id=18376, stack(0x00000065cba00000,0x00000065cbb00000)]
  0x000001c998693a60 JavaThread "jar transforms Thread 2" [_thread_blocked, id=35176, stack(0x00000065cbb00000,0x00000065cbc00000)]
  0x000001c99b00aeb0 JavaThread "Cache worker for file content cache (C:\Users\ASUS\.gradle\caches\7.4\fileContent)" [_thread_blocked, id=34116, stack(0x00000065cbc00000,0x00000065cbd00000)]
  0x000001c99b00b3c0 JavaThread "jar transforms Thread 3" [_thread_blocked, id=2904, stack(0x00000065cbd00000,0x00000065cbe00000)]
  0x000001c99b00bde0 JavaThread "jar transforms Thread 4" [_thread_blocked, id=26020, stack(0x00000065cbe00000,0x00000065cbf00000)]
  0x000001c99b009a70 JavaThread "jar transforms Thread 5" [_thread_blocked, id=32296, stack(0x00000065cbf00000,0x00000065cc000000)]
  0x000001c99b009f80 JavaThread "jar transforms Thread 6" [_thread_blocked, id=15488, stack(0x00000065cc000000,0x00000065cc100000)]
  0x000001c99b00b8d0 JavaThread "jar transforms Thread 7" [_thread_blocked, id=2168, stack(0x00000065cc100000,0x00000065cc200000)]
  0x000001c99b009050 JavaThread "jar transforms Thread 8" [_thread_blocked, id=8720, stack(0x00000065cc200000,0x00000065cc300000)]
  0x000001c99b008630 JavaThread "jar transforms Thread 9" [_thread_blocked, id=3616, stack(0x00000065cc300000,0x00000065cc400000)]
  0x000001c99b00a490 JavaThread "jar transforms Thread 10" [_thread_blocked, id=34024, stack(0x00000065cc400000,0x00000065cc500000)]
  0x000001c99b00a9a0 JavaThread "jar transforms Thread 11" [_thread_blocked, id=15132, stack(0x00000065cc500000,0x00000065cc600000)]
  0x000001c99b00c2f0 JavaThread "jar transforms Thread 12" [_thread_blocked, id=4072, stack(0x00000065cc600000,0x00000065cc700000)]
  0x000001c99b00c800 JavaThread "jar transforms Thread 13" [_thread_blocked, id=28256, stack(0x00000065cc700000,0x00000065cc800000)]
  0x000001c99b00cd10 JavaThread "jar transforms Thread 14" [_thread_blocked, id=20880, stack(0x00000065cc800000,0x00000065cc900000)]
  0x000001c99b009560 JavaThread "jar transforms Thread 15" [_thread_blocked, id=21100, stack(0x00000065cc900000,0x00000065cca00000)]
  0x000001c99b00f080 JavaThread "jar transforms Thread 16" [_thread_blocked, id=23456, stack(0x00000065cca00000,0x00000065ccb00000)]
  0x000001c99b00d730 JavaThread "Cache worker for kotlin-dsl (C:\Users\ASUS\.gradle\caches\7.4\kotlin-dsl)" [_thread_blocked, id=35696, stack(0x00000065ccb00000,0x00000065ccc00000)]
  0x000001c99b00dc40 JavaThread "Cache worker for dependencies-accessors (D:\OneDrive - University of Westminster\Documents\GitHub\ViMusic\.gradle\7.4\dependencies-accessors)" [_thread_blocked, id=18324, stack(0x00000065ccc00000,0x00000065ccd00000)]
  0x000001c99b00faa0 JavaThread "Cache worker for Build Output Cleanup Cache (D:\OneDrive - University of Westminster\Documents\GitHub\ViMusic\.gradle\buildOutputCleanup)" [_thread_blocked, id=5172, stack(0x00000065ccd00000,0x00000065cce00000)]
  0x000001c99b00eb70 JavaThread "Unconstrained build operations" [_thread_blocked, id=24520, stack(0x00000065cce00000,0x00000065ccf00000)]
  0x000001c99b00e150 JavaThread "Unconstrained build operations Thread 2" [_thread_blocked, id=35788, stack(0x00000065ccf00000,0x00000065cd000000)]
  0x000001c99b00f590 JavaThread "Unconstrained build operations Thread 3" [_thread_blocked, id=26928, stack(0x00000065cd000000,0x00000065cd100000)]
  0x000001c99b00d220 JavaThread "Unconstrained build operations Thread 4" [_thread_in_vm, id=23428, stack(0x00000065cd100000,0x00000065cd200000)]
  0x000001c99b00e660 JavaThread "Unconstrained build operations Thread 5" [_thread_blocked, id=34920, stack(0x00000065cd200000,0x00000065cd300000)]
  0x000001c999802180 JavaThread "Unconstrained build operations Thread 6" [_thread_blocked, id=28128, stack(0x00000065cd300000,0x00000065cd400000)]
  0x000001c999801760 JavaThread "Unconstrained build operations Thread 7" [_thread_blocked, id=7016, stack(0x00000065cd400000,0x00000065cd500000)]
  0x000001c999805420 JavaThread "Unconstrained build operations Thread 8" [_thread_in_vm, id=480, stack(0x00000065cd500000,0x00000065cd600000)]
  0x000001c999802ba0 JavaThread "Unconstrained build operations Thread 9" [_thread_blocked, id=18216, stack(0x00000065cd600000,0x00000065cd700000)]
  0x000001c9998044f0 JavaThread "Unconstrained build operations Thread 10" [_thread_blocked, id=28768, stack(0x00000065cd700000,0x00000065cd800000)]
  0x000001c999804a00 JavaThread "Unconstrained build operations Thread 11" [_thread_blocked, id=8584, stack(0x00000065cd800000,0x00000065cd900000)]
  0x000001c999804f10 JavaThread "Unconstrained build operations Thread 12" [_thread_blocked, id=11712, stack(0x00000065cd900000,0x00000065cda00000)]
  0x000001c999802690 JavaThread "Unconstrained build operations Thread 13" [_thread_blocked, id=25552, stack(0x00000065cda00000,0x00000065cdb00000)]
  0x000001c9998030b0 JavaThread "Unconstrained build operations Thread 14" [_thread_blocked, id=9140, stack(0x00000065cdb00000,0x00000065cdc00000)]
  0x000001c999801c70 JavaThread "Unconstrained build operations Thread 15" [_thread_blocked, id=33656, stack(0x00000065cdc00000,0x00000065cdd00000)]
  0x000001c999805e40 JavaThread "Unconstrained build operations Thread 16" [_thread_blocked, id=27412, stack(0x00000065cdd00000,0x00000065cde00000)]
  0x000001c999806d70 JavaThread "Unconstrained build operations Thread 17" [_thread_blocked, id=34192, stack(0x00000065cde00000,0x00000065cdf00000)]
  0x000001c999805930 JavaThread "Unconstrained build operations Thread 18" [_thread_blocked, id=27276, stack(0x00000065cdf00000,0x00000065ce000000)]
  0x000001c999806860 JavaThread "Unconstrained build operations Thread 19" [_thread_blocked, id=18372, stack(0x00000065ce000000,0x00000065ce100000)]
  0x000001c999806350 JavaThread "Unconstrained build operations Thread 20" [_thread_blocked, id=32712, stack(0x00000065ce100000,0x00000065ce200000)]
  0x000001c9998035c0 JavaThread "Unconstrained build operations Thread 21" [_thread_blocked, id=26964, stack(0x00000065ce200000,0x00000065ce300000)]
  0x000001c999803fe0 JavaThread "Unconstrained build operations Thread 22" [_thread_blocked, id=26320, stack(0x00000065ce300000,0x00000065ce400000)]
  0x000001c999807280 JavaThread "Unconstrained build operations Thread 23" [_thread_blocked, id=24720, stack(0x00000065ce400000,0x00000065ce500000)]
  0x000001c999803ad0 JavaThread "Unconstrained build operations Thread 24" [_thread_blocked, id=19984, stack(0x00000065ce500000,0x00000065ce600000)]
  0x000001c999807ca0 JavaThread "Unconstrained build operations Thread 25" [_thread_blocked, id=32440, stack(0x00000065ce600000,0x00000065ce700000)]
  0x000001c9998081b0 JavaThread "Unconstrained build operations Thread 26" [_thread_blocked, id=30364, stack(0x00000065ce700000,0x00000065ce800000)]
  0x000001c999807790 JavaThread "Unconstrained build operations Thread 27" [_thread_blocked, id=30704, stack(0x00000065ce800000,0x00000065ce900000)]
  0x000001c9998086c0 JavaThread "Unconstrained build operations Thread 28" [_thread_blocked, id=29448, stack(0x00000065ce900000,0x00000065cea00000)]
  0x000001c999808bd0 JavaThread "Unconstrained build operations Thread 29" [_thread_blocked, id=16492, stack(0x00000065cea00000,0x00000065ceb00000)]
  0x000001c9998090e0 JavaThread "Unconstrained build operations Thread 30" [_thread_blocked, id=8780, stack(0x00000065ceb00000,0x00000065cec00000)]
  0x000001c99c888ba0 JavaThread "Unconstrained build operations Thread 31" [_thread_blocked, id=26072, stack(0x00000065cec00000,0x00000065ced00000)]
  0x000001c99c888690 JavaThread "Unconstrained build operations Thread 32" [_thread_blocked, id=3368, stack(0x00000065ced00000,0x00000065cee00000)]
  0x000001c99c8890b0 JavaThread "Unconstrained build operations Thread 33" [_thread_blocked, id=21268, stack(0x00000065cee00000,0x00000065cef00000)]
  0x000001c99c88be40 JavaThread "Unconstrained build operations Thread 34" [_thread_blocked, id=33208, stack(0x00000065cef00000,0x00000065cf000000)]
  0x000001c99c889ad0 JavaThread "Unconstrained build operations Thread 35" [_thread_blocked, id=35584, stack(0x00000065cf000000,0x00000065cf100000)]
  0x000001c99c88aa00 JavaThread "Unconstrained build operations Thread 36" [_thread_blocked, id=3848, stack(0x00000065cf100000,0x00000065cf200000)]
  0x000001c99c8895c0 JavaThread "Unconstrained build operations Thread 37" [_thread_blocked, id=12816, stack(0x00000065cf200000,0x00000065cf300000)]
  0x000001c99c889fe0 JavaThread "Unconstrained build operations Thread 38" [_thread_blocked, id=23804, stack(0x00000065cf300000,0x00000065cf400000)]
  0x000001c99c88a4f0 JavaThread "Unconstrained build operations Thread 39" [_thread_blocked, id=35772, stack(0x00000065cf400000,0x00000065cf500000)]
  0x000001c99c88af10 JavaThread "Unconstrained build operations Thread 40" [_thread_blocked, id=32680, stack(0x00000065cf500000,0x00000065cf600000)]
  0x000001c99c88b420 JavaThread "Unconstrained build operations Thread 41" [_thread_blocked, id=24644, stack(0x00000065cf600000,0x00000065cf700000)]
  0x000001c99c88b930 JavaThread "Unconstrained build operations Thread 42" [_thread_blocked, id=30824, stack(0x00000065cf700000,0x00000065cf800000)]
  0x000001c99943a300 JavaThread "Unconstrained build operations Thread 43" [_thread_blocked, id=12532, stack(0x00000065cf800000,0x00000065cf900000)]
  0x000001c9994389b0 JavaThread "Unconstrained build operations Thread 44" [_thread_blocked, id=33484, stack(0x00000065cf900000,0x00000065cfa00000)]
  0x000001c999438ec0 JavaThread "Unconstrained build operations Thread 45" [_thread_blocked, id=3328, stack(0x00000065cfa00000,0x00000065cfb00000)]
  0x000001c99943b740 JavaThread "Unconstrained build operations Thread 46" [_thread_in_vm, id=2640, stack(0x00000065cfb00000,0x00000065cfc00000)]
  0x000001c9994398e0 JavaThread "Unconstrained build operations Thread 47" [_thread_in_vm, id=35664, stack(0x00000065cfc00000,0x00000065cfd00000)]
  0x000001c999439df0 JavaThread "Unconstrained build operations Thread 48" [_thread_blocked, id=34500, stack(0x00000065cfd00000,0x00000065cfe00000)]
  0x000001c99943c160 JavaThread "Unconstrained build operations Thread 49" [_thread_blocked, id=32968, stack(0x00000065cfe00000,0x00000065cff00000)]
  0x000001c99943a810 JavaThread "Unconstrained build operations Thread 50" [_thread_blocked, id=30980, stack(0x00000065cff00000,0x00000065d0000000)]
  0x000001c99943ad20 JavaThread "Unconstrained build operations Thread 51" [_thread_blocked, id=21740, stack(0x00000065d0000000,0x00000065d0100000)]
  0x000001c99943b230 JavaThread "Unconstrained build operations Thread 52" [_thread_blocked, id=32008, stack(0x00000065d0100000,0x00000065d0200000)]
  0x000001c99943bc50 JavaThread "Unconstrained build operations Thread 53" [_thread_blocked, id=22464, stack(0x00000065d0200000,0x00000065d0300000)]
  0x000001c9994393d0 JavaThread "Unconstrained build operations Thread 54" [_thread_blocked, id=26836, stack(0x00000065d0300000,0x00000065d0400000)]
  0x000001c99742dc30 JavaThread "Unconstrained build operations Thread 55" [_thread_blocked, id=7440, stack(0x00000065d0400000,0x00000065d0500000)]
  0x000001c997430ed0 JavaThread "Unconstrained build operations Thread 56" [_thread_blocked, id=6164, stack(0x00000065d0500000,0x00000065d0600000)]
  0x000001c99742e140 JavaThread "Unconstrained build operations Thread 57" [_thread_blocked, id=14524, stack(0x00000065d0600000,0x00000065d0700000)]
  0x000001c99742eb60 JavaThread "Unconstrained build operations Thread 58" [_thread_blocked, id=9548, stack(0x00000065d0700000,0x00000065d0800000)]
  0x000001c9974313e0 JavaThread "Unconstrained build operations Thread 59" [_thread_blocked, id=4852, stack(0x00000065d0800000,0x00000065d0900000)]
  0x000001c99742f070 JavaThread "Unconstrained build operations Thread 60" [_thread_in_vm, id=24080, stack(0x00000065d0900000,0x00000065d0a00000)]
  0x000001c9974318f0 JavaThread "Unconstrained build operations Thread 61" [_thread_blocked, id=34640, stack(0x00000065d0a00000,0x00000065d0b00000)]
  0x000001c99742e650 JavaThread "Unconstrained build operations Thread 62" [_thread_blocked, id=30660, stack(0x00000065d0b00000,0x00000065d0c00000)]
  0x000001c997432820 JavaThread "Unconstrained build operations Thread 63" [_thread_blocked, id=32540, stack(0x00000065d0c00000,0x00000065d0d00000)]
  0x000001c99742fa90 JavaThread "Unconstrained build operations Thread 64" [_thread_blocked, id=34284, stack(0x00000065d0d00000,0x00000065d0e00000)]
  0x000001c99742f580 JavaThread "Unconstrained build operations Thread 65" [_thread_blocked, id=21360, stack(0x00000065d0e00000,0x00000065d0f00000)]
  0x000001c99742ffa0 JavaThread "Unconstrained build operations Thread 66" [_thread_blocked, id=8572, stack(0x00000065d0f00000,0x00000065d1000000)]
  0x000001c997432310 JavaThread "Unconstrained build operations Thread 67" [_thread_blocked, id=16268, stack(0x00000065d1000000,0x00000065d1100000)]
  0x000001c997432d30 JavaThread "Unconstrained build operations Thread 68" [_thread_blocked, id=6276, stack(0x00000065d1100000,0x00000065d1200000)]
  0x000001c9974304b0 JavaThread "Unconstrained build operations Thread 69" [_thread_blocked, id=20832, stack(0x00000065d1200000,0x00000065d1300000)]
  0x000001c997433240 JavaThread "Unconstrained build operations Thread 70" [_thread_blocked, id=3304, stack(0x00000065d1300000,0x00000065d1400000)]
  0x000001c997433c60 JavaThread "Unconstrained build operations Thread 71" [_thread_blocked, id=8152, stack(0x00000065d1400000,0x00000065d1500000)]
  0x000001c997433750 JavaThread "Unconstrained build operations Thread 72" [_thread_blocked, id=33696, stack(0x00000065d1500000,0x00000065d1600000)]
  0x000001c997431e00 JavaThread "Unconstrained build operations Thread 73" [_thread_in_vm, id=10036, stack(0x00000065d1600000,0x00000065d1700000)]
  0x000001c997434170 JavaThread "Unconstrained build operations Thread 74" [_thread_blocked, id=33380, stack(0x00000065d1700000,0x00000065d1800000)]
  0x000001c9974309c0 JavaThread "Unconstrained build operations Thread 75" [_thread_blocked, id=3112, stack(0x00000065d1800000,0x00000065d1900000)]
  0x000001c997434680 JavaThread "Unconstrained build operations Thread 76" [_thread_blocked, id=5952, stack(0x00000065d1900000,0x00000065d1a00000)]
  0x000001c997434b90 JavaThread "Unconstrained build operations Thread 77" [_thread_blocked, id=6564, stack(0x00000065d1a00000,0x00000065d1b00000)]
  0x000001c9974350a0 JavaThread "Unconstrained build operations Thread 78" [_thread_blocked, id=24728, stack(0x00000065d1b00000,0x00000065d1c00000)]
  0x000001c9974355b0 JavaThread "Unconstrained build operations Thread 79" [_thread_in_vm, id=34832, stack(0x00000065d1c00000,0x00000065d1d00000)]
  0x000001c999c9c100 JavaThread "Unconstrained build operations Thread 80" [_thread_blocked, id=15616, stack(0x00000065d1d00000,0x00000065d1e00000)]
  0x000001c999c9b1d0 JavaThread "Unconstrained build operations Thread 81" [_thread_blocked, id=34100, stack(0x00000065d1e00000,0x00000065d1f00000)]
  0x000001c999c9b6e0 JavaThread "Unconstrained build operations Thread 82" [_thread_blocked, id=14712, stack(0x00000065d1f00000,0x00000065d2000000)]
  0x000001c999c99d90 JavaThread "Unconstrained build operations Thread 83" [_thread_blocked, id=18440, stack(0x00000065d2000000,0x00000065d2100000)]
  0x000001c999c9d030 JavaThread "Unconstrained build operations Thread 84" [_thread_in_vm, id=26208, stack(0x00000065d2100000,0x00000065d2200000)]
  0x000001c999c9d540 JavaThread "Unconstrained build operations Thread 85" [_thread_blocked, id=13032, stack(0x00000065d2200000,0x00000065d2300000)]
  0x000001c999c9bbf0 JavaThread "Unconstrained build operations Thread 86" [_thread_blocked, id=32792, stack(0x00000065d2300000,0x00000065d2400000)]
  0x000001c999c9c610 JavaThread "Unconstrained build operations Thread 87" [_thread_blocked, id=31376, stack(0x00000065d2400000,0x00000065d2500000)]
  0x000001c999c9cb20 JavaThread "Unconstrained build operations Thread 88" [_thread_blocked, id=26804, stack(0x00000065d2500000,0x00000065d2600000)]
  0x000001c999c9da50 JavaThread "Unconstrained build operations Thread 89" [_thread_blocked, id=4316, stack(0x00000065d2600000,0x00000065d2700000)]
  0x000001c999c9a2a0 JavaThread "Unconstrained build operations Thread 90" [_thread_in_vm, id=1708, stack(0x00000065d2700000,0x00000065d2800000)]
  0x000001c999c9df60 JavaThread "Unconstrained build operations Thread 91" [_thread_blocked, id=17936, stack(0x00000065d2800000,0x00000065d2900000)]
  0x000001c999c9a7b0 JavaThread "Unconstrained build operations Thread 92" [_thread_blocked, id=18424, stack(0x00000065d2900000,0x00000065d2a00000)]
  0x000001c999c9acc0 JavaThread "Unconstrained build operations Thread 93" [_thread_blocked, id=1968, stack(0x00000065d2a00000,0x00000065d2b00000)]
  0x000001c999c9f3a0 JavaThread "Unconstrained build operations Thread 94" [_thread_blocked, id=34232, stack(0x00000065d2b00000,0x00000065d2c00000)]
  0x000001c999ca02d0 JavaThread "Unconstrained build operations Thread 95" [_thread_blocked, id=30764, stack(0x00000065d2c00000,0x00000065d2d00000)]
  0x000001c999ca07e0 JavaThread "Unconstrained build operations Thread 96" [_thread_blocked, id=31416, stack(0x00000065d2d00000,0x00000065d2e00000)]
  0x000001c999ca0cf0 JavaThread "Unconstrained build operations Thread 97" [_thread_blocked, id=18416, stack(0x00000065d2e00000,0x00000065d2f00000)]
  0x000001c999c9e470 JavaThread "Unconstrained build operations Thread 98" [_thread_blocked, id=25064, stack(0x00000065d2f00000,0x00000065d3000000)]
  0x000001c999ca1200 JavaThread "Unconstrained build operations Thread 99" [_thread_blocked, id=14000, stack(0x00000065d3000000,0x00000065d3100000)]
  0x000001c999c9e980 JavaThread "Unconstrained build operations Thread 100" [_thread_in_vm, id=10060, stack(0x00000065d3100000,0x00000065d3200000)]
  0x000001c999c9fdc0 JavaThread "Unconstrained build operations Thread 101" [_thread_blocked, id=30336, stack(0x00000065d3200000,0x00000065d3300000)]
  0x000001c999c9f8b0 JavaThread "Unconstrained build operations Thread 102" [_thread_blocked, id=14008, stack(0x00000065d3300000,0x00000065d3400000)]
  0x000001c9981b2ef0 JavaThread "Unconstrained build operations Thread 103" [_thread_blocked, id=33360, stack(0x00000065d3400000,0x00000065d3500000)]
  0x000001c9981b1fc0 JavaThread "Unconstrained build operations Thread 104" [_thread_blocked, id=6924, stack(0x00000065d3500000,0x00000065d3600000)]
  0x000001c9981b0670 JavaThread "Unconstrained build operations Thread 105" [_thread_blocked, id=32652, stack(0x00000065d3600000,0x00000065d3700000)]
  0x000001c9981b1090 JavaThread "Unconstrained build operations Thread 106" [_thread_blocked, id=33384, stack(0x00000065d3700000,0x00000065d3800000)]
  0x000001c9981b0b80 JavaThread "Unconstrained build operations Thread 107" [_thread_blocked, id=18260, stack(0x00000065d3800000,0x00000065d3900000)]
  0x000001c9981b24d0 JavaThread "Unconstrained build operations Thread 108" [_thread_blocked, id=3340, stack(0x00000065d3900000,0x00000065d3a00000)]
  0x000001c9981b15a0 JavaThread "Unconstrained build operations Thread 109" [_thread_blocked, id=35132, stack(0x00000065d3a00000,0x00000065d3b00000)]
  0x000001c9981b29e0 JavaThread "Unconstrained build operations Thread 110" [_thread_blocked, id=10296, stack(0x00000065d3b00000,0x00000065d3c00000)]
  0x000001c9981b1ab0 JavaThread "Unconstrained build operations Thread 111" [_thread_blocked, id=8592, stack(0x00000065d3c00000,0x00000065d3d00000)]
  0x000001c9981b3400 JavaThread "Unconstrained build operations Thread 112" [_thread_blocked, id=32324, stack(0x00000065d3d00000,0x00000065d3e00000)]
  0x000001c9981afc50 JavaThread "Unconstrained build operations Thread 113" [_thread_blocked, id=27056, stack(0x00000065d3e00000,0x00000065d3f00000)]
  0x000001c9981b3910 JavaThread "Unconstrained build operations Thread 114" [_thread_blocked, id=4840, stack(0x00000065d3f00000,0x00000065d4000000)]
  0x000001c9981b0160 JavaThread "Unconstrained build operations Thread 115" [_thread_blocked, id=33212, stack(0x00000065d4000000,0x00000065d4100000)]
  0x000001c9981b4840 JavaThread "Unconstrained build operations Thread 116" [_thread_blocked, id=14628, stack(0x00000065d4100000,0x00000065d4200000)]
  0x000001c9981b3e20 JavaThread "Unconstrained build operations Thread 117" [_thread_blocked, id=23968, stack(0x00000065d4200000,0x00000065d4300000)]
  0x000001c9981b5c80 JavaThread "Unconstrained build operations Thread 118" [_thread_blocked, id=24336, stack(0x00000065d4300000,0x00000065d4400000)]
  0x000001c9981b4d50 JavaThread "Unconstrained build operations Thread 119" [_thread_blocked, id=15144, stack(0x00000065d4400000,0x00000065d4500000)]
  0x000001c9981b5260 JavaThread "Unconstrained build operations Thread 120" [_thread_blocked, id=35332, stack(0x00000065d4500000,0x00000065d4600000)]
  0x000001c9981b5770 JavaThread "Unconstrained build operations Thread 121" [_thread_blocked, id=9632, stack(0x00000065d4600000,0x00000065d4700000)]
  0x000001c9981b75d0 JavaThread "Unconstrained build operations Thread 122" [_thread_blocked, id=31096, stack(0x00000065d4700000,0x00000065d4800000)]
  0x000001c9981b6bb0 JavaThread "Unconstrained build operations Thread 123" [_thread_blocked, id=11080, stack(0x00000065d4800000,0x00000065d4900000)]
  0x000001c9981b6190 JavaThread "Unconstrained build operations Thread 124" [_thread_blocked, id=26012, stack(0x00000065d4900000,0x00000065d4a00000)]
  0x000001c9981b66a0 JavaThread "Unconstrained build operations Thread 125" [_thread_blocked, id=28512, stack(0x00000065d4a00000,0x00000065d4b00000)]
  0x000001c9981b4330 JavaThread "Unconstrained build operations Thread 126" [_thread_blocked, id=30924, stack(0x00000065d4b00000,0x00000065d4c00000)]
  0x000001c9981b70c0 JavaThread "Unconstrained build operations Thread 127" [_thread_blocked, id=16760, stack(0x00000065d4c00000,0x00000065d4d00000)]
  0x000001c999ca1710 JavaThread "Unconstrained build operations Thread 128" [_thread_blocked, id=30684, stack(0x00000065d4d00000,0x00000065d4e00000)]
  0x000001c999c9ee90 JavaThread "Unconstrained build operations Thread 129" [_thread_blocked, id=27188, stack(0x00000065d4e00000,0x00000065d4f00000)]
  0x000001c951539c40 JavaThread "Unconstrained build operations Thread 130" [_thread_blocked, id=9716, stack(0x00000065d4f00000,0x00000065d5000000)]
  0x000001c951538d10 JavaThread "Unconstrained build operations Thread 131" [_thread_blocked, id=8620, stack(0x00000065d5000000,0x00000065d5100000)]
  0x000001c951536eb0 JavaThread "Unconstrained build operations Thread 132" [_thread_blocked, id=3448, stack(0x00000065d5100000,0x00000065d5200000)]
  0x000001c95153a150 JavaThread "Unconstrained build operations Thread 133" [_thread_blocked, id=2400, stack(0x00000065d5200000,0x00000065d5300000)]
  0x000001c9515382f0 JavaThread "Unconstrained build operations Thread 134" [_thread_blocked, id=3288, stack(0x00000065d5300000,0x00000065d5400000)]
  0x000001c951539220 JavaThread "Unconstrained build operations Thread 135" [_thread_in_vm, id=31428, stack(0x00000065d5400000,0x00000065d5500000)]
  0x000001c95153a660 JavaThread "Unconstrained build operations Thread 136" [_thread_blocked, id=30696, stack(0x00000065d5500000,0x00000065d5600000)]
  0x000001c951539730 JavaThread "Unconstrained build operations Thread 137" [_thread_blocked, id=468, stack(0x00000065d5600000,0x00000065d5700000)]
  0x000001c95153ab70 JavaThread "Unconstrained build operations Thread 138" [_thread_blocked, id=33420, stack(0x00000065d5700000,0x00000065d5800000)]
  0x000001c9515378d0 JavaThread "Unconstrained build operations Thread 139" [_thread_blocked, id=33456, stack(0x00000065d5800000,0x00000065d5900000)]
  0x000001c9515373c0 JavaThread "Unconstrained build operations Thread 140" [_thread_blocked, id=4156, stack(0x00000065d5900000,0x00000065d5a00000)]
  0x000001c95153b080 JavaThread "Unconstrained build operations Thread 141" [_thread_blocked, id=19356, stack(0x00000065d5a00000,0x00000065d5b00000)]
  0x000001c95153b590 JavaThread "Unconstrained build operations Thread 142" [_thread_blocked, id=27432, stack(0x00000065d5b00000,0x00000065d5c00000)]
  0x000001c951538800 JavaThread "Unconstrained build operations Thread 143" [_thread_blocked, id=1972, stack(0x00000065d5c00000,0x00000065d5d00000)]
  0x000001c951537de0 JavaThread "Unconstrained build operations Thread 144" [_thread_blocked, id=27428, stack(0x00000065d5d00000,0x00000065d5e00000)]
  0x000001c95153d900 JavaThread "Unconstrained build operations Thread 145" [_thread_blocked, id=14876, stack(0x00000065d5e00000,0x00000065d5f00000)]
  0x000001c95153baa0 JavaThread "Unconstrained build operations Thread 146" [_thread_blocked, id=27176, stack(0x00000065d5f00000,0x00000065d6000000)]
  0x000001c95153d3f0 JavaThread "Unconstrained build operations Thread 147" [_thread_blocked, id=34220, stack(0x00000065d6000000,0x00000065d6100000)]
  0x000001c999389b20 JavaThread "C2 CompilerThread1" daemon [_thread_in_native, id=20384, stack(0x00000065c9400000,0x00000065c9500000)]
=>0x000001c9993885e0 JavaThread "C2 CompilerThread2" daemon [_thread_in_native, id=34300, stack(0x00000065c9500000,0x00000065c9600000)]
  0x000001c95153c9d0 JavaThread "Memory manager" [_thread_blocked, id=4884, stack(0x00000065d6100000,0x00000065d6200000)]
  0x000001c9971caed0 JavaThread "Unconstrained build operations Thread 148" [_thread_blocked, id=19580, stack(0x00000065d6300000,0x00000065d6400000)]
  0x000001c9971c9a90 JavaThread "Unconstrained build operations Thread 149" [_thread_blocked, id=2244, stack(0x00000065d6400000,0x00000065d6500000)]
  0x000001c9971ca4b0 JavaThread "Unconstrained build operations Thread 150" [_thread_blocked, id=35820, stack(0x00000065d6500000,0x00000065d6600000)]
  0x000001c9971cb8f0 JavaThread "Unconstrained build operations Thread 151" [_thread_blocked, id=21028, stack(0x00000065d6600000,0x00000065d6700000)]
  0x000001c9971cb3e0 JavaThread "Unconstrained build operations Thread 152" [_thread_blocked, id=34956, stack(0x00000065d6700000,0x00000065d6800000)]
  0x000001c9971c8b60 JavaThread "Unconstrained build operations Thread 153" [_thread_blocked, id=14880, stack(0x00000065d6800000,0x00000065d6900000)]
  0x000001c99938c5a0 JavaThread "C2 CompilerThread3" daemon [_thread_in_vm, id=26396, stack(0x00000065ca900000,0x00000065caa00000)]
  0x000001c9971c8140 JavaThread "build event listener" [_thread_blocked, id=34980, stack(0x00000065d6200000,0x00000065d6300000)]
  0x000001c9971cbe00 JavaThread "pool-3-thread-1" [_thread_blocked, id=30508, stack(0x00000065d6900000,0x00000065d6a00000)]
  0x000001c9971c9580 JavaThread "build event listener" [_thread_blocked, id=35180, stack(0x00000065d6a00000,0x00000065d6b00000)]
  0x000001c9971cd240 JavaThread "included builds" [_thread_blocked, id=26812, stack(0x00000065d6b00000,0x00000065d6c00000)]
  0x000001c9971cc310 JavaThread "Execution worker for ':'" [_thread_blocked, id=21232, stack(0x00000065d6c00000,0x00000065d6d00000)]
  0x000001c9971cd750 JavaThread "Execution worker for ':' Thread 2" [_thread_blocked, id=27988, stack(0x00000065d6d00000,0x00000065d6e00000)]
  0x000001c9971cc820 JavaThread "Execution worker for ':' Thread 3" [_thread_blocked, id=34260, stack(0x00000065d6e00000,0x00000065d6f00000)]
  0x000001c9971c9fa0 JavaThread "Execution worker for ':' Thread 4" [_thread_blocked, id=6204, stack(0x00000065d6f00000,0x00000065d7000000)]
  0x000001c9971cdc60 JavaThread "Execution worker for ':' Thread 5" [_thread_blocked, id=32144, stack(0x00000065d7000000,0x00000065d7100000)]
  0x000001c9971ceb90 JavaThread "Execution worker for ':' Thread 6" [_thread_in_vm, id=20676, stack(0x00000065d7100000,0x00000065d7200000)]
  0x000001c9971ce170 JavaThread "Execution worker for ':' Thread 7" [_thread_blocked, id=27328, stack(0x00000065d7200000,0x00000065d7300000)]
  0x000001c9971cf5b0 JavaThread "Execution worker for ':' Thread 8" [_thread_blocked, id=34332, stack(0x00000065d7300000,0x00000065d7400000)]
  0x000001c9971ce680 JavaThread "Execution worker for ':' Thread 9" [_thread_blocked, id=8356, stack(0x00000065d7400000,0x00000065d7500000)]
  0x000001c9971cf0a0 JavaThread "Execution worker for ':' Thread 10" [_thread_blocked, id=7032, stack(0x00000065d7500000,0x00000065d7600000)]
  0x000001c9971cfac0 JavaThread "Execution worker for ':' Thread 11" [_thread_blocked, id=28396, stack(0x00000065d7600000,0x00000065d7700000)]
  0x000001c99a484160 JavaThread "Execution worker for ':' Thread 12" [_thread_blocked, id=6216, stack(0x00000065d7700000,0x00000065d7800000)]
  0x000001c99a484b80 JavaThread "Execution worker for ':' Thread 13" [_thread_blocked, id=8344, stack(0x00000065d7800000,0x00000065d7900000)]
  0x000001c99a485fc0 JavaThread "Execution worker for ':' Thread 14" [_thread_blocked, id=5236, stack(0x00000065d7900000,0x00000065d7a00000)]
  0x000001c99a487400 JavaThread "Execution worker for ':' Thread 15" [_thread_blocked, id=9224, stack(0x00000065d7a00000,0x00000065d7b00000)]
  0x000001c99a485090 JavaThread "Cache worker for execution history cache (D:\OneDrive - University of Westminster\Documents\GitHub\ViMusic\.gradle\7.4\executionHistory)" [_thread_blocked, id=18356, stack(0x00000065d7b00000,0x00000065d7c00000)]
  0x000001c9517f1330 JavaThread "Unconstrained build operations Thread 154" [_thread_blocked, id=13092, stack(0x00000065d7e00000,0x00000065d7f00000)]
  0x000001c9517f1840 JavaThread "Unconstrained build operations Thread 155" [_thread_blocked, id=32412, stack(0x00000065d7f00000,0x00000065d8000000)]
  0x000001c99ebf1020 JavaThread "Unconstrained build operations Thread 156" [_thread_blocked, id=30576, stack(0x00000065d8100000,0x00000065d8200000)]
  0x000001c99d06fe40 JavaThread "Unconstrained build operations Thread 157" [_thread_blocked, id=18016, stack(0x00000065d8400000,0x00000065d8500000)]
  0x000001c99fb4f640 JavaThread "Unconstrained build operations Thread 159" [_thread_blocked, id=11120, stack(0x00000065d8500000,0x00000065d8600000)]
  0x000001c99a4864d0 JavaThread "Unconstrained build operations Thread 158" [_thread_blocked, id=20312, stack(0x00000065d8600000,0x00000065d8700000)]
  0x000001c99a081ff0 JavaThread "Unconstrained build operations Thread 160" [_thread_blocked, id=28276, stack(0x00000065d8700000,0x00000065d8800000)]
  0x000001c99a081ae0 JavaThread "WorkerExecutor Queue" [_thread_in_Java, id=30376, stack(0x00000065d8800000,0x00000065d8900000)]

Other Threads:
  0x000001c9514dd310 VMThread "VM Thread" [stack: 0x00000065c8500000,0x00000065c8600000] [id=29904]
  0x000001c951667220 WatcherThread [stack: 0x00000065c9300000,0x00000065c9400000] [id=23340]
  0x000001c930a26600 GCTaskThread "GC Thread#0" [stack: 0x00000065c8000000,0x00000065c8100000] [id=17740]
  0x000001c9989e5890 GCTaskThread "GC Thread#1" [stack: 0x00000065c9800000,0x00000065c9900000] [id=18224]
  0x000001c9973375a0 GCTaskThread "GC Thread#2" [stack: 0x00000065c9900000,0x00000065c9a00000] [id=29284]
  0x000001c997337860 GCTaskThread "GC Thread#3" [stack: 0x00000065c9a00000,0x00000065c9b00000] [id=30548]
  0x000001c997bd1d60 GCTaskThread "GC Thread#4" [stack: 0x00000065c9b00000,0x00000065c9c00000] [id=15828]
  0x000001c997bd2020 GCTaskThread "GC Thread#5" [stack: 0x00000065c9c00000,0x00000065c9d00000] [id=15500]
  0x000001c997035030 GCTaskThread "GC Thread#6" [stack: 0x00000065cb000000,0x00000065cb100000] [id=28196]
  0x000001c997035b30 GCTaskThread "GC Thread#7" [stack: 0x00000065cb100000,0x00000065cb200000] [id=2316]
  0x000001c9970352f0 GCTaskThread "GC Thread#8" [stack: 0x00000065cb200000,0x00000065cb300000] [id=26156]
  0x000001c997035df0 GCTaskThread "GC Thread#9" [stack: 0x00000065cb300000,0x00000065cb400000] [id=22984]
  0x000001c9970360b0 GCTaskThread "GC Thread#10" [stack: 0x00000065cb400000,0x00000065cb500000] [id=15156]
  0x000001c997034530 GCTaskThread "GC Thread#11" [stack: 0x00000065cb500000,0x00000065cb600000] [id=29232]
  0x000001c9970347f0 GCTaskThread "GC Thread#12" [stack: 0x00000065cb600000,0x00000065cb700000] [id=2564]
  0x000001c930a37460 ConcurrentGCThread "G1 Main Marker" [stack: 0x00000065c8100000,0x00000065c8200000] [id=15872]
  0x000001c930a39a60 ConcurrentGCThread "G1 Conc#0" [stack: 0x00000065c8200000,0x00000065c8300000] [id=2996]
  0x000001c997034ab0 ConcurrentGCThread "G1 Conc#1" [stack: 0x00000065cb700000,0x00000065cb800000] [id=35080]
  0x000001c99c3d89b0 ConcurrentGCThread "G1 Conc#2" [stack: 0x00000065cb800000,0x00000065cb900000] [id=35716]
  0x000001c951398db0 ConcurrentGCThread "G1 Refine#0" [stack: 0x00000065c8300000,0x00000065c8400000] [id=13556]
  0x000001c99f0bcb40 ConcurrentGCThread "G1 Refine#1" [stack: 0x00000065d8000000,0x00000065d8100000] [id=19172]
  0x000001c99f0bf170 ConcurrentGCThread "G1 Refine#2" [stack: 0x00000065d8200000,0x00000065d8300000] [id=20376]
  0x000001c99f0bbf80 ConcurrentGCThread "G1 Refine#3" [stack: 0x00000065d8300000,0x00000065d8400000] [id=35720]
  0x000001c99f0bd9f0 ConcurrentGCThread "G1 Refine#4" [stack: 0x00000065d8900000,0x00000065d8a00000] [id=13036]
  0x000001c9aa302450 ConcurrentGCThread "G1 Refine#5" [stack: 0x00000065d8a00000,0x00000065d8b00000] [id=2912]
  0x000001c9aabe9e90 ConcurrentGCThread "G1 Refine#6" [stack: 0x00000065d8b00000,0x00000065d8c00000] [id=8296]
  0x000001c9a7b4b050 ConcurrentGCThread "G1 Refine#7" [stack: 0x00000065d8c00000,0x00000065d8d00000] [id=13752]
  0x000001c99f209780 ConcurrentGCThread "G1 Refine#8" [stack: 0x00000065d8d00000,0x00000065d8e00000] [id=26640]
  0x000001c9aabe9ba0 ConcurrentGCThread "G1 Refine#9" [stack: 0x00000065d8e00000,0x00000065d8f00000] [id=33520]
  0x000001c95139a0b0 ConcurrentGCThread "G1 Service" [stack: 0x00000065c8400000,0x00000065c8500000] [id=7424]

Threads with active compile tasks:
C2 CompilerThread0    17935 17578       4       com.android.tools.r8.graph.L1::b (778 bytes)
C1 CompilerThread0    17935 19157       3       com.android.tools.r8.internal.z8::a (316 bytes)
C1 CompilerThread1    17935 19227       2       com.android.tools.r8.internal.lT::get (7 bytes)
C1 CompilerThread2    17935 19162       2       com.android.tools.r8.internal.Nn::a (1167 bytes)
C1 CompilerThread3    17935 19135       2       com.android.tools.r8.internal.t20::a (466 bytes)
C2 CompilerThread1    17935 17721       4       com.android.tools.r8.internal.Pa::a (4413 bytes)
C2 CompilerThread2    17935 18363 %     4       com.android.tools.r8.graph.y2::a @ 36 (136 bytes)
C2 CompilerThread3    17935 17379       4       com.android.tools.r8.graph.q2::a (731 bytes)

VM state: not at safepoint (normal execution)

VM Mutex/Monitor currently owned by a thread:  ([mutex/lock_event])
[0x000001c93052ecd0] Metaspace_lock - owner thread: 0x000001c99943b740
[0x000001c9309c5990] MethodData_lock - owner thread: 0x000001c951513db0

Heap address: 0x0000000080000000, size: 2048 MB, Compressed Oops mode: 32-bit

CDS archive(s) mapped at: [0x000001c952000000-0x000001c952bd0000-0x000001c952bd0000), size 12386304, SharedBaseAddress: 0x000001c952000000, ArchiveRelocationMode: 1.
Compressed class space mapped at: 0x000001c953000000-0x000001c993000000, reserved size: 1073741824
Narrow klass base: 0x000001c952000000, Narrow klass shift: 0, Narrow klass range: 0x100000000

GC Precious Log:
 CPUs: 16 total, 16 available
 Memory: 16202M
 Large Page Support: Disabled
 NUMA Support: Disabled
 Compressed Oops: Enabled (32-bit)
 Heap Region Size: 1M
 Heap Min Capacity: 8M
 Heap Initial Capacity: 254M
 Heap Max Capacity: 2G
 Pre-touch: Disabled
 Parallel Workers: 13
 Concurrent Workers: 3
 Concurrent Refinement Workers: 13
 Periodic GC: Disabled

Heap:
 garbage-first heap   total 724992K, used 358108K [0x0000000080000000, 0x0000000100000000)
  region size 1024K, 49 young (50176K), 32 survivors (32768K)
 Metaspace       used 110040K, committed 111104K, reserved 1179648K
  class space    used 16195K, committed 16704K, reserved 1048576K

Heap Regions: E=young(eden), S=young(survivor), O=old, HS=humongous(starts), HC=humongous(continues), CS=collection set, F=free, OA=open archive, CA=closed archive, TAMS=top-at-mark-start (previous, next)
|   0|0x0000000080000000, 0x0000000080100000, 0x0000000080100000|100%| O|  |TAMS 0x0000000080100000, 0x0000000080000000| Untracked 
|   1|0x0000000080100000, 0x0000000080200000, 0x0000000080200000|100%| O|  |TAMS 0x0000000080200000, 0x0000000080100000| Untracked 
|   2|0x0000000080200000, 0x0000000080300000, 0x0000000080300000|100%| O|  |TAMS 0x0000000080300000, 0x0000000080200000| Untracked 
|   3|0x0000000080300000, 0x0000000080400000, 0x0000000080400000|100%|HS|  |TAMS 0x0000000080400000, 0x0000000080300000| Complete 
|   4|0x0000000080400000, 0x0000000080500000, 0x0000000080500000|100%|HC|  |TAMS 0x0000000080500000, 0x0000000080400000| Complete 
|   5|0x0000000080500000, 0x0000000080600000, 0x0000000080600000|100%|HC|  |TAMS 0x0000000080600000, 0x0000000080500000| Complete 
|   6|0x0000000080600000, 0x0000000080700000, 0x0000000080700000|100%| O|  |TAMS 0x0000000080700000, 0x0000000080600000| Untracked 
|   7|0x0000000080700000, 0x0000000080800000, 0x0000000080800000|100%| O|  |TAMS 0x0000000080800000, 0x0000000080700000| Untracked 
|   8|0x0000000080800000, 0x0000000080900000, 0x0000000080900000|100%| O|  |TAMS 0x0000000080900000, 0x0000000080800000| Untracked 
|   9|0x0000000080900000, 0x0000000080a00000, 0x0000000080a00000|100%| O|  |TAMS 0x0000000080a00000, 0x0000000080900000| Untracked 
|  10|0x0000000080a00000, 0x0000000080b00000, 0x0000000080b00000|100%| O|  |TAMS 0x0000000080b00000, 0x0000000080a00000| Untracked 
|  11|0x0000000080b00000, 0x0000000080c00000, 0x0000000080c00000|100%| O|  |TAMS 0x0000000080c00000, 0x0000000080b00000| Untracked 
|  12|0x0000000080c00000, 0x0000000080d00000, 0x0000000080d00000|100%| O|  |TAMS 0x0000000080d00000, 0x0000000080c00000| Untracked 
|  13|0x0000000080d00000, 0x0000000080e00000, 0x0000000080e00000|100%| O|  |TAMS 0x0000000080e00000, 0x0000000080d00000| Untracked 
|  14|0x0000000080e00000, 0x0000000080f00000, 0x0000000080f00000|100%| O|  |TAMS 0x0000000080f00000, 0x0000000080e00000| Untracked 
|  15|0x0000000080f00000, 0x0000000081000000, 0x0000000081000000|100%| O|  |TAMS 0x0000000081000000, 0x0000000080f00000| Untracked 
|  16|0x0000000081000000, 0x0000000081100000, 0x0000000081100000|100%| O|  |TAMS 0x0000000081100000, 0x0000000081000000| Untracked 
|  17|0x0000000081100000, 0x0000000081200000, 0x0000000081200000|100%| O|  |TAMS 0x0000000081200000, 0x0000000081100000| Untracked 
|  18|0x0000000081200000, 0x0000000081300000, 0x0000000081300000|100%| O|  |TAMS 0x0000000081300000, 0x0000000081200000| Untracked 
|  19|0x0000000081300000, 0x0000000081400000, 0x0000000081400000|100%| O|  |TAMS 0x0000000081400000, 0x0000000081300000| Untracked 
|  20|0x0000000081400000, 0x0000000081500000, 0x0000000081500000|100%| O|  |TAMS 0x0000000081500000, 0x0000000081400000| Untracked 
|  21|0x0000000081500000, 0x0000000081600000, 0x0000000081600000|100%| O|  |TAMS 0x0000000081600000, 0x0000000081500000| Untracked 
|  22|0x0000000081600000, 0x0000000081700000, 0x0000000081700000|100%| O|  |TAMS 0x0000000081700000, 0x0000000081600000| Untracked 
|  23|0x0000000081700000, 0x0000000081800000, 0x0000000081800000|100%| O|  |TAMS 0x0000000081800000, 0x0000000081700000| Untracked 
|  24|0x0000000081800000, 0x0000000081900000, 0x0000000081900000|100%| O|  |TAMS 0x0000000081900000, 0x0000000081800000| Untracked 
|  25|0x0000000081900000, 0x0000000081a00000, 0x0000000081a00000|100%| O|  |TAMS 0x0000000081a00000, 0x0000000081900000| Untracked 
|  26|0x0000000081a00000, 0x0000000081b00000, 0x0000000081b00000|100%| O|  |TAMS 0x0000000081b00000, 0x0000000081a00000| Untracked 
|  27|0x0000000081b00000, 0x0000000081c00000, 0x0000000081c00000|100%| O|  |TAMS 0x0000000081c00000, 0x0000000081b00000| Untracked 
|  28|0x0000000081c00000, 0x0000000081d00000, 0x0000000081d00000|100%| O|  |TAMS 0x0000000081d00000, 0x0000000081c00000| Untracked 
|  29|0x0000000081d00000, 0x0000000081e00000, 0x0000000081e00000|100%| O|  |TAMS 0x0000000081e00000, 0x0000000081d00000| Untracked 
|  30|0x0000000081e00000, 0x0000000081f00000, 0x0000000081f00000|100%| O|  |TAMS 0x0000000081f00000, 0x0000000081e00000| Untracked 
|  31|0x0000000081f00000, 0x0000000082000000, 0x0000000082000000|100%| O|  |TAMS 0x0000000082000000, 0x0000000081f00000| Untracked 
|  32|0x0000000082000000, 0x0000000082100000, 0x0000000082100000|100%| O|  |TAMS 0x0000000082100000, 0x0000000082000000| Untracked 
|  33|0x0000000082100000, 0x0000000082200000, 0x0000000082200000|100%| O|  |TAMS 0x0000000082200000, 0x0000000082100000| Untracked 
|  34|0x0000000082200000, 0x0000000082300000, 0x0000000082300000|100%| O|  |TAMS 0x0000000082300000, 0x0000000082200000| Untracked 
|  35|0x0000000082300000, 0x0000000082400000, 0x0000000082400000|100%| O|  |TAMS 0x0000000082400000, 0x0000000082300000| Untracked 
|  36|0x0000000082400000, 0x0000000082500000, 0x0000000082500000|100%| O|  |TAMS 0x0000000082500000, 0x0000000082400000| Untracked 
|  37|0x0000000082500000, 0x0000000082600000, 0x0000000082600000|100%| O|  |TAMS 0x0000000082600000, 0x0000000082500000| Untracked 
|  38|0x0000000082600000, 0x0000000082700000, 0x0000000082700000|100%| O|  |TAMS 0x0000000082700000, 0x0000000082600000| Untracked 
|  39|0x0000000082700000, 0x0000000082800000, 0x0000000082800000|100%| O|  |TAMS 0x0000000082800000, 0x0000000082700000| Untracked 
|  40|0x0000000082800000, 0x0000000082900000, 0x0000000082900000|100%|HS|  |TAMS 0x0000000082900000, 0x0000000082800000| Complete 
|  41|0x0000000082900000, 0x0000000082a00000, 0x0000000082a00000|100%|HS|  |TAMS 0x0000000082a00000, 0x0000000082900000| Complete 
|  42|0x0000000082a00000, 0x0000000082b00000, 0x0000000082b00000|100%|HS|  |TAMS 0x0000000082b00000, 0x0000000082a00000| Complete 
|  43|0x0000000082b00000, 0x0000000082c00000, 0x0000000082c00000|100%| O|  |TAMS 0x0000000082c00000, 0x0000000082b00000| Untracked 
|  44|0x0000000082c00000, 0x0000000082d00000, 0x0000000082d00000|100%|HS|  |TAMS 0x0000000082d00000, 0x0000000082c00000| Complete 
|  45|0x0000000082d00000, 0x0000000082e00000, 0x0000000082e00000|100%|HC|  |TAMS 0x0000000082e00000, 0x0000000082d00000| Complete 
|  46|0x0000000082e00000, 0x0000000082f00000, 0x0000000082f00000|100%|HC|  |TAMS 0x0000000082f00000, 0x0000000082e00000| Complete 
|  47|0x0000000082f00000, 0x0000000083000000, 0x0000000083000000|100%|HC|  |TAMS 0x0000000083000000, 0x0000000082f00000| Complete 
|  48|0x0000000083000000, 0x0000000083100000, 0x0000000083100000|100%| O|  |TAMS 0x0000000083100000, 0x0000000083000000| Untracked 
|  49|0x0000000083100000, 0x0000000083200000, 0x0000000083200000|100%|HS|  |TAMS 0x0000000083200000, 0x0000000083100000| Complete 
|  50|0x0000000083200000, 0x0000000083300000, 0x0000000083300000|100%|HC|  |TAMS 0x0000000083300000, 0x0000000083200000| Complete 
|  51|0x0000000083300000, 0x0000000083400000, 0x0000000083400000|100%| O|  |TAMS 0x0000000083300000, 0x0000000083300000| Untracked 
|  52|0x0000000083400000, 0x0000000083500000, 0x0000000083500000|100%| O|  |TAMS 0x0000000083500000, 0x0000000083400000| Untracked 
|  53|0x0000000083500000, 0x0000000083600000, 0x0000000083600000|100%| O|  |TAMS 0x0000000083600000, 0x0000000083500000| Untracked 
|  54|0x0000000083600000, 0x0000000083700000, 0x0000000083700000|100%| O|  |TAMS 0x0000000083700000, 0x0000000083600000| Untracked 
|  55|0x0000000083700000, 0x0000000083800000, 0x0000000083800000|100%| O|  |TAMS 0x0000000083800000, 0x0000000083700000| Untracked 
|  56|0x0000000083800000, 0x0000000083900000, 0x0000000083900000|100%| O|  |TAMS 0x0000000083900000, 0x0000000083800000| Untracked 
|  57|0x0000000083900000, 0x0000000083a00000, 0x0000000083a00000|100%| O|  |TAMS 0x0000000083a00000, 0x0000000083900000| Untracked 
|  58|0x0000000083a00000, 0x0000000083b00000, 0x0000000083b00000|100%| O|  |TAMS 0x0000000083b00000, 0x0000000083a00000| Untracked 
|  59|0x0000000083b00000, 0x0000000083c00000, 0x0000000083c00000|100%| O|  |TAMS 0x0000000083c00000, 0x0000000083b00000| Untracked 
|  60|0x0000000083c00000, 0x0000000083d00000, 0x0000000083d00000|100%| O|  |TAMS 0x0000000083d00000, 0x0000000083c00000| Untracked 
|  61|0x0000000083d00000, 0x0000000083e00000, 0x0000000083e00000|100%| O|  |TAMS 0x0000000083e00000, 0x0000000083d00000| Untracked 
|  62|0x0000000083e00000, 0x0000000083f00000, 0x0000000083f00000|100%| O|  |TAMS 0x0000000083f00000, 0x0000000083e00000| Untracked 
|  63|0x0000000083f00000, 0x0000000084000000, 0x0000000084000000|100%| O|  |TAMS 0x0000000084000000, 0x0000000083f00000| Untracked 
|  64|0x0000000084000000, 0x0000000084100000, 0x0000000084100000|100%| O|  |TAMS 0x0000000084100000, 0x0000000084000000| Untracked 
|  65|0x0000000084100000, 0x0000000084200000, 0x0000000084200000|100%| O|  |TAMS 0x0000000084200000, 0x0000000084100000| Untracked 
|  66|0x0000000084200000, 0x0000000084300000, 0x0000000084300000|100%| O|  |TAMS 0x0000000084300000, 0x0000000084200000| Untracked 
|  67|0x0000000084300000, 0x0000000084400000, 0x0000000084400000|100%| O|  |TAMS 0x0000000084400000, 0x0000000084300000| Untracked 
|  68|0x0000000084400000, 0x0000000084500000, 0x0000000084500000|100%| O|  |TAMS 0x0000000084500000, 0x0000000084400000| Untracked 
|  69|0x0000000084500000, 0x0000000084600000, 0x0000000084600000|100%| O|  |TAMS 0x0000000084600000, 0x0000000084500000| Untracked 
|  70|0x0000000084600000, 0x0000000084700000, 0x0000000084700000|100%| O|  |TAMS 0x0000000084700000, 0x0000000084600000| Untracked 
|  71|0x0000000084700000, 0x0000000084800000, 0x0000000084800000|100%| O|  |TAMS 0x0000000084800000, 0x0000000084700000| Untracked 
|  72|0x0000000084800000, 0x0000000084900000, 0x0000000084900000|100%| O|  |TAMS 0x0000000084900000, 0x0000000084800000| Untracked 
|  73|0x0000000084900000, 0x0000000084a00000, 0x0000000084a00000|100%| O|  |TAMS 0x0000000084a00000, 0x0000000084900000| Untracked 
|  74|0x0000000084a00000, 0x0000000084b00000, 0x0000000084b00000|100%| O|  |TAMS 0x0000000084b00000, 0x0000000084a00000| Untracked 
|  75|0x0000000084b00000, 0x0000000084c00000, 0x0000000084c00000|100%| O|  |TAMS 0x0000000084c00000, 0x0000000084b00000| Untracked 
|  76|0x0000000084c00000, 0x0000000084d00000, 0x0000000084d00000|100%| O|  |TAMS 0x0000000084d00000, 0x0000000084c00000| Untracked 
|  77|0x0000000084d00000, 0x0000000084e00000, 0x0000000084e00000|100%| O|  |TAMS 0x0000000084e00000, 0x0000000084d00000| Untracked 
|  78|0x0000000084e00000, 0x0000000084f00000, 0x0000000084f00000|100%| O|  |TAMS 0x0000000084f00000, 0x0000000084e00000| Untracked 
|  79|0x0000000084f00000, 0x0000000085000000, 0x0000000085000000|100%| O|  |TAMS 0x0000000085000000, 0x0000000084f00000| Untracked 
|  80|0x0000000085000000, 0x0000000085100000, 0x0000000085100000|100%| O|  |TAMS 0x0000000085100000, 0x0000000085000000| Untracked 
|  81|0x0000000085100000, 0x0000000085200000, 0x0000000085200000|100%| O|  |TAMS 0x0000000085100000, 0x0000000085100000| Untracked 
|  82|0x0000000085200000, 0x0000000085300000, 0x0000000085300000|100%| O|  |TAMS 0x0000000085300000, 0x0000000085200000| Untracked 
|  83|0x0000000085300000, 0x0000000085400000, 0x0000000085400000|100%| O|  |TAMS 0x0000000085400000, 0x0000000085300000| Untracked 
|  84|0x0000000085400000, 0x0000000085500000, 0x0000000085500000|100%| O|  |TAMS 0x0000000085500000, 0x0000000085400000| Untracked 
|  85|0x0000000085500000, 0x0000000085600000, 0x0000000085600000|100%| O|  |TAMS 0x0000000085600000, 0x0000000085500000| Untracked 
|  86|0x0000000085600000, 0x0000000085700000, 0x0000000085700000|100%| O|  |TAMS 0x00000000856f4a00, 0x0000000085600000| Untracked 
|  87|0x0000000085700000, 0x0000000085800000, 0x0000000085800000|100%| O|  |TAMS 0x0000000085700000, 0x0000000085700000| Untracked 
|  88|0x0000000085800000, 0x0000000085900000, 0x0000000085900000|100%| O|  |TAMS 0x0000000085800000, 0x0000000085800000| Untracked 
|  89|0x0000000085900000, 0x0000000085a00000, 0x0000000085a00000|100%| O|  |TAMS 0x0000000085900000, 0x0000000085900000| Untracked 
|  90|0x0000000085a00000, 0x0000000085b00000, 0x0000000085b00000|100%| O|  |TAMS 0x0000000085a00000, 0x0000000085a00000| Untracked 
|  91|0x0000000085b00000, 0x0000000085c00000, 0x0000000085c00000|100%| O|  |TAMS 0x0000000085b00000, 0x0000000085b00000| Untracked 
|  92|0x0000000085c00000, 0x0000000085d00000, 0x0000000085d00000|100%| O|  |TAMS 0x0000000085c00000, 0x0000000085c00000| Untracked 
|  93|0x0000000085d00000, 0x0000000085e00000, 0x0000000085e00000|100%| O|  |TAMS 0x0000000085d00000, 0x0000000085d00000| Untracked 
|  94|0x0000000085e00000, 0x0000000085f00000, 0x0000000085f00000|100%| O|  |TAMS 0x0000000085e00000, 0x0000000085e00000| Untracked 
|  95|0x0000000085f00000, 0x0000000086000000, 0x0000000086000000|100%| O|  |TAMS 0x0000000085f00000, 0x0000000085f00000| Untracked 
|  96|0x0000000086000000, 0x0000000086100000, 0x0000000086100000|100%| O|  |TAMS 0x0000000086000000, 0x0000000086000000| Untracked 
|  97|0x0000000086100000, 0x0000000086200000, 0x0000000086200000|100%| O|  |TAMS 0x0000000086100000, 0x0000000086100000| Untracked 
|  98|0x0000000086200000, 0x0000000086300000, 0x0000000086300000|100%| O|  |TAMS 0x0000000086200000, 0x0000000086200000| Untracked 
|  99|0x0000000086300000, 0x0000000086400000, 0x0000000086400000|100%| O|  |TAMS 0x0000000086300000, 0x0000000086300000| Untracked 
| 100|0x0000000086400000, 0x0000000086500000, 0x0000000086500000|100%| O|  |TAMS 0x0000000086400000, 0x0000000086400000| Untracked 
| 101|0x0000000086500000, 0x0000000086600000, 0x0000000086600000|100%| O|  |TAMS 0x0000000086500000, 0x0000000086500000| Untracked 
| 102|0x0000000086600000, 0x0000000086700000, 0x0000000086700000|100%| O|  |TAMS 0x0000000086600000, 0x0000000086600000| Untracked 
| 103|0x0000000086700000, 0x0000000086800000, 0x0000000086800000|100%| O|  |TAMS 0x0000000086700000, 0x0000000086700000| Untracked 
| 104|0x0000000086800000, 0x0000000086900000, 0x0000000086900000|100%| O|  |TAMS 0x0000000086800000, 0x0000000086800000| Untracked 
| 105|0x0000000086900000, 0x0000000086a00000, 0x0000000086a00000|100%| O|  |TAMS 0x0000000086900000, 0x0000000086900000| Untracked 
| 106|0x0000000086a00000, 0x0000000086b00000, 0x0000000086b00000|100%| O|  |TAMS 0x0000000086a00000, 0x0000000086a00000| Untracked 
| 107|0x0000000086b00000, 0x0000000086c00000, 0x0000000086c00000|100%| O|  |TAMS 0x0000000086b00000, 0x0000000086b00000| Untracked 
| 108|0x0000000086c00000, 0x0000000086d00000, 0x0000000086d00000|100%| O|  |TAMS 0x0000000086c00000, 0x0000000086c00000| Untracked 
| 109|0x0000000086d00000, 0x0000000086e00000, 0x0000000086e00000|100%| O|  |TAMS 0x0000000086d00000, 0x0000000086d00000| Untracked 
| 110|0x0000000086e00000, 0x0000000086f00000, 0x0000000086f00000|100%| O|  |TAMS 0x0000000086e00000, 0x0000000086e00000| Untracked 
| 111|0x0000000086f00000, 0x0000000087000000, 0x0000000087000000|100%| O|  |TAMS 0x0000000086f00000, 0x0000000086f00000| Untracked 
| 112|0x0000000087000000, 0x0000000087100000, 0x0000000087100000|100%| O|  |TAMS 0x0000000087000000, 0x0000000087000000| Untracked 
| 113|0x0000000087100000, 0x0000000087200000, 0x0000000087200000|100%| O|  |TAMS 0x0000000087100000, 0x0000000087100000| Untracked 
| 114|0x0000000087200000, 0x0000000087300000, 0x0000000087300000|100%| O|  |TAMS 0x0000000087200000, 0x0000000087200000| Untracked 
| 115|0x0000000087300000, 0x0000000087400000, 0x0000000087400000|100%| O|  |TAMS 0x0000000087300000, 0x0000000087300000| Untracked 
| 116|0x0000000087400000, 0x0000000087500000, 0x0000000087500000|100%| O|  |TAMS 0x0000000087400000, 0x0000000087400000| Untracked 
| 117|0x0000000087500000, 0x0000000087600000, 0x0000000087600000|100%| O|  |TAMS 0x0000000087500000, 0x0000000087500000| Untracked 
| 118|0x0000000087600000, 0x0000000087700000, 0x0000000087700000|100%| O|  |TAMS 0x0000000087600000, 0x0000000087600000| Untracked 
| 119|0x0000000087700000, 0x0000000087800000, 0x0000000087800000|100%| O|  |TAMS 0x0000000087700000, 0x0000000087700000| Untracked 
| 120|0x0000000087800000, 0x0000000087900000, 0x0000000087900000|100%|HS|  |TAMS 0x0000000087800000, 0x0000000087800000| Complete 
| 121|0x0000000087900000, 0x0000000087a00000, 0x0000000087a00000|100%|HC|  |TAMS 0x0000000087900000, 0x0000000087900000| Complete 
| 122|0x0000000087a00000, 0x0000000087b00000, 0x0000000087b00000|100%| O|  |TAMS 0x0000000087a00000, 0x0000000087a00000| Untracked 
| 123|0x0000000087b00000, 0x0000000087c00000, 0x0000000087c00000|100%| O|  |TAMS 0x0000000087b00000, 0x0000000087b00000| Untracked 
| 124|0x0000000087c00000, 0x0000000087d00000, 0x0000000087d00000|100%| O|  |TAMS 0x0000000087c00000, 0x0000000087c00000| Untracked 
| 125|0x0000000087d00000, 0x0000000087e00000, 0x0000000087e00000|100%| O|  |TAMS 0x0000000087d00000, 0x0000000087d00000| Untracked 
| 126|0x0000000087e00000, 0x0000000087f00000, 0x0000000087f00000|100%| O|  |TAMS 0x0000000087e00000, 0x0000000087e00000| Untracked 
| 127|0x0000000087f00000, 0x0000000088000000, 0x0000000088000000|100%| O|  |TAMS 0x0000000087f00000, 0x0000000087f00000| Untracked 
| 128|0x0000000088000000, 0x0000000088100000, 0x0000000088100000|100%| O|  |TAMS 0x0000000088000000, 0x0000000088000000| Untracked 
| 129|0x0000000088100000, 0x0000000088200000, 0x0000000088200000|100%| O|  |TAMS 0x0000000088100000, 0x0000000088100000| Untracked 
| 130|0x0000000088200000, 0x0000000088300000, 0x0000000088300000|100%| O|  |TAMS 0x0000000088200000, 0x0000000088200000| Untracked 
| 131|0x0000000088300000, 0x0000000088400000, 0x0000000088400000|100%| O|  |TAMS 0x0000000088300000, 0x0000000088300000| Untracked 
| 132|0x0000000088400000, 0x0000000088500000, 0x0000000088500000|100%| O|  |TAMS 0x0000000088400000, 0x0000000088400000| Untracked 
| 133|0x0000000088500000, 0x0000000088600000, 0x0000000088600000|100%| O|  |TAMS 0x0000000088500000, 0x0000000088500000| Untracked 
| 134|0x0000000088600000, 0x0000000088700000, 0x0000000088700000|100%| O|  |TAMS 0x0000000088600000, 0x0000000088600000| Untracked 
| 135|0x0000000088700000, 0x0000000088800000, 0x0000000088800000|100%| O|  |TAMS 0x0000000088700000, 0x0000000088700000| Untracked 
| 136|0x0000000088800000, 0x0000000088900000, 0x0000000088900000|100%| O|  |TAMS 0x0000000088800000, 0x0000000088800000| Untracked 
| 137|0x0000000088900000, 0x0000000088a00000, 0x0000000088a00000|100%| O|  |TAMS 0x0000000088900000, 0x0000000088900000| Untracked 
| 138|0x0000000088a00000, 0x0000000088b00000, 0x0000000088b00000|100%| O|  |TAMS 0x0000000088a00000, 0x0000000088a00000| Untracked 
| 139|0x0000000088b00000, 0x0000000088c00000, 0x0000000088c00000|100%| O|  |TAMS 0x0000000088b00000, 0x0000000088b00000| Untracked 
| 140|0x0000000088c00000, 0x0000000088d00000, 0x0000000088d00000|100%| O|  |TAMS 0x0000000088c00000, 0x0000000088c00000| Untracked 
| 141|0x0000000088d00000, 0x0000000088e00000, 0x0000000088e00000|100%| O|  |TAMS 0x0000000088d00000, 0x0000000088d00000| Untracked 
| 142|0x0000000088e00000, 0x0000000088f00000, 0x0000000088f00000|100%| O|  |TAMS 0x0000000088e00000, 0x0000000088e00000| Untracked 
| 143|0x0000000088f00000, 0x0000000089000000, 0x0000000089000000|100%| O|  |TAMS 0x0000000088f00000, 0x0000000088f00000| Untracked 
| 144|0x0000000089000000, 0x0000000089100000, 0x0000000089100000|100%| O|  |TAMS 0x0000000089000000, 0x0000000089000000| Untracked 
| 145|0x0000000089100000, 0x0000000089200000, 0x0000000089200000|100%| O|  |TAMS 0x0000000089100000, 0x0000000089100000| Untracked 
| 146|0x0000000089200000, 0x0000000089300000, 0x0000000089300000|100%| O|  |TAMS 0x0000000089200000, 0x0000000089200000| Untracked 
| 147|0x0000000089300000, 0x0000000089400000, 0x0000000089400000|100%| O|  |TAMS 0x0000000089300000, 0x0000000089300000| Untracked 
| 148|0x0000000089400000, 0x0000000089500000, 0x0000000089500000|100%| O|  |TAMS 0x0000000089400000, 0x0000000089400000| Untracked 
| 149|0x0000000089500000, 0x0000000089600000, 0x0000000089600000|100%| O|  |TAMS 0x0000000089500000, 0x0000000089500000| Untracked 
| 150|0x0000000089600000, 0x0000000089700000, 0x0000000089700000|100%| O|  |TAMS 0x0000000089600000, 0x0000000089600000| Untracked 
| 151|0x0000000089700000, 0x0000000089800000, 0x0000000089800000|100%| O|  |TAMS 0x0000000089700000, 0x0000000089700000| Untracked 
| 152|0x0000000089800000, 0x0000000089900000, 0x0000000089900000|100%| O|  |TAMS 0x0000000089800000, 0x0000000089800000| Untracked 
| 153|0x0000000089900000, 0x0000000089a00000, 0x0000000089a00000|100%| O|  |TAMS 0x0000000089900000, 0x0000000089900000| Untracked 
| 154|0x0000000089a00000, 0x0000000089b00000, 0x0000000089b00000|100%| O|  |TAMS 0x0000000089a00000, 0x0000000089a00000| Untracked 
| 155|0x0000000089b00000, 0x0000000089c00000, 0x0000000089c00000|100%| O|  |TAMS 0x0000000089b00000, 0x0000000089b00000| Untracked 
| 156|0x0000000089c00000, 0x0000000089d00000, 0x0000000089d00000|100%| O|  |TAMS 0x0000000089c00000, 0x0000000089c00000| Untracked 
| 157|0x0000000089d00000, 0x0000000089e00000, 0x0000000089e00000|100%| O|  |TAMS 0x0000000089d00000, 0x0000000089d00000| Untracked 
| 158|0x0000000089e00000, 0x0000000089f00000, 0x0000000089f00000|100%| O|  |TAMS 0x0000000089e00000, 0x0000000089e00000| Untracked 
| 159|0x0000000089f00000, 0x000000008a000000, 0x000000008a000000|100%| O|  |TAMS 0x0000000089f00000, 0x0000000089f00000| Untracked 
| 160|0x000000008a000000, 0x000000008a100000, 0x000000008a100000|100%| O|  |TAMS 0x000000008a000000, 0x000000008a000000| Untracked 
| 161|0x000000008a100000, 0x000000008a200000, 0x000000008a200000|100%| O|  |TAMS 0x000000008a100000, 0x000000008a100000| Untracked 
| 162|0x000000008a200000, 0x000000008a300000, 0x000000008a300000|100%| O|  |TAMS 0x000000008a200000, 0x000000008a200000| Untracked 
| 163|0x000000008a300000, 0x000000008a400000, 0x000000008a400000|100%| O|  |TAMS 0x000000008a300000, 0x000000008a300000| Untracked 
| 164|0x000000008a400000, 0x000000008a500000, 0x000000008a500000|100%| O|  |TAMS 0x000000008a400000, 0x000000008a400000| Untracked 
| 165|0x000000008a500000, 0x000000008a600000, 0x000000008a600000|100%| O|  |TAMS 0x000000008a500000, 0x000000008a500000| Untracked 
| 166|0x000000008a600000, 0x000000008a700000, 0x000000008a700000|100%| O|  |TAMS 0x000000008a600000, 0x000000008a600000| Untracked 
| 167|0x000000008a700000, 0x000000008a800000, 0x000000008a800000|100%| O|  |TAMS 0x000000008a700000, 0x000000008a700000| Untracked 
| 168|0x000000008a800000, 0x000000008a900000, 0x000000008a900000|100%| O|  |TAMS 0x000000008a800000, 0x000000008a800000| Untracked 
| 169|0x000000008a900000, 0x000000008aa00000, 0x000000008aa00000|100%| O|  |TAMS 0x000000008a900000, 0x000000008a900000| Untracked 
| 170|0x000000008aa00000, 0x000000008ab00000, 0x000000008ab00000|100%| O|  |TAMS 0x000000008aa00000, 0x000000008aa00000| Untracked 
| 171|0x000000008ab00000, 0x000000008ac00000, 0x000000008ac00000|100%| O|  |TAMS 0x000000008ab00000, 0x000000008ab00000| Untracked 
| 172|0x000000008ac00000, 0x000000008ad00000, 0x000000008ad00000|100%| O|  |TAMS 0x000000008ac00000, 0x000000008ac00000| Untracked 
| 173|0x000000008ad00000, 0x000000008ae00000, 0x000000008ae00000|100%| O|  |TAMS 0x000000008ad00000, 0x000000008ad00000| Untracked 
| 174|0x000000008ae00000, 0x000000008af00000, 0x000000008af00000|100%| O|  |TAMS 0x000000008ae00000, 0x000000008ae00000| Untracked 
| 175|0x000000008af00000, 0x000000008b000000, 0x000000008b000000|100%| O|  |TAMS 0x000000008af00000, 0x000000008af00000| Untracked 
| 176|0x000000008b000000, 0x000000008b100000, 0x000000008b100000|100%| O|  |TAMS 0x000000008b000000, 0x000000008b000000| Untracked 
| 177|0x000000008b100000, 0x000000008b200000, 0x000000008b200000|100%| O|  |TAMS 0x000000008b100000, 0x000000008b100000| Untracked 
| 178|0x000000008b200000, 0x000000008b300000, 0x000000008b300000|100%| O|  |TAMS 0x000000008b200000, 0x000000008b200000| Untracked 
| 179|0x000000008b300000, 0x000000008b400000, 0x000000008b400000|100%| O|  |TAMS 0x000000008b300000, 0x000000008b300000| Untracked 
| 180|0x000000008b400000, 0x000000008b500000, 0x000000008b500000|100%| O|  |TAMS 0x000000008b400000, 0x000000008b400000| Untracked 
| 181|0x000000008b500000, 0x000000008b600000, 0x000000008b600000|100%| O|  |TAMS 0x000000008b500000, 0x000000008b500000| Untracked 
| 182|0x000000008b600000, 0x000000008b700000, 0x000000008b700000|100%| O|  |TAMS 0x000000008b600000, 0x000000008b600000| Untracked 
| 183|0x000000008b700000, 0x000000008b800000, 0x000000008b800000|100%| O|  |TAMS 0x000000008b700000, 0x000000008b700000| Untracked 
| 184|0x000000008b800000, 0x000000008b900000, 0x000000008b900000|100%| O|  |TAMS 0x000000008b800000, 0x000000008b800000| Untracked 
| 185|0x000000008b900000, 0x000000008ba00000, 0x000000008ba00000|100%| O|  |TAMS 0x000000008b900000, 0x000000008b900000| Untracked 
| 186|0x000000008ba00000, 0x000000008bb00000, 0x000000008bb00000|100%| O|  |TAMS 0x000000008ba00000, 0x000000008ba00000| Untracked 
| 187|0x000000008bb00000, 0x000000008bc00000, 0x000000008bc00000|100%| O|  |TAMS 0x000000008bb00000, 0x000000008bb00000| Untracked 
| 188|0x000000008bc00000, 0x000000008bd00000, 0x000000008bd00000|100%| O|  |TAMS 0x000000008bc00000, 0x000000008bc00000| Untracked 
| 189|0x000000008bd00000, 0x000000008be00000, 0x000000008be00000|100%| O|  |TAMS 0x000000008bd00000, 0x000000008bd00000| Untracked 
| 190|0x000000008be00000, 0x000000008bf00000, 0x000000008bf00000|100%| O|  |TAMS 0x000000008be00000, 0x000000008be00000| Untracked 
| 191|0x000000008bf00000, 0x000000008c000000, 0x000000008c000000|100%| O|  |TAMS 0x000000008bf00000, 0x000000008bf00000| Untracked 
| 192|0x000000008c000000, 0x000000008c100000, 0x000000008c100000|100%| O|  |TAMS 0x000000008c000000, 0x000000008c000000| Untracked 
| 193|0x000000008c100000, 0x000000008c200000, 0x000000008c200000|100%| O|  |TAMS 0x000000008c100000, 0x000000008c100000| Untracked 
| 194|0x000000008c200000, 0x000000008c300000, 0x000000008c300000|100%| O|  |TAMS 0x000000008c200000, 0x000000008c200000| Untracked 
| 195|0x000000008c300000, 0x000000008c400000, 0x000000008c400000|100%| O|  |TAMS 0x000000008c300000, 0x000000008c300000| Untracked 
| 196|0x000000008c400000, 0x000000008c500000, 0x000000008c500000|100%| O|  |TAMS 0x000000008c400000, 0x000000008c400000| Untracked 
| 197|0x000000008c500000, 0x000000008c600000, 0x000000008c600000|100%| O|  |TAMS 0x000000008c500000, 0x000000008c500000| Untracked 
| 198|0x000000008c600000, 0x000000008c700000, 0x000000008c700000|100%| O|  |TAMS 0x000000008c600000, 0x000000008c600000| Untracked 
| 199|0x000000008c700000, 0x000000008c800000, 0x000000008c800000|100%| O|  |TAMS 0x000000008c700000, 0x000000008c700000| Untracked 
| 200|0x000000008c800000, 0x000000008c900000, 0x000000008c900000|100%| O|  |TAMS 0x000000008c800000, 0x000000008c800000| Untracked 
| 201|0x000000008c900000, 0x000000008ca00000, 0x000000008ca00000|100%| O|  |TAMS 0x000000008c900000, 0x000000008c900000| Untracked 
| 202|0x000000008ca00000, 0x000000008cb00000, 0x000000008cb00000|100%| O|  |TAMS 0x000000008ca00000, 0x000000008ca00000| Untracked 
| 203|0x000000008cb00000, 0x000000008cc00000, 0x000000008cc00000|100%| O|  |TAMS 0x000000008cb00000, 0x000000008cb00000| Untracked 
| 204|0x000000008cc00000, 0x000000008cd00000, 0x000000008cd00000|100%| O|  |TAMS 0x000000008cc00000, 0x000000008cc00000| Untracked 
| 205|0x000000008cd00000, 0x000000008ce00000, 0x000000008ce00000|100%| O|  |TAMS 0x000000008cd00000, 0x000000008cd00000| Untracked 
| 206|0x000000008ce00000, 0x000000008cf00000, 0x000000008cf00000|100%| O|  |TAMS 0x000000008ce00000, 0x000000008ce00000| Untracked 
| 207|0x000000008cf00000, 0x000000008d000000, 0x000000008d000000|100%| O|  |TAMS 0x000000008cf00000, 0x000000008cf00000| Untracked 
| 208|0x000000008d000000, 0x000000008d100000, 0x000000008d100000|100%| O|  |TAMS 0x000000008d000000, 0x000000008d000000| Untracked 
| 209|0x000000008d100000, 0x000000008d200000, 0x000000008d200000|100%| O|  |TAMS 0x000000008d100000, 0x000000008d100000| Untracked 
| 210|0x000000008d200000, 0x000000008d300000, 0x000000008d300000|100%| O|  |TAMS 0x000000008d200000, 0x000000008d200000| Untracked 
| 211|0x000000008d300000, 0x000000008d400000, 0x000000008d400000|100%| O|  |TAMS 0x000000008d300000, 0x000000008d300000| Untracked 
| 212|0x000000008d400000, 0x000000008d500000, 0x000000008d500000|100%| O|  |TAMS 0x000000008d400000, 0x000000008d400000| Untracked 
| 213|0x000000008d500000, 0x000000008d600000, 0x000000008d600000|100%| O|  |TAMS 0x000000008d500000, 0x000000008d500000| Untracked 
| 214|0x000000008d600000, 0x000000008d700000, 0x000000008d700000|100%| O|  |TAMS 0x000000008d600000, 0x000000008d600000| Untracked 
| 215|0x000000008d700000, 0x000000008d800000, 0x000000008d800000|100%| O|  |TAMS 0x000000008d700000, 0x000000008d700000| Untracked 
| 216|0x000000008d800000, 0x000000008d900000, 0x000000008d900000|100%| O|  |TAMS 0x000000008d800000, 0x000000008d800000| Untracked 
| 217|0x000000008d900000, 0x000000008da00000, 0x000000008da00000|100%| O|  |TAMS 0x000000008d900000, 0x000000008d900000| Untracked 
| 218|0x000000008da00000, 0x000000008db00000, 0x000000008db00000|100%| O|  |TAMS 0x000000008da00000, 0x000000008da00000| Untracked 
| 219|0x000000008db00000, 0x000000008dc00000, 0x000000008dc00000|100%| O|  |TAMS 0x000000008db00000, 0x000000008db00000| Untracked 
| 220|0x000000008dc00000, 0x000000008dd00000, 0x000000008dd00000|100%| O|  |TAMS 0x000000008dc00000, 0x000000008dc00000| Untracked 
| 221|0x000000008dd00000, 0x000000008de00000, 0x000000008de00000|100%| O|  |TAMS 0x000000008dd00000, 0x000000008dd00000| Untracked 
| 222|0x000000008de00000, 0x000000008df00000, 0x000000008df00000|100%| O|  |TAMS 0x000000008de00000, 0x000000008de00000| Untracked 
| 223|0x000000008df00000, 0x000000008e000000, 0x000000008e000000|100%| O|  |TAMS 0x000000008df00000, 0x000000008df00000| Untracked 
| 224|0x000000008e000000, 0x000000008e100000, 0x000000008e100000|100%| O|  |TAMS 0x000000008e000000, 0x000000008e000000| Untracked 
| 225|0x000000008e100000, 0x000000008e200000, 0x000000008e200000|100%| O|  |TAMS 0x000000008e100000, 0x000000008e100000| Untracked 
| 226|0x000000008e200000, 0x000000008e300000, 0x000000008e300000|100%| O|  |TAMS 0x000000008e200000, 0x000000008e200000| Untracked 
| 227|0x000000008e300000, 0x000000008e400000, 0x000000008e400000|100%| O|  |TAMS 0x000000008e300000, 0x000000008e300000| Untracked 
| 228|0x000000008e400000, 0x000000008e500000, 0x000000008e500000|100%| O|  |TAMS 0x000000008e400000, 0x000000008e400000| Untracked 
| 229|0x000000008e500000, 0x000000008e600000, 0x000000008e600000|100%| O|  |TAMS 0x000000008e500000, 0x000000008e500000| Untracked 
| 230|0x000000008e600000, 0x000000008e700000, 0x000000008e700000|100%| O|  |TAMS 0x000000008e600000, 0x000000008e600000| Untracked 
| 231|0x000000008e700000, 0x000000008e800000, 0x000000008e800000|100%| O|  |TAMS 0x000000008e700000, 0x000000008e700000| Untracked 
| 232|0x000000008e800000, 0x000000008e900000, 0x000000008e900000|100%| O|  |TAMS 0x000000008e800000, 0x000000008e800000| Untracked 
| 233|0x000000008e900000, 0x000000008ea00000, 0x000000008ea00000|100%| O|  |TAMS 0x000000008e900000, 0x000000008e900000| Untracked 
| 234|0x000000008ea00000, 0x000000008eb00000, 0x000000008eb00000|100%| O|  |TAMS 0x000000008ea00000, 0x000000008ea00000| Untracked 
| 235|0x000000008eb00000, 0x000000008ec00000, 0x000000008ec00000|100%| O|  |TAMS 0x000000008eb00000, 0x000000008eb00000| Untracked 
| 236|0x000000008ec00000, 0x000000008ed00000, 0x000000008ed00000|100%| O|  |TAMS 0x000000008ec00000, 0x000000008ec00000| Untracked 
| 237|0x000000008ed00000, 0x000000008ee00000, 0x000000008ee00000|100%| O|  |TAMS 0x000000008ed00000, 0x000000008ed00000| Untracked 
| 238|0x000000008ee00000, 0x000000008ef00000, 0x000000008ef00000|100%| O|  |TAMS 0x000000008ee00000, 0x000000008ee00000| Untracked 
| 239|0x000000008ef00000, 0x000000008f000000, 0x000000008f000000|100%| O|  |TAMS 0x000000008ef00000, 0x000000008ef00000| Untracked 
| 240|0x000000008f000000, 0x000000008f100000, 0x000000008f100000|100%| O|  |TAMS 0x000000008f000000, 0x000000008f000000| Untracked 
| 241|0x000000008f100000, 0x000000008f200000, 0x000000008f200000|100%| O|  |TAMS 0x000000008f100000, 0x000000008f100000| Untracked 
| 242|0x000000008f200000, 0x000000008f300000, 0x000000008f300000|100%| O|  |TAMS 0x000000008f200000, 0x000000008f200000| Untracked 
| 243|0x000000008f300000, 0x000000008f400000, 0x000000008f400000|100%| O|  |TAMS 0x000000008f300000, 0x000000008f300000| Untracked 
| 244|0x000000008f400000, 0x000000008f500000, 0x000000008f500000|100%| O|  |TAMS 0x000000008f400000, 0x000000008f400000| Untracked 
| 245|0x000000008f500000, 0x000000008f600000, 0x000000008f600000|100%| O|  |TAMS 0x000000008f500000, 0x000000008f500000| Untracked 
| 246|0x000000008f600000, 0x000000008f700000, 0x000000008f700000|100%| O|  |TAMS 0x000000008f600000, 0x000000008f600000| Untracked 
| 247|0x000000008f700000, 0x000000008f800000, 0x000000008f800000|100%| O|  |TAMS 0x000000008f700000, 0x000000008f700000| Untracked 
| 248|0x000000008f800000, 0x000000008f900000, 0x000000008f900000|100%| O|  |TAMS 0x000000008f800000, 0x000000008f800000| Untracked 
| 249|0x000000008f900000, 0x000000008fa00000, 0x000000008fa00000|100%| O|  |TAMS 0x000000008f900000, 0x000000008f900000| Untracked 
| 250|0x000000008fa00000, 0x000000008fb00000, 0x000000008fb00000|100%| O|  |TAMS 0x000000008fa00000, 0x000000008fa00000| Untracked 
| 251|0x000000008fb00000, 0x000000008fc00000, 0x000000008fc00000|100%| O|  |TAMS 0x000000008fb00000, 0x000000008fb00000| Untracked 
| 252|0x000000008fc00000, 0x000000008fd00000, 0x000000008fd00000|100%| O|  |TAMS 0x000000008fc00000, 0x000000008fc00000| Untracked 
| 253|0x000000008fd00000, 0x000000008fe00000, 0x000000008fe00000|100%| O|  |TAMS 0x000000008fd00000, 0x000000008fd00000| Untracked 
| 254|0x000000008fe00000, 0x000000008ff00000, 0x000000008ff00000|100%| O|  |TAMS 0x000000008fe00000, 0x000000008fe00000| Untracked 
| 255|0x000000008ff00000, 0x0000000090000000, 0x0000000090000000|100%| O|  |TAMS 0x000000008ff00000, 0x000000008ff00000| Untracked 
| 256|0x0000000090000000, 0x0000000090100000, 0x0000000090100000|100%| O|  |TAMS 0x0000000090000000, 0x0000000090000000| Untracked 
| 257|0x0000000090100000, 0x0000000090200000, 0x0000000090200000|100%| O|  |TAMS 0x0000000090100000, 0x0000000090100000| Untracked 
| 258|0x0000000090200000, 0x0000000090300000, 0x0000000090300000|100%| O|  |TAMS 0x0000000090200000, 0x0000000090200000| Untracked 
| 259|0x0000000090300000, 0x0000000090400000, 0x0000000090400000|100%| O|  |TAMS 0x0000000090300000, 0x0000000090300000| Untracked 
| 260|0x0000000090400000, 0x0000000090500000, 0x0000000090500000|100%| O|  |TAMS 0x0000000090400000, 0x0000000090400000| Untracked 
| 261|0x0000000090500000, 0x0000000090600000, 0x0000000090600000|100%| O|  |TAMS 0x0000000090500000, 0x0000000090500000| Untracked 
| 262|0x0000000090600000, 0x0000000090700000, 0x0000000090700000|100%| O|  |TAMS 0x0000000090600000, 0x0000000090600000| Untracked 
| 263|0x0000000090700000, 0x0000000090800000, 0x0000000090800000|100%| O|  |TAMS 0x0000000090700000, 0x0000000090700000| Untracked 
| 264|0x0000000090800000, 0x0000000090900000, 0x0000000090900000|100%| O|  |TAMS 0x0000000090800000, 0x0000000090800000| Untracked 
| 265|0x0000000090900000, 0x0000000090a00000, 0x0000000090a00000|100%| O|  |TAMS 0x0000000090900000, 0x0000000090900000| Untracked 
| 266|0x0000000090a00000, 0x0000000090b00000, 0x0000000090b00000|100%| O|  |TAMS 0x0000000090a00000, 0x0000000090a00000| Untracked 
| 267|0x0000000090b00000, 0x0000000090c00000, 0x0000000090c00000|100%| O|  |TAMS 0x0000000090b00000, 0x0000000090b00000| Untracked 
| 268|0x0000000090c00000, 0x0000000090d00000, 0x0000000090d00000|100%| O|  |TAMS 0x0000000090c00000, 0x0000000090c00000| Untracked 
| 269|0x0000000090d00000, 0x0000000090e00000, 0x0000000090e00000|100%| O|  |TAMS 0x0000000090d00000, 0x0000000090d00000| Untracked 
| 270|0x0000000090e00000, 0x0000000090f00000, 0x0000000090f00000|100%| O|  |TAMS 0x0000000090e00000, 0x0000000090e00000| Untracked 
| 271|0x0000000090f00000, 0x0000000091000000, 0x0000000091000000|100%| O|  |TAMS 0x0000000090f00000, 0x0000000090f00000| Untracked 
| 272|0x0000000091000000, 0x0000000091100000, 0x0000000091100000|100%| O|  |TAMS 0x0000000091000000, 0x0000000091000000| Untracked 
| 273|0x0000000091100000, 0x0000000091200000, 0x0000000091200000|100%| O|  |TAMS 0x0000000091100000, 0x0000000091100000| Untracked 
| 274|0x0000000091200000, 0x0000000091300000, 0x0000000091300000|100%| O|  |TAMS 0x0000000091200000, 0x0000000091200000| Untracked 
| 275|0x0000000091300000, 0x0000000091400000, 0x0000000091400000|100%| O|  |TAMS 0x0000000091300000, 0x0000000091300000| Untracked 
| 276|0x0000000091400000, 0x0000000091500000, 0x0000000091500000|100%| O|  |TAMS 0x0000000091400000, 0x0000000091400000| Untracked 
| 277|0x0000000091500000, 0x0000000091600000, 0x0000000091600000|100%| O|  |TAMS 0x0000000091500000, 0x0000000091500000| Untracked 
| 278|0x0000000091600000, 0x0000000091700000, 0x0000000091700000|100%| O|  |TAMS 0x0000000091600000, 0x0000000091600000| Untracked 
| 279|0x0000000091700000, 0x0000000091800000, 0x0000000091800000|100%| O|  |TAMS 0x0000000091700000, 0x0000000091700000| Untracked 
| 280|0x0000000091800000, 0x0000000091900000, 0x0000000091900000|100%| O|  |TAMS 0x0000000091800000, 0x0000000091800000| Untracked 
| 281|0x0000000091900000, 0x0000000091a00000, 0x0000000091a00000|100%| O|  |TAMS 0x0000000091900000, 0x0000000091900000| Untracked 
| 282|0x0000000091a00000, 0x0000000091b00000, 0x0000000091b00000|100%| O|  |TAMS 0x0000000091a00000, 0x0000000091a00000| Untracked 
| 283|0x0000000091b00000, 0x0000000091c00000, 0x0000000091c00000|100%| O|  |TAMS 0x0000000091b00000, 0x0000000091b00000| Untracked 
| 284|0x0000000091c00000, 0x0000000091d00000, 0x0000000091d00000|100%| O|  |TAMS 0x0000000091c00000, 0x0000000091c00000| Untracked 
| 285|0x0000000091d00000, 0x0000000091e00000, 0x0000000091e00000|100%| O|  |TAMS 0x0000000091d00000, 0x0000000091d00000| Untracked 
| 286|0x0000000091e00000, 0x0000000091f00000, 0x0000000091f00000|100%| O|  |TAMS 0x0000000091e00000, 0x0000000091e00000| Untracked 
| 287|0x0000000091f00000, 0x0000000092000000, 0x0000000092000000|100%| O|  |TAMS 0x0000000091f00000, 0x0000000091f00000| Untracked 
| 288|0x0000000092000000, 0x0000000092100000, 0x0000000092100000|100%| O|  |TAMS 0x0000000092000000, 0x0000000092000000| Untracked 
| 289|0x0000000092100000, 0x0000000092200000, 0x0000000092200000|100%| O|  |TAMS 0x0000000092100000, 0x0000000092100000| Untracked 
| 290|0x0000000092200000, 0x0000000092300000, 0x0000000092300000|100%| O|  |TAMS 0x0000000092200000, 0x0000000092200000| Untracked 
| 291|0x0000000092300000, 0x0000000092400000, 0x0000000092400000|100%| O|  |TAMS 0x0000000092300000, 0x0000000092300000| Untracked 
| 292|0x0000000092400000, 0x0000000092500000, 0x0000000092500000|100%| O|  |TAMS 0x0000000092400000, 0x0000000092400000| Untracked 
| 293|0x0000000092500000, 0x0000000092600000, 0x0000000092600000|100%| O|  |TAMS 0x0000000092500000, 0x0000000092500000| Untracked 
| 294|0x0000000092600000, 0x0000000092700000, 0x0000000092700000|100%| O|  |TAMS 0x0000000092600000, 0x0000000092600000| Untracked 
| 295|0x0000000092700000, 0x0000000092800000, 0x0000000092800000|100%| O|  |TAMS 0x0000000092700000, 0x0000000092700000| Untracked 
| 296|0x0000000092800000, 0x0000000092900000, 0x0000000092900000|100%| O|  |TAMS 0x0000000092800000, 0x0000000092800000| Untracked 
| 297|0x0000000092900000, 0x0000000092a00000, 0x0000000092a00000|100%| O|  |TAMS 0x0000000092900000, 0x0000000092900000| Untracked 
| 298|0x0000000092a00000, 0x0000000092b00000, 0x0000000092b00000|100%| O|  |TAMS 0x0000000092a00000, 0x0000000092a00000| Untracked 
| 299|0x0000000092b00000, 0x0000000092c00000, 0x0000000092c00000|100%| O|  |TAMS 0x0000000092b00000, 0x0000000092b00000| Untracked 
| 300|0x0000000092c00000, 0x0000000092d00000, 0x0000000092d00000|100%| O|  |TAMS 0x0000000092c00000, 0x0000000092c00000| Untracked 
| 301|0x0000000092d00000, 0x0000000092db7200, 0x0000000092e00000| 71%| O|  |TAMS 0x0000000092d00000, 0x0000000092d00000| Untracked 
| 302|0x0000000092e00000, 0x0000000092e00000, 0x0000000092f00000|  0%| F|  |TAMS 0x0000000092e00000, 0x0000000092e00000| Untracked 
| 303|0x0000000092f00000, 0x0000000092f00000, 0x0000000093000000|  0%| F|  |TAMS 0x0000000092f00000, 0x0000000092f00000| Untracked 
| 304|0x0000000093000000, 0x0000000093000000, 0x0000000093100000|  0%| F|  |TAMS 0x0000000093000000, 0x0000000093000000| Untracked 
| 305|0x0000000093100000, 0x0000000093100000, 0x0000000093200000|  0%| F|  |TAMS 0x0000000093100000, 0x0000000093100000| Untracked 
| 306|0x0000000093200000, 0x0000000093200000, 0x0000000093300000|  0%| F|  |TAMS 0x0000000093200000, 0x0000000093200000| Untracked 
| 307|0x0000000093300000, 0x0000000093300000, 0x0000000093400000|  0%| F|  |TAMS 0x0000000093300000, 0x0000000093300000| Untracked 
| 308|0x0000000093400000, 0x0000000093400000, 0x0000000093500000|  0%| F|  |TAMS 0x0000000093400000, 0x0000000093400000| Untracked 
| 309|0x0000000093500000, 0x0000000093500000, 0x0000000093600000|  0%| F|  |TAMS 0x0000000093500000, 0x0000000093500000| Untracked 
| 310|0x0000000093600000, 0x0000000093600000, 0x0000000093700000|  0%| F|  |TAMS 0x0000000093600000, 0x0000000093600000| Untracked 
| 311|0x0000000093700000, 0x0000000093700000, 0x0000000093800000|  0%| F|  |TAMS 0x0000000093700000, 0x0000000093700000| Untracked 
| 312|0x0000000093800000, 0x0000000093800000, 0x0000000093900000|  0%| F|  |TAMS 0x0000000093800000, 0x0000000093800000| Untracked 
| 313|0x0000000093900000, 0x0000000093900000, 0x0000000093a00000|  0%| F|  |TAMS 0x0000000093900000, 0x0000000093900000| Untracked 
| 314|0x0000000093a00000, 0x0000000093a00000, 0x0000000093b00000|  0%| F|  |TAMS 0x0000000093a00000, 0x0000000093a00000| Untracked 
| 315|0x0000000093b00000, 0x0000000093b00000, 0x0000000093c00000|  0%| F|  |TAMS 0x0000000093b00000, 0x0000000093b00000| Untracked 
| 316|0x0000000093c00000, 0x0000000093c00000, 0x0000000093d00000|  0%| F|  |TAMS 0x0000000093c00000, 0x0000000093c00000| Untracked 
| 317|0x0000000093d00000, 0x0000000093d00000, 0x0000000093e00000|  0%| F|  |TAMS 0x0000000093d00000, 0x0000000093d00000| Untracked 
| 318|0x0000000093e00000, 0x0000000093e00000, 0x0000000093f00000|  0%| F|  |TAMS 0x0000000093e00000, 0x0000000093e00000| Untracked 
| 319|0x0000000093f00000, 0x0000000093f00000, 0x0000000094000000|  0%| F|  |TAMS 0x0000000093f00000, 0x0000000093f00000| Untracked 
| 320|0x0000000094000000, 0x0000000094000000, 0x0000000094100000|  0%| F|  |TAMS 0x0000000094000000, 0x0000000094000000| Untracked 
| 321|0x0000000094100000, 0x0000000094100000, 0x0000000094200000|  0%| F|  |TAMS 0x0000000094100000, 0x0000000094100000| Untracked 
| 322|0x0000000094200000, 0x0000000094200000, 0x0000000094300000|  0%| F|  |TAMS 0x0000000094200000, 0x0000000094200000| Untracked 
| 323|0x0000000094300000, 0x0000000094300000, 0x0000000094400000|  0%| F|  |TAMS 0x0000000094300000, 0x0000000094300000| Untracked 
| 324|0x0000000094400000, 0x0000000094400000, 0x0000000094500000|  0%| F|  |TAMS 0x0000000094400000, 0x0000000094400000| Untracked 
| 325|0x0000000094500000, 0x0000000094500000, 0x0000000094600000|  0%| F|  |TAMS 0x0000000094500000, 0x0000000094500000| Untracked 
| 326|0x0000000094600000, 0x0000000094600000, 0x0000000094700000|  0%| F|  |TAMS 0x0000000094600000, 0x0000000094600000| Untracked 
| 327|0x0000000094700000, 0x0000000094700000, 0x0000000094800000|  0%| F|  |TAMS 0x0000000094700000, 0x0000000094700000| Untracked 
| 328|0x0000000094800000, 0x0000000094800000, 0x0000000094900000|  0%| F|  |TAMS 0x0000000094800000, 0x0000000094800000| Untracked 
| 329|0x0000000094900000, 0x0000000094900000, 0x0000000094a00000|  0%| F|  |TAMS 0x0000000094900000, 0x0000000094900000| Untracked 
| 330|0x0000000094a00000, 0x0000000094a00000, 0x0000000094b00000|  0%| F|  |TAMS 0x0000000094a00000, 0x0000000094a00000| Untracked 
| 331|0x0000000094b00000, 0x0000000094b00000, 0x0000000094c00000|  0%| F|  |TAMS 0x0000000094b00000, 0x0000000094b00000| Untracked 
| 332|0x0000000094c00000, 0x0000000094c00000, 0x0000000094d00000|  0%| F|  |TAMS 0x0000000094c00000, 0x0000000094c00000| Untracked 
| 333|0x0000000094d00000, 0x0000000094d00000, 0x0000000094e00000|  0%| F|  |TAMS 0x0000000094d00000, 0x0000000094d00000| Untracked 
| 334|0x0000000094e00000, 0x0000000094e00000, 0x0000000094f00000|  0%| F|  |TAMS 0x0000000094e00000, 0x0000000094e00000| Untracked 
| 335|0x0000000094f00000, 0x0000000094f00000, 0x0000000095000000|  0%| F|  |TAMS 0x0000000094f00000, 0x0000000094f00000| Untracked 
| 336|0x0000000095000000, 0x0000000095000000, 0x0000000095100000|  0%| F|  |TAMS 0x0000000095000000, 0x0000000095000000| Untracked 
| 337|0x0000000095100000, 0x0000000095100000, 0x0000000095200000|  0%| F|  |TAMS 0x0000000095100000, 0x0000000095100000| Untracked 
| 338|0x0000000095200000, 0x0000000095200000, 0x0000000095300000|  0%| F|  |TAMS 0x0000000095200000, 0x0000000095200000| Untracked 
| 339|0x0000000095300000, 0x0000000095300000, 0x0000000095400000|  0%| F|  |TAMS 0x0000000095300000, 0x0000000095300000| Untracked 
| 340|0x0000000095400000, 0x0000000095400000, 0x0000000095500000|  0%| F|  |TAMS 0x0000000095400000, 0x0000000095400000| Untracked 
| 341|0x0000000095500000, 0x0000000095500000, 0x0000000095600000|  0%| F|  |TAMS 0x0000000095500000, 0x0000000095500000| Untracked 
| 342|0x0000000095600000, 0x0000000095600000, 0x0000000095700000|  0%| F|  |TAMS 0x0000000095600000, 0x0000000095600000| Untracked 
| 343|0x0000000095700000, 0x0000000095700000, 0x0000000095800000|  0%| F|  |TAMS 0x0000000095700000, 0x0000000095700000| Untracked 
| 344|0x0000000095800000, 0x0000000095800000, 0x0000000095900000|  0%| F|  |TAMS 0x0000000095800000, 0x0000000095800000| Untracked 
| 345|0x0000000095900000, 0x0000000095900000, 0x0000000095a00000|  0%| F|  |TAMS 0x0000000095900000, 0x0000000095900000| Untracked 
| 346|0x0000000095a00000, 0x0000000095a00000, 0x0000000095b00000|  0%| F|  |TAMS 0x0000000095a00000, 0x0000000095a00000| Untracked 
| 347|0x0000000095b00000, 0x0000000095b00000, 0x0000000095c00000|  0%| F|  |TAMS 0x0000000095b00000, 0x0000000095b00000| Untracked 
| 348|0x0000000095c00000, 0x0000000095c00000, 0x0000000095d00000|  0%| F|  |TAMS 0x0000000095c00000, 0x0000000095c00000| Untracked 
| 349|0x0000000095d00000, 0x0000000095d00000, 0x0000000095e00000|  0%| F|  |TAMS 0x0000000095d00000, 0x0000000095d00000| Untracked 
| 350|0x0000000095e00000, 0x0000000095e00000, 0x0000000095f00000|  0%| F|  |TAMS 0x0000000095e00000, 0x0000000095e00000| Untracked 
| 351|0x0000000095f00000, 0x0000000095f00000, 0x0000000096000000|  0%| F|  |TAMS 0x0000000095f00000, 0x0000000095f00000| Untracked 
| 352|0x0000000096000000, 0x0000000096000000, 0x0000000096100000|  0%| F|  |TAMS 0x0000000096000000, 0x0000000096000000| Untracked 
| 353|0x0000000096100000, 0x0000000096100000, 0x0000000096200000|  0%| F|  |TAMS 0x0000000096100000, 0x0000000096100000| Untracked 
| 354|0x0000000096200000, 0x0000000096200000, 0x0000000096300000|  0%| F|  |TAMS 0x0000000096200000, 0x0000000096200000| Untracked 
| 355|0x0000000096300000, 0x0000000096300000, 0x0000000096400000|  0%| F|  |TAMS 0x0000000096300000, 0x0000000096300000| Untracked 
| 356|0x0000000096400000, 0x0000000096400000, 0x0000000096500000|  0%| F|  |TAMS 0x0000000096400000, 0x0000000096400000| Untracked 
| 357|0x0000000096500000, 0x0000000096500000, 0x0000000096600000|  0%| F|  |TAMS 0x0000000096500000, 0x0000000096500000| Untracked 
| 358|0x0000000096600000, 0x0000000096600000, 0x0000000096700000|  0%| F|  |TAMS 0x0000000096600000, 0x0000000096600000| Untracked 
| 359|0x0000000096700000, 0x0000000096700000, 0x0000000096800000|  0%| F|  |TAMS 0x0000000096700000, 0x0000000096700000| Untracked 
| 360|0x0000000096800000, 0x0000000096800000, 0x0000000096900000|  0%| F|  |TAMS 0x0000000096800000, 0x0000000096800000| Untracked 
| 361|0x0000000096900000, 0x0000000096900000, 0x0000000096a00000|  0%| F|  |TAMS 0x0000000096900000, 0x0000000096900000| Untracked 
| 362|0x0000000096a00000, 0x0000000096a00000, 0x0000000096b00000|  0%| F|  |TAMS 0x0000000096a00000, 0x0000000096a00000| Untracked 
| 363|0x0000000096b00000, 0x0000000096b00000, 0x0000000096c00000|  0%| F|  |TAMS 0x0000000096b00000, 0x0000000096b00000| Untracked 
| 364|0x0000000096c00000, 0x0000000096c00000, 0x0000000096d00000|  0%| F|  |TAMS 0x0000000096c00000, 0x0000000096c00000| Untracked 
| 365|0x0000000096d00000, 0x0000000096d00000, 0x0000000096e00000|  0%| F|  |TAMS 0x0000000096d00000, 0x0000000096d00000| Untracked 
| 366|0x0000000096e00000, 0x0000000096e00000, 0x0000000096f00000|  0%| F|  |TAMS 0x0000000096e00000, 0x0000000096e00000| Untracked 
| 367|0x0000000096f00000, 0x0000000096f00000, 0x0000000097000000|  0%| F|  |TAMS 0x0000000096f00000, 0x0000000096f00000| Untracked 
| 368|0x0000000097000000, 0x0000000097000000, 0x0000000097100000|  0%| F|  |TAMS 0x0000000097000000, 0x0000000097000000| Untracked 
| 369|0x0000000097100000, 0x0000000097100000, 0x0000000097200000|  0%| F|  |TAMS 0x0000000097100000, 0x0000000097100000| Untracked 
| 370|0x0000000097200000, 0x0000000097200000, 0x0000000097300000|  0%| F|  |TAMS 0x0000000097200000, 0x0000000097200000| Untracked 
| 371|0x0000000097300000, 0x0000000097300000, 0x0000000097400000|  0%| F|  |TAMS 0x0000000097300000, 0x0000000097300000| Untracked 
| 372|0x0000000097400000, 0x0000000097400000, 0x0000000097500000|  0%| F|  |TAMS 0x0000000097400000, 0x0000000097400000| Untracked 
| 373|0x0000000097500000, 0x0000000097500000, 0x0000000097600000|  0%| F|  |TAMS 0x0000000097500000, 0x0000000097500000| Untracked 
| 374|0x0000000097600000, 0x0000000097600000, 0x0000000097700000|  0%| F|  |TAMS 0x0000000097600000, 0x0000000097600000| Untracked 
| 375|0x0000000097700000, 0x0000000097700000, 0x0000000097800000|  0%| F|  |TAMS 0x0000000097700000, 0x0000000097700000| Untracked 
| 376|0x0000000097800000, 0x0000000097800000, 0x0000000097900000|  0%| F|  |TAMS 0x0000000097800000, 0x0000000097800000| Untracked 
| 377|0x0000000097900000, 0x0000000097900000, 0x0000000097a00000|  0%| F|  |TAMS 0x0000000097900000, 0x0000000097900000| Untracked 
| 378|0x0000000097a00000, 0x0000000097a00000, 0x0000000097b00000|  0%| F|  |TAMS 0x0000000097a00000, 0x0000000097a00000| Untracked 
| 379|0x0000000097b00000, 0x0000000097b00000, 0x0000000097c00000|  0%| F|  |TAMS 0x0000000097b00000, 0x0000000097b00000| Untracked 
| 380|0x0000000097c00000, 0x0000000097c00000, 0x0000000097d00000|  0%| F|  |TAMS 0x0000000097c00000, 0x0000000097c00000| Untracked 
| 381|0x0000000097d00000, 0x0000000097d00000, 0x0000000097e00000|  0%| F|  |TAMS 0x0000000097d00000, 0x0000000097d00000| Untracked 
| 382|0x0000000097e00000, 0x0000000097e00000, 0x0000000097f00000|  0%| F|  |TAMS 0x0000000097e00000, 0x0000000097e00000| Untracked 
| 383|0x0000000097f00000, 0x0000000097f00000, 0x0000000098000000|  0%| F|  |TAMS 0x0000000097f00000, 0x0000000097f00000| Untracked 
| 384|0x0000000098000000, 0x0000000098000000, 0x0000000098100000|  0%| F|  |TAMS 0x0000000098000000, 0x0000000098000000| Untracked 
| 385|0x0000000098100000, 0x0000000098100000, 0x0000000098200000|  0%| F|  |TAMS 0x0000000098100000, 0x0000000098100000| Untracked 
| 386|0x0000000098200000, 0x0000000098200000, 0x0000000098300000|  0%| F|  |TAMS 0x0000000098200000, 0x0000000098200000| Untracked 
| 387|0x0000000098300000, 0x0000000098300000, 0x0000000098400000|  0%| F|  |TAMS 0x0000000098300000, 0x0000000098300000| Untracked 
| 388|0x0000000098400000, 0x0000000098400000, 0x0000000098500000|  0%| F|  |TAMS 0x0000000098400000, 0x0000000098400000| Untracked 
| 389|0x0000000098500000, 0x0000000098500000, 0x0000000098600000|  0%| F|  |TAMS 0x0000000098500000, 0x0000000098500000| Untracked 
| 390|0x0000000098600000, 0x0000000098600000, 0x0000000098700000|  0%| F|  |TAMS 0x0000000098600000, 0x0000000098600000| Untracked 
| 391|0x0000000098700000, 0x0000000098700000, 0x0000000098800000|  0%| F|  |TAMS 0x0000000098700000, 0x0000000098700000| Untracked 
| 392|0x0000000098800000, 0x0000000098800000, 0x0000000098900000|  0%| F|  |TAMS 0x0000000098800000, 0x0000000098800000| Untracked 
| 393|0x0000000098900000, 0x0000000098900000, 0x0000000098a00000|  0%| F|  |TAMS 0x0000000098900000, 0x0000000098900000| Untracked 
| 394|0x0000000098a00000, 0x0000000098a00000, 0x0000000098b00000|  0%| F|  |TAMS 0x0000000098a00000, 0x0000000098a00000| Untracked 
| 395|0x0000000098b00000, 0x0000000098b00000, 0x0000000098c00000|  0%| F|  |TAMS 0x0000000098b00000, 0x0000000098b00000| Untracked 
| 396|0x0000000098c00000, 0x0000000098c00000, 0x0000000098d00000|  0%| F|  |TAMS 0x0000000098c00000, 0x0000000098c00000| Untracked 
| 397|0x0000000098d00000, 0x0000000098d00000, 0x0000000098e00000|  0%| F|  |TAMS 0x0000000098d00000, 0x0000000098d00000| Untracked 
| 398|0x0000000098e00000, 0x0000000098e00000, 0x0000000098f00000|  0%| F|  |TAMS 0x0000000098e00000, 0x0000000098e00000| Untracked 
| 399|0x0000000098f00000, 0x0000000098f00000, 0x0000000099000000|  0%| F|  |TAMS 0x0000000098f00000, 0x0000000098f00000| Untracked 
| 400|0x0000000099000000, 0x0000000099000000, 0x0000000099100000|  0%| F|  |TAMS 0x0000000099000000, 0x0000000099000000| Untracked 
| 401|0x0000000099100000, 0x0000000099100000, 0x0000000099200000|  0%| F|  |TAMS 0x0000000099100000, 0x0000000099100000| Untracked 
| 402|0x0000000099200000, 0x0000000099200000, 0x0000000099300000|  0%| F|  |TAMS 0x0000000099200000, 0x0000000099200000| Untracked 
| 403|0x0000000099300000, 0x0000000099300000, 0x0000000099400000|  0%| F|  |TAMS 0x0000000099300000, 0x0000000099300000| Untracked 
| 404|0x0000000099400000, 0x0000000099400000, 0x0000000099500000|  0%| F|  |TAMS 0x0000000099400000, 0x0000000099400000| Untracked 
| 405|0x0000000099500000, 0x0000000099500000, 0x0000000099600000|  0%| F|  |TAMS 0x0000000099500000, 0x0000000099500000| Untracked 
| 406|0x0000000099600000, 0x0000000099600000, 0x0000000099700000|  0%| F|  |TAMS 0x0000000099600000, 0x0000000099600000| Untracked 
| 407|0x0000000099700000, 0x0000000099700000, 0x0000000099800000|  0%| F|  |TAMS 0x0000000099700000, 0x0000000099700000| Untracked 
| 408|0x0000000099800000, 0x0000000099800000, 0x0000000099900000|  0%| F|  |TAMS 0x0000000099800000, 0x0000000099800000| Untracked 
| 409|0x0000000099900000, 0x0000000099900000, 0x0000000099a00000|  0%| F|  |TAMS 0x0000000099900000, 0x0000000099900000| Untracked 
| 410|0x0000000099a00000, 0x0000000099a00000, 0x0000000099b00000|  0%| F|  |TAMS 0x0000000099a00000, 0x0000000099a00000| Untracked 
| 411|0x0000000099b00000, 0x0000000099b00000, 0x0000000099c00000|  0%| F|  |TAMS 0x0000000099b00000, 0x0000000099b00000| Untracked 
| 412|0x0000000099c00000, 0x0000000099c00000, 0x0000000099d00000|  0%| F|  |TAMS 0x0000000099c00000, 0x0000000099c00000| Untracked 
| 413|0x0000000099d00000, 0x0000000099d00000, 0x0000000099e00000|  0%| F|  |TAMS 0x0000000099d00000, 0x0000000099d00000| Untracked 
| 414|0x0000000099e00000, 0x0000000099e00000, 0x0000000099f00000|  0%| F|  |TAMS 0x0000000099e00000, 0x0000000099e00000| Untracked 
| 415|0x0000000099f00000, 0x0000000099f00000, 0x000000009a000000|  0%| F|  |TAMS 0x0000000099f00000, 0x0000000099f00000| Untracked 
| 416|0x000000009a000000, 0x000000009a000000, 0x000000009a100000|  0%| F|  |TAMS 0x000000009a000000, 0x000000009a000000| Untracked 
| 417|0x000000009a100000, 0x000000009a100000, 0x000000009a200000|  0%| F|  |TAMS 0x000000009a100000, 0x000000009a100000| Untracked 
| 418|0x000000009a200000, 0x000000009a200000, 0x000000009a300000|  0%| F|  |TAMS 0x000000009a200000, 0x000000009a200000| Untracked 
| 419|0x000000009a300000, 0x000000009a300000, 0x000000009a400000|  0%| F|  |TAMS 0x000000009a300000, 0x000000009a300000| Untracked 
| 420|0x000000009a400000, 0x000000009a400000, 0x000000009a500000|  0%| F|  |TAMS 0x000000009a400000, 0x000000009a400000| Untracked 
| 421|0x000000009a500000, 0x000000009a500000, 0x000000009a600000|  0%| F|  |TAMS 0x000000009a500000, 0x000000009a500000| Untracked 
| 422|0x000000009a600000, 0x000000009a600000, 0x000000009a700000|  0%| F|  |TAMS 0x000000009a600000, 0x000000009a600000| Untracked 
| 423|0x000000009a700000, 0x000000009a700000, 0x000000009a800000|  0%| F|  |TAMS 0x000000009a700000, 0x000000009a700000| Untracked 
| 424|0x000000009a800000, 0x000000009a800000, 0x000000009a900000|  0%| F|  |TAMS 0x000000009a800000, 0x000000009a800000| Untracked 
| 425|0x000000009a900000, 0x000000009a900000, 0x000000009aa00000|  0%| F|  |TAMS 0x000000009a900000, 0x000000009a900000| Untracked 
| 426|0x000000009aa00000, 0x000000009aa00000, 0x000000009ab00000|  0%| F|  |TAMS 0x000000009aa00000, 0x000000009aa00000| Untracked 
| 427|0x000000009ab00000, 0x000000009ab00000, 0x000000009ac00000|  0%| F|  |TAMS 0x000000009ab00000, 0x000000009ab00000| Untracked 
| 428|0x000000009ac00000, 0x000000009ac00000, 0x000000009ad00000|  0%| F|  |TAMS 0x000000009ac00000, 0x000000009ac00000| Untracked 
| 429|0x000000009ad00000, 0x000000009ad00000, 0x000000009ae00000|  0%| F|  |TAMS 0x000000009ad00000, 0x000000009ad00000| Untracked 
| 430|0x000000009ae00000, 0x000000009ae00000, 0x000000009af00000|  0%| F|  |TAMS 0x000000009ae00000, 0x000000009ae00000| Untracked 
| 431|0x000000009af00000, 0x000000009af00000, 0x000000009b000000|  0%| F|  |TAMS 0x000000009af00000, 0x000000009af00000| Untracked 
| 432|0x000000009b000000, 0x000000009b000000, 0x000000009b100000|  0%| F|  |TAMS 0x000000009b000000, 0x000000009b000000| Untracked 
| 433|0x000000009b100000, 0x000000009b100000, 0x000000009b200000|  0%| F|  |TAMS 0x000000009b100000, 0x000000009b100000| Untracked 
| 434|0x000000009b200000, 0x000000009b200000, 0x000000009b300000|  0%| F|  |TAMS 0x000000009b200000, 0x000000009b200000| Untracked 
| 435|0x000000009b300000, 0x000000009b300000, 0x000000009b400000|  0%| F|  |TAMS 0x000000009b300000, 0x000000009b300000| Untracked 
| 436|0x000000009b400000, 0x000000009b400000, 0x000000009b500000|  0%| F|  |TAMS 0x000000009b400000, 0x000000009b400000| Untracked 
| 437|0x000000009b500000, 0x000000009b500000, 0x000000009b600000|  0%| F|  |TAMS 0x000000009b500000, 0x000000009b500000| Untracked 
| 438|0x000000009b600000, 0x000000009b600000, 0x000000009b700000|  0%| F|  |TAMS 0x000000009b600000, 0x000000009b600000| Untracked 
| 439|0x000000009b700000, 0x000000009b800000, 0x000000009b800000|100%| S|CS|TAMS 0x000000009b700000, 0x000000009b700000| Complete 
| 440|0x000000009b800000, 0x000000009b900000, 0x000000009b900000|100%| S|CS|TAMS 0x000000009b800000, 0x000000009b800000| Complete 
| 441|0x000000009b900000, 0x000000009ba00000, 0x000000009ba00000|100%| S|CS|TAMS 0x000000009b900000, 0x000000009b900000| Complete 
| 442|0x000000009ba00000, 0x000000009bb00000, 0x000000009bb00000|100%| S|CS|TAMS 0x000000009ba00000, 0x000000009ba00000| Complete 
| 443|0x000000009bb00000, 0x000000009bc00000, 0x000000009bc00000|100%| S|CS|TAMS 0x000000009bb00000, 0x000000009bb00000| Complete 
| 444|0x000000009bc00000, 0x000000009bd00000, 0x000000009bd00000|100%| S|CS|TAMS 0x000000009bc00000, 0x000000009bc00000| Complete 
| 445|0x000000009bd00000, 0x000000009be00000, 0x000000009be00000|100%| S|CS|TAMS 0x000000009bd00000, 0x000000009bd00000| Complete 
| 446|0x000000009be00000, 0x000000009bf00000, 0x000000009bf00000|100%| S|CS|TAMS 0x000000009be00000, 0x000000009be00000| Complete 
| 447|0x000000009bf00000, 0x000000009c000000, 0x000000009c000000|100%| S|CS|TAMS 0x000000009bf00000, 0x000000009bf00000| Complete 
| 448|0x000000009c000000, 0x000000009c100000, 0x000000009c100000|100%| S|CS|TAMS 0x000000009c000000, 0x000000009c000000| Complete 
| 449|0x000000009c100000, 0x000000009c200000, 0x000000009c200000|100%| S|CS|TAMS 0x000000009c100000, 0x000000009c100000| Complete 
| 450|0x000000009c200000, 0x000000009c300000, 0x000000009c300000|100%| S|CS|TAMS 0x000000009c200000, 0x000000009c200000| Complete 
| 451|0x000000009c300000, 0x000000009c400000, 0x000000009c400000|100%| S|CS|TAMS 0x000000009c300000, 0x000000009c300000| Complete 
| 452|0x000000009c400000, 0x000000009c500000, 0x000000009c500000|100%| S|CS|TAMS 0x000000009c400000, 0x000000009c400000| Complete 
| 453|0x000000009c500000, 0x000000009c600000, 0x000000009c600000|100%| S|CS|TAMS 0x000000009c500000, 0x000000009c500000| Complete 
| 454|0x000000009c600000, 0x000000009c700000, 0x000000009c700000|100%| S|CS|TAMS 0x000000009c600000, 0x000000009c600000| Complete 
| 455|0x000000009c700000, 0x000000009c800000, 0x000000009c800000|100%| S|CS|TAMS 0x000000009c700000, 0x000000009c700000| Complete 
| 456|0x000000009c800000, 0x000000009c900000, 0x000000009c900000|100%| S|CS|TAMS 0x000000009c800000, 0x000000009c800000| Complete 
| 457|0x000000009c900000, 0x000000009ca00000, 0x000000009ca00000|100%| S|CS|TAMS 0x000000009c900000, 0x000000009c900000| Complete 
| 458|0x000000009ca00000, 0x000000009cb00000, 0x000000009cb00000|100%| S|CS|TAMS 0x000000009ca00000, 0x000000009ca00000| Complete 
| 459|0x000000009cb00000, 0x000000009cc00000, 0x000000009cc00000|100%| S|CS|TAMS 0x000000009cb00000, 0x000000009cb00000| Complete 
| 460|0x000000009cc00000, 0x000000009cd00000, 0x000000009cd00000|100%| S|CS|TAMS 0x000000009cc00000, 0x000000009cc00000| Complete 
| 461|0x000000009cd00000, 0x000000009ce00000, 0x000000009ce00000|100%| S|CS|TAMS 0x000000009cd00000, 0x000000009cd00000| Complete 
| 462|0x000000009ce00000, 0x000000009cf00000, 0x000000009cf00000|100%| S|CS|TAMS 0x000000009ce00000, 0x000000009ce00000| Complete 
| 463|0x000000009cf00000, 0x000000009d000000, 0x000000009d000000|100%| S|CS|TAMS 0x000000009cf00000, 0x000000009cf00000| Complete 
| 464|0x000000009d000000, 0x000000009d100000, 0x000000009d100000|100%| S|CS|TAMS 0x000000009d000000, 0x000000009d000000| Complete 
| 465|0x000000009d100000, 0x000000009d200000, 0x000000009d200000|100%| S|CS|TAMS 0x000000009d100000, 0x000000009d100000| Complete 
| 466|0x000000009d200000, 0x000000009d300000, 0x000000009d300000|100%| S|CS|TAMS 0x000000009d200000, 0x000000009d200000| Complete 
| 467|0x000000009d300000, 0x000000009d400000, 0x000000009d400000|100%| S|CS|TAMS 0x000000009d300000, 0x000000009d300000| Complete 
| 468|0x000000009d400000, 0x000000009d500000, 0x000000009d500000|100%| S|CS|TAMS 0x000000009d400000, 0x000000009d400000| Complete 
| 469|0x000000009d500000, 0x000000009d600000, 0x000000009d600000|100%| S|CS|TAMS 0x000000009d500000, 0x000000009d500000| Complete 
| 470|0x000000009d600000, 0x000000009d700000, 0x000000009d700000|100%| S|CS|TAMS 0x000000009d600000, 0x000000009d600000| Complete 
| 471|0x000000009d700000, 0x000000009d700000, 0x000000009d800000|  0%| F|  |TAMS 0x000000009d700000, 0x000000009d700000| Untracked 
| 472|0x000000009d800000, 0x000000009d800000, 0x000000009d900000|  0%| F|  |TAMS 0x000000009d800000, 0x000000009d800000| Untracked 
| 473|0x000000009d900000, 0x000000009d900000, 0x000000009da00000|  0%| F|  |TAMS 0x000000009d900000, 0x000000009d900000| Untracked 
| 474|0x000000009da00000, 0x000000009da00000, 0x000000009db00000|  0%| F|  |TAMS 0x000000009da00000, 0x000000009da00000| Untracked 
| 475|0x000000009db00000, 0x000000009db00000, 0x000000009dc00000|  0%| F|  |TAMS 0x000000009db00000, 0x000000009db00000| Untracked 
| 476|0x000000009dc00000, 0x000000009dc00000, 0x000000009dd00000|  0%| F|  |TAMS 0x000000009dc00000, 0x000000009dc00000| Untracked 
| 477|0x000000009dd00000, 0x000000009dd00000, 0x000000009de00000|  0%| F|  |TAMS 0x000000009dd00000, 0x000000009dd00000| Untracked 
| 478|0x000000009de00000, 0x000000009de00000, 0x000000009df00000|  0%| F|  |TAMS 0x000000009de00000, 0x000000009de00000| Untracked 
| 479|0x000000009df00000, 0x000000009df00000, 0x000000009e000000|  0%| F|  |TAMS 0x000000009df00000, 0x000000009df00000| Untracked 
| 480|0x000000009e000000, 0x000000009e000000, 0x000000009e100000|  0%| F|  |TAMS 0x000000009e000000, 0x000000009e000000| Untracked 
| 481|0x000000009e100000, 0x000000009e100000, 0x000000009e200000|  0%| F|  |TAMS 0x000000009e100000, 0x000000009e100000| Untracked 
| 482|0x000000009e200000, 0x000000009e200000, 0x000000009e300000|  0%| F|  |TAMS 0x000000009e200000, 0x000000009e200000| Untracked 
| 483|0x000000009e300000, 0x000000009e300000, 0x000000009e400000|  0%| F|  |TAMS 0x000000009e300000, 0x000000009e300000| Untracked 
| 484|0x000000009e400000, 0x000000009e400000, 0x000000009e500000|  0%| F|  |TAMS 0x000000009e400000, 0x000000009e400000| Untracked 
| 485|0x000000009e500000, 0x000000009e500000, 0x000000009e600000|  0%| F|  |TAMS 0x000000009e500000, 0x000000009e500000| Untracked 
| 486|0x000000009e600000, 0x000000009e600000, 0x000000009e700000|  0%| F|  |TAMS 0x000000009e600000, 0x000000009e600000| Untracked 
| 487|0x000000009e700000, 0x000000009e700000, 0x000000009e800000|  0%| F|  |TAMS 0x000000009e700000, 0x000000009e700000| Untracked 
| 488|0x000000009e800000, 0x000000009e800000, 0x000000009e900000|  0%| F|  |TAMS 0x000000009e800000, 0x000000009e800000| Untracked 
| 489|0x000000009e900000, 0x000000009e900000, 0x000000009ea00000|  0%| F|  |TAMS 0x000000009e900000, 0x000000009e900000| Untracked 
| 490|0x000000009ea00000, 0x000000009ea00000, 0x000000009eb00000|  0%| F|  |TAMS 0x000000009ea00000, 0x000000009ea00000| Untracked 
| 491|0x000000009eb00000, 0x000000009eb00000, 0x000000009ec00000|  0%| F|  |TAMS 0x000000009eb00000, 0x000000009eb00000| Untracked 
| 492|0x000000009ec00000, 0x000000009ec00000, 0x000000009ed00000|  0%| F|  |TAMS 0x000000009ec00000, 0x000000009ec00000| Untracked 
| 493|0x000000009ed00000, 0x000000009ed00000, 0x000000009ee00000|  0%| F|  |TAMS 0x000000009ed00000, 0x000000009ed00000| Untracked 
| 494|0x000000009ee00000, 0x000000009ee00000, 0x000000009ef00000|  0%| F|  |TAMS 0x000000009ee00000, 0x000000009ee00000| Untracked 
| 495|0x000000009ef00000, 0x000000009ef00000, 0x000000009f000000|  0%| F|  |TAMS 0x000000009ef00000, 0x000000009ef00000| Untracked 
| 496|0x000000009f000000, 0x000000009f000000, 0x000000009f100000|  0%| F|  |TAMS 0x000000009f000000, 0x000000009f000000| Untracked 
| 497|0x000000009f100000, 0x000000009f100000, 0x000000009f200000|  0%| F|  |TAMS 0x000000009f100000, 0x000000009f100000| Untracked 
| 498|0x000000009f200000, 0x000000009f200000, 0x000000009f300000|  0%| F|  |TAMS 0x000000009f200000, 0x000000009f200000| Untracked 
| 499|0x000000009f300000, 0x000000009f300000, 0x000000009f400000|  0%| F|  |TAMS 0x000000009f300000, 0x000000009f300000| Untracked 
| 500|0x000000009f400000, 0x000000009f400000, 0x000000009f500000|  0%| F|  |TAMS 0x000000009f400000, 0x000000009f400000| Untracked 
| 501|0x000000009f500000, 0x000000009f500000, 0x000000009f600000|  0%| F|  |TAMS 0x000000009f500000, 0x000000009f500000| Untracked 
| 502|0x000000009f600000, 0x000000009f600000, 0x000000009f700000|  0%| F|  |TAMS 0x000000009f600000, 0x000000009f600000| Untracked 
| 503|0x000000009f700000, 0x000000009f700000, 0x000000009f800000|  0%| F|  |TAMS 0x000000009f700000, 0x000000009f700000| Untracked 
| 504|0x000000009f800000, 0x000000009f800000, 0x000000009f900000|  0%| F|  |TAMS 0x000000009f800000, 0x000000009f800000| Untracked 
| 505|0x000000009f900000, 0x000000009f900000, 0x000000009fa00000|  0%| F|  |TAMS 0x000000009f900000, 0x000000009f900000| Untracked 
| 506|0x000000009fa00000, 0x000000009fa00000, 0x000000009fb00000|  0%| F|  |TAMS 0x000000009fa00000, 0x000000009fa00000| Untracked 
| 507|0x000000009fb00000, 0x000000009fb00000, 0x000000009fc00000|  0%| F|  |TAMS 0x000000009fb00000, 0x000000009fb00000| Untracked 
| 508|0x000000009fc00000, 0x000000009fc00000, 0x000000009fd00000|  0%| F|  |TAMS 0x000000009fc00000, 0x000000009fc00000| Untracked 
| 509|0x000000009fd00000, 0x000000009fd00000, 0x000000009fe00000|  0%| F|  |TAMS 0x000000009fd00000, 0x000000009fd00000| Untracked 
| 510|0x000000009fe00000, 0x000000009fe00000, 0x000000009ff00000|  0%| F|  |TAMS 0x000000009fe00000, 0x000000009fe00000| Untracked 
| 511|0x000000009ff00000, 0x000000009ff00000, 0x00000000a0000000|  0%| F|  |TAMS 0x000000009ff00000, 0x000000009ff00000| Untracked 
| 512|0x00000000a0000000, 0x00000000a0000000, 0x00000000a0100000|  0%| F|  |TAMS 0x00000000a0000000, 0x00000000a0000000| Untracked 
| 513|0x00000000a0100000, 0x00000000a0100000, 0x00000000a0200000|  0%| F|  |TAMS 0x00000000a0100000, 0x00000000a0100000| Untracked 
| 514|0x00000000a0200000, 0x00000000a0200000, 0x00000000a0300000|  0%| F|  |TAMS 0x00000000a0200000, 0x00000000a0200000| Untracked 
| 515|0x00000000a0300000, 0x00000000a0300000, 0x00000000a0400000|  0%| F|  |TAMS 0x00000000a0300000, 0x00000000a0300000| Untracked 
| 516|0x00000000a0400000, 0x00000000a0400000, 0x00000000a0500000|  0%| F|  |TAMS 0x00000000a0400000, 0x00000000a0400000| Untracked 
| 517|0x00000000a0500000, 0x00000000a0500000, 0x00000000a0600000|  0%| F|  |TAMS 0x00000000a0500000, 0x00000000a0500000| Untracked 
| 518|0x00000000a0600000, 0x00000000a0600000, 0x00000000a0700000|  0%| F|  |TAMS 0x00000000a0600000, 0x00000000a0600000| Untracked 
| 519|0x00000000a0700000, 0x00000000a0700000, 0x00000000a0800000|  0%| F|  |TAMS 0x00000000a0700000, 0x00000000a0700000| Untracked 
| 520|0x00000000a0800000, 0x00000000a0800000, 0x00000000a0900000|  0%| F|  |TAMS 0x00000000a0800000, 0x00000000a0800000| Untracked 
| 521|0x00000000a0900000, 0x00000000a0900000, 0x00000000a0a00000|  0%| F|  |TAMS 0x00000000a0900000, 0x00000000a0900000| Untracked 
| 522|0x00000000a0a00000, 0x00000000a0a00000, 0x00000000a0b00000|  0%| F|  |TAMS 0x00000000a0a00000, 0x00000000a0a00000| Untracked 
| 523|0x00000000a0b00000, 0x00000000a0b00000, 0x00000000a0c00000|  0%| F|  |TAMS 0x00000000a0b00000, 0x00000000a0b00000| Untracked 
| 524|0x00000000a0c00000, 0x00000000a0c00000, 0x00000000a0d00000|  0%| F|  |TAMS 0x00000000a0c00000, 0x00000000a0c00000| Untracked 
| 525|0x00000000a0d00000, 0x00000000a0d00000, 0x00000000a0e00000|  0%| F|  |TAMS 0x00000000a0d00000, 0x00000000a0d00000| Untracked 
| 526|0x00000000a0e00000, 0x00000000a0e00000, 0x00000000a0f00000|  0%| F|  |TAMS 0x00000000a0e00000, 0x00000000a0e00000| Untracked 
| 527|0x00000000a0f00000, 0x00000000a0f00000, 0x00000000a1000000|  0%| F|  |TAMS 0x00000000a0f00000, 0x00000000a0f00000| Untracked 
| 528|0x00000000a1000000, 0x00000000a1000000, 0x00000000a1100000|  0%| F|  |TAMS 0x00000000a1000000, 0x00000000a1000000| Untracked 
| 529|0x00000000a1100000, 0x00000000a1100000, 0x00000000a1200000|  0%| F|  |TAMS 0x00000000a1100000, 0x00000000a1100000| Untracked 
| 530|0x00000000a1200000, 0x00000000a1200000, 0x00000000a1300000|  0%| F|  |TAMS 0x00000000a1200000, 0x00000000a1200000| Untracked 
| 531|0x00000000a1300000, 0x00000000a1300000, 0x00000000a1400000|  0%| F|  |TAMS 0x00000000a1300000, 0x00000000a1300000| Untracked 
| 532|0x00000000a1400000, 0x00000000a1400000, 0x00000000a1500000|  0%| F|  |TAMS 0x00000000a1400000, 0x00000000a1400000| Untracked 
| 533|0x00000000a1500000, 0x00000000a1500000, 0x00000000a1600000|  0%| F|  |TAMS 0x00000000a1500000, 0x00000000a1500000| Untracked 
| 534|0x00000000a1600000, 0x00000000a1600000, 0x00000000a1700000|  0%| F|  |TAMS 0x00000000a1600000, 0x00000000a1600000| Untracked 
| 535|0x00000000a1700000, 0x00000000a1700000, 0x00000000a1800000|  0%| F|  |TAMS 0x00000000a1700000, 0x00000000a1700000| Untracked 
| 536|0x00000000a1800000, 0x00000000a1800000, 0x00000000a1900000|  0%| F|  |TAMS 0x00000000a1800000, 0x00000000a1800000| Untracked 
| 537|0x00000000a1900000, 0x00000000a1900000, 0x00000000a1a00000|  0%| F|  |TAMS 0x00000000a1900000, 0x00000000a1900000| Untracked 
| 538|0x00000000a1a00000, 0x00000000a1a00000, 0x00000000a1b00000|  0%| F|  |TAMS 0x00000000a1a00000, 0x00000000a1a00000| Untracked 
| 539|0x00000000a1b00000, 0x00000000a1b00000, 0x00000000a1c00000|  0%| F|  |TAMS 0x00000000a1b00000, 0x00000000a1b00000| Untracked 
| 540|0x00000000a1c00000, 0x00000000a1c00000, 0x00000000a1d00000|  0%| F|  |TAMS 0x00000000a1c00000, 0x00000000a1c00000| Untracked 
| 541|0x00000000a1d00000, 0x00000000a1d00000, 0x00000000a1e00000|  0%| F|  |TAMS 0x00000000a1d00000, 0x00000000a1d00000| Untracked 
| 542|0x00000000a1e00000, 0x00000000a1e00000, 0x00000000a1f00000|  0%| F|  |TAMS 0x00000000a1e00000, 0x00000000a1e00000| Untracked 
| 543|0x00000000a1f00000, 0x00000000a1f00000, 0x00000000a2000000|  0%| F|  |TAMS 0x00000000a1f00000, 0x00000000a1f00000| Untracked 
| 544|0x00000000a2000000, 0x00000000a2000000, 0x00000000a2100000|  0%| F|  |TAMS 0x00000000a2000000, 0x00000000a2000000| Untracked 
| 545|0x00000000a2100000, 0x00000000a2100000, 0x00000000a2200000|  0%| F|  |TAMS 0x00000000a2100000, 0x00000000a2100000| Untracked 
| 546|0x00000000a2200000, 0x00000000a2200000, 0x00000000a2300000|  0%| F|  |TAMS 0x00000000a2200000, 0x00000000a2200000| Untracked 
| 547|0x00000000a2300000, 0x00000000a2300000, 0x00000000a2400000|  0%| F|  |TAMS 0x00000000a2300000, 0x00000000a2300000| Untracked 
| 548|0x00000000a2400000, 0x00000000a2400000, 0x00000000a2500000|  0%| F|  |TAMS 0x00000000a2400000, 0x00000000a2400000| Untracked 
| 549|0x00000000a2500000, 0x00000000a2500000, 0x00000000a2600000|  0%| F|  |TAMS 0x00000000a2500000, 0x00000000a2500000| Untracked 
| 550|0x00000000a2600000, 0x00000000a2600000, 0x00000000a2700000|  0%| F|  |TAMS 0x00000000a2600000, 0x00000000a2600000| Untracked 
| 551|0x00000000a2700000, 0x00000000a2700000, 0x00000000a2800000|  0%| F|  |TAMS 0x00000000a2700000, 0x00000000a2700000| Untracked 
| 552|0x00000000a2800000, 0x00000000a2800000, 0x00000000a2900000|  0%| F|  |TAMS 0x00000000a2800000, 0x00000000a2800000| Untracked 
| 553|0x00000000a2900000, 0x00000000a2900000, 0x00000000a2a00000|  0%| F|  |TAMS 0x00000000a2900000, 0x00000000a2900000| Untracked 
| 554|0x00000000a2a00000, 0x00000000a2a00000, 0x00000000a2b00000|  0%| F|  |TAMS 0x00000000a2a00000, 0x00000000a2a00000| Untracked 
| 555|0x00000000a2b00000, 0x00000000a2b00000, 0x00000000a2c00000|  0%| F|  |TAMS 0x00000000a2b00000, 0x00000000a2b00000| Untracked 
| 556|0x00000000a2c00000, 0x00000000a2c00000, 0x00000000a2d00000|  0%| F|  |TAMS 0x00000000a2c00000, 0x00000000a2c00000| Untracked 
| 557|0x00000000a2d00000, 0x00000000a2d00000, 0x00000000a2e00000|  0%| F|  |TAMS 0x00000000a2d00000, 0x00000000a2d00000| Untracked 
| 558|0x00000000a2e00000, 0x00000000a2e00000, 0x00000000a2f00000|  0%| F|  |TAMS 0x00000000a2e00000, 0x00000000a2e00000| Untracked 
| 559|0x00000000a2f00000, 0x00000000a2f00000, 0x00000000a3000000|  0%| F|  |TAMS 0x00000000a2f00000, 0x00000000a2f00000| Untracked 
| 560|0x00000000a3000000, 0x00000000a3000000, 0x00000000a3100000|  0%| F|  |TAMS 0x00000000a3000000, 0x00000000a3000000| Untracked 
| 561|0x00000000a3100000, 0x00000000a3100000, 0x00000000a3200000|  0%| F|  |TAMS 0x00000000a3100000, 0x00000000a3100000| Untracked 
| 562|0x00000000a3200000, 0x00000000a3200000, 0x00000000a3300000|  0%| F|  |TAMS 0x00000000a3200000, 0x00000000a3200000| Untracked 
| 563|0x00000000a3300000, 0x00000000a3300000, 0x00000000a3400000|  0%| F|  |TAMS 0x00000000a3300000, 0x00000000a3300000| Untracked 
| 564|0x00000000a3400000, 0x00000000a3400000, 0x00000000a3500000|  0%| F|  |TAMS 0x00000000a3400000, 0x00000000a3400000| Untracked 
| 565|0x00000000a3500000, 0x00000000a3500000, 0x00000000a3600000|  0%| F|  |TAMS 0x00000000a3500000, 0x00000000a3500000| Untracked 
| 566|0x00000000a3600000, 0x00000000a3600000, 0x00000000a3700000|  0%| F|  |TAMS 0x00000000a3600000, 0x00000000a3600000| Untracked 
| 567|0x00000000a3700000, 0x00000000a3700000, 0x00000000a3800000|  0%| F|  |TAMS 0x00000000a3700000, 0x00000000a3700000| Untracked 
| 568|0x00000000a3800000, 0x00000000a3800000, 0x00000000a3900000|  0%| F|  |TAMS 0x00000000a3800000, 0x00000000a3800000| Untracked 
| 569|0x00000000a3900000, 0x00000000a3900000, 0x00000000a3a00000|  0%| F|  |TAMS 0x00000000a3900000, 0x00000000a3900000| Untracked 
| 570|0x00000000a3a00000, 0x00000000a3a00000, 0x00000000a3b00000|  0%| F|  |TAMS 0x00000000a3a00000, 0x00000000a3a00000| Untracked 
| 571|0x00000000a3b00000, 0x00000000a3b00000, 0x00000000a3c00000|  0%| F|  |TAMS 0x00000000a3b00000, 0x00000000a3b00000| Untracked 
| 572|0x00000000a3c00000, 0x00000000a3c00000, 0x00000000a3d00000|  0%| F|  |TAMS 0x00000000a3c00000, 0x00000000a3c00000| Untracked 
| 573|0x00000000a3d00000, 0x00000000a3d00000, 0x00000000a3e00000|  0%| F|  |TAMS 0x00000000a3d00000, 0x00000000a3d00000| Untracked 
| 574|0x00000000a3e00000, 0x00000000a3e00000, 0x00000000a3f00000|  0%| F|  |TAMS 0x00000000a3e00000, 0x00000000a3e00000| Untracked 
| 575|0x00000000a3f00000, 0x00000000a3f00000, 0x00000000a4000000|  0%| F|  |TAMS 0x00000000a3f00000, 0x00000000a3f00000| Untracked 
| 576|0x00000000a4000000, 0x00000000a4000000, 0x00000000a4100000|  0%| F|  |TAMS 0x00000000a4000000, 0x00000000a4000000| Untracked 
| 577|0x00000000a4100000, 0x00000000a4100000, 0x00000000a4200000|  0%| F|  |TAMS 0x00000000a4100000, 0x00000000a4100000| Untracked 
| 578|0x00000000a4200000, 0x00000000a4200000, 0x00000000a4300000|  0%| F|  |TAMS 0x00000000a4200000, 0x00000000a4200000| Untracked 
| 579|0x00000000a4300000, 0x00000000a4300000, 0x00000000a4400000|  0%| F|  |TAMS 0x00000000a4300000, 0x00000000a4300000| Untracked 
| 580|0x00000000a4400000, 0x00000000a4400000, 0x00000000a4500000|  0%| F|  |TAMS 0x00000000a4400000, 0x00000000a4400000| Untracked 
| 581|0x00000000a4500000, 0x00000000a4500000, 0x00000000a4600000|  0%| F|  |TAMS 0x00000000a4500000, 0x00000000a4500000| Untracked 
| 582|0x00000000a4600000, 0x00000000a4600000, 0x00000000a4700000|  0%| F|  |TAMS 0x00000000a4600000, 0x00000000a4600000| Untracked 
| 583|0x00000000a4700000, 0x00000000a4700000, 0x00000000a4800000|  0%| F|  |TAMS 0x00000000a4700000, 0x00000000a4700000| Untracked 
| 584|0x00000000a4800000, 0x00000000a4800000, 0x00000000a4900000|  0%| F|  |TAMS 0x00000000a4800000, 0x00000000a4800000| Untracked 
| 585|0x00000000a4900000, 0x00000000a4900000, 0x00000000a4a00000|  0%| F|  |TAMS 0x00000000a4900000, 0x00000000a4900000| Untracked 
| 586|0x00000000a4a00000, 0x00000000a4a00000, 0x00000000a4b00000|  0%| F|  |TAMS 0x00000000a4a00000, 0x00000000a4a00000| Untracked 
| 587|0x00000000a4b00000, 0x00000000a4b00000, 0x00000000a4c00000|  0%| F|  |TAMS 0x00000000a4b00000, 0x00000000a4b00000| Untracked 
| 588|0x00000000a4c00000, 0x00000000a4c00000, 0x00000000a4d00000|  0%| F|  |TAMS 0x00000000a4c00000, 0x00000000a4c00000| Untracked 
| 589|0x00000000a4d00000, 0x00000000a4d00000, 0x00000000a4e00000|  0%| F|  |TAMS 0x00000000a4d00000, 0x00000000a4d00000| Untracked 
| 590|0x00000000a4e00000, 0x00000000a4e00000, 0x00000000a4f00000|  0%| F|  |TAMS 0x00000000a4e00000, 0x00000000a4e00000| Untracked 
| 591|0x00000000a4f00000, 0x00000000a4f00000, 0x00000000a5000000|  0%| F|  |TAMS 0x00000000a4f00000, 0x00000000a4f00000| Untracked 
| 592|0x00000000a5000000, 0x00000000a5000000, 0x00000000a5100000|  0%| F|  |TAMS 0x00000000a5000000, 0x00000000a5000000| Untracked 
| 593|0x00000000a5100000, 0x00000000a5100000, 0x00000000a5200000|  0%| F|  |TAMS 0x00000000a5100000, 0x00000000a5100000| Untracked 
| 594|0x00000000a5200000, 0x00000000a5200000, 0x00000000a5300000|  0%| F|  |TAMS 0x00000000a5200000, 0x00000000a5200000| Untracked 
| 595|0x00000000a5300000, 0x00000000a5300000, 0x00000000a5400000|  0%| F|  |TAMS 0x00000000a5300000, 0x00000000a5300000| Untracked 
| 596|0x00000000a5400000, 0x00000000a5400000, 0x00000000a5500000|  0%| F|  |TAMS 0x00000000a5400000, 0x00000000a5400000| Untracked 
| 597|0x00000000a5500000, 0x00000000a5500000, 0x00000000a5600000|  0%| F|  |TAMS 0x00000000a5500000, 0x00000000a5500000| Untracked 
| 598|0x00000000a5600000, 0x00000000a5600000, 0x00000000a5700000|  0%| F|  |TAMS 0x00000000a5600000, 0x00000000a5600000| Untracked 
| 599|0x00000000a5700000, 0x00000000a5700000, 0x00000000a5800000|  0%| F|  |TAMS 0x00000000a5700000, 0x00000000a5700000| Untracked 
| 600|0x00000000a5800000, 0x00000000a5800000, 0x00000000a5900000|  0%| F|  |TAMS 0x00000000a5800000, 0x00000000a5800000| Untracked 
| 601|0x00000000a5900000, 0x00000000a5900000, 0x00000000a5a00000|  0%| F|  |TAMS 0x00000000a5900000, 0x00000000a5900000| Untracked 
| 602|0x00000000a5a00000, 0x00000000a5a00000, 0x00000000a5b00000|  0%| F|  |TAMS 0x00000000a5a00000, 0x00000000a5a00000| Untracked 
| 603|0x00000000a5b00000, 0x00000000a5b00000, 0x00000000a5c00000|  0%| F|  |TAMS 0x00000000a5b00000, 0x00000000a5b00000| Untracked 
| 604|0x00000000a5c00000, 0x00000000a5c00000, 0x00000000a5d00000|  0%| F|  |TAMS 0x00000000a5c00000, 0x00000000a5c00000| Untracked 
| 605|0x00000000a5d00000, 0x00000000a5d00000, 0x00000000a5e00000|  0%| F|  |TAMS 0x00000000a5d00000, 0x00000000a5d00000| Untracked 
| 606|0x00000000a5e00000, 0x00000000a5e00000, 0x00000000a5f00000|  0%| F|  |TAMS 0x00000000a5e00000, 0x00000000a5e00000| Untracked 
| 607|0x00000000a5f00000, 0x00000000a5f00000, 0x00000000a6000000|  0%| F|  |TAMS 0x00000000a5f00000, 0x00000000a5f00000| Untracked 
| 608|0x00000000a6000000, 0x00000000a6000000, 0x00000000a6100000|  0%| F|  |TAMS 0x00000000a6000000, 0x00000000a6000000| Untracked 
| 609|0x00000000a6100000, 0x00000000a6100000, 0x00000000a6200000|  0%| F|  |TAMS 0x00000000a6100000, 0x00000000a6100000| Untracked 
| 610|0x00000000a6200000, 0x00000000a6200000, 0x00000000a6300000|  0%| F|  |TAMS 0x00000000a6200000, 0x00000000a6200000| Untracked 
| 611|0x00000000a6300000, 0x00000000a6300000, 0x00000000a6400000|  0%| F|  |TAMS 0x00000000a6300000, 0x00000000a6300000| Untracked 
| 612|0x00000000a6400000, 0x00000000a6400000, 0x00000000a6500000|  0%| F|  |TAMS 0x00000000a6400000, 0x00000000a6400000| Untracked 
| 613|0x00000000a6500000, 0x00000000a6500000, 0x00000000a6600000|  0%| F|  |TAMS 0x00000000a6500000, 0x00000000a6500000| Untracked 
| 614|0x00000000a6600000, 0x00000000a6600000, 0x00000000a6700000|  0%| F|  |TAMS 0x00000000a6600000, 0x00000000a6600000| Untracked 
| 615|0x00000000a6700000, 0x00000000a6700000, 0x00000000a6800000|  0%| F|  |TAMS 0x00000000a6700000, 0x00000000a6700000| Untracked 
| 616|0x00000000a6800000, 0x00000000a6800000, 0x00000000a6900000|  0%| F|  |TAMS 0x00000000a6800000, 0x00000000a6800000| Untracked 
| 617|0x00000000a6900000, 0x00000000a6900000, 0x00000000a6a00000|  0%| F|  |TAMS 0x00000000a6900000, 0x00000000a6900000| Untracked 
| 618|0x00000000a6a00000, 0x00000000a6a00000, 0x00000000a6b00000|  0%| F|  |TAMS 0x00000000a6a00000, 0x00000000a6a00000| Untracked 
| 619|0x00000000a6b00000, 0x00000000a6b00000, 0x00000000a6c00000|  0%| F|  |TAMS 0x00000000a6b00000, 0x00000000a6b00000| Untracked 
| 620|0x00000000a6c00000, 0x00000000a6c00000, 0x00000000a6d00000|  0%| F|  |TAMS 0x00000000a6c00000, 0x00000000a6c00000| Untracked 
| 621|0x00000000a6d00000, 0x00000000a6d00000, 0x00000000a6e00000|  0%| F|  |TAMS 0x00000000a6d00000, 0x00000000a6d00000| Untracked 
| 622|0x00000000a6e00000, 0x00000000a6e00000, 0x00000000a6f00000|  0%| F|  |TAMS 0x00000000a6e00000, 0x00000000a6e00000| Untracked 
| 623|0x00000000a6f00000, 0x00000000a6f00000, 0x00000000a7000000|  0%| F|  |TAMS 0x00000000a6f00000, 0x00000000a6f00000| Untracked 
| 624|0x00000000a7000000, 0x00000000a7000000, 0x00000000a7100000|  0%| F|  |TAMS 0x00000000a7000000, 0x00000000a7000000| Untracked 
| 625|0x00000000a7100000, 0x00000000a7100000, 0x00000000a7200000|  0%| F|  |TAMS 0x00000000a7100000, 0x00000000a7100000| Untracked 
| 626|0x00000000a7200000, 0x00000000a7200000, 0x00000000a7300000|  0%| F|  |TAMS 0x00000000a7200000, 0x00000000a7200000| Untracked 
| 627|0x00000000a7300000, 0x00000000a7300000, 0x00000000a7400000|  0%| F|  |TAMS 0x00000000a7300000, 0x00000000a7300000| Untracked 
| 628|0x00000000a7400000, 0x00000000a7400000, 0x00000000a7500000|  0%| F|  |TAMS 0x00000000a7400000, 0x00000000a7400000| Untracked 
| 629|0x00000000a7500000, 0x00000000a7500000, 0x00000000a7600000|  0%| F|  |TAMS 0x00000000a7500000, 0x00000000a7500000| Untracked 
| 630|0x00000000a7600000, 0x00000000a7600000, 0x00000000a7700000|  0%| F|  |TAMS 0x00000000a7600000, 0x00000000a7600000| Untracked 
| 631|0x00000000a7700000, 0x00000000a7700000, 0x00000000a7800000|  0%| F|  |TAMS 0x00000000a7700000, 0x00000000a7700000| Untracked 
| 632|0x00000000a7800000, 0x00000000a7800000, 0x00000000a7900000|  0%| F|  |TAMS 0x00000000a7800000, 0x00000000a7800000| Untracked 
| 633|0x00000000a7900000, 0x00000000a7900000, 0x00000000a7a00000|  0%| F|  |TAMS 0x00000000a7900000, 0x00000000a7900000| Untracked 
| 634|0x00000000a7a00000, 0x00000000a7a00000, 0x00000000a7b00000|  0%| F|  |TAMS 0x00000000a7a00000, 0x00000000a7a00000| Untracked 
| 635|0x00000000a7b00000, 0x00000000a7b00000, 0x00000000a7c00000|  0%| F|  |TAMS 0x00000000a7b00000, 0x00000000a7b00000| Untracked 
| 636|0x00000000a7c00000, 0x00000000a7c00000, 0x00000000a7d00000|  0%| F|  |TAMS 0x00000000a7c00000, 0x00000000a7c00000| Untracked 
| 637|0x00000000a7d00000, 0x00000000a7d00000, 0x00000000a7e00000|  0%| F|  |TAMS 0x00000000a7d00000, 0x00000000a7d00000| Untracked 
| 638|0x00000000a7e00000, 0x00000000a7e00000, 0x00000000a7f00000|  0%| F|  |TAMS 0x00000000a7e00000, 0x00000000a7e00000| Untracked 
| 639|0x00000000a7f00000, 0x00000000a7f00000, 0x00000000a8000000|  0%| F|  |TAMS 0x00000000a7f00000, 0x00000000a7f00000| Untracked 
| 640|0x00000000a8000000, 0x00000000a8000000, 0x00000000a8100000|  0%| F|  |TAMS 0x00000000a8000000, 0x00000000a8000000| Untracked 
| 641|0x00000000a8100000, 0x00000000a8100000, 0x00000000a8200000|  0%| F|  |TAMS 0x00000000a8100000, 0x00000000a8100000| Untracked 
| 642|0x00000000a8200000, 0x00000000a8200000, 0x00000000a8300000|  0%| F|  |TAMS 0x00000000a8200000, 0x00000000a8200000| Untracked 
| 643|0x00000000a8300000, 0x00000000a8300000, 0x00000000a8400000|  0%| F|  |TAMS 0x00000000a8300000, 0x00000000a8300000| Untracked 
| 644|0x00000000a8400000, 0x00000000a8400000, 0x00000000a8500000|  0%| F|  |TAMS 0x00000000a8400000, 0x00000000a8400000| Untracked 
| 645|0x00000000a8500000, 0x00000000a8500000, 0x00000000a8600000|  0%| F|  |TAMS 0x00000000a8500000, 0x00000000a8500000| Untracked 
| 646|0x00000000a8600000, 0x00000000a8600000, 0x00000000a8700000|  0%| F|  |TAMS 0x00000000a8600000, 0x00000000a8600000| Untracked 
| 647|0x00000000a8700000, 0x00000000a8700000, 0x00000000a8800000|  0%| F|  |TAMS 0x00000000a8700000, 0x00000000a8700000| Untracked 
| 648|0x00000000a8800000, 0x00000000a8800000, 0x00000000a8900000|  0%| F|  |TAMS 0x00000000a8800000, 0x00000000a8800000| Untracked 
| 649|0x00000000a8900000, 0x00000000a8900000, 0x00000000a8a00000|  0%| F|  |TAMS 0x00000000a8900000, 0x00000000a8900000| Untracked 
| 650|0x00000000a8a00000, 0x00000000a8a00000, 0x00000000a8b00000|  0%| F|  |TAMS 0x00000000a8a00000, 0x00000000a8a00000| Untracked 
| 651|0x00000000a8b00000, 0x00000000a8b00000, 0x00000000a8c00000|  0%| F|  |TAMS 0x00000000a8b00000, 0x00000000a8b00000| Untracked 
| 652|0x00000000a8c00000, 0x00000000a8c00000, 0x00000000a8d00000|  0%| F|  |TAMS 0x00000000a8c00000, 0x00000000a8c00000| Untracked 
| 653|0x00000000a8d00000, 0x00000000a8d00000, 0x00000000a8e00000|  0%| F|  |TAMS 0x00000000a8d00000, 0x00000000a8d00000| Untracked 
| 654|0x00000000a8e00000, 0x00000000a8e00000, 0x00000000a8f00000|  0%| F|  |TAMS 0x00000000a8e00000, 0x00000000a8e00000| Untracked 
| 655|0x00000000a8f00000, 0x00000000a8f00000, 0x00000000a9000000|  0%| F|  |TAMS 0x00000000a8f00000, 0x00000000a8f00000| Untracked 
| 656|0x00000000a9000000, 0x00000000a9000000, 0x00000000a9100000|  0%| F|  |TAMS 0x00000000a9000000, 0x00000000a9000000| Untracked 
| 657|0x00000000a9100000, 0x00000000a9100000, 0x00000000a9200000|  0%| F|  |TAMS 0x00000000a9100000, 0x00000000a9100000| Untracked 
| 658|0x00000000a9200000, 0x00000000a9200000, 0x00000000a9300000|  0%| F|  |TAMS 0x00000000a9200000, 0x00000000a9200000| Untracked 
| 659|0x00000000a9300000, 0x00000000a9300000, 0x00000000a9400000|  0%| F|  |TAMS 0x00000000a9300000, 0x00000000a9300000| Untracked 
| 660|0x00000000a9400000, 0x00000000a9400000, 0x00000000a9500000|  0%| F|  |TAMS 0x00000000a9400000, 0x00000000a9400000| Untracked 
| 661|0x00000000a9500000, 0x00000000a9500000, 0x00000000a9600000|  0%| F|  |TAMS 0x00000000a9500000, 0x00000000a9500000| Untracked 
| 662|0x00000000a9600000, 0x00000000a9600000, 0x00000000a9700000|  0%| F|  |TAMS 0x00000000a9600000, 0x00000000a9600000| Untracked 
| 663|0x00000000a9700000, 0x00000000a9700000, 0x00000000a9800000|  0%| F|  |TAMS 0x00000000a9700000, 0x00000000a9700000| Untracked 
| 664|0x00000000a9800000, 0x00000000a9800000, 0x00000000a9900000|  0%| F|  |TAMS 0x00000000a9800000, 0x00000000a9800000| Untracked 
| 665|0x00000000a9900000, 0x00000000a9900000, 0x00000000a9a00000|  0%| F|  |TAMS 0x00000000a9900000, 0x00000000a9900000| Untracked 
| 666|0x00000000a9a00000, 0x00000000a9a00000, 0x00000000a9b00000|  0%| F|  |TAMS 0x00000000a9a00000, 0x00000000a9a00000| Untracked 
| 667|0x00000000a9b00000, 0x00000000a9b00000, 0x00000000a9c00000|  0%| F|  |TAMS 0x00000000a9b00000, 0x00000000a9b00000| Untracked 
| 668|0x00000000a9c00000, 0x00000000a9c00000, 0x00000000a9d00000|  0%| F|  |TAMS 0x00000000a9c00000, 0x00000000a9c00000| Untracked 
| 669|0x00000000a9d00000, 0x00000000a9d00000, 0x00000000a9e00000|  0%| F|  |TAMS 0x00000000a9d00000, 0x00000000a9d00000| Untracked 
| 670|0x00000000a9e00000, 0x00000000a9e00000, 0x00000000a9f00000|  0%| F|  |TAMS 0x00000000a9e00000, 0x00000000a9e00000| Untracked 
| 671|0x00000000a9f00000, 0x00000000a9f00000, 0x00000000aa000000|  0%| F|  |TAMS 0x00000000a9f00000, 0x00000000a9f00000| Untracked 
| 672|0x00000000aa000000, 0x00000000aa000000, 0x00000000aa100000|  0%| F|  |TAMS 0x00000000aa000000, 0x00000000aa000000| Untracked 
| 673|0x00000000aa100000, 0x00000000aa100000, 0x00000000aa200000|  0%| F|  |TAMS 0x00000000aa100000, 0x00000000aa100000| Untracked 
| 674|0x00000000aa200000, 0x00000000aa200000, 0x00000000aa300000|  0%| F|  |TAMS 0x00000000aa200000, 0x00000000aa200000| Untracked 
| 675|0x00000000aa300000, 0x00000000aa300000, 0x00000000aa400000|  0%| F|  |TAMS 0x00000000aa300000, 0x00000000aa300000| Untracked 
| 676|0x00000000aa400000, 0x00000000aa400000, 0x00000000aa500000|  0%| F|  |TAMS 0x00000000aa400000, 0x00000000aa400000| Untracked 
| 677|0x00000000aa500000, 0x00000000aa500000, 0x00000000aa600000|  0%| F|  |TAMS 0x00000000aa500000, 0x00000000aa500000| Untracked 
| 678|0x00000000aa600000, 0x00000000aa600000, 0x00000000aa700000|  0%| F|  |TAMS 0x00000000aa600000, 0x00000000aa600000| Untracked 
| 679|0x00000000aa700000, 0x00000000aa700000, 0x00000000aa800000|  0%| F|  |TAMS 0x00000000aa700000, 0x00000000aa700000| Untracked 
| 680|0x00000000aa800000, 0x00000000aa800000, 0x00000000aa900000|  0%| F|  |TAMS 0x00000000aa800000, 0x00000000aa800000| Untracked 
| 681|0x00000000aa900000, 0x00000000aa900000, 0x00000000aaa00000|  0%| F|  |TAMS 0x00000000aa900000, 0x00000000aa900000| Untracked 
| 682|0x00000000aaa00000, 0x00000000aaa00000, 0x00000000aab00000|  0%| F|  |TAMS 0x00000000aaa00000, 0x00000000aaa00000| Untracked 
| 683|0x00000000aab00000, 0x00000000aab00000, 0x00000000aac00000|  0%| F|  |TAMS 0x00000000aab00000, 0x00000000aab00000| Untracked 
| 684|0x00000000aac00000, 0x00000000aac00000, 0x00000000aad00000|  0%| F|  |TAMS 0x00000000aac00000, 0x00000000aac00000| Untracked 
| 685|0x00000000aad00000, 0x00000000aad00000, 0x00000000aae00000|  0%| F|  |TAMS 0x00000000aad00000, 0x00000000aad00000| Untracked 
| 686|0x00000000aae00000, 0x00000000aae00000, 0x00000000aaf00000|  0%| F|  |TAMS 0x00000000aae00000, 0x00000000aae00000| Untracked 
| 687|0x00000000aaf00000, 0x00000000aaf00000, 0x00000000ab000000|  0%| F|  |TAMS 0x00000000aaf00000, 0x00000000aaf00000| Untracked 
| 688|0x00000000ab000000, 0x00000000ab000000, 0x00000000ab100000|  0%| F|  |TAMS 0x00000000ab000000, 0x00000000ab000000| Untracked 
| 689|0x00000000ab100000, 0x00000000ab1ec470, 0x00000000ab200000| 92%| E|  |TAMS 0x00000000ab100000, 0x00000000ab100000| Complete 
| 690|0x00000000ab200000, 0x00000000ab300000, 0x00000000ab300000|100%| E|CS|TAMS 0x00000000ab200000, 0x00000000ab200000| Complete 
| 691|0x00000000ab300000, 0x00000000ab400000, 0x00000000ab400000|100%| E|CS|TAMS 0x00000000ab300000, 0x00000000ab300000| Complete 
| 692|0x00000000ab400000, 0x00000000ab500000, 0x00000000ab500000|100%| E|CS|TAMS 0x00000000ab400000, 0x00000000ab400000| Complete 
| 693|0x00000000ab500000, 0x00000000ab600000, 0x00000000ab600000|100%| E|CS|TAMS 0x00000000ab500000, 0x00000000ab500000| Complete 
| 694|0x00000000ab600000, 0x00000000ab700000, 0x00000000ab700000|100%| E|CS|TAMS 0x00000000ab600000, 0x00000000ab600000| Complete 
| 695|0x00000000ab700000, 0x00000000ab800000, 0x00000000ab800000|100%| E|CS|TAMS 0x00000000ab700000, 0x00000000ab700000| Complete 
| 696|0x00000000ab800000, 0x00000000ab900000, 0x00000000ab900000|100%| E|CS|TAMS 0x00000000ab800000, 0x00000000ab800000| Complete 
| 697|0x00000000ab900000, 0x00000000aba00000, 0x00000000aba00000|100%| E|CS|TAMS 0x00000000ab900000, 0x00000000ab900000| Complete 
| 698|0x00000000aba00000, 0x00000000abb00000, 0x00000000abb00000|100%| E|CS|TAMS 0x00000000aba00000, 0x00000000aba00000| Complete 
| 699|0x00000000abb00000, 0x00000000abc00000, 0x00000000abc00000|100%| E|CS|TAMS 0x00000000abb00000, 0x00000000abb00000| Complete 
| 700|0x00000000abc00000, 0x00000000abd00000, 0x00000000abd00000|100%| E|CS|TAMS 0x00000000abc00000, 0x00000000abc00000| Complete 
| 701|0x00000000abd00000, 0x00000000abe00000, 0x00000000abe00000|100%| E|CS|TAMS 0x00000000abd00000, 0x00000000abd00000| Complete 
| 702|0x00000000abe00000, 0x00000000abf00000, 0x00000000abf00000|100%| E|CS|TAMS 0x00000000abe00000, 0x00000000abe00000| Complete 
| 703|0x00000000abf00000, 0x00000000ac000000, 0x00000000ac000000|100%| E|CS|TAMS 0x00000000abf00000, 0x00000000abf00000| Complete 
| 704|0x00000000ac000000, 0x00000000ac100000, 0x00000000ac100000|100%| E|CS|TAMS 0x00000000ac000000, 0x00000000ac000000| Complete 
| 705|0x00000000ac100000, 0x00000000ac200000, 0x00000000ac200000|100%| E|CS|TAMS 0x00000000ac100000, 0x00000000ac100000| Complete 
| 706|0x00000000ac200000, 0x00000000ac300000, 0x00000000ac300000|100%| E|CS|TAMS 0x00000000ac200000, 0x00000000ac200000| Complete 
| 707|0x00000000ac300000, 0x00000000ac400000, 0x00000000ac400000|100%| E|CS|TAMS 0x00000000ac300000, 0x00000000ac300000| Complete 

Card table byte_map: [0x000001c949c40000,0x000001c94a040000] _byte_map_base: 0x000001c949840000

Marking Bits (Prev, Next): (CMBitMap*) 0x000001c930a26b30, (CMBitMap*) 0x000001c930a26b70
 Prev Bits: [0x000001c94a440000, 0x000001c94c440000)
 Next Bits: [0x000001c94c440000, 0x000001c94e440000)

Polling page: 0x000001c930a90000

Metaspace:

Usage:
  Non-class:     91.65 MB used.
      Class:     15.82 MB used.
       Both:    107.46 MB used.

Virtual space:
  Non-class space:      128.00 MB reserved,      92.19 MB ( 72%) committed,  2 nodes.
      Class space:        1.00 GB reserved,      16.31 MB (  2%) committed,  1 nodes.
             Both:        1.12 GB reserved,     108.50 MB (  9%) committed. 

Chunk freelists:
   Non-Class:  3.36 MB
       Class:  15.74 MB
        Both:  19.09 MB

MaxMetaspaceSize: unlimited
CompressedClassSpaceSize: 1.00 GB
Initial GC threshold: 21.00 MB
Current GC threshold: 140.44 MB
CDS: on
MetaspaceReclaimPolicy: balanced
 - commit_granule_bytes: 65536.
 - commit_granule_words: 8192.
 - virtual_space_node_default_size: 8388608.
 - enlarge_chunks_in_place: 1.
 - new_chunks_are_fully_committed: 0.
 - uncommit_free_chunks: 1.
 - use_allocation_guard: 0.
 - handle_deallocations: 1.


Internal statistics:

num_allocs_failed_limit: 6.
num_arena_births: 1442.
num_arena_deaths: 0.
num_vsnodes_births: 3.
num_vsnodes_deaths: 0.
num_space_committed: 1736.
num_space_uncommitted: 0.
num_chunks_returned_to_freelist: 6.
num_chunks_taken_from_freelist: 6197.
num_chunk_merges: 6.
num_chunk_splits: 4037.
num_chunks_enlarged: 2522.
num_inconsistent_stats: 0.

CodeHeap 'non-profiled nmethods': size=119168Kb used=7781Kb max_used=8314Kb free=111386Kb
 bounds [0x000001c941420000, 0x000001c941c40000, 0x000001c948880000]
CodeHeap 'profiled nmethods': size=119104Kb used=30662Kb max_used=31827Kb free=88441Kb
 bounds [0x000001c939880000, 0x000001c93b7a0000, 0x000001c940cd0000]
CodeHeap 'non-nmethods': size=7488Kb used=4125Kb max_used=4176Kb free=3363Kb
 bounds [0x000001c940cd0000, 0x000001c941100000, 0x000001c941420000]
 total_blobs=16808 nmethods=15834 adapters=882
 compilation: enabled
              stopped_count=0, restarted_count=0
 full_count=0

Compilation events (20 events):
Event: 17.867 Thread 0x000001c9516230c0 18985       3       com.android.tools.r8.graph.B2$$Lambda$2331/0x000001c953dc53a8::accept (12 bytes)
Event: 17.867 Thread 0x000001c951633a30 nmethod 19101 0x000001c939952c10 code [0x000001c939952da0, 0x000001c939952f18]
Event: 17.867 Thread 0x000001c95186eb60 19074       3       com.android.tools.r8.graph.g::e (9 bytes)
Event: 17.867 Thread 0x000001c951633a30 19087       3       com.android.tools.r8.internal.t20::L (23 bytes)
Event: 17.868 Thread 0x000001c951513db0 nmethod 19084 0x000001c939952790 code [0x000001c939952920, 0x000001c939952b58]
Event: 17.868 Thread 0x000001c951513db0 19089       3       com.android.tools.r8.internal.t20::A (13 bytes)
Event: 17.868 Thread 0x000001c9516230c0 nmethod 18985 0x000001c939952210 code [0x000001c9399523c0, 0x000001c939952698]
Event: 17.868 Thread 0x000001c95186eb60 nmethod 19074 0x000001c93b1c4490 code [0x000001c93b1c4640, 0x000001c93b1c4858]
Event: 17.868 Thread 0x000001c9516230c0 19093       3       com.android.tools.r8.internal.B4::k (12 bytes)
Event: 17.868 Thread 0x000001c95186eb60 19094       3       com.android.tools.r8.internal.su::a (26 bytes)
Event: 17.868 Thread 0x000001c951513db0 nmethod 19089 0x000001c93a71e610 code [0x000001c93a71e7c0, 0x000001c93a71e9f8]
Event: 17.868 Thread 0x000001c951633a30 nmethod 19087 0x000001c93b1c3d90 code [0x000001c93b1c3f60, 0x000001c93b1c4348]
Event: 17.868 Thread 0x000001c951513db0 19103       3       com.android.tools.r8.internal.cn::b (16 bytes)
Event: 17.868 Thread 0x000001c951633a30 19037       3       com.android.tools.r8.synthesis.s::a (44 bytes)
Event: 17.871 Thread 0x000001c9516230c0 nmethod 19093 0x000001c93b1c3410 code [0x000001c93b1c3600, 0x000001c93b1c3b48]
Event: 17.871 Thread 0x000001c951513db0 nmethod 19103 0x000001c93b1c2c90 code [0x000001c93b1c2e40, 0x000001c93b1c30a8]
Event: 17.871 Thread 0x000001c95186eb60 nmethod 19094 0x000001c93aa08e90 code [0x000001c93aa09060, 0x000001c93aa093b8]
Event: 17.871 Thread 0x000001c951513db0 19106       3       com.android.tools.r8.ir.regalloc.b::c (71 bytes)
Event: 17.871 Thread 0x000001c9516230c0 18908       2       com.android.tools.r8.internal.mS::a (109 bytes)
Event: 17.871 Thread 0x000001c95186eb60 19059       2       com.android.tools.r8.ir.regalloc.b::c (8 bytes)

GC Heap History (20 events):
Event: 15.662 GC heap before
{Heap before GC invocations=51 (full 0):
 garbage-first heap   total 281600K, used 214020K [0x0000000080000000, 0x0000000100000000)
  region size 1024K, 98 young (100352K), 8 survivors (8192K)
 Metaspace       used 93185K, committed 94080K, reserved 1179648K
  class space    used 12599K, committed 12992K, reserved 1048576K
}
Event: 15.668 GC heap after
{Heap after GC invocations=52 (full 0):
 garbage-first heap   total 281600K, used 130666K [0x0000000080000000, 0x0000000100000000)
  region size 1024K, 8 young (8192K), 8 survivors (8192K)
 Metaspace       used 93185K, committed 94080K, reserved 1179648K
  class space    used 12599K, committed 12992K, reserved 1048576K
}
Event: 15.884 GC heap before
{Heap before GC invocations=52 (full 0):
 garbage-first heap   total 281600K, used 223850K [0x0000000080000000, 0x0000000100000000)
  region size 1024K, 96 young (98304K), 8 survivors (8192K)
 Metaspace       used 94487K, committed 95360K, reserved 1179648K
  class space    used 12801K, committed 13248K, reserved 1048576K
}
Event: 15.891 GC heap after
{Heap after GC invocations=53 (full 0):
 garbage-first heap   total 281600K, used 140598K [0x0000000080000000, 0x0000000100000000)
  region size 1024K, 9 young (9216K), 9 survivors (9216K)
 Metaspace       used 94487K, committed 95360K, reserved 1179648K
  class space    used 12801K, committed 13248K, reserved 1048576K
}
Event: 15.946 GC heap before
{Heap before GC invocations=53 (full 0):
 garbage-first heap   total 281600K, used 224566K [0x0000000080000000, 0x0000000100000000)
  region size 1024K, 91 young (93184K), 9 survivors (9216K)
 Metaspace       used 94629K, committed 95616K, reserved 1179648K
  class space    used 12809K, committed 13248K, reserved 1048576K
}
Event: 15.954 GC heap after
{Heap after GC invocations=54 (full 0):
 garbage-first heap   total 281600K, used 154120K [0x0000000080000000, 0x0000000100000000)
  region size 1024K, 12 young (12288K), 12 survivors (12288K)
 Metaspace       used 94629K, committed 95616K, reserved 1179648K
  class space    used 12809K, committed 13248K, reserved 1048576K
}
Event: 16.030 GC heap before
{Heap before GC invocations=54 (full 0):
 garbage-first heap   total 281600K, used 224776K [0x0000000080000000, 0x0000000100000000)
  region size 1024K, 82 young (83968K), 12 survivors (12288K)
 Metaspace       used 95408K, committed 96384K, reserved 1179648K
  class space    used 12917K, committed 13376K, reserved 1048576K
}
Event: 16.039 GC heap after
{Heap after GC invocations=55 (full 0):
 garbage-first heap   total 471040K, used 173042K [0x0000000080000000, 0x0000000100000000)
  region size 1024K, 11 young (11264K), 11 survivors (11264K)
 Metaspace       used 95408K, committed 96384K, reserved 1179648K
  class space    used 12917K, committed 13376K, reserved 1048576K
}
Event: 16.547 GC heap before
{Heap before GC invocations=55 (full 0):
 garbage-first heap   total 471040K, used 349170K [0x0000000080000000, 0x0000000100000000)
  region size 1024K, 184 young (188416K), 11 survivors (11264K)
 Metaspace       used 99138K, committed 100160K, reserved 1179648K
  class space    used 13595K, committed 14080K, reserved 1048576K
}
Event: 16.560 GC heap after
{Heap after GC invocations=56 (full 0):
 garbage-first heap   total 471040K, used 210870K [0x0000000080000000, 0x0000000100000000)
  region size 1024K, 23 young (23552K), 23 survivors (23552K)
 Metaspace       used 99138K, committed 100160K, reserved 1179648K
  class space    used 13595K, committed 14080K, reserved 1048576K
}
Event: 16.724 GC heap before
{Heap before GC invocations=56 (full 0):
 garbage-first heap   total 471040K, used 339894K [0x0000000080000000, 0x0000000100000000)
  region size 1024K, 150 young (153600K), 23 survivors (23552K)
 Metaspace       used 99797K, committed 100800K, reserved 1179648K
  class space    used 13738K, committed 14208K, reserved 1048576K
}
Event: 16.746 GC heap after
{Heap after GC invocations=57 (full 0):
 garbage-first heap   total 471040K, used 243352K [0x0000000080000000, 0x0000000100000000)
  region size 1024K, 19 young (19456K), 19 survivors (19456K)
 Metaspace       used 99797K, committed 100800K, reserved 1179648K
  class space    used 13738K, committed 14208K, reserved 1048576K
}
Event: 16.989 GC heap before
{Heap before GC invocations=57 (full 0):
 garbage-first heap   total 471040K, used 353944K [0x0000000080000000, 0x0000000100000000)
  region size 1024K, 128 young (131072K), 19 survivors (19456K)
 Metaspace       used 101561K, committed 102592K, reserved 1179648K
  class space    used 14105K, committed 14592K, reserved 1048576K
}
Event: 17.006 GC heap after
{Heap after GC invocations=58 (full 0):
 garbage-first heap   total 471040K, used 268288K [0x0000000080000000, 0x0000000100000000)
  region size 1024K, 16 young (16384K), 16 survivors (16384K)
 Metaspace       used 101561K, committed 102592K, reserved 1179648K
  class space    used 14105K, committed 14592K, reserved 1048576K
}
Event: 17.144 GC heap before
{Heap before GC invocations=58 (full 0):
 garbage-first heap   total 471040K, used 366592K [0x0000000080000000, 0x0000000100000000)
  region size 1024K, 112 young (114688K), 16 survivors (16384K)
 Metaspace       used 103349K, committed 104320K, reserved 1179648K
  class space    used 14472K, committed 14912K, reserved 1048576K
}
Event: 17.159 GC heap after
{Heap after GC invocations=59 (full 0):
 garbage-first heap   total 471040K, used 287129K [0x0000000080000000, 0x0000000100000000)
  region size 1024K, 14 young (14336K), 14 survivors (14336K)
 Metaspace       used 103349K, committed 104320K, reserved 1179648K
  class space    used 14472K, committed 14912K, reserved 1048576K
}
Event: 17.363 GC heap before
{Heap before GC invocations=59 (full 0):
 garbage-first heap   total 471040K, used 373145K [0x0000000080000000, 0x0000000100000000)
  region size 1024K, 99 young (101376K), 14 survivors (14336K)
 Metaspace       used 105933K, committed 106944K, reserved 1179648K
  class space    used 15331K, committed 15808K, reserved 1048576K
}
Event: 17.377 GC heap after
{Heap after GC invocations=60 (full 0):
 garbage-first heap   total 724992K, used 303023K [0x0000000080000000, 0x0000000100000000)
  region size 1024K, 13 young (13312K), 13 survivors (13312K)
 Metaspace       used 105933K, committed 106944K, reserved 1179648K
  class space    used 15331K, committed 15808K, reserved 1048576K
}
Event: 17.827 GC heap before
{Heap before GC invocations=60 (full 0):
 garbage-first heap   total 724992K, used 544687K [0x0000000080000000, 0x0000000100000000)
  region size 1024K, 250 young (256000K), 13 survivors (13312K)
 Metaspace       used 109910K, committed 110976K, reserved 1179648K
  class space    used 16162K, committed 16640K, reserved 1048576K
}
Event: 17.857 GC heap after
{Heap after GC invocations=61 (full 0):
 garbage-first heap   total 724992K, used 341724K [0x0000000080000000, 0x0000000100000000)
  region size 1024K, 32 young (32768K), 32 survivors (32768K)
 Metaspace       used 109910K, committed 110976K, reserved 1179648K
  class space    used 16162K, committed 16640K, reserved 1048576K
}

Deoptimization events (20 events):
Event: 17.627 Thread 0x000001c9971ceb90 DEOPT UNPACKING pc=0x000001c940d223a3 sp=0x00000065d71f71f8 mode 2
Event: 17.627 Thread 0x000001c9994398e0 DEOPT UNPACKING pc=0x000001c940d223a3 sp=0x00000065cfcf9da8 mode 2
Event: 17.627 Thread 0x000001c997431e00 DEOPT PACKING pc=0x000001c941ba457c sp=0x00000065d16fa460
Event: 17.627 Thread 0x000001c99742f070 DEOPT PACKING pc=0x000001c941ba457c sp=0x00000065d09fa030
Event: 17.627 Thread 0x000001c997431e00 DEOPT UNPACKING pc=0x000001c940d223a3 sp=0x00000065d16fa348 mode 2
Event: 17.627 Thread 0x000001c99742f070 DEOPT UNPACKING pc=0x000001c940d223a3 sp=0x00000065d09f9f18 mode 2
Event: 17.627 Thread 0x000001c99742fa90 DEOPT PACKING pc=0x000001c941ba457c sp=0x00000065d0dfa280
Event: 17.627 Thread 0x000001c99742fa90 DEOPT UNPACKING pc=0x000001c940d223a3 sp=0x00000065d0dfa168 mode 2
Event: 17.764 Thread 0x000001c99943b740 Uncommon trap: trap_request=0xffffff45 fr.pc=0x000001c9417de3ec relative=0x000000000000124c
Event: 17.764 Thread 0x000001c99943b740 Uncommon trap: reason=unstable_if action=reinterpret pc=0x000001c9417de3ec method=com.android.tools.r8.internal.As.a(ILjava/lang/Object;)Ljava/lang/Object; @ 209 c2
Event: 17.765 Thread 0x000001c99943b740 DEOPT PACKING pc=0x000001c9417de3ec sp=0x00000065cfbf9b40
Event: 17.765 Thread 0x000001c99943b740 DEOPT UNPACKING pc=0x000001c940d223a3 sp=0x00000065cfbf9b18 mode 2
Event: 17.776 Thread 0x000001c99742f070 DEOPT PACKING pc=0x000001c93aa0a164 sp=0x00000065d09f9d40
Event: 17.776 Thread 0x000001c99742f070 DEOPT UNPACKING pc=0x000001c940d22b43 sp=0x00000065d09f9378 mode 0
Event: 17.791 Thread 0x000001c999c9a2a0 DEOPT PACKING pc=0x000001c93aa0b114 sp=0x00000065d27f9e10
Event: 17.791 Thread 0x000001c999c9a2a0 DEOPT UNPACKING pc=0x000001c940d22b43 sp=0x00000065d27f9460 mode 0
Event: 17.801 Thread 0x000001c997431e00 DEOPT PACKING pc=0x000001c93aa0b114 sp=0x00000065d16fa160
Event: 17.801 Thread 0x000001c997431e00 DEOPT UNPACKING pc=0x000001c940d22b43 sp=0x00000065d16f97b0 mode 0
Event: 17.802 Thread 0x000001c999c9e980 DEOPT PACKING pc=0x000001c93aa0b114 sp=0x00000065d31fa040
Event: 17.802 Thread 0x000001c999c9e980 DEOPT UNPACKING pc=0x000001c940d22b43 sp=0x00000065d31f9690 mode 0

Classes unloaded (0 events):
No events

Classes redefined (0 events):
No events

Internal exceptions (20 events):
Event: 17.264 Thread 0x000001c99a081ae0 Exception <a 'java/lang/NoSuchMethodError'{0x000000009b572aa0}: 'int java.lang.invoke.DirectMethodHandle$Holder.invokeSpecial(java.lang.Object, java.lang.Object, java.lang.Object, java.lang.Object, java.lang.Object, java.lang.Object)'> (0x000000009b572aa0) 
thrown [s\open\src\hotspot\share\interpreter\linkResolver.cpp, line 759]
Event: 17.264 Thread 0x000001c999c99d90 Exception <a 'java/lang/NoSuchMethodError'{0x000000009b445680}: 'int java.lang.invoke.DirectMethodHandle$Holder.invokeSpecial(java.lang.Object, java.lang.Object, java.lang.Object, java.lang.Object, java.lang.Object, java.lang.Object)'> (0x000000009b445680) 
thrown [s\open\src\hotspot\share\interpreter\linkResolver.cpp, line 759]
Event: 17.561 Thread 0x000001c99742f070 Exception <a 'java/lang/NoSuchMethodError'{0x00000000a8df2548}: 'void java.lang.invoke.DirectMethodHandle$Holder.invokeSpecial(java.lang.Object, java.lang.Object, int, java.lang.Object)'> (0x00000000a8df2548) 
thrown [s\open\src\hotspot\share\interpreter\linkResolver.cpp, line 759]
Event: 17.561 Thread 0x000001c99b00d220 Exception <a 'java/lang/NoSuchMethodError'{0x00000000a4b8cb80}: 'void java.lang.invoke.DirectMethodHandle$Holder.invokeSpecial(java.lang.Object, java.lang.Object, int, java.lang.Object)'> (0x00000000a4b8cb80) 
thrown [s\open\src\hotspot\share\interpreter\linkResolver.cpp, line 759]
Event: 17.561 Thread 0x000001c99943b740 Exception <a 'java/lang/NoSuchMethodError'{0x00000000a8b38740}: 'void java.lang.invoke.DirectMethodHandle$Holder.invokeSpecial(java.lang.Object, java.lang.Object, int, java.lang.Object)'> (0x00000000a8b38740) 
thrown [s\open\src\hotspot\share\interpreter\linkResolver.cpp, line 759]
Event: 17.665 Thread 0x000001c999c99d90 Exception <a 'java/lang/NoSuchMethodError'{0x00000000a0845c08}: 'int java.lang.invoke.DirectMethodHandle$Holder.invokeSpecial(java.lang.Object, java.lang.Object, java.lang.Object, int)'> (0x00000000a0845c08) 
thrown [s\open\src\hotspot\share\interpreter\linkResolver.cpp, line 759]
Event: 17.665 Thread 0x000001c9974355b0 Exception <a 'java/lang/NoSuchMethodError'{0x00000000a01735f8}: 'int java.lang.invoke.DirectMethodHandle$Holder.invokeSpecial(java.lang.Object, java.lang.Object, java.lang.Object, int)'> (0x00000000a01735f8) 
thrown [s\open\src\hotspot\share\interpreter\linkResolver.cpp, line 759]
Event: 17.665 Thread 0x000001c99742fa90 Exception <a 'java/lang/NoSuchMethodError'{0x00000000a1df48b0}: 'int java.lang.invoke.DirectMethodHandle$Holder.invokeSpecial(java.lang.Object, java.lang.Object, java.lang.Object, int)'> (0x00000000a1df48b0) 
thrown [s\open\src\hotspot\share\interpreter\linkResolver.cpp, line 759]
Event: 17.665 Thread 0x000001c99943a300 Exception <a 'java/lang/NoSuchMethodError'{0x00000000a0042c50}: 'int java.lang.invoke.DirectMethodHandle$Holder.invokeSpecial(java.lang.Object, java.lang.Object, java.lang.Object, int)'> (0x00000000a0042c50) 
thrown [s\open\src\hotspot\share\interpreter\linkResolver.cpp, line 759]
Event: 17.665 Thread 0x000001c9971ceb90 Exception <a 'java/lang/NoSuchMethodError'{0x00000000a146db88}: 'int java.lang.invoke.DirectMethodHandle$Holder.invokeSpecial(java.lang.Object, java.lang.Object, java.lang.Object, int)'> (0x00000000a146db88) 
thrown [s\open\src\hotspot\share\interpreter\linkResolver.cpp, line 759]
Event: 17.665 Thread 0x000001c9994398e0 Exception <a 'java/lang/NoSuchMethodError'{0x00000000a0106e38}: 'int java.lang.invoke.DirectMethodHandle$Holder.invokeSpecial(java.lang.Object, java.lang.Object, java.lang.Object, int)'> (0x00000000a0106e38) 
thrown [s\open\src\hotspot\share\interpreter\linkResolver.cpp, line 759]
Event: 17.665 Thread 0x000001c999805420 Exception <a 'java/lang/NoSuchMethodError'{0x00000000a19ed530}: 'int java.lang.invoke.DirectMethodHandle$Holder.invokeSpecial(java.lang.Object, java.lang.Object, java.lang.Object, int)'> (0x00000000a19ed530) 
thrown [s\open\src\hotspot\share\interpreter\linkResolver.cpp, line 759]
Event: 17.665 Thread 0x000001c951539220 Exception <a 'java/lang/NoSuchMethodError'{0x00000000a0ed4a30}: 'int java.lang.invoke.DirectMethodHandle$Holder.invokeSpecial(java.lang.Object, java.lang.Object, java.lang.Object, int)'> (0x00000000a0ed4a30) 
thrown [s\open\src\hotspot\share\interpreter\linkResolver.cpp, line 759]
Event: 17.665 Thread 0x000001c99742f070 Exception <a 'java/lang/NoSuchMethodError'{0x00000000a0b0fa88}: 'int java.lang.invoke.DirectMethodHandle$Holder.invokeSpecial(java.lang.Object, java.lang.Object, java.lang.Object, int)'> (0x00000000a0b0fa88) 
thrown [s\open\src\hotspot\share\interpreter\linkResolver.cpp, line 759]
Event: 17.665 Thread 0x000001c997431e00 Exception <a 'java/lang/NoSuchMethodError'{0x00000000a1017770}: 'int java.lang.invoke.DirectMethodHandle$Holder.invokeSpecial(java.lang.Object, java.lang.Object, java.lang.Object, int)'> (0x00000000a1017770) 
thrown [s\open\src\hotspot\share\interpreter\linkResolver.cpp, line 759]
Event: 17.666 Thread 0x000001c999c9d030 Exception <a 'java/lang/NoSuchMethodError'{0x00000000a0156608}: 'int java.lang.invoke.DirectMethodHandle$Holder.invokeSpecial(java.lang.Object, java.lang.Object, java.lang.Object, int)'> (0x00000000a0156608) 
thrown [s\open\src\hotspot\share\interpreter\linkResolver.cpp, line 759]
Event: 17.688 Thread 0x000001c999c99d90 Exception <a 'java/lang/NoSuchMethodError'{0x000000009fd70c48}: 'int java.lang.invoke.DirectMethodHandle$Holder.invokeSpecial(java.lang.Object, java.lang.Object, java.lang.Object, int, java.lang.Object)'> (0x000000009fd70c48) 
thrown [s\open\src\hotspot\share\interpreter\linkResolver.cpp, line 759]
Event: 17.688 Thread 0x000001c99742f070 Exception <a 'java/lang/NoSuchMethodError'{0x000000009fcaaa10}: 'int java.lang.invoke.DirectMethodHandle$Holder.invokeSpecial(java.lang.Object, java.lang.Object, java.lang.Object, int, java.lang.Object)'> (0x000000009fcaaa10) 
thrown [s\open\src\hotspot\share\interpreter\linkResolver.cpp, line 759]
Event: 17.688 Thread 0x000001c99b00d220 Exception <a 'java/lang/NoSuchMethodError'{0x00000000a02d2b18}: 'int java.lang.invoke.DirectMethodHandle$Holder.invokeSpecial(java.lang.Object, java.lang.Object, java.lang.Object, int, java.lang.Object)'> (0x00000000a02d2b18) 
thrown [s\open\src\hotspot\share\interpreter\linkResolver.cpp, line 759]
Event: 17.872 Thread 0x000001c9971ceb90 Exception <a 'java/lang/NoSuchMethodError'{0x00000000ac1c2f40}: 'java.lang.Object java.lang.invoke.DirectMethodHandle$Holder.invokeInterface(java.lang.Object, java.lang.Object, int)'> (0x00000000ac1c2f40) 
thrown [s\open\src\hotspot\share\interpreter\linkResolver.cpp, line 759]

VM Operations (20 events):
Event: 17.440 Executing VM operation: HandshakeAllThreads done
Event: 17.528 Executing VM operation: ICBufferFull
Event: 17.528 Executing VM operation: ICBufferFull done
Event: 17.626 Executing VM operation: HandshakeAllThreads
Event: 17.627 Executing VM operation: HandshakeAllThreads done
Event: 17.631 Executing VM operation: HandshakeAllThreads
Event: 17.631 Executing VM operation: HandshakeAllThreads done
Event: 17.732 Executing VM operation: ICBufferFull
Event: 17.736 Executing VM operation: ICBufferFull done
Event: 17.752 Executing VM operation: HandshakeAllThreads
Event: 17.755 Executing VM operation: HandshakeAllThreads done
Event: 17.757 Executing VM operation: HandshakeAllThreads
Event: 17.759 Executing VM operation: HandshakeAllThreads done
Event: 17.774 Executing VM operation: HandshakeAllThreads
Event: 17.775 Executing VM operation: HandshakeAllThreads done
Event: 17.786 Executing VM operation: HandshakeAllThreads
Event: 17.791 Executing VM operation: HandshakeAllThreads done
Event: 17.826 Executing VM operation: G1CollectForAllocation
Event: 17.859 Executing VM operation: G1CollectForAllocation done
Event: 17.873 Executing VM operation: HandshakeAllThreads

Events (20 events):
Event: 17.777 Thread 0x000001c951514e40 flushing nmethod 0x000001c941bfc310
Event: 17.777 Thread 0x000001c951514e40 flushing nmethod 0x000001c941bfd690
Event: 17.777 Thread 0x000001c951514e40 flushing nmethod 0x000001c941c04010
Event: 17.777 Thread 0x000001c951514e40 flushing nmethod 0x000001c941c15c90
Event: 17.779 Thread 0x000001c951514e40 flushing nmethod 0x000001c93995da90
Event: 17.786 Thread 0x000001c951514e40 flushing nmethod 0x000001c939991410
Event: 17.787 Thread 0x000001c951514e40 flushing nmethod 0x000001c939a48190
Event: 17.791 Thread 0x000001c951514e40 flushing nmethod 0x000001c939d6bf10
Event: 17.791 Thread 0x000001c951514e40 flushing nmethod 0x000001c939da1c10
Event: 17.799 Thread 0x000001c951514e40 flushing nmethod 0x000001c939f7bb90
Event: 17.799 Thread 0x000001c951514e40 flushing nmethod 0x000001c939f89e10
Event: 17.800 Thread 0x000001c951514e40 flushing nmethod 0x000001c939fb8a90
Event: 17.812 Thread 0x000001c951514e40 flushing nmethod 0x000001c93a19e710
Event: 17.819 Thread 0x000001c951514e40 flushing nmethod 0x000001c93a21cd10
Event: 17.858 Thread 0x000001c951514e40 flushing nmethod 0x000001c93a325090
Event: 17.865 Thread 0x000001c951514e40 flushing nmethod 0x000001c93a5cb390
Event: 17.867 Thread 0x000001c951514e40 flushing nmethod 0x000001c93a67f410
Event: 17.868 Thread 0x000001c951514e40 flushing nmethod 0x000001c93a71e290
Event: 17.873 Thread 0x000001c951514e40 flushing nmethod 0x000001c93a7c3e90
Event: 17.874 Thread 0x000001c951514e40 flushing nmethod 0x000001c93a7eb910


Dynamic libraries:
0x00007ff72ce90000 - 0x00007ff72cea0000 	C:\Program Files\Java\jdk-17\bin\java.exe
0x00007ffd93b20000 - 0x00007ffd93d87000 	C:\WINDOWS\SYSTEM32\ntdll.dll
0x00007ffd92430000 - 0x00007ffd924fb000 	C:\WINDOWS\System32\KERNEL32.DLL
0x00007ffd91430000 - 0x00007ffd91832000 	C:\WINDOWS\System32\KERNELBASE.dll
0x00007ffd90f00000 - 0x00007ffd9104c000 	C:\WINDOWS\System32\ucrtbase.dll
0x00007ffd8b8e0000 - 0x00007ffd8b8fb000 	C:\Program Files\Java\jdk-17\bin\VCRUNTIME140.dll
0x00007ffd8b8c0000 - 0x00007ffd8b8d9000 	C:\Program Files\Java\jdk-17\bin\jli.dll
0x00007ffd91840000 - 0x00007ffd918fc000 	C:\WINDOWS\System32\ADVAPI32.dll
0x00007ffd91910000 - 0x00007ffd919b9000 	C:\WINDOWS\System32\msvcrt.dll
0x00007ffd91f50000 - 0x00007ffd91ff9000 	C:\WINDOWS\System32\sechost.dll
0x00007ffd93670000 - 0x00007ffd93788000 	C:\WINDOWS\System32\RPCRT4.dll
0x00007ffd93810000 - 0x00007ffd939df000 	C:\WINDOWS\System32\USER32.dll
0x00007ffd91400000 - 0x00007ffd91427000 	C:\WINDOWS\System32\win32u.dll
0x00007ffd75380000 - 0x00007ffd75610000 	C:\WINDOWS\WinSxS\amd64_microsoft.windows.common-controls_6595b64144ccf1df_6.0.26100.9278_none_3e0d1ba8e3303201\COMCTL32.dll
0x00007ffd92110000 - 0x00007ffd9213b000 	C:\WINDOWS\System32\GDI32.dll
0x00007ffd90d20000 - 0x00007ffd90e49000 	C:\WINDOWS\System32\gdi32full.dll
0x00007ffd90e50000 - 0x00007ffd90ef3000 	C:\WINDOWS\System32\msvcp_win.dll
0x00007ffd88f50000 - 0x00007ffd88f5b000 	C:\WINDOWS\SYSTEM32\VERSION.dll
0x00007ffd933c0000 - 0x00007ffd933f1000 	C:\WINDOWS\System32\IMM32.DLL
0x00007ffd8b960000 - 0x00007ffd8b96c000 	C:\Program Files\Java\jdk-17\bin\vcruntime140_1.dll
0x00007ffd50ec0000 - 0x00007ffd50f4e000 	C:\Program Files\Java\jdk-17\bin\msvcp140.dll
0x00007ffd22f50000 - 0x00007ffd23b30000 	C:\Program Files\Java\jdk-17\bin\server\jvm.dll
0x00007ffd91f40000 - 0x00007ffd91f48000 	C:\WINDOWS\System32\PSAPI.DLL
0x00007ffd826a0000 - 0x00007ffd826d6000 	C:\WINDOWS\SYSTEM32\WINMM.dll
0x00007ffd81220000 - 0x00007ffd8122a000 	C:\WINDOWS\SYSTEM32\WSOCK32.dll
0x00007ffd93a50000 - 0x00007ffd93ad0000 	C:\WINDOWS\System32\WS2_32.dll
0x00007ffd8f9b0000 - 0x00007ffd8f9cb000 	C:\WINDOWS\SYSTEM32\kernel.appcore.dll
0x00007ffd8b8b0000 - 0x00007ffd8b8ba000 	C:\Program Files\Java\jdk-17\bin\jimage.dll
0x00007ffd8e260000 - 0x00007ffd8e4ac000 	C:\WINDOWS\SYSTEM32\DBGHELP.DLL
0x00007ffd92e00000 - 0x00007ffd93185000 	C:\WINDOWS\System32\combase.dll
0x00007ffd93490000 - 0x00007ffd93569000 	C:\WINDOWS\System32\OLEAUT32.dll
0x00007ffd79ef0000 - 0x00007ffd79f2b000 	C:\WINDOWS\SYSTEM32\dbgcore.DLL
0x00007ffd910f0000 - 0x00007ffd9119c000 	C:\WINDOWS\System32\bcryptPrimitives.dll
0x00007ffd8b880000 - 0x00007ffd8b8a5000 	C:\Program Files\Java\jdk-17\bin\java.dll
0x00007ffd22e70000 - 0x00007ffd22f47000 	C:\Program Files\Java\jdk-17\bin\jsvml.dll
0x00007ffd92660000 - 0x00007ffd92df8000 	C:\WINDOWS\System32\SHELL32.dll
0x00007ffd8e740000 - 0x00007ffd8efee000 	C:\WINDOWS\SYSTEM32\windows.storage.dll
0x00007ffd93570000 - 0x00007ffd9366b000 	C:\WINDOWS\System32\SHCORE.dll
0x00007ffd92340000 - 0x00007ffd923a6000 	C:\WINDOWS\System32\shlwapi.dll
0x00007ffd90c40000 - 0x00007ffd90c69000 	C:\WINDOWS\SYSTEM32\profapi.dll
0x00007ffd5ea10000 - 0x00007ffd5ea29000 	C:\Program Files\Java\jdk-17\bin\net.dll
0x00007ffd8ae00000 - 0x00007ffd8af2a000 	C:\WINDOWS\SYSTEM32\WINHTTP.dll
0x00007ffd8ff50000 - 0x00007ffd8ffbc000 	C:\WINDOWS\system32\mswsock.dll
0x00007ffd5bac0000 - 0x00007ffd5bad6000 	C:\Program Files\Java\jdk-17\bin\nio.dll
0x00007ffd55110000 - 0x00007ffd55128000 	C:\Program Files\Java\jdk-17\bin\zip.dll
0x00007ffd88f20000 - 0x00007ffd88f30000 	C:\Program Files\Java\jdk-17\bin\verify.dll
0x00007ffce9700000 - 0x00007ffce9727000 	C:\Users\ASUS\.gradle\native\e1d6ef7f7dcc3fd88c89a11ec53ec762bb8ba0a96d01ffa2cd45eb1d1d8dd5c5\windows-amd64\native-platform.dll
0x00007ffcf2a10000 - 0x00007ffcf2b54000 	C:\Users\ASUS\.gradle\native\0d407fdbe67a94daf76414ababcb853783967236a71b16ec16e742cd7a986fd3\windows-amd64\native-platform-file-events.dll
0x00007ffd668b0000 - 0x00007ffd668ba000 	C:\Program Files\Java\jdk-17\bin\management.dll
0x00007ffd5ea00000 - 0x00007ffd5ea0b000 	C:\Program Files\Java\jdk-17\bin\management_ext.dll
0x00007ffd90370000 - 0x00007ffd9038b000 	C:\WINDOWS\SYSTEM32\CRYPTSP.dll
0x00007ffd8f910000 - 0x00007ffd8f949000 	C:\WINDOWS\system32\rsaenh.dll
0x00007ffd90000000 - 0x00007ffd90034000 	C:\WINDOWS\SYSTEM32\USERENV.dll
0x00007ffd90c10000 - 0x00007ffd90c3a000 	C:\WINDOWS\SYSTEM32\bcrypt.dll
0x00007ffd901b0000 - 0x00007ffd901bc000 	C:\WINDOWS\SYSTEM32\CRYPTBASE.dll
0x00007ffd8f3b0000 - 0x00007ffd8f3e3000 	C:\WINDOWS\SYSTEM32\IPHLPAPI.DLL
0x00007ffd91f30000 - 0x00007ffd91f3a000 	C:\WINDOWS\System32\NSI.dll
0x00007ffd8b000000 - 0x00007ffd8b01d000 	C:\WINDOWS\SYSTEM32\dhcpcsvc6.DLL
0x00007ffd8afd0000 - 0x00007ffd8aff5000 	C:\WINDOWS\SYSTEM32\dhcpcsvc.DLL
0x00007ffd8f450000 - 0x00007ffd8f5a8000 	C:\WINDOWS\SYSTEM32\DNSAPI.dll
0x00007ffd8fd70000 - 0x00007ffd8fd7d000 	C:\WINDOWS\SYSTEM32\DSPARSE.dll
0x00007ffd551b0000 - 0x00007ffd551be000 	C:\Program Files\Java\jdk-17\bin\sunmscapi.dll
0x00007ffd911b0000 - 0x00007ffd9132e000 	C:\WINDOWS\System32\CRYPT32.dll
0x00007ffd904e0000 - 0x00007ffd90510000 	C:\WINDOWS\SYSTEM32\ncrypt.dll
0x00007ffd90490000 - 0x00007ffd904cf000 	C:\WINDOWS\SYSTEM32\NTASN1.dll
0x00007ffd777e0000 - 0x00007ffd777e8000 	C:\WINDOWS\system32\wshunix.dll

dbghelp: loaded successfully - version: 4.0.5 - missing functions: none
symbol engine: initialized successfully - sym options: 0x614 - pdb path: .;C:\Program Files\Java\jdk-17\bin;C:\WINDOWS\SYSTEM32;C:\WINDOWS\WinSxS\amd64_microsoft.windows.common-controls_6595b64144ccf1df_6.0.26100.9278_none_3e0d1ba8e3303201;C:\Program Files\Java\jdk-17\bin\server;C:\Users\ASUS\.gradle\native\e1d6ef7f7dcc3fd88c89a11ec53ec762bb8ba0a96d01ffa2cd45eb1d1d8dd5c5\windows-amd64;C:\Users\ASUS\.gradle\native\0d407fdbe67a94daf76414ababcb853783967236a71b16ec16e742cd7a986fd3\windows-amd64

VM Arguments:
jvm_args: --add-opens=java.base/java.util=ALL-UNNAMED --add-opens=java.base/java.lang=ALL-UNNAMED --add-opens=java.base/java.lang.invoke=ALL-UNNAMED --add-opens=java.base/java.util=ALL-UNNAMED --add-opens=java.prefs/java.util.prefs=ALL-UNNAMED --add-opens=java.prefs/java.util.prefs=ALL-UNNAMED --add-opens=java.base/java.nio.charset=ALL-UNNAMED --add-opens=java.base/java.net=ALL-UNNAMED --add-opens=java.base/java.util.concurrent.atomic=ALL-UNNAMED -Xmx2048m -Dfile.encoding=UTF-8 -Duser.country=US -Duser.language=en -Duser.variant 
java_command: org.gradle.launcher.daemon.bootstrap.GradleDaemon 7.4
java_class_path (initial): C:\Users\ASUS\.gradle\wrapper\dists\gradle-7.4-bin\c0gwcg53nkjbqw7r0h0umtfvt\gradle-7.4\lib\gradle-launcher-7.4.jar
Launcher Type: SUN_STANDARD

[Global flags]
     intx CICompilerCount                          = 12                                        {product} {ergonomic}
     uint ConcGCThreads                            = 3                                         {product} {ergonomic}
     uint G1ConcRefinementThreads                  = 13                                        {product} {ergonomic}
   size_t G1HeapRegionSize                         = 1048576                                   {product} {ergonomic}
    uintx GCDrainStackTargetSize                   = 64                                        {product} {ergonomic}
   size_t InitialHeapSize                          = 266338304                                 {product} {ergonomic}
   size_t MarkStackSize                            = 4194304                                   {product} {ergonomic}
   size_t MaxHeapSize                              = 2147483648                                {product} {command line}
   size_t MaxNewSize                               = 1287651328                                {product} {ergonomic}
   size_t MinHeapDeltaBytes                        = 1048576                                   {product} {ergonomic}
   size_t MinHeapSize                              = 8388608                                   {product} {ergonomic}
    uintx NonNMethodCodeHeapSize                   = 7602480                                {pd product} {ergonomic}
    uintx NonProfiledCodeHeapSize                  = 122027880                              {pd product} {ergonomic}
    uintx ProfiledCodeHeapSize                     = 122027880                              {pd product} {ergonomic}
    uintx ReservedCodeCacheSize                    = 251658240                              {pd product} {ergonomic}
     bool SegmentedCodeCache                       = true                                      {product} {ergonomic}
   size_t SoftMaxHeapSize                          = 2147483648                             {manageable} {ergonomic}
     bool UseCompressedClassPointers               = true                           {product lp64_product} {ergonomic}
     bool UseCompressedOops                        = true                           {product lp64_product} {ergonomic}
     bool UseG1GC                                  = true                                      {product} {ergonomic}
     bool UseLargePagesIndividualAllocation        = false                                  {pd product} {ergonomic}

Logging:
Log output configuration:
 #0: stdout all=warning uptime,level,tags
 #1: stderr all=off uptime,level,tags

Environment Variables:
PATH=C:\Program Files\NVIDIA GPU Computing Toolkit\CUDA\v12.6\bin;C:\Program Files\NVIDIA GPU Computing Toolkit\CUDA\v12.6\libnvvp;C:\Program Files\NVIDIA GPU Computing Toolkit\CUDA\v13.3\bin\x64;C:\Program Files\NVIDIA GPU Computing Toolkit\CUDA\v13.3\bin;c:\Users\ASUS\AppData\Local\Programs\cursor\resources\app\bin;C:\Program Files\Common Files\Oracle\Java\javapath;C:\WINDOWS\system32;C:\WINDOWS;C:\WINDOWS\System32\Wbem;C:\WINDOWS\System32\WindowsPowerShell\v1.0\;C:\WINDOWS\System32\OpenSSH\;C:\Program Files (x86)\NVIDIA Corporation\PhysX\Common;C:\Program Files\dotnet\;C:\Program Files\Java\jdk-17\bin;C:\Program Files\nodejs\;C:\Program Files\PostgreSQL\17\bin;C:\Program Files\Git\cmd;C:\Users\ASUS\AppData\Local\Programs\Python\Launcher\;C:\Users\ASUS\scoop\shims;C:\Users\ASUS\AppData\Local\Microsoft\WindowsApps;C:\Users\ASUS\AppData\Roaming\npm;C:\Users\ASUS\AppData\Local\Programs\Python\Python313;C:\Users\ASUS\AppData\Local\Programs\Python\Python313\Scripts;C:\Users\ASUS\AppData\Local\Programs\cursor\resources\app\bin;c:\Users\ASUS\AppData\Local\Programs\cursor\resources\app\bin;C:\Program Files\Git\cmd;C:\Program Files\NVIDIA Corporation\NVIDIA App\NvDLISR;C:\Program Files (x86)\BaseX\bin;C:\Program Files\Apache\apache-maven-3.9.12\bin;C:\Program Files\Docker\Docker\resources\bin;C:\tools\rtk-x86_64-pc-windows-msvc;C:\Program Files\NVIDIA Corporation\Nsight Compute 2024.3.0\;C:\Program Files\NVIDIA GPU Computing Toolkit\CUDA\v12.6\bin;C:\Program Files\NVIDIA GPU Computing Toolkit\CUDA\v12.6\libnvvp;C:\Program Files\NVIDIA GPU Computing Toolkit\CUDA\v13.3\bin\x64;C:\Program Files\NVIDIA GPU Computing Toolkit\CUDA\v13.3\bin;c:\Users\ASUS\AppData\Local\Programs\cursor\resources\app\bin;C:\Program Files\Common Files\Oracle\Java\javapath;C:\WINDOWS\system32;C:\WINDOWS;C:\WINDOWS\System32\Wbem;C:\WINDOWS\System32\WindowsPowerShell\v1.0\;C:\WINDOWS\System32\OpenSSH\;C:\Program Files (x86)\NVIDIA Corporation\PhysX\Common;C:\Program Files\dotnet\;C:\Program Files\Java\jdk
USERNAME=ASUS
OS=Windows_NT
PROCESSOR_IDENTIFIER=AMD64 Family 25 Model 68 Stepping 1, AuthenticAMD



---------------  S Y S T E M  ---------------

OS:
 Windows 11 , 64 bit Build 26100 (10.0.26100.9444)
OS uptime: 0 days 0:23 hours
Hyper-V role detected

CPU: total 16 (initial active 16) (16 cores per cpu, 2 threads per core) family 25 model 68 stepping 1 microcode 0xa404107, cx8, cmov, fxsr, ht, mmx, 3dnowpref, sse, sse2, sse3, ssse3, sse4a, sse4.1, sse4.2, popcnt, lzcnt, tsc, tscinvbit, avx, avx2, aes, erms, clmul, bmi1, bmi2, adx, sha, fma, vzeroupper, clflush, clflushopt, hv

Memory: 4k page, system-wide physical 16202M (416M free)
TotalPageFile size 24489M (AvailPageFile size 36M)
current process WorkingSet (physical memory assigned to process): 1156M, peak: 1161M
current process commit charge ("private bytes"): 1286M, peak: 1291M

vm_info: Java HotSpot(TM) 64-Bit Server VM (17.0.12+8-LTS-286) for windows-amd64 JRE (17.0.12+8-LTS-286), built on Jun  5 2024 06:46:59 by "mach5one" with MS VC++ 17.6 (VS2022)

END.
