#
# There is insufficient memory for the Java Runtime Environment to continue.
# Native memory allocation (malloc) failed to allocate 160256 bytes for Chunk::new
# Possible reasons:
#   The system is out of physical RAM or swap space
#   The process is running with CompressedOops enabled, and the Java Heap may be blocking the growth of the native heap
# Possible solutions:
#   Reduce memory load on the system
#   Increase physical memory or swap space
#   Check if swap backing store is full
#   Decrease Java heap size (-Xmx/-Xms)
#   Decrease number of Java threads
#   Decrease Java thread stack sizes (-Xss)
#   Set larger code cache with -XX:ReservedCodeCacheSize=
#   JVM is running with Unscaled Compressed Oops mode in which the Java heap is
#     placed in the first 4GB address space. The Java Heap base address is the
#     maximum limit for the native heap growth. Please use -XX:HeapBaseMinAddress
#     to set the Java Heap base and to place the Java Heap above 4GB virtual address.
# This output file may be truncated or incomplete.
#
#  Out of Memory Error (arena.cpp:189), pid=29116, tid=9584
#
# JRE version: Java(TM) SE Runtime Environment (17.0.12+8) (build 17.0.12+8-LTS-286)
# Java VM: Java HotSpot(TM) 64-Bit Server VM (17.0.12+8-LTS-286, mixed mode, sharing, tiered, compressed oops, compressed class ptrs, g1 gc, windows-amd64)
# No core dump will be written. Minidumps are not enabled by default on client versions of Windows
#

---------------  S U M M A R Y ------------

Command Line: --add-opens=java.base/java.util=ALL-UNNAMED --add-opens=java.base/java.lang=ALL-UNNAMED --add-opens=java.base/java.lang.invoke=ALL-UNNAMED --add-opens=java.base/java.util=ALL-UNNAMED --add-opens=java.prefs/java.util.prefs=ALL-UNNAMED --add-opens=java.prefs/java.util.prefs=ALL-UNNAMED --add-opens=java.base/java.nio.charset=ALL-UNNAMED --add-opens=java.base/java.net=ALL-UNNAMED --add-opens=java.base/java.util.concurrent.atomic=ALL-UNNAMED -Xmx2048m -Dfile.encoding=UTF-8 -Duser.country=US -Duser.language=en -Duser.variant org.gradle.launcher.daemon.bootstrap.GradleDaemon 7.4

Host: AMD Ryzen 7 7435HS                             , 16 cores, 15G,  Windows 11 , 64 bit Build 26100 (10.0.26100.9444)
Time: Tue Sep 29 12:54:51 2026 Sri Lanka Standard Time elapsed time: 24.909209 seconds (0d 0h 0m 24s)

---------------  T H R E A D  ---------------

Current thread (0x000001f1e5ac5280):  JavaThread "C2 CompilerThread0" daemon [_thread_in_native, id=9584, stack(0x000000edc3900000,0x000000edc3a00000)]


Current CompileTask:
C2:  24909 12681       4       jdk.internal.org.objectweb.asm.Frame::accept (264 bytes)

Stack: [0x000000edc3900000,0x000000edc3a00000]
Native frames: (J=compiled Java code, j=interpreted, Vv=VM code, C=native code)
V  [jvm.dll+0x67a04a]
V  [jvm.dll+0x7da4ed]
V  [jvm.dll+0x7dbe33]
V  [jvm.dll+0x7dc4a3]
V  [jvm.dll+0x24508f]
V  [jvm.dll+0xab773]
V  [jvm.dll+0xabd3c]
V  [jvm.dll+0x2aa52f]
V  [jvm.dll+0x581eb9]
V  [jvm.dll+0x21f422]
V  [jvm.dll+0x21856c]
V  [jvm.dll+0x215b65]
V  [jvm.dll+0x1a2960]
V  [jvm.dll+0x22610b]
V  [jvm.dll+0x2242ab]
V  [jvm.dll+0x79075c]
V  [jvm.dll+0x78abea]
V  [jvm.dll+0x678f35]
C  [ucrtbase.dll+0x2cd30]
C  [KERNEL32.DLL+0x2cd87]
C  [ntdll.dll+0xacaec]


---------------  P R O C E S S  ---------------

Threads class SMR info:
_java_thread_list=0x000001f1ed596650, length=241, elements={
0x000001f1c6d8d620, 0x000001f1e5aa7da0, 0x000001f1e5aa9880, 0x000001f1e5abbaf0,
0x000001f1e5abe4d0, 0x000001f1e5abeda0, 0x000001f1e5ac1e20, 0x000001f1e5ac5280,
0x000001f1e5aca3f0, 0x000001f1e5ad09b0, 0x000001f1e5c29360, 0x000001f1e5c28940,
0x000001f1e5c2bbe0, 0x000001f1e5c28e50, 0x000001f1e5c2c0f0, 0x000001f1e5c29870,
0x000001f1e5c2b1c0, 0x000001f1e5c2a7a0, 0x000001f1e5c29d80, 0x000001f1e5c2a290,
0x000001f1e5c2acb0, 0x000001f1e5c2b6d0, 0x000001f1ebfb6990, 0x000001f1ebfb6ea0,
0x000001f1ebfb5550, 0x000001f1ebfb7dd0, 0x000001f1ebfb73b0, 0x000001f1ebfb5f70,
0x000001f1ebfb5040, 0x000001f1ebfb78c0, 0x000001f1ebfb4620, 0x000001f1ebfb4b30,
0x000001f1ee6983d0, 0x000001f1ee696570, 0x000001f1ee699810, 0x000001f1ee6988e0,
0x000001f1ee6974a0, 0x000001f1ee6979b0, 0x000001f1ee698df0, 0x000001f1ee696060,
0x000001f1ee69a740, 0x000001f1ee699d20, 0x000001f1ee699300, 0x000001f1ee69a230,
0x000001f1ee696f90, 0x000001f1ee69b160, 0x000001f1ee69cfc0, 0x000001f1ee69ac50,
0x000001f1ee69b670, 0x000001f1ee69cab0, 0x000001f1ee69bb80, 0x000001f1ee69d9e0,
0x000001f1ee69c090, 0x000001f1ee69c5a0, 0x000001f1ee69d4d0, 0x000001f1ef2118c0,
0x000001f1ef213c30, 0x000001f1ef2122e0, 0x000001f1ef2127f0, 0x000001f1ef211dd0,
0x000001f1ef212d00, 0x000001f1ef210ea0, 0x000001f1ef213210, 0x000001f1ef2113b0,
0x000001f1ef213720, 0x000001f1ef214140, 0x000001f1ef210990, 0x000001f1ef216ed0,
0x000001f1ef214b60, 0x000001f1ef215580, 0x000001f1ef215a90, 0x000001f1ef2178f0,
0x000001f1ef2164b0, 0x000001f1ef2173e0, 0x000001f1ef2169c0, 0x000001f1ef215070,
0x000001f1ef215fa0, 0x000001f1ef217e00, 0x000001f1ef214650, 0x000001f1ef218310,
0x000001f1ed0b3fa0, 0x000001f1ed0b4ed0, 0x000001f1ed0b49c0, 0x000001f1ed0b53e0,
0x000001f1ed0b3a90, 0x000001f1ed0b58f0, 0x000001f1ed0b5e00, 0x000001f1ed0b6310,
0x000001f1ed0b6820, 0x000001f1ed0b3070, 0x000001f1ed0b6d30, 0x000001f1ed0b3580,
0x000001f1ed0b44b0, 0x000001f1ed0b7c60, 0x000001f1ed0b7240, 0x000001f1ed0b9fd0,
0x000001f1ed0ba4e0, 0x000001f1ed0b8170, 0x000001f1ed0b8b90, 0x000001f1ed0ba9f0,
0x000001f1ed0b8680, 0x000001f1ed0b7750, 0x000001f1ed0b90a0, 0x000001f1ed0b95b0,
0x000001f1ed0b9ac0, 0x000001f1edd3ccd0, 0x000001f1edd3dc00, 0x000001f1edd3f550,
0x000001f1edd3e110, 0x000001f1edd3bda0, 0x000001f1edd3fa60, 0x000001f1edd3c2b0,
0x000001f1edd3e620, 0x000001f1edd3eb30, 0x000001f1edd3d6f0, 0x000001f1edd3f040,
0x000001f1edd3ff70, 0x000001f1edd3c7c0, 0x000001f1edd40480, 0x000001f1edd40990,
0x000001f1edd3d1e0, 0x000001f1edd427f0, 0x000001f1edd413b0, 0x000001f1edd40ea0,
0x000001f1edd43720, 0x000001f1edd418c0, 0x000001f1edd41dd0, 0x000001f1edd422e0,
0x000001f1edd43210, 0x000001f1edd42d00, 0x000001f1ed5bf280, 0x000001f1ed5c2f40,
0x000001f1ed5c06c0, 0x000001f1ed5c0bd0, 0x000001f1ed5c10e0, 0x000001f1ed5c01b0,
0x000001f1ed5c15f0, 0x000001f1ed5c2a30, 0x000001f1ed5bfca0, 0x000001f1ed5c1b00,
0x000001f1ed5c2010, 0x000001f1ed5c2520, 0x000001f1ed5bf790, 0x000001f1ed5c6c00,
0x000001f1ed5c4380, 0x000001f1ed5c3960, 0x000001f1ed5c5cd0, 0x000001f1ed5c52b0,
0x000001f1ed5c4890, 0x000001f1ed5c3450, 0x000001f1ed5c57c0, 0x000001f1ed5c3e70,
0x000001f1ed5c4da0, 0x000001f1ed5c61e0, 0x000001f1ed5c66f0, 0x000001f1e5da7f10,
0x000001f1e5da6fe0, 0x000001f1e5da6ad0, 0x000001f1e5da74f0, 0x000001f1e5da4760,
0x000001f1e5da5180, 0x000001f1e5da7a00, 0x000001f1e5da5ba0, 0x000001f1e5da60b0,
0x000001f1e5da65c0, 0x000001f1e5da8420, 0x000001f1e5da4c70, 0x000001f1e5da8930,
0x000001f1e5da8e40, 0x000001f1e5da5690, 0x000001f1e5daa280, 0x000001f1e5da9350,
0x000001f1e5da9860, 0x000001f1e5dab6c0, 0x000001f1e5dabbd0, 0x000001f1e5dab1b0,
0x000001f1e5dac0e0, 0x000001f1e5da9d70, 0x000001f1e5daa790, 0x000001f1e5daaca0,
0x000001f1ec63aa30, 0x000001f1ec63d7c0, 0x000001f1ec63dcd0, 0x000001f1ec63af40,
0x000001f1ec63d2b0, 0x000001f1ec63b450, 0x000001f1ec63be70, 0x000001f1ec63e1e0,
0x000001f1ec63e6f0, 0x000001f1ec63c380, 0x000001f1ec63c890, 0x000001f1ec63ec00,
0x000001f1ec63cda0, 0x000001f1ec63f110, 0x000001f1ec63b960, 0x000001f1ec641480,
0x000001f1ec640a60, 0x000001f1ec63fb30, 0x000001f1ec6423b0, 0x000001f1ec641990,
0x000001f1ea88e520, 0x000001f1ea88db00, 0x000001f1ea88ef40, 0x000001f1ea88cbd0,
0x000001f1ea88fe70, 0x000001f1ea8917c0, 0x000001f1ea8912b0, 0x000001f1ea88e010,
0x000001f1ea892c00, 0x000001f1ea891cd0, 0x000001f1ea893b30, 0x000001f1ea8921e0,
0x000001f1ea8926f0, 0x000001f1ea893620, 0x000001f1ea893110, 0x000001f1ea894040,
0x000001f1ea894550, 0x000001f1ee696a80, 0x000001f1ec63f620, 0x000001f1f1d3c070,
0x000001f1f1d3e3e0, 0x000001f1f1d3c580, 0x000001f1f280b450, 0x000001f1f280b960,
0x000001f1ebf6edd0, 0x000001f1f41b9590, 0x000001f1f1d3ca90, 0x000001f1f1d3ac30,
0x000001f1efb0e050, 0x000001f1efb0db40, 0x000001f1efb0d630, 0x000001f1efb0c700,
0x000001f1f41ba9d0, 0x000001f1f280a010, 0x000001f1f280aa30, 0x000001f1f280af40,
0x000001f1eef30390, 0x000001f1f41b9aa0, 0x000001f1ef2af580, 0x000001f1ef2b1010,
0x000001f1ef2b1560
}

Java Threads: ( => current thread )
  0x000001f1c6d8d620 JavaThread "main" [_thread_blocked, id=25124, stack(0x000000edc2c00000,0x000000edc2d00000)]
  0x000001f1e5aa7da0 JavaThread "Reference Handler" daemon [_thread_blocked, id=19240, stack(0x000000edc3300000,0x000000edc3400000)]
  0x000001f1e5aa9880 JavaThread "Finalizer" daemon [_thread_blocked, id=452, stack(0x000000edc3400000,0x000000edc3500000)]
  0x000001f1e5abbaf0 JavaThread "Signal Dispatcher" daemon [_thread_blocked, id=31112, stack(0x000000edc3500000,0x000000edc3600000)]
  0x000001f1e5abe4d0 JavaThread "Attach Listener" daemon [_thread_blocked, id=12808, stack(0x000000edc3600000,0x000000edc3700000)]
  0x000001f1e5abeda0 JavaThread "Service Thread" daemon [_thread_blocked, id=29216, stack(0x000000edc3700000,0x000000edc3800000)]
  0x000001f1e5ac1e20 JavaThread "Monitor Deflation Thread" daemon [_thread_blocked, id=17252, stack(0x000000edc3800000,0x000000edc3900000)]
=>0x000001f1e5ac5280 JavaThread "C2 CompilerThread0" daemon [_thread_in_native, id=9584, stack(0x000000edc3900000,0x000000edc3a00000)]
  0x000001f1e5aca3f0 JavaThread "C1 CompilerThread0" daemon [_thread_blocked, id=14112, stack(0x000000edc3a00000,0x000000edc3b00000)]
  0x000001f1e5ad09b0 JavaThread "Sweeper thread" daemon [_thread_blocked, id=27832, stack(0x000000edc3b00000,0x000000edc3c00000)]
  0x000001f1e5c29360 JavaThread "Common-Cleaner" daemon [_thread_blocked, id=25160, stack(0x000000edc3d00000,0x000000edc3e00000)]
  0x000001f1e5c28940 JavaThread "Notification Thread" daemon [_thread_blocked, id=11572, stack(0x000000edc3e00000,0x000000edc3f00000)]
  0x000001f1e5c2bbe0 JavaThread "Daemon health stats" [_thread_blocked, id=26064, stack(0x000000edc4a00000,0x000000edc4b00000)]
  0x000001f1e5c28e50 JavaThread "Incoming local TCP Connector on port 63016" [_thread_in_native, id=33372, stack(0x000000edc4000000,0x000000edc4100000)]
  0x000001f1e5c2c0f0 JavaThread "Daemon periodic checks" [_thread_blocked, id=23668, stack(0x000000edc4100000,0x000000edc4200000)]
  0x000001f1e5c29870 JavaThread "Daemon" [_thread_blocked, id=4176, stack(0x000000edc4b00000,0x000000edc4c00000)]
  0x000001f1e5c2b1c0 JavaThread "Handler for socket connection from /127.0.0.1:63016 to /127.0.0.1:63017" [_thread_in_native, id=3396, stack(0x000000edc4c00000,0x000000edc4d00000)]
  0x000001f1e5c2a7a0 JavaThread "Cancel handler" [_thread_blocked, id=33888, stack(0x000000edc4d00000,0x000000edc4e00000)]
  0x000001f1e5c29d80 JavaThread "Daemon worker" [_thread_blocked, id=30788, stack(0x000000edc4e00000,0x000000edc4f00000)]
  0x000001f1e5c2a290 JavaThread "Asynchronous log dispatcher for DefaultDaemonConnection: socket connection from /127.0.0.1:63016 to /127.0.0.1:63017" [_thread_blocked, id=5376, stack(0x000000edc4f00000,0x000000edc5000000)]
  0x000001f1e5c2acb0 JavaThread "Stdin handler" [_thread_blocked, id=26404, stack(0x000000edc5000000,0x000000edc5100000)]
  0x000001f1e5c2b6d0 JavaThread "Daemon client event forwarder" [_thread_blocked, id=20716, stack(0x000000edc5100000,0x000000edc5200000)]
  0x000001f1ebfb6990 JavaThread "Cache worker for journal cache (C:\Users\ASUS\.gradle\caches\journal-1)" [_thread_blocked, id=30588, stack(0x000000edc5200000,0x000000edc5300000)]
  0x000001f1ebfb6ea0 JavaThread "File lock request listener" [_thread_in_native, id=29104, stack(0x000000edc5300000,0x000000edc5400000)]
  0x000001f1ebfb5550 JavaThread "Cache worker for file hash cache (C:\Users\ASUS\.gradle\caches\7.4\fileHashes)" [_thread_blocked, id=13660, stack(0x000000edc5400000,0x000000edc5500000)]
  0x000001f1ebfb7dd0 JavaThread "File watcher server" daemon [_thread_in_native, id=36320, stack(0x000000edc5700000,0x000000edc5800000)]
  0x000001f1ebfb73b0 JavaThread "File watcher consumer" daemon [_thread_blocked, id=32412, stack(0x000000edc5800000,0x000000edc5900000)]
  0x000001f1ebfb5f70 JavaThread "Cache worker for checksums cache (D:\OneDrive - University of Westminster\Documents\GitHub\ViMusic\.gradle\7.4\checksums)" [_thread_blocked, id=25364, stack(0x000000edc5900000,0x000000edc5a00000)]
  0x000001f1ebfb5040 JavaThread "Cache worker for cache directory md-rule (C:\Users\ASUS\.gradle\caches\7.4\md-rule)" [_thread_blocked, id=4432, stack(0x000000edc5a00000,0x000000edc5b00000)]
  0x000001f1ebfb78c0 JavaThread "Cache worker for file hash cache (D:\OneDrive - University of Westminster\Documents\GitHub\ViMusic\.gradle\7.4\fileHashes)" [_thread_blocked, id=17984, stack(0x000000edc5b00000,0x000000edc5c00000)]
  0x000001f1ebfb4620 JavaThread "Cache worker for cache directory md-supplier (C:\Users\ASUS\.gradle\caches\7.4\md-supplier)" [_thread_blocked, id=13024, stack(0x000000edc5c00000,0x000000edc5d00000)]
  0x000001f1ebfb4b30 JavaThread "Cache worker for execution history cache (C:\Users\ASUS\.gradle\caches\7.4\executionHistory)" [_thread_blocked, id=2616, stack(0x000000edc6600000,0x000000edc6700000)]
  0x000001f1ee6983d0 JavaThread "Cache worker for kotlin-dsl (C:\Users\ASUS\.gradle\caches\7.4\kotlin-dsl)" [_thread_blocked, id=13556, stack(0x000000edc6800000,0x000000edc6900000)]
  0x000001f1ee696570 JavaThread "jar transforms" [_thread_blocked, id=29912, stack(0x000000edc6b00000,0x000000edc6c00000)]
  0x000001f1ee699810 JavaThread "Cache worker for dependencies-accessors (D:\OneDrive - University of Westminster\Documents\GitHub\ViMusic\.gradle\7.4\dependencies-accessors)" [_thread_blocked, id=21040, stack(0x000000edc6c00000,0x000000edc6d00000)]
  0x000001f1ee6988e0 JavaThread "Cache worker for Build Output Cleanup Cache (D:\OneDrive - University of Westminster\Documents\GitHub\ViMusic\.gradle\buildOutputCleanup)" [_thread_blocked, id=12156, stack(0x000000edc6d00000,0x000000edc6e00000)]
  0x000001f1ee6974a0 JavaThread "jar transforms Thread 2" [_thread_blocked, id=17740, stack(0x000000edc6e00000,0x000000edc6f00000)]
  0x000001f1ee6979b0 JavaThread "Unconstrained build operations" [_thread_blocked, id=20116, stack(0x000000edc6f00000,0x000000edc7000000)]
  0x000001f1ee698df0 JavaThread "Unconstrained build operations Thread 2" [_thread_blocked, id=27112, stack(0x000000edc7000000,0x000000edc7100000)]
  0x000001f1ee696060 JavaThread "Unconstrained build operations Thread 3" [_thread_blocked, id=5836, stack(0x000000edc7100000,0x000000edc7200000)]
  0x000001f1ee69a740 JavaThread "Unconstrained build operations Thread 4" [_thread_blocked, id=35796, stack(0x000000edc7200000,0x000000edc7300000)]
  0x000001f1ee699d20 JavaThread "Unconstrained build operations Thread 5" [_thread_blocked, id=10308, stack(0x000000edc7300000,0x000000edc7400000)]
  0x000001f1ee699300 JavaThread "Unconstrained build operations Thread 6" [_thread_blocked, id=9560, stack(0x000000edc7400000,0x000000edc7500000)]
  0x000001f1ee69a230 JavaThread "Unconstrained build operations Thread 7" [_thread_blocked, id=35348, stack(0x000000edc7500000,0x000000edc7600000)]
  0x000001f1ee696f90 JavaThread "Unconstrained build operations Thread 8" [_thread_blocked, id=19048, stack(0x000000edc7600000,0x000000edc7700000)]
  0x000001f1ee69b160 JavaThread "Unconstrained build operations Thread 9" [_thread_blocked, id=33036, stack(0x000000edc7700000,0x000000edc7800000)]
  0x000001f1ee69cfc0 JavaThread "Unconstrained build operations Thread 10" [_thread_blocked, id=15516, stack(0x000000edc7800000,0x000000edc7900000)]
  0x000001f1ee69ac50 JavaThread "Unconstrained build operations Thread 11" [_thread_blocked, id=15260, stack(0x000000edc7900000,0x000000edc7a00000)]
  0x000001f1ee69b670 JavaThread "Unconstrained build operations Thread 12" [_thread_blocked, id=30768, stack(0x000000edc7a00000,0x000000edc7b00000)]
  0x000001f1ee69cab0 JavaThread "Unconstrained build operations Thread 13" [_thread_blocked, id=21320, stack(0x000000edc7b00000,0x000000edc7c00000)]
  0x000001f1ee69bb80 JavaThread "Unconstrained build operations Thread 14" [_thread_blocked, id=30248, stack(0x000000edc7c00000,0x000000edc7d00000)]
  0x000001f1ee69d9e0 JavaThread "Unconstrained build operations Thread 15" [_thread_blocked, id=25272, stack(0x000000edc7d00000,0x000000edc7e00000)]
  0x000001f1ee69c090 JavaThread "Unconstrained build operations Thread 16" [_thread_blocked, id=8864, stack(0x000000edc7e00000,0x000000edc7f00000)]
  0x000001f1ee69c5a0 JavaThread "Unconstrained build operations Thread 17" [_thread_blocked, id=25064, stack(0x000000edc7f00000,0x000000edc8000000)]
  0x000001f1ee69d4d0 JavaThread "Unconstrained build operations Thread 18" [_thread_blocked, id=25984, stack(0x000000edc8000000,0x000000edc8100000)]
  0x000001f1ef2118c0 JavaThread "Unconstrained build operations Thread 19" [_thread_blocked, id=21932, stack(0x000000edc8100000,0x000000edc8200000)]
  0x000001f1ef213c30 JavaThread "Unconstrained build operations Thread 20" [_thread_blocked, id=8720, stack(0x000000edc8200000,0x000000edc8300000)]
  0x000001f1ef2122e0 JavaThread "Unconstrained build operations Thread 21" [_thread_blocked, id=12608, stack(0x000000edc8300000,0x000000edc8400000)]
  0x000001f1ef2127f0 JavaThread "Unconstrained build operations Thread 22" [_thread_blocked, id=12096, stack(0x000000edc8400000,0x000000edc8500000)]
  0x000001f1ef211dd0 JavaThread "Unconstrained build operations Thread 23" [_thread_blocked, id=28376, stack(0x000000edc8500000,0x000000edc8600000)]
  0x000001f1ef212d00 JavaThread "Unconstrained build operations Thread 24" [_thread_blocked, id=33608, stack(0x000000edc8600000,0x000000edc8700000)]
  0x000001f1ef210ea0 JavaThread "Unconstrained build operations Thread 25" [_thread_blocked, id=22644, stack(0x000000edc8700000,0x000000edc8800000)]
  0x000001f1ef213210 JavaThread "Unconstrained build operations Thread 26" [_thread_blocked, id=26648, stack(0x000000edc8800000,0x000000edc8900000)]
  0x000001f1ef2113b0 JavaThread "Unconstrained build operations Thread 27" [_thread_blocked, id=2696, stack(0x000000edc8900000,0x000000edc8a00000)]
  0x000001f1ef213720 JavaThread "Unconstrained build operations Thread 28" [_thread_blocked, id=32924, stack(0x000000edc8a00000,0x000000edc8b00000)]
  0x000001f1ef214140 JavaThread "Unconstrained build operations Thread 29" [_thread_blocked, id=3272, stack(0x000000edc8b00000,0x000000edc8c00000)]
  0x000001f1ef210990 JavaThread "Unconstrained build operations Thread 30" [_thread_blocked, id=14748, stack(0x000000edc8c00000,0x000000edc8d00000)]
  0x000001f1ef216ed0 JavaThread "Unconstrained build operations Thread 31" [_thread_blocked, id=29708, stack(0x000000edc8d00000,0x000000edc8e00000)]
  0x000001f1ef214b60 JavaThread "Unconstrained build operations Thread 32" [_thread_blocked, id=28632, stack(0x000000edc8e00000,0x000000edc8f00000)]
  0x000001f1ef215580 JavaThread "Unconstrained build operations Thread 33" [_thread_blocked, id=35520, stack(0x000000edc8f00000,0x000000edc9000000)]
  0x000001f1ef215a90 JavaThread "Unconstrained build operations Thread 34" [_thread_blocked, id=20812, stack(0x000000edc9000000,0x000000edc9100000)]
  0x000001f1ef2178f0 JavaThread "Unconstrained build operations Thread 35" [_thread_blocked, id=5112, stack(0x000000edc9100000,0x000000edc9200000)]
  0x000001f1ef2164b0 JavaThread "Unconstrained build operations Thread 36" [_thread_blocked, id=15768, stack(0x000000edc9200000,0x000000edc9300000)]
  0x000001f1ef2173e0 JavaThread "Unconstrained build operations Thread 37" [_thread_blocked, id=11140, stack(0x000000edc9300000,0x000000edc9400000)]
  0x000001f1ef2169c0 JavaThread "Unconstrained build operations Thread 38" [_thread_blocked, id=5824, stack(0x000000edc9400000,0x000000edc9500000)]
  0x000001f1ef215070 JavaThread "Unconstrained build operations Thread 39" [_thread_blocked, id=9724, stack(0x000000edc9500000,0x000000edc9600000)]
  0x000001f1ef215fa0 JavaThread "Unconstrained build operations Thread 40" [_thread_blocked, id=30860, stack(0x000000edc9600000,0x000000edc9700000)]
  0x000001f1ef217e00 JavaThread "Unconstrained build operations Thread 41" [_thread_blocked, id=5684, stack(0x000000edc9700000,0x000000edc9800000)]
  0x000001f1ef214650 JavaThread "Unconstrained build operations Thread 42" [_thread_blocked, id=21340, stack(0x000000edc9800000,0x000000edc9900000)]
  0x000001f1ef218310 JavaThread "Unconstrained build operations Thread 43" [_thread_blocked, id=11004, stack(0x000000edc9900000,0x000000edc9a00000)]
  0x000001f1ed0b3fa0 JavaThread "Unconstrained build operations Thread 44" [_thread_blocked, id=15184, stack(0x000000edc9a00000,0x000000edc9b00000)]
  0x000001f1ed0b4ed0 JavaThread "Unconstrained build operations Thread 45" [_thread_blocked, id=31820, stack(0x000000edc9b00000,0x000000edc9c00000)]
  0x000001f1ed0b49c0 JavaThread "Unconstrained build operations Thread 46" [_thread_blocked, id=25884, stack(0x000000edc9c00000,0x000000edc9d00000)]
  0x000001f1ed0b53e0 JavaThread "Unconstrained build operations Thread 47" [_thread_blocked, id=28604, stack(0x000000edc9d00000,0x000000edc9e00000)]
  0x000001f1ed0b3a90 JavaThread "Unconstrained build operations Thread 48" [_thread_blocked, id=30488, stack(0x000000edc9e00000,0x000000edc9f00000)]
  0x000001f1ed0b58f0 JavaThread "Unconstrained build operations Thread 49" [_thread_blocked, id=3008, stack(0x000000edc9f00000,0x000000edca000000)]
  0x000001f1ed0b5e00 JavaThread "Unconstrained build operations Thread 50" [_thread_blocked, id=31852, stack(0x000000edca000000,0x000000edca100000)]
  0x000001f1ed0b6310 JavaThread "Unconstrained build operations Thread 51" [_thread_blocked, id=8448, stack(0x000000edca100000,0x000000edca200000)]
  0x000001f1ed0b6820 JavaThread "Unconstrained build operations Thread 52" [_thread_blocked, id=7552, stack(0x000000edca200000,0x000000edca300000)]
  0x000001f1ed0b3070 JavaThread "Unconstrained build operations Thread 53" [_thread_blocked, id=30832, stack(0x000000edca300000,0x000000edca400000)]
  0x000001f1ed0b6d30 JavaThread "Unconstrained build operations Thread 54" [_thread_blocked, id=26816, stack(0x000000edca400000,0x000000edca500000)]
  0x000001f1ed0b3580 JavaThread "Unconstrained build operations Thread 55" [_thread_blocked, id=17140, stack(0x000000edca500000,0x000000edca600000)]
  0x000001f1ed0b44b0 JavaThread "Unconstrained build operations Thread 56" [_thread_blocked, id=24148, stack(0x000000edca600000,0x000000edca700000)]
  0x000001f1ed0b7c60 JavaThread "Unconstrained build operations Thread 57" [_thread_blocked, id=4552, stack(0x000000edca700000,0x000000edca800000)]
  0x000001f1ed0b7240 JavaThread "Unconstrained build operations Thread 58" [_thread_blocked, id=35476, stack(0x000000edca800000,0x000000edca900000)]
  0x000001f1ed0b9fd0 JavaThread "Unconstrained build operations Thread 59" [_thread_blocked, id=17904, stack(0x000000edca900000,0x000000edcaa00000)]
  0x000001f1ed0ba4e0 JavaThread "Unconstrained build operations Thread 60" [_thread_blocked, id=7332, stack(0x000000edcaa00000,0x000000edcab00000)]
  0x000001f1ed0b8170 JavaThread "Unconstrained build operations Thread 61" [_thread_blocked, id=12748, stack(0x000000edcab00000,0x000000edcac00000)]
  0x000001f1ed0b8b90 JavaThread "Unconstrained build operations Thread 62" [_thread_blocked, id=23580, stack(0x000000edcac00000,0x000000edcad00000)]
  0x000001f1ed0ba9f0 JavaThread "Unconstrained build operations Thread 63" [_thread_blocked, id=28440, stack(0x000000edcad00000,0x000000edcae00000)]
  0x000001f1ed0b8680 JavaThread "Unconstrained build operations Thread 64" [_thread_blocked, id=15120, stack(0x000000edcae00000,0x000000edcaf00000)]
  0x000001f1ed0b7750 JavaThread "Unconstrained build operations Thread 65" [_thread_blocked, id=7544, stack(0x000000edcaf00000,0x000000edcb000000)]
  0x000001f1ed0b90a0 JavaThread "Unconstrained build operations Thread 66" [_thread_blocked, id=33084, stack(0x000000edcb000000,0x000000edcb100000)]
  0x000001f1ed0b95b0 JavaThread "Unconstrained build operations Thread 67" [_thread_blocked, id=31096, stack(0x000000edcb100000,0x000000edcb200000)]
  0x000001f1ed0b9ac0 JavaThread "Unconstrained build operations Thread 68" [_thread_blocked, id=21780, stack(0x000000edcb200000,0x000000edcb300000)]
  0x000001f1edd3ccd0 JavaThread "Unconstrained build operations Thread 69" [_thread_blocked, id=17808, stack(0x000000edcb300000,0x000000edcb400000)]
  0x000001f1edd3dc00 JavaThread "Unconstrained build operations Thread 70" [_thread_blocked, id=7100, stack(0x000000edcb400000,0x000000edcb500000)]
  0x000001f1edd3f550 JavaThread "Unconstrained build operations Thread 71" [_thread_blocked, id=27428, stack(0x000000edcb500000,0x000000edcb600000)]
  0x000001f1edd3e110 JavaThread "Unconstrained build operations Thread 72" [_thread_blocked, id=11512, stack(0x000000edcb600000,0x000000edcb700000)]
  0x000001f1edd3bda0 JavaThread "Unconstrained build operations Thread 73" [_thread_blocked, id=22188, stack(0x000000edcb700000,0x000000edcb800000)]
  0x000001f1edd3fa60 JavaThread "Unconstrained build operations Thread 74" [_thread_blocked, id=36840, stack(0x000000edcb800000,0x000000edcb900000)]
  0x000001f1edd3c2b0 JavaThread "Unconstrained build operations Thread 75" [_thread_blocked, id=14920, stack(0x000000edcb900000,0x000000edcba00000)]
  0x000001f1edd3e620 JavaThread "Unconstrained build operations Thread 76" [_thread_blocked, id=15096, stack(0x000000edcba00000,0x000000edcbb00000)]
  0x000001f1edd3eb30 JavaThread "Unconstrained build operations Thread 77" [_thread_blocked, id=25736, stack(0x000000edcbb00000,0x000000edcbc00000)]
  0x000001f1edd3d6f0 JavaThread "Unconstrained build operations Thread 78" [_thread_blocked, id=21980, stack(0x000000edcbc00000,0x000000edcbd00000)]
  0x000001f1edd3f040 JavaThread "Unconstrained build operations Thread 79" [_thread_blocked, id=36112, stack(0x000000edcbd00000,0x000000edcbe00000)]
  0x000001f1edd3ff70 JavaThread "Unconstrained build operations Thread 80" [_thread_blocked, id=35768, stack(0x000000edcbe00000,0x000000edcbf00000)]
  0x000001f1edd3c7c0 JavaThread "Unconstrained build operations Thread 81" [_thread_blocked, id=7076, stack(0x000000edcbf00000,0x000000edcc000000)]
  0x000001f1edd40480 JavaThread "Unconstrained build operations Thread 82" [_thread_blocked, id=35532, stack(0x000000edcc000000,0x000000edcc100000)]
  0x000001f1edd40990 JavaThread "Unconstrained build operations Thread 83" [_thread_blocked, id=18972, stack(0x000000edcc100000,0x000000edcc200000)]
  0x000001f1edd3d1e0 JavaThread "Unconstrained build operations Thread 84" [_thread_blocked, id=1808, stack(0x000000edcc200000,0x000000edcc300000)]
  0x000001f1edd427f0 JavaThread "Unconstrained build operations Thread 85" [_thread_blocked, id=33460, stack(0x000000edcc300000,0x000000edcc400000)]
  0x000001f1edd413b0 JavaThread "Unconstrained build operations Thread 86" [_thread_blocked, id=2188, stack(0x000000edcc400000,0x000000edcc500000)]
  0x000001f1edd40ea0 JavaThread "Unconstrained build operations Thread 87" [_thread_blocked, id=16948, stack(0x000000edcc500000,0x000000edcc600000)]
  0x000001f1edd43720 JavaThread "Unconstrained build operations Thread 88" [_thread_blocked, id=33992, stack(0x000000edcc600000,0x000000edcc700000)]
  0x000001f1edd418c0 JavaThread "Unconstrained build operations Thread 89" [_thread_blocked, id=28792, stack(0x000000edcc700000,0x000000edcc800000)]
  0x000001f1edd41dd0 JavaThread "Unconstrained build operations Thread 90" [_thread_blocked, id=28884, stack(0x000000edcc800000,0x000000edcc900000)]
  0x000001f1edd422e0 JavaThread "Unconstrained build operations Thread 91" [_thread_blocked, id=36656, stack(0x000000edcc900000,0x000000edcca00000)]
  0x000001f1edd43210 JavaThread "Unconstrained build operations Thread 92" [_thread_blocked, id=26956, stack(0x000000edcca00000,0x000000edccb00000)]
  0x000001f1edd42d00 JavaThread "Unconstrained build operations Thread 93" [_thread_blocked, id=23544, stack(0x000000edccb00000,0x000000edccc00000)]
  0x000001f1ed5bf280 JavaThread "Unconstrained build operations Thread 94" [_thread_blocked, id=21424, stack(0x000000edccc00000,0x000000edccd00000)]
  0x000001f1ed5c2f40 JavaThread "Unconstrained build operations Thread 95" [_thread_blocked, id=4720, stack(0x000000edccd00000,0x000000edcce00000)]
  0x000001f1ed5c06c0 JavaThread "Unconstrained build operations Thread 96" [_thread_blocked, id=32976, stack(0x000000edcce00000,0x000000edccf00000)]
  0x000001f1ed5c0bd0 JavaThread "Unconstrained build operations Thread 97" [_thread_blocked, id=19112, stack(0x000000edccf00000,0x000000edcd000000)]
  0x000001f1ed5c10e0 JavaThread "Unconstrained build operations Thread 98" [_thread_blocked, id=22480, stack(0x000000edcd000000,0x000000edcd100000)]
  0x000001f1ed5c01b0 JavaThread "Unconstrained build operations Thread 99" [_thread_blocked, id=32164, stack(0x000000edcd100000,0x000000edcd200000)]
  0x000001f1ed5c15f0 JavaThread "Unconstrained build operations Thread 100" [_thread_blocked, id=33332, stack(0x000000edcd200000,0x000000edcd300000)]
  0x000001f1ed5c2a30 JavaThread "Unconstrained build operations Thread 101" [_thread_blocked, id=33804, stack(0x000000edcd300000,0x000000edcd400000)]
  0x000001f1ed5bfca0 JavaThread "Unconstrained build operations Thread 102" [_thread_blocked, id=12056, stack(0x000000edcd400000,0x000000edcd500000)]
  0x000001f1ed5c1b00 JavaThread "Unconstrained build operations Thread 103" [_thread_blocked, id=29176, stack(0x000000edcd500000,0x000000edcd600000)]
  0x000001f1ed5c2010 JavaThread "Unconstrained build operations Thread 104" [_thread_blocked, id=20476, stack(0x000000edcd600000,0x000000edcd700000)]
  0x000001f1ed5c2520 JavaThread "Unconstrained build operations Thread 105" [_thread_blocked, id=21740, stack(0x000000edcd700000,0x000000edcd800000)]
  0x000001f1ed5bf790 JavaThread "Unconstrained build operations Thread 106" [_thread_blocked, id=32360, stack(0x000000edcd800000,0x000000edcd900000)]
  0x000001f1ed5c6c00 JavaThread "Unconstrained build operations Thread 107" [_thread_blocked, id=30476, stack(0x000000edcd900000,0x000000edcda00000)]
  0x000001f1ed5c4380 JavaThread "Unconstrained build operations Thread 108" [_thread_blocked, id=14000, stack(0x000000edcda00000,0x000000edcdb00000)]
  0x000001f1ed5c3960 JavaThread "Unconstrained build operations Thread 109" [_thread_blocked, id=33336, stack(0x000000edcdb00000,0x000000edcdc00000)]
  0x000001f1ed5c5cd0 JavaThread "Unconstrained build operations Thread 110" [_thread_blocked, id=22964, stack(0x000000edcdc00000,0x000000edcdd00000)]
  0x000001f1ed5c52b0 JavaThread "Unconstrained build operations Thread 111" [_thread_blocked, id=33884, stack(0x000000edcdd00000,0x000000edcde00000)]
  0x000001f1ed5c4890 JavaThread "Unconstrained build operations Thread 112" [_thread_blocked, id=28084, stack(0x000000edcde00000,0x000000edcdf00000)]
  0x000001f1ed5c3450 JavaThread "Unconstrained build operations Thread 113" [_thread_blocked, id=28360, stack(0x000000edcdf00000,0x000000edce000000)]
  0x000001f1ed5c57c0 JavaThread "Unconstrained build operations Thread 114" [_thread_blocked, id=14316, stack(0x000000edce000000,0x000000edce100000)]
  0x000001f1ed5c3e70 JavaThread "Unconstrained build operations Thread 115" [_thread_blocked, id=12148, stack(0x000000edce100000,0x000000edce200000)]
  0x000001f1ed5c4da0 JavaThread "Unconstrained build operations Thread 116" [_thread_blocked, id=14884, stack(0x000000edce200000,0x000000edce300000)]
  0x000001f1ed5c61e0 JavaThread "Unconstrained build operations Thread 117" [_thread_blocked, id=24956, stack(0x000000edce300000,0x000000edce400000)]
  0x000001f1ed5c66f0 JavaThread "Unconstrained build operations Thread 118" [_thread_blocked, id=14236, stack(0x000000edce400000,0x000000edce500000)]
  0x000001f1e5da7f10 JavaThread "Unconstrained build operations Thread 119" [_thread_blocked, id=36416, stack(0x000000edce500000,0x000000edce600000)]
  0x000001f1e5da6fe0 JavaThread "Unconstrained build operations Thread 120" [_thread_blocked, id=28180, stack(0x000000edce600000,0x000000edce700000)]
  0x000001f1e5da6ad0 JavaThread "Unconstrained build operations Thread 121" [_thread_blocked, id=19868, stack(0x000000edce700000,0x000000edce800000)]
  0x000001f1e5da74f0 JavaThread "Unconstrained build operations Thread 122" [_thread_blocked, id=25120, stack(0x000000edce800000,0x000000edce900000)]
  0x000001f1e5da4760 JavaThread "Unconstrained build operations Thread 123" [_thread_blocked, id=36528, stack(0x000000edce900000,0x000000edcea00000)]
  0x000001f1e5da5180 JavaThread "Unconstrained build operations Thread 124" [_thread_blocked, id=26732, stack(0x000000edcea00000,0x000000edceb00000)]
  0x000001f1e5da7a00 JavaThread "Unconstrained build operations Thread 125" [_thread_blocked, id=27660, stack(0x000000edceb00000,0x000000edcec00000)]
  0x000001f1e5da5ba0 JavaThread "Unconstrained build operations Thread 126" [_thread_blocked, id=980, stack(0x000000edcec00000,0x000000edced00000)]
  0x000001f1e5da60b0 JavaThread "Unconstrained build operations Thread 127" [_thread_blocked, id=14184, stack(0x000000edced00000,0x000000edcee00000)]
  0x000001f1e5da65c0 JavaThread "Unconstrained build operations Thread 128" [_thread_blocked, id=11420, stack(0x000000edcee00000,0x000000edcef00000)]
  0x000001f1e5da8420 JavaThread "Unconstrained build operations Thread 129" [_thread_blocked, id=15456, stack(0x000000edcef00000,0x000000edcf000000)]
  0x000001f1e5da4c70 JavaThread "Unconstrained build operations Thread 130" [_thread_blocked, id=36188, stack(0x000000edcf000000,0x000000edcf100000)]
  0x000001f1e5da8930 JavaThread "Unconstrained build operations Thread 131" [_thread_blocked, id=19920, stack(0x000000edcf100000,0x000000edcf200000)]
  0x000001f1e5da8e40 JavaThread "Unconstrained build operations Thread 132" [_thread_blocked, id=19876, stack(0x000000edcf200000,0x000000edcf300000)]
  0x000001f1e5da5690 JavaThread "Unconstrained build operations Thread 133" [_thread_blocked, id=27552, stack(0x000000edcf300000,0x000000edcf400000)]
  0x000001f1e5daa280 JavaThread "Unconstrained build operations Thread 134" [_thread_blocked, id=25368, stack(0x000000edcf400000,0x000000edcf500000)]
  0x000001f1e5da9350 JavaThread "Unconstrained build operations Thread 135" [_thread_blocked, id=23864, stack(0x000000edcf500000,0x000000edcf600000)]
  0x000001f1e5da9860 JavaThread "Unconstrained build operations Thread 136" [_thread_blocked, id=19480, stack(0x000000edcf600000,0x000000edcf700000)]
  0x000001f1e5dab6c0 JavaThread "Unconstrained build operations Thread 137" [_thread_blocked, id=29012, stack(0x000000edcf700000,0x000000edcf800000)]
  0x000001f1e5dabbd0 JavaThread "Unconstrained build operations Thread 138" [_thread_blocked, id=4724, stack(0x000000edcf800000,0x000000edcf900000)]
  0x000001f1e5dab1b0 JavaThread "Unconstrained build operations Thread 139" [_thread_blocked, id=20624, stack(0x000000edcf900000,0x000000edcfa00000)]
  0x000001f1e5dac0e0 JavaThread "Unconstrained build operations Thread 140" [_thread_blocked, id=21400, stack(0x000000edcfa00000,0x000000edcfb00000)]
  0x000001f1e5da9d70 JavaThread "Unconstrained build operations Thread 141" [_thread_blocked, id=19976, stack(0x000000edcfb00000,0x000000edcfc00000)]
  0x000001f1e5daa790 JavaThread "Unconstrained build operations Thread 142" [_thread_blocked, id=36156, stack(0x000000edcfc00000,0x000000edcfd00000)]
  0x000001f1e5daaca0 JavaThread "Unconstrained build operations Thread 143" [_thread_blocked, id=6740, stack(0x000000edcfd00000,0x000000edcfe00000)]
  0x000001f1ec63aa30 JavaThread "Unconstrained build operations Thread 144" [_thread_blocked, id=20652, stack(0x000000edcfe00000,0x000000edcff00000)]
  0x000001f1ec63d7c0 JavaThread "Unconstrained build operations Thread 145" [_thread_blocked, id=16728, stack(0x000000edcff00000,0x000000edd0000000)]
  0x000001f1ec63dcd0 JavaThread "Unconstrained build operations Thread 146" [_thread_blocked, id=35028, stack(0x000000edd0000000,0x000000edd0100000)]
  0x000001f1ec63af40 JavaThread "Unconstrained build operations Thread 147" [_thread_blocked, id=20932, stack(0x000000edd0100000,0x000000edd0200000)]
  0x000001f1ec63d2b0 JavaThread "jar transforms Thread 3" [_thread_blocked, id=12620, stack(0x000000edd0200000,0x000000edd0300000)]
  0x000001f1ec63b450 JavaThread "jar transforms Thread 4" [_thread_blocked, id=24404, stack(0x000000edd0300000,0x000000edd0400000)]
  0x000001f1ec63be70 JavaThread "jar transforms Thread 5" [_thread_blocked, id=6412, stack(0x000000edd0400000,0x000000edd0500000)]
  0x000001f1ec63e1e0 JavaThread "jar transforms Thread 6" [_thread_blocked, id=16172, stack(0x000000edd0500000,0x000000edd0600000)]
  0x000001f1ec63e6f0 JavaThread "jar transforms Thread 7" [_thread_blocked, id=17268, stack(0x000000edd0600000,0x000000edd0700000)]
  0x000001f1ec63c380 JavaThread "jar transforms Thread 8" [_thread_blocked, id=22936, stack(0x000000edd0700000,0x000000edd0800000)]
  0x000001f1ec63c890 JavaThread "jar transforms Thread 9" [_thread_blocked, id=7740, stack(0x000000edd0800000,0x000000edd0900000)]
  0x000001f1ec63ec00 JavaThread "jar transforms Thread 10" [_thread_blocked, id=10200, stack(0x000000edd0900000,0x000000edd0a00000)]
  0x000001f1ec63cda0 JavaThread "jar transforms Thread 11" [_thread_blocked, id=29188, stack(0x000000edd0a00000,0x000000edd0b00000)]
  0x000001f1ec63f110 JavaThread "jar transforms Thread 12" [_thread_blocked, id=18700, stack(0x000000edd0b00000,0x000000edd0c00000)]
  0x000001f1ec63b960 JavaThread "jar transforms Thread 13" [_thread_blocked, id=35676, stack(0x000000edd0c00000,0x000000edd0d00000)]
  0x000001f1ec641480 JavaThread "jar transforms Thread 14" [_thread_blocked, id=35332, stack(0x000000edd0d00000,0x000000edd0e00000)]
  0x000001f1ec640a60 JavaThread "jar transforms Thread 15" [_thread_blocked, id=2968, stack(0x000000edd0e00000,0x000000edd0f00000)]
  0x000001f1ec63fb30 JavaThread "jar transforms Thread 16" [_thread_blocked, id=17104, stack(0x000000edd0f00000,0x000000edd1000000)]
  0x000001f1ec6423b0 JavaThread "Cache worker for file content cache (C:\Users\ASUS\.gradle\caches\7.4\fileContent)" [_thread_blocked, id=17888, stack(0x000000edc5600000,0x000000edc5700000)]
  0x000001f1ec641990 JavaThread "Memory manager" [_thread_blocked, id=7608, stack(0x000000edc6a00000,0x000000edc6b00000)]
  0x000001f1ea88e520 JavaThread "Unconstrained build operations Thread 148" [_thread_blocked, id=28052, stack(0x000000edd1200000,0x000000edd1300000)]
  0x000001f1ea88db00 JavaThread "Unconstrained build operations Thread 149" [_thread_blocked, id=25000, stack(0x000000edd1300000,0x000000edd1400000)]
  0x000001f1ea88ef40 JavaThread "Unconstrained build operations Thread 150" [_thread_blocked, id=12044, stack(0x000000edd1400000,0x000000edd1500000)]
  0x000001f1ea88cbd0 JavaThread "Unconstrained build operations Thread 151" [_thread_blocked, id=27728, stack(0x000000edd1500000,0x000000edd1600000)]
  0x000001f1ea88fe70 JavaThread "Unconstrained build operations Thread 152" [_thread_blocked, id=7500, stack(0x000000edd1600000,0x000000edd1700000)]
  0x000001f1ea8917c0 JavaThread "Unconstrained build operations Thread 153" [_thread_blocked, id=29412, stack(0x000000edd1700000,0x000000edd1800000)]
  0x000001f1ea8912b0 JavaThread "pool-3-thread-1" [_thread_blocked, id=22028, stack(0x000000edd1800000,0x000000edd1900000)]
  0x000001f1ea88e010 JavaThread "build event listener" [_thread_blocked, id=21620, stack(0x000000edd1900000,0x000000edd1a00000)]
  0x000001f1ea892c00 JavaThread "included builds" [_thread_blocked, id=36244, stack(0x000000edd1a00000,0x000000edd1b00000)]
  0x000001f1ea891cd0 JavaThread "Execution worker for ':'" [_thread_blocked, id=3984, stack(0x000000edd1b00000,0x000000edd1c00000)]
  0x000001f1ea893b30 JavaThread "Execution worker for ':' Thread 2" [_thread_blocked, id=24668, stack(0x000000edd1c00000,0x000000edd1d00000)]
  0x000001f1ea8921e0 JavaThread "Execution worker for ':' Thread 3" [_thread_blocked, id=24084, stack(0x000000edd1d00000,0x000000edd1e00000)]
  0x000001f1ea8926f0 JavaThread "Execution worker for ':' Thread 4" [_thread_blocked, id=5124, stack(0x000000edd1e00000,0x000000edd1f00000)]
  0x000001f1ea893620 JavaThread "Execution worker for ':' Thread 5" [_thread_blocked, id=2312, stack(0x000000edd1f00000,0x000000edd2000000)]
  0x000001f1ea893110 JavaThread "Execution worker for ':' Thread 6" [_thread_blocked, id=34616, stack(0x000000edd2000000,0x000000edd2100000)]
  0x000001f1ea894040 JavaThread "Execution worker for ':' Thread 7" [_thread_blocked, id=11764, stack(0x000000edd2100000,0x000000edd2200000)]
  0x000001f1ea894550 JavaThread "Execution worker for ':' Thread 8" [_thread_blocked, id=30616, stack(0x000000edd2200000,0x000000edd2300000)]
  0x000001f1ee696a80 JavaThread "Execution worker for ':' Thread 9" [_thread_blocked, id=19832, stack(0x000000edd2300000,0x000000edd2400000)]
  0x000001f1ec63f620 JavaThread "Execution worker for ':' Thread 10" [_thread_blocked, id=33280, stack(0x000000edd2400000,0x000000edd2500000)]
  0x000001f1f1d3c070 JavaThread "Execution worker for ':' Thread 11" [_thread_blocked, id=8052, stack(0x000000edd2500000,0x000000edd2600000)]
  0x000001f1f1d3e3e0 JavaThread "Execution worker for ':' Thread 12" [_thread_blocked, id=9352, stack(0x000000edd2600000,0x000000edd2700000)]
  0x000001f1f1d3c580 JavaThread "Execution worker for ':' Thread 13" [_thread_blocked, id=4200, stack(0x000000edd2700000,0x000000edd2800000)]
  0x000001f1f280b450 JavaThread "Execution worker for ':' Thread 14" [_thread_blocked, id=26764, stack(0x000000edd2a00000,0x000000edd2b00000)]
  0x000001f1f280b960 JavaThread "Execution worker for ':' Thread 15" [_thread_blocked, id=7464, stack(0x000000edd2b00000,0x000000edd2c00000)]
  0x000001f1ebf6edd0 JavaThread "Cache worker for execution history cache (D:\OneDrive - University of Westminster\Documents\GitHub\ViMusic\.gradle\7.4\executionHistory)" [_thread_blocked, id=23896, stack(0x000000edd2c00000,0x000000edd2d00000)]
  0x000001f1f41b9590 JavaThread "Unconstrained build operations Thread 154" [_thread_blocked, id=22172, stack(0x000000edd2d00000,0x000000edd2e00000)]
  0x000001f1f1d3ca90 JavaThread "Unconstrained build operations Thread 155" [_thread_blocked, id=19364, stack(0x000000edd2e00000,0x000000edd2f00000)]
  0x000001f1f1d3ac30 JavaThread "Unconstrained build operations Thread 156" [_thread_blocked, id=3036, stack(0x000000edd2f00000,0x000000edd3000000)]
  0x000001f1efb0e050 JavaThread "Unconstrained build operations Thread 157" [_thread_blocked, id=2140, stack(0x000000edd3000000,0x000000edd3100000)]
  0x000001f1efb0db40 JavaThread "Unconstrained build operations Thread 158" [_thread_blocked, id=33564, stack(0x000000edd3100000,0x000000edd3200000)]
  0x000001f1efb0d630 JavaThread "Unconstrained build operations Thread 159" [_thread_blocked, id=14632, stack(0x000000edd3200000,0x000000edd3300000)]
  0x000001f1efb0c700 JavaThread "Unconstrained build operations Thread 160" [_thread_blocked, id=8060, stack(0x000000edd3300000,0x000000edd3400000)]
  0x000001f1f41ba9d0 JavaThread "WorkerExecutor Queue" [_thread_blocked, id=17184, stack(0x000000edc5500000,0x000000edc5600000)]
  0x000001f1f280a010 JavaThread "RMI Scheduler(0)" daemon [_thread_blocked, id=28788, stack(0x000000edc4200000,0x000000edc4300000)]
  0x000001f1f280aa30 JavaThread "RMI GC Daemon" daemon [_thread_blocked, id=33344, stack(0x000000edc4400000,0x000000edc4500000)]
  0x000001f1f280af40 JavaThread "RMI TCP Accept-0" daemon [_thread_in_native, id=26940, stack(0x000000edc6900000,0x000000edc6a00000)]
  0x000001f1eef30390 JavaThread "RMI Reaper" [_thread_blocked, id=33484, stack(0x000000edd1000000,0x000000edd1100000)]
  0x000001f1f41b9aa0 JavaThread "RMI TCP Connection(1)-127.0.0.1" daemon [_thread_in_native, id=30068, stack(0x000000edd1100000,0x000000edd1200000)]
  0x000001f1ef2af580 JavaThread "C1 CompilerThread1" daemon [_thread_blocked, id=13540, stack(0x000000edc3c00000,0x000000edc3d00000)]
  0x000001f1ef2b1010 JavaThread "C1 CompilerThread2" daemon [_thread_blocked, id=32160, stack(0x000000edd3400000,0x000000edd3500000)]
  0x000001f1ef2b1560 JavaThread "C1 CompilerThread3" daemon [_thread_blocked, id=33136, stack(0x000000edd3500000,0x000000edd3600000)]

Other Threads:
  0x000001f1e5aa50b0 VMThread "VM Thread" [stack: 0x000000edc3200000,0x000000edc3300000] [id=9620]
  0x000001f1e5c348f0 WatcherThread [stack: 0x000000edc3f00000,0x000000edc4000000] [id=25664]
  0x000001f1c6debe40 GCTaskThread "GC Thread#0" [stack: 0x000000edc2d00000,0x000000edc2e00000] [id=24136]
  0x000001f1eafd5590 GCTaskThread "GC Thread#1" [stack: 0x000000edc4500000,0x000000edc4600000] [id=4928]
  0x000001f1ead223c0 GCTaskThread "GC Thread#2" [stack: 0x000000edc4600000,0x000000edc4700000] [id=8312]
  0x000001f1ead22680 GCTaskThread "GC Thread#3" [stack: 0x000000edc4700000,0x000000edc4800000] [id=8144]
  0x000001f1eabfecb0 GCTaskThread "GC Thread#4" [stack: 0x000000edc4800000,0x000000edc4900000] [id=23160]
  0x000001f1eabfef70 GCTaskThread "GC Thread#5" [stack: 0x000000edc4900000,0x000000edc4a00000] [id=12936]
  0x000001f1ec22a3f0 GCTaskThread "GC Thread#6" [stack: 0x000000edc5d00000,0x000000edc5e00000] [id=15292]
  0x000001f1ec22a6b0 GCTaskThread "GC Thread#7" [stack: 0x000000edc5e00000,0x000000edc5f00000] [id=10072]
  0x000001f1ec22b730 GCTaskThread "GC Thread#8" [stack: 0x000000edc5f00000,0x000000edc6000000] [id=9628]
  0x000001f1ec22a970 GCTaskThread "GC Thread#9" [stack: 0x000000edc6000000,0x000000edc6100000] [id=26144]
  0x000001f1ec22aef0 GCTaskThread "GC Thread#10" [stack: 0x000000edc6100000,0x000000edc6200000] [id=15424]
  0x000001f1ec22b1b0 GCTaskThread "GC Thread#11" [stack: 0x000000edc6200000,0x000000edc6300000] [id=26660]
  0x000001f1ec229bb0 GCTaskThread "GC Thread#12" [stack: 0x000000edc6300000,0x000000edc6400000] [id=1332]
  0x000001f1c6dfe980 ConcurrentGCThread "G1 Main Marker" [stack: 0x000000edc2e00000,0x000000edc2f00000] [id=16696]
  0x000001f1c6e008f0 ConcurrentGCThread "G1 Conc#0" [stack: 0x000000edc2f00000,0x000000edc3000000] [id=20108]
  0x000001f1ec22ac30 ConcurrentGCThread "G1 Conc#1" [stack: 0x000000edc6400000,0x000000edc6500000] [id=28900]
  0x000001f1ec22a130 ConcurrentGCThread "G1 Conc#2" [stack: 0x000000edc6500000,0x000000edc6600000] [id=15196]
  0x000001f1e5954f10 ConcurrentGCThread "G1 Refine#0" [stack: 0x000000edc3000000,0x000000edc3100000] [id=35940]
  0x000001f1ed258ff0 ConcurrentGCThread "G1 Refine#1" [stack: 0x000000edc6700000,0x000000edc6800000] [id=29404]
  0x000001f1e59556f0 ConcurrentGCThread "G1 Service" [stack: 0x000000edc3100000,0x000000edc3200000] [id=33008]

Threads with active compile tasks:
C2 CompilerThread0    24951 12681       4       jdk.internal.org.objectweb.asm.Frame::accept (264 bytes)

VM state: at safepoint (normal execution)

VM Mutex/Monitor currently owned by a thread:  ([mutex/lock_event])
[0x000001f1c6d86300] Threads_lock - owner thread: 0x000001f1e5aa50b0
[0x000001f1c6d85d60] Heap_lock - owner thread: 0x000001f1ec63f620

Heap address: 0x0000000080000000, size: 2048 MB, Compressed Oops mode: 32-bit

CDS archive(s) mapped at: [0x000001f180000000-0x000001f180bd0000-0x000001f180bd0000), size 12386304, SharedBaseAddress: 0x000001f180000000, ArchiveRelocationMode: 1.
Compressed class space mapped at: 0x000001f181000000-0x000001f1c1000000, reserved size: 1073741824
Narrow klass base: 0x000001f180000000, Narrow klass shift: 0, Narrow klass range: 0x100000000

GC Precious Log:
 CPUs: 16 total, 16 available
 Memory: 16202M
 Large Page Support: Disabled
 NUMA Support: Disabled
 Compressed Oops: Enabled (32-bit)
 Heap Region Size: 1M
 Heap Min Capacity: 8M
 Heap Initial Capacity: 254M
 Heap Max Capacity: 2G
 Pre-touch: Disabled
 Parallel Workers: 13
 Concurrent Workers: 3
 Concurrent Refinement Workers: 13
 Periodic GC: Disabled

Heap:
 garbage-first heap   total 155648K, used 92671K [0x0000000080000000, 0x0000000100000000)
  region size 1024K, 5 young (5120K), 3 survivors (3072K)
 Metaspace       used 84914K, committed 85760K, reserved 1179648K
  class space    used 11651K, committed 12096K, reserved 1048576K

Heap Regions: E=young(eden), S=young(survivor), O=old, HS=humongous(starts), HC=humongous(continues), CS=collection set, F=free, OA=open archive, CA=closed archive, TAMS=top-at-mark-start (previous, next)
|   0|0x0000000080000000, 0x0000000080100000, 0x0000000080100000|100%| O|  |TAMS 0x0000000080100000, 0x0000000080100000| Untracked 
|   1|0x0000000080100000, 0x0000000080200000, 0x0000000080200000|100%| O|  |TAMS 0x0000000080200000, 0x0000000080200000| Untracked 
|   2|0x0000000080200000, 0x0000000080300000, 0x0000000080300000|100%| O|  |TAMS 0x0000000080300000, 0x0000000080300000| Untracked 
|   3|0x0000000080300000, 0x0000000080400000, 0x0000000080400000|100%|HS|  |TAMS 0x0000000080400000, 0x0000000080400000| Complete 
|   4|0x0000000080400000, 0x0000000080500000, 0x0000000080500000|100%|HC|  |TAMS 0x0000000080500000, 0x0000000080500000| Complete 
|   5|0x0000000080500000, 0x0000000080600000, 0x0000000080600000|100%|HC|  |TAMS 0x0000000080600000, 0x0000000080600000| Complete 
|   6|0x0000000080600000, 0x0000000080700000, 0x0000000080700000|100%| O|  |TAMS 0x0000000080700000, 0x0000000080700000| Untracked 
|   7|0x0000000080700000, 0x0000000080800000, 0x0000000080800000|100%| O|  |TAMS 0x0000000080800000, 0x0000000080800000| Untracked 
|   8|0x0000000080800000, 0x0000000080900000, 0x0000000080900000|100%| O|  |TAMS 0x0000000080900000, 0x0000000080900000| Untracked 
|   9|0x0000000080900000, 0x0000000080a00000, 0x0000000080a00000|100%| O|  |TAMS 0x0000000080a00000, 0x0000000080a00000| Untracked 
|  10|0x0000000080a00000, 0x0000000080b00000, 0x0000000080b00000|100%| O|  |TAMS 0x0000000080b00000, 0x0000000080b00000| Untracked 
|  11|0x0000000080b00000, 0x0000000080c00000, 0x0000000080c00000|100%| O|  |TAMS 0x0000000080c00000, 0x0000000080c00000| Untracked 
|  12|0x0000000080c00000, 0x0000000080d00000, 0x0000000080d00000|100%| O|  |TAMS 0x0000000080d00000, 0x0000000080d00000| Untracked 
|  13|0x0000000080d00000, 0x0000000080e00000, 0x0000000080e00000|100%| O|  |TAMS 0x0000000080e00000, 0x0000000080e00000| Untracked 
|  14|0x0000000080e00000, 0x0000000080f00000, 0x0000000080f00000|100%| O|  |TAMS 0x0000000080f00000, 0x0000000080f00000| Untracked 
|  15|0x0000000080f00000, 0x0000000081000000, 0x0000000081000000|100%| O|  |TAMS 0x0000000081000000, 0x0000000081000000| Untracked 
|  16|0x0000000081000000, 0x0000000081100000, 0x0000000081100000|100%| O|  |TAMS 0x0000000081100000, 0x0000000081100000| Untracked 
|  17|0x0000000081100000, 0x0000000081200000, 0x0000000081200000|100%| O|  |TAMS 0x0000000081200000, 0x0000000081200000| Untracked 
|  18|0x0000000081200000, 0x0000000081300000, 0x0000000081300000|100%| O|  |TAMS 0x0000000081300000, 0x0000000081300000| Untracked 
|  19|0x0000000081300000, 0x0000000081400000, 0x0000000081400000|100%| O|  |TAMS 0x0000000081400000, 0x0000000081400000| Untracked 
|  20|0x0000000081400000, 0x0000000081500000, 0x0000000081500000|100%| O|  |TAMS 0x0000000081500000, 0x0000000081500000| Untracked 
|  21|0x0000000081500000, 0x0000000081600000, 0x0000000081600000|100%| O|  |TAMS 0x0000000081600000, 0x0000000081600000| Untracked 
|  22|0x0000000081600000, 0x0000000081700000, 0x0000000081700000|100%| O|  |TAMS 0x0000000081700000, 0x0000000081700000| Untracked 
|  23|0x0000000081700000, 0x0000000081800000, 0x0000000081800000|100%| O|  |TAMS 0x0000000081800000, 0x0000000081800000| Untracked 
|  24|0x0000000081800000, 0x0000000081900000, 0x0000000081900000|100%|HS|  |TAMS 0x0000000081900000, 0x0000000081900000| Complete 
|  25|0x0000000081900000, 0x0000000081a00000, 0x0000000081a00000|100%| O|  |TAMS 0x0000000081a00000, 0x0000000081a00000| Untracked 
|  26|0x0000000081a00000, 0x0000000081b00000, 0x0000000081b00000|100%| O|  |TAMS 0x0000000081b00000, 0x0000000081b00000| Untracked 
|  27|0x0000000081b00000, 0x0000000081c00000, 0x0000000081c00000|100%| O|  |TAMS 0x0000000081c00000, 0x0000000081c00000| Untracked 
|  28|0x0000000081c00000, 0x0000000081d00000, 0x0000000081d00000|100%| O|  |TAMS 0x0000000081d00000, 0x0000000081d00000| Untracked 
|  29|0x0000000081d00000, 0x0000000081e00000, 0x0000000081e00000|100%| O|  |TAMS 0x0000000081e00000, 0x0000000081e00000| Untracked 
|  30|0x0000000081e00000, 0x0000000081f00000, 0x0000000081f00000|100%| O|  |TAMS 0x0000000081f00000, 0x0000000081f00000| Untracked 
|  31|0x0000000081f00000, 0x0000000082000000, 0x0000000082000000|100%| O|  |TAMS 0x0000000082000000, 0x0000000082000000| Untracked 
|  32|0x0000000082000000, 0x0000000082100000, 0x0000000082100000|100%| O|  |TAMS 0x0000000082100000, 0x0000000082100000| Untracked 
|  33|0x0000000082100000, 0x0000000082200000, 0x0000000082200000|100%|HS|  |TAMS 0x0000000082200000, 0x0000000082200000| Complete 
|  34|0x0000000082200000, 0x0000000082300000, 0x0000000082300000|100%|HS|  |TAMS 0x0000000082300000, 0x0000000082300000| Complete 
|  35|0x0000000082300000, 0x0000000082400000, 0x0000000082400000|100%|HS|  |TAMS 0x0000000082400000, 0x0000000082400000| Complete 
|  36|0x0000000082400000, 0x0000000082500000, 0x0000000082500000|100%|HC|  |TAMS 0x0000000082500000, 0x0000000082500000| Complete 
|  37|0x0000000082500000, 0x0000000082600000, 0x0000000082600000|100%|HC|  |TAMS 0x0000000082600000, 0x0000000082600000| Complete 
|  38|0x0000000082600000, 0x0000000082700000, 0x0000000082700000|100%|HC|  |TAMS 0x0000000082700000, 0x0000000082700000| Complete 
|  39|0x0000000082700000, 0x0000000082800000, 0x0000000082800000|100%| O|  |TAMS 0x0000000082800000, 0x0000000082800000| Untracked 
|  40|0x0000000082800000, 0x0000000082900000, 0x0000000082900000|100%|HS|  |TAMS 0x0000000082900000, 0x0000000082900000| Complete 
|  41|0x0000000082900000, 0x0000000082a00000, 0x0000000082a00000|100%|HC|  |TAMS 0x0000000082a00000, 0x0000000082a00000| Complete 
|  42|0x0000000082a00000, 0x0000000082b00000, 0x0000000082b00000|100%| O|  |TAMS 0x0000000082b00000, 0x0000000082b00000| Untracked 
|  43|0x0000000082b00000, 0x0000000082c00000, 0x0000000082c00000|100%| O|  |TAMS 0x0000000082c00000, 0x0000000082c00000| Untracked 
|  44|0x0000000082c00000, 0x0000000082d00000, 0x0000000082d00000|100%| O|  |TAMS 0x0000000082d00000, 0x0000000082d00000| Untracked 
|  45|0x0000000082d00000, 0x0000000082e00000, 0x0000000082e00000|100%| O|  |TAMS 0x0000000082e00000, 0x0000000082e00000| Untracked 
|  46|0x0000000082e00000, 0x0000000082f00000, 0x0000000082f00000|100%| O|  |TAMS 0x0000000082f00000, 0x0000000082f00000| Untracked 
|  47|0x0000000082f00000, 0x0000000083000000, 0x0000000083000000|100%| O|  |TAMS 0x0000000083000000, 0x0000000083000000| Untracked 
|  48|0x0000000083000000, 0x0000000083100000, 0x0000000083100000|100%| O|  |TAMS 0x0000000083100000, 0x0000000083100000| Untracked 
|  49|0x0000000083100000, 0x0000000083200000, 0x0000000083200000|100%| O|  |TAMS 0x0000000083200000, 0x0000000083200000| Untracked 
|  50|0x0000000083200000, 0x0000000083300000, 0x0000000083300000|100%| O|  |TAMS 0x0000000083300000, 0x0000000083300000| Untracked 
|  51|0x0000000083300000, 0x0000000083400000, 0x0000000083400000|100%| O|  |TAMS 0x0000000083400000, 0x0000000083400000| Untracked 
|  52|0x0000000083400000, 0x0000000083500000, 0x0000000083500000|100%| O|  |TAMS 0x0000000083500000, 0x0000000083500000| Untracked 
|  53|0x0000000083500000, 0x0000000083600000, 0x0000000083600000|100%| O|  |TAMS 0x0000000083600000, 0x0000000083600000| Untracked 
|  54|0x0000000083600000, 0x0000000083700000, 0x0000000083700000|100%| O|  |TAMS 0x0000000083700000, 0x0000000083700000| Untracked 
|  55|0x0000000083700000, 0x0000000083800000, 0x0000000083800000|100%| O|  |TAMS 0x0000000083800000, 0x0000000083800000| Untracked 
|  56|0x0000000083800000, 0x0000000083900000, 0x0000000083900000|100%| O|  |TAMS 0x0000000083900000, 0x0000000083900000| Untracked 
|  57|0x0000000083900000, 0x0000000083a00000, 0x0000000083a00000|100%| O|  |TAMS 0x0000000083a00000, 0x0000000083a00000| Untracked 
|  58|0x0000000083a00000, 0x0000000083b00000, 0x0000000083b00000|100%| O|  |TAMS 0x0000000083b00000, 0x0000000083b00000| Untracked 
|  59|0x0000000083b00000, 0x0000000083c00000, 0x0000000083c00000|100%| O|  |TAMS 0x0000000083c00000, 0x0000000083c00000| Untracked 
|  60|0x0000000083c00000, 0x0000000083d00000, 0x0000000083d00000|100%| O|  |TAMS 0x0000000083d00000, 0x0000000083d00000| Untracked 
|  61|0x0000000083d00000, 0x0000000083e00000, 0x0000000083e00000|100%| O|  |TAMS 0x0000000083e00000, 0x0000000083e00000| Untracked 
|  62|0x0000000083e00000, 0x0000000083f00000, 0x0000000083f00000|100%| O|  |TAMS 0x0000000083f00000, 0x0000000083f00000| Untracked 
|  63|0x0000000083f00000, 0x0000000084000000, 0x0000000084000000|100%| O|  |TAMS 0x0000000084000000, 0x0000000084000000| Untracked 
|  64|0x0000000084000000, 0x0000000084100000, 0x0000000084100000|100%| O|  |TAMS 0x0000000084100000, 0x0000000084100000| Untracked 
|  65|0x0000000084100000, 0x0000000084200000, 0x0000000084200000|100%| O|  |TAMS 0x0000000084200000, 0x0000000084200000| Untracked 
|  66|0x0000000084200000, 0x0000000084300000, 0x0000000084300000|100%| O|  |TAMS 0x0000000084300000, 0x0000000084300000| Untracked 
|  67|0x0000000084300000, 0x0000000084400000, 0x0000000084400000|100%| O|  |TAMS 0x0000000084400000, 0x0000000084400000| Untracked 
|  68|0x0000000084400000, 0x0000000084500000, 0x0000000084500000|100%| O|  |TAMS 0x0000000084500000, 0x0000000084500000| Untracked 
|  69|0x0000000084500000, 0x0000000084600000, 0x0000000084600000|100%| O|  |TAMS 0x00000000845a2c00, 0x0000000084600000| Untracked 
|  70|0x0000000084600000, 0x0000000084700000, 0x0000000084700000|100%| O|  |TAMS 0x0000000084600000, 0x0000000084700000| Untracked 
|  71|0x0000000084700000, 0x0000000084800000, 0x0000000084800000|100%| O|  |TAMS 0x0000000084700000, 0x0000000084800000| Untracked 
|  72|0x0000000084800000, 0x0000000084900000, 0x0000000084900000|100%| O|  |TAMS 0x0000000084800000, 0x0000000084900000| Untracked 
|  73|0x0000000084900000, 0x0000000084a00000, 0x0000000084a00000|100%| O|  |TAMS 0x0000000084900000, 0x0000000084a00000| Untracked 
|  74|0x0000000084a00000, 0x0000000084b00000, 0x0000000084b00000|100%| O|  |TAMS 0x0000000084a00000, 0x0000000084b00000| Untracked 
|  75|0x0000000084b00000, 0x0000000084c00000, 0x0000000084c00000|100%| O|  |TAMS 0x0000000084b00000, 0x0000000084c00000| Untracked 
|  76|0x0000000084c00000, 0x0000000084d00000, 0x0000000084d00000|100%| O|  |TAMS 0x0000000084c00000, 0x0000000084d00000| Untracked 
|  77|0x0000000084d00000, 0x0000000084e00000, 0x0000000084e00000|100%| O|  |TAMS 0x0000000084d00000, 0x0000000084e00000| Untracked 
|  78|0x0000000084e00000, 0x0000000084f00000, 0x0000000084f00000|100%| O|  |TAMS 0x0000000084e00000, 0x0000000084f00000| Untracked 
|  79|0x0000000084f00000, 0x0000000085000000, 0x0000000085000000|100%| O|  |TAMS 0x0000000084f00000, 0x0000000085000000| Untracked 
|  80|0x0000000085000000, 0x0000000085100000, 0x0000000085100000|100%| O|  |TAMS 0x0000000085000000, 0x0000000085100000| Untracked 
|  81|0x0000000085100000, 0x0000000085200000, 0x0000000085200000|100%| O|  |TAMS 0x0000000085100000, 0x0000000085159a00| Untracked 
|  82|0x0000000085200000, 0x0000000085300000, 0x0000000085300000|100%| O|  |TAMS 0x0000000085200000, 0x0000000085200000| Untracked 
|  83|0x0000000085300000, 0x0000000085400000, 0x0000000085400000|100%| O|  |TAMS 0x0000000085300000, 0x0000000085300000| Untracked 
|  84|0x0000000085400000, 0x0000000085500000, 0x0000000085500000|100%| O|  |TAMS 0x0000000085400000, 0x0000000085400000| Untracked 
|  85|0x0000000085500000, 0x0000000085600000, 0x0000000085600000|100%| O|  |TAMS 0x0000000085500000, 0x0000000085500000| Untracked 
|  86|0x0000000085600000, 0x00000000856ce200, 0x0000000085700000| 80%| O|  |TAMS 0x0000000085600000, 0x0000000085600000| Untracked 
|  87|0x0000000085700000, 0x0000000085700000, 0x0000000085800000|  0%| F|  |TAMS 0x0000000085700000, 0x0000000085700000| Untracked 
|  88|0x0000000085800000, 0x0000000085800000, 0x0000000085900000|  0%| F|  |TAMS 0x0000000085800000, 0x0000000085800000| Untracked 
|  89|0x0000000085900000, 0x0000000085900000, 0x0000000085a00000|  0%| F|  |TAMS 0x0000000085900000, 0x0000000085900000| Untracked 
|  90|0x0000000085a00000, 0x0000000085a00000, 0x0000000085b00000|  0%| F|  |TAMS 0x0000000085a00000, 0x0000000085a00000| Untracked 
|  91|0x0000000085b00000, 0x0000000085b00000, 0x0000000085c00000|  0%| F|  |TAMS 0x0000000085b00000, 0x0000000085b00000| Untracked 
|  92|0x0000000085c00000, 0x0000000085c00000, 0x0000000085d00000|  0%| F|  |TAMS 0x0000000085c00000, 0x0000000085c00000| Untracked 
|  93|0x0000000085d00000, 0x0000000085d00000, 0x0000000085e00000|  0%| F|  |TAMS 0x0000000085d00000, 0x0000000085d00000| Untracked 
|  94|0x0000000085e00000, 0x0000000085e00000, 0x0000000085f00000|  0%| F|  |TAMS 0x0000000085e00000, 0x0000000085e00000| Untracked 
|  95|0x0000000085f00000, 0x0000000085f00000, 0x0000000086000000|  0%| F|  |TAMS 0x0000000085f00000, 0x0000000085f00000| Untracked 
|  96|0x0000000086000000, 0x0000000086000000, 0x0000000086100000|  0%| F|  |TAMS 0x0000000086000000, 0x0000000086000000| Untracked 
|  97|0x0000000086100000, 0x0000000086100000, 0x0000000086200000|  0%| F|  |TAMS 0x0000000086100000, 0x0000000086100000| Untracked 
|  98|0x0000000086200000, 0x0000000086200000, 0x0000000086300000|  0%| F|  |TAMS 0x0000000086200000, 0x0000000086200000| Untracked 
|  99|0x0000000086300000, 0x0000000086300000, 0x0000000086400000|  0%| F|  |TAMS 0x0000000086300000, 0x0000000086300000| Untracked 
| 100|0x0000000086400000, 0x0000000086400000, 0x0000000086500000|  0%| F|  |TAMS 0x0000000086400000, 0x0000000086400000| Untracked 
| 101|0x0000000086500000, 0x0000000086500000, 0x0000000086600000|  0%| F|  |TAMS 0x0000000086500000, 0x0000000086500000| Untracked 
| 102|0x0000000086600000, 0x0000000086600000, 0x0000000086700000|  0%| F|  |TAMS 0x0000000086600000, 0x0000000086600000| Untracked 
| 103|0x0000000086700000, 0x0000000086700000, 0x0000000086800000|  0%| F|  |TAMS 0x0000000086700000, 0x0000000086700000| Untracked 
| 104|0x0000000086800000, 0x0000000086800000, 0x0000000086900000|  0%| F|  |TAMS 0x0000000086800000, 0x0000000086800000| Untracked 
| 105|0x0000000086900000, 0x0000000086900000, 0x0000000086a00000|  0%| F|  |TAMS 0x0000000086900000, 0x0000000086900000| Untracked 
| 106|0x0000000086a00000, 0x0000000086a00000, 0x0000000086b00000|  0%| F|  |TAMS 0x0000000086a00000, 0x0000000086a00000| Untracked 
| 107|0x0000000086b00000, 0x0000000086b00000, 0x0000000086c00000|  0%| F|  |TAMS 0x0000000086b00000, 0x0000000086b00000| Untracked 
| 108|0x0000000086c00000, 0x0000000086c00000, 0x0000000086d00000|  0%| F|  |TAMS 0x0000000086c00000, 0x0000000086c00000| Untracked 
| 109|0x0000000086d00000, 0x0000000086d00000, 0x0000000086e00000|  0%| F|  |TAMS 0x0000000086d00000, 0x0000000086d00000| Untracked 
| 110|0x0000000086e00000, 0x0000000086e00000, 0x0000000086f00000|  0%| F|  |TAMS 0x0000000086e00000, 0x0000000086e00000| Untracked 
| 111|0x0000000086f00000, 0x0000000086f00000, 0x0000000087000000|  0%| F|  |TAMS 0x0000000086f00000, 0x0000000086f00000| Untracked 
| 112|0x0000000087000000, 0x0000000087000000, 0x0000000087100000|  0%| F|  |TAMS 0x0000000087000000, 0x0000000087000000| Untracked 
| 113|0x0000000087100000, 0x00000000871b1b28, 0x0000000087200000| 69%| S|CS|TAMS 0x0000000087100000, 0x0000000087100000| Complete 
| 114|0x0000000087200000, 0x0000000087300000, 0x0000000087300000|100%| S|CS|TAMS 0x0000000087200000, 0x0000000087200000| Complete 
| 115|0x0000000087300000, 0x0000000087400000, 0x0000000087400000|100%| S|CS|TAMS 0x0000000087300000, 0x0000000087300000| Complete 
| 116|0x0000000087400000, 0x0000000087400000, 0x0000000087500000|  0%| F|  |TAMS 0x0000000087400000, 0x0000000087400000| Untracked 
| 117|0x0000000087500000, 0x0000000087500000, 0x0000000087600000|  0%| F|  |TAMS 0x0000000087500000, 0x0000000087500000| Untracked 
| 118|0x0000000087600000, 0x0000000087600000, 0x0000000087700000|  0%| F|  |TAMS 0x0000000087600000, 0x0000000087600000| Untracked 
| 119|0x0000000087700000, 0x0000000087700000, 0x0000000087800000|  0%| F|  |TAMS 0x0000000087700000, 0x0000000087700000| Untracked 
| 120|0x0000000087800000, 0x0000000087800000, 0x0000000087900000|  0%| F|  |TAMS 0x0000000087800000, 0x0000000087800000| Untracked 
| 121|0x0000000087900000, 0x0000000087900000, 0x0000000087a00000|  0%| F|  |TAMS 0x0000000087900000, 0x0000000087900000| Untracked 
| 122|0x0000000087a00000, 0x0000000087a00000, 0x0000000087b00000|  0%| F|  |TAMS 0x0000000087a00000, 0x0000000087a00000| Untracked 
| 123|0x0000000087b00000, 0x0000000087b00000, 0x0000000087c00000|  0%| F|  |TAMS 0x0000000087b00000, 0x0000000087b00000| Untracked 
| 124|0x0000000087c00000, 0x0000000087c00000, 0x0000000087d00000|  0%| F|  |TAMS 0x0000000087c00000, 0x0000000087c00000| Untracked 
| 125|0x0000000087d00000, 0x0000000087d00000, 0x0000000087e00000|  0%| F|  |TAMS 0x0000000087d00000, 0x0000000087d00000| Untracked 
| 126|0x0000000087e00000, 0x0000000087e00000, 0x0000000087f00000|  0%| F|  |TAMS 0x0000000087e00000, 0x0000000087e00000| Untracked 
| 127|0x0000000087f00000, 0x0000000087f00000, 0x0000000088000000|  0%| F|  |TAMS 0x0000000087f00000, 0x0000000087f00000| Untracked 
| 128|0x0000000088000000, 0x0000000088000000, 0x0000000088100000|  0%| F|  |TAMS 0x0000000088000000, 0x0000000088000000| Untracked 
| 129|0x0000000088100000, 0x0000000088100000, 0x0000000088200000|  0%| F|  |TAMS 0x0000000088100000, 0x0000000088100000| Untracked 
| 130|0x0000000088200000, 0x0000000088200000, 0x0000000088300000|  0%| F|  |TAMS 0x0000000088200000, 0x0000000088200000| Untracked 
| 131|0x0000000088300000, 0x0000000088300000, 0x0000000088400000|  0%| F|  |TAMS 0x0000000088300000, 0x0000000088300000| Untracked 
| 132|0x0000000088400000, 0x0000000088400000, 0x0000000088500000|  0%| F|  |TAMS 0x0000000088400000, 0x0000000088400000| Untracked 
| 133|0x0000000088500000, 0x0000000088500000, 0x0000000088600000|  0%| F|  |TAMS 0x0000000088500000, 0x0000000088500000| Untracked 
| 134|0x0000000088600000, 0x0000000088600000, 0x0000000088700000|  0%| F|  |TAMS 0x0000000088600000, 0x0000000088600000| Untracked 
| 135|0x0000000088700000, 0x0000000088700000, 0x0000000088800000|  0%| F|  |TAMS 0x0000000088700000, 0x0000000088700000| Untracked 
| 136|0x0000000088800000, 0x0000000088800000, 0x0000000088900000|  0%| F|  |TAMS 0x0000000088800000, 0x0000000088800000| Untracked 
| 137|0x0000000088900000, 0x0000000088900000, 0x0000000088a00000|  0%| F|  |TAMS 0x0000000088900000, 0x0000000088900000| Untracked 
| 138|0x0000000088a00000, 0x0000000088a00000, 0x0000000088b00000|  0%| F|  |TAMS 0x0000000088a00000, 0x0000000088a00000| Untracked 
| 139|0x0000000088b00000, 0x0000000088b00000, 0x0000000088c00000|  0%| F|  |TAMS 0x0000000088b00000, 0x0000000088b00000| Untracked 
| 140|0x0000000088c00000, 0x0000000088c00000, 0x0000000088d00000|  0%| F|  |TAMS 0x0000000088c00000, 0x0000000088c00000| Untracked 
| 141|0x0000000088d00000, 0x0000000088d00000, 0x0000000088e00000|  0%| F|  |TAMS 0x0000000088d00000, 0x0000000088d00000| Untracked 
| 142|0x0000000088e00000, 0x0000000088e00000, 0x0000000088f00000|  0%| F|  |TAMS 0x0000000088e00000, 0x0000000088e00000| Untracked 
| 143|0x0000000088f00000, 0x0000000088f00000, 0x0000000089000000|  0%| F|  |TAMS 0x0000000088f00000, 0x0000000088f00000| Untracked 
| 144|0x0000000089000000, 0x0000000089000000, 0x0000000089100000|  0%| F|  |TAMS 0x0000000089000000, 0x0000000089000000| Untracked 
| 145|0x0000000089100000, 0x0000000089100000, 0x0000000089200000|  0%| F|  |TAMS 0x0000000089100000, 0x0000000089100000| Untracked 
| 146|0x0000000089200000, 0x0000000089200000, 0x0000000089300000|  0%| F|  |TAMS 0x0000000089200000, 0x0000000089200000| Untracked 
| 147|0x0000000089300000, 0x0000000089300000, 0x0000000089400000|  0%| F|  |TAMS 0x0000000089300000, 0x0000000089300000| Untracked 
| 148|0x0000000089400000, 0x0000000089400000, 0x0000000089500000|  0%| F|  |TAMS 0x0000000089400000, 0x0000000089400000| Untracked 
| 149|0x0000000089500000, 0x0000000089500000, 0x0000000089600000|  0%| F|  |TAMS 0x0000000089500000, 0x0000000089500000| Untracked 
| 150|0x0000000089600000, 0x00000000896113b8, 0x0000000089700000|  6%| E|  |TAMS 0x0000000089600000, 0x0000000089600000| Complete 
| 253|0x000000008fd00000, 0x000000008fe00000, 0x000000008fe00000|100%| E|CS|TAMS 0x000000008fd00000, 0x000000008fd00000| Complete 

Card table byte_map: [0x000001f1de2d0000,0x000001f1de6d0000] _byte_map_base: 0x000001f1dded0000

Marking Bits (Prev, Next): (CMBitMap*) 0x000001f1c6dec370, (CMBitMap*) 0x000001f1c6dec3b0
 Prev Bits: [0x000001f1dead0000, 0x000001f1e0ad0000)
 Next Bits: [0x000001f1e0ad0000, 0x000001f1e2ad0000)

Polling page: 0x000001f1c4970000

Metaspace:

Usage:
  Non-class:     71.55 MB used.
      Class:     11.38 MB used.
       Both:     82.92 MB used.

Virtual space:
  Non-class space:      128.00 MB reserved,      71.94 MB ( 56%) committed,  2 nodes.
      Class space:        1.00 GB reserved,      11.81 MB (  1%) committed,  1 nodes.
             Both:        1.12 GB reserved,      83.75 MB (  7%) committed. 

Chunk freelists:
   Non-Class:  7.90 MB
       Class:  4.24 MB
        Both:  12.14 MB

MaxMetaspaceSize: unlimited
CompressedClassSpaceSize: 1.00 GB
Initial GC threshold: 21.00 MB
Current GC threshold: 127.50 MB
CDS: on
MetaspaceReclaimPolicy: balanced
 - commit_granule_bytes: 65536.
 - commit_granule_words: 8192.
 - virtual_space_node_default_size: 8388608.
 - enlarge_chunks_in_place: 1.
 - new_chunks_are_fully_committed: 0.
 - uncommit_free_chunks: 1.
 - use_allocation_guard: 0.
 - handle_deallocations: 1.


Internal statistics:

num_allocs_failed_limit: 9.
num_arena_births: 1036.
num_arena_deaths: 0.
num_vsnodes_births: 3.
num_vsnodes_deaths: 0.
num_space_committed: 1340.
num_space_uncommitted: 0.
num_chunks_returned_to_freelist: 9.
num_chunks_taken_from_freelist: 4577.
num_chunk_merges: 9.
num_chunk_splits: 2999.
num_chunks_enlarged: 1964.
num_inconsistent_stats: 0.

CodeHeap 'non-profiled nmethods': size=119168Kb used=6984Kb max_used=6984Kb free=112183Kb
 bounds [0x000001f1d61e0000, 0x000001f1d68c0000, 0x000001f1dd640000]
CodeHeap 'profiled nmethods': size=119104Kb used=23298Kb max_used=23298Kb free=95805Kb
 bounds [0x000001f1ce640000, 0x000001f1cfd10000, 0x000001f1d5a90000]
CodeHeap 'non-nmethods': size=7488Kb used=3414Kb max_used=3475Kb free=4074Kb
 bounds [0x000001f1d5a90000, 0x000001f1d5e00000, 0x000001f1d61e0000]
 total_blobs=12109 nmethods=11289 adapters=727
 compilation: enabled
              stopped_count=0, restarted_count=0
 full_count=0

Compilation events (20 events):
Event: 24.633 Thread 0x000001f1ef2af580 12671       3       java.io.WinNTFileSystem::delete (32 bytes)
Event: 24.634 Thread 0x000001f1ef2af580 nmethod 12671 0x000001f1cfcf6c10 code [0x000001f1cfcf6dc0, 0x000001f1cfcf6f28]
Event: 24.634 Thread 0x000001f1ef2b1010 nmethod 12669 0x000001f1cfcf7010 code [0x000001f1cfcf7220, 0x000001f1cfcf79f8]
Event: 24.634 Thread 0x000001f1e5aca3f0 nmethod 12670 0x000001f1cfcf7c90 code [0x000001f1cfcf7e80, 0x000001f1cfcf8308]
Event: 24.634 Thread 0x000001f1ef2b1560 nmethod 12668 0x000001f1cfcf8490 code [0x000001f1cfcf8700, 0x000001f1cfcf92b8]
Event: 24.647 Thread 0x000001f1ef2b1560 12673       3       org.gradle.internal.file.impl.DefaultDeleter::deleteFile (20 bytes)
Event: 24.647 Thread 0x000001f1ef2b1560 nmethod 12673 0x000001f1cfcf9710 code [0x000001f1cfcf9960, 0x000001f1cfcfa298]
Event: 24.647 Thread 0x000001f1ef2b1560 12674       3       org.gradle.internal.file.impl.DefaultDeleter$Handling$4::getDescendantHandling (4 bytes)
Event: 24.647 Thread 0x000001f1ef2b1560 nmethod 12674 0x000001f1cfcfa590 code [0x000001f1cfcfa720, 0x000001f1cfcfa838]
Event: 24.742 Thread 0x000001f1e5ac5280 12675       4       sun.nio.fs.WindowsPathParser::parse (384 bytes)
Event: 24.743 Thread 0x000001f1ef2af580 12676   !   3       org.gradle.internal.file.impl.DefaultDeleter::tryHardToDelete (42 bytes)
Event: 24.743 Thread 0x000001f1ef2af580 nmethod 12676 0x000001f1cfcfa910 code [0x000001f1cfcfab40, 0x000001f1cfcfb178]
Event: 24.769 Thread 0x000001f1e5ac5280 nmethod 12675 0x000001f1d68ae410 code [0x000001f1d68ae680, 0x000001f1d68aff70]
Event: 24.856 Thread 0x000001f1ef2af580 12677       3       java.io.File::normalizedList (86 bytes)
Event: 24.856 Thread 0x000001f1ef2af580 nmethod 12677 0x000001f1cfcfb410 code [0x000001f1cfcfb640, 0x000001f1cfcfbe58]
Event: 24.901 Thread 0x000001f1e5ac5280 12678       4       jdk.internal.misc.InnocuousThread::eraseThreadLocals (23 bytes)
Event: 24.902 Thread 0x000001f1e5ac5280 nmethod 12678 0x000001f1d68b1190 code [0x000001f1d68b1300, 0x000001f1d68b1418]
Event: 24.902 Thread 0x000001f1e5ac5280 12681       4       jdk.internal.org.objectweb.asm.Frame::accept (264 bytes)
Event: 24.903 Thread 0x000001f1e5aca3f0 12684       3       java.lang.invoke.InvokerBytecodeGenerator::<init> (126 bytes)
Event: 24.904 Thread 0x000001f1e5aca3f0 nmethod 12684 0x000001f1cfcfc090 code [0x000001f1cfcfc380, 0x000001f1cfcfd4e8]

GC Heap History (20 events):
Event: 7.621 GC heap before
{Heap before GC invocations=13 (full 0):
 garbage-first heap   total 155648K, used 118471K [0x0000000080000000, 0x0000000100000000)
  region size 1024K, 75 young (76800K), 11 survivors (11264K)
 Metaspace       used 51755K, committed 52224K, reserved 1114112K
  class space    used 7044K, committed 7296K, reserved 1048576K
}
Event: 7.625 GC heap after
{Heap after GC invocations=14 (full 0):
 garbage-first heap   total 155648K, used 54732K [0x0000000080000000, 0x0000000100000000)
  region size 1024K, 3 young (3072K), 3 survivors (3072K)
 Metaspace       used 51755K, committed 52224K, reserved 1114112K
  class space    used 7044K, committed 7296K, reserved 1048576K
}
Event: 8.413 GC heap before
{Heap before GC invocations=14 (full 0):
 garbage-first heap   total 155648K, used 126412K [0x0000000080000000, 0x0000000100000000)
  region size 1024K, 67 young (68608K), 3 survivors (3072K)
 Metaspace       used 58290K, committed 58816K, reserved 1114112K
  class space    used 7869K, committed 8128K, reserved 1048576K
}
Event: 8.417 GC heap after
{Heap after GC invocations=15 (full 0):
 garbage-first heap   total 155648K, used 60203K [0x0000000080000000, 0x0000000100000000)
  region size 1024K, 8 young (8192K), 8 survivors (8192K)
 Metaspace       used 58290K, committed 58816K, reserved 1114112K
  class space    used 7869K, committed 8128K, reserved 1048576K
}
Event: 8.670 GC heap before
{Heap before GC invocations=15 (full 0):
 garbage-first heap   total 155648K, used 78635K [0x0000000080000000, 0x0000000100000000)
  region size 1024K, 26 young (26624K), 8 survivors (8192K)
 Metaspace       used 59814K, committed 60288K, reserved 1114112K
  class space    used 8050K, committed 8320K, reserved 1048576K
}
Event: 8.674 GC heap after
{Heap after GC invocations=16 (full 0):
 garbage-first heap   total 155648K, used 61726K [0x0000000080000000, 0x0000000100000000)
  region size 1024K, 2 young (2048K), 2 survivors (2048K)
 Metaspace       used 59814K, committed 60288K, reserved 1114112K
  class space    used 8050K, committed 8320K, reserved 1048576K
}
Event: 9.690 GC heap before
{Heap before GC invocations=17 (full 0):
 garbage-first heap   total 155648K, used 122142K [0x0000000080000000, 0x0000000100000000)
  region size 1024K, 61 young (62464K), 2 survivors (2048K)
 Metaspace       used 63724K, committed 64256K, reserved 1114112K
  class space    used 8534K, committed 8768K, reserved 1048576K
}
Event: 9.693 GC heap after
{Heap after GC invocations=18 (full 0):
 garbage-first heap   total 155648K, used 64169K [0x0000000080000000, 0x0000000100000000)
  region size 1024K, 4 young (4096K), 4 survivors (4096K)
 Metaspace       used 63724K, committed 64256K, reserved 1114112K
  class space    used 8534K, committed 8768K, reserved 1048576K
}
Event: 10.575 GC heap before
{Heap before GC invocations=18 (full 0):
 garbage-first heap   total 155648K, used 124585K [0x0000000080000000, 0x0000000100000000)
  region size 1024K, 63 young (64512K), 4 survivors (4096K)
 Metaspace       used 69158K, committed 69696K, reserved 1114112K
  class space    used 9473K, committed 9728K, reserved 1048576K
}
Event: 10.578 GC heap after
{Heap after GC invocations=19 (full 0):
 garbage-first heap   total 155648K, used 67349K [0x0000000080000000, 0x0000000100000000)
  region size 1024K, 8 young (8192K), 8 survivors (8192K)
 Metaspace       used 69158K, committed 69696K, reserved 1114112K
  class space    used 9473K, committed 9728K, reserved 1048576K
}
Event: 11.485 GC heap before
{Heap before GC invocations=19 (full 0):
 garbage-first heap   total 155648K, used 124693K [0x0000000080000000, 0x0000000100000000)
  region size 1024K, 64 young (65536K), 8 survivors (8192K)
 Metaspace       used 72536K, committed 73088K, reserved 1114112K
  class space    used 9959K, committed 10240K, reserved 1048576K
}
Event: 11.490 GC heap after
{Heap after GC invocations=20 (full 0):
 garbage-first heap   total 155648K, used 71538K [0x0000000080000000, 0x0000000100000000)
  region size 1024K, 8 young (8192K), 8 survivors (8192K)
 Metaspace       used 72536K, committed 73088K, reserved 1114112K
  class space    used 9959K, committed 10240K, reserved 1048576K
}
Event: 12.433 GC heap before
{Heap before GC invocations=20 (full 0):
 garbage-first heap   total 155648K, used 125810K [0x0000000080000000, 0x0000000100000000)
  region size 1024K, 61 young (62464K), 8 survivors (8192K)
 Metaspace       used 74462K, committed 75072K, reserved 1114112K
  class space    used 10213K, committed 10496K, reserved 1048576K
}
Event: 12.439 GC heap after
{Heap after GC invocations=21 (full 0):
 garbage-first heap   total 155648K, used 77970K [0x0000000080000000, 0x0000000100000000)
  region size 1024K, 7 young (7168K), 7 survivors (7168K)
 Metaspace       used 74462K, committed 75072K, reserved 1114112K
  class space    used 10213K, committed 10496K, reserved 1048576K
}
Event: 13.139 GC heap before
{Heap before GC invocations=21 (full 0):
 garbage-first heap   total 155648K, used 124050K [0x0000000080000000, 0x0000000100000000)
  region size 1024K, 53 young (54272K), 7 survivors (7168K)
 Metaspace       used 77530K, committed 78208K, reserved 1179648K
  class space    used 10627K, committed 10944K, reserved 1048576K
}
Event: 13.144 GC heap after
{Heap after GC invocations=22 (full 0):
 garbage-first heap   total 155648K, used 83595K [0x0000000080000000, 0x0000000100000000)
  region size 1024K, 6 young (6144K), 6 survivors (6144K)
 Metaspace       used 77530K, committed 78208K, reserved 1179648K
  class space    used 10627K, committed 10944K, reserved 1048576K
}
Event: 13.838 GC heap before
{Heap before GC invocations=23 (full 0):
 garbage-first heap   total 155648K, used 125579K [0x0000000080000000, 0x0000000100000000)
  region size 1024K, 48 young (49152K), 6 survivors (6144K)
 Metaspace       used 81735K, committed 82496K, reserved 1179648K
  class space    used 11158K, committed 11520K, reserved 1048576K
}
Event: 13.842 GC heap after
{Heap after GC invocations=24 (full 0):
 garbage-first heap   total 155648K, used 88927K [0x0000000080000000, 0x0000000100000000)
  region size 1024K, 6 young (6144K), 6 survivors (6144K)
 Metaspace       used 81735K, committed 82496K, reserved 1179648K
  class space    used 11158K, committed 11520K, reserved 1048576K
}
Event: 24.896 GC heap before
{Heap before GC invocations=24 (full 0):
 garbage-first heap   total 155648K, used 124767K [0x0000000080000000, 0x0000000100000000)
  region size 1024K, 42 young (43008K), 6 survivors (6144K)
 Metaspace       used 84900K, committed 85760K, reserved 1179648K
  class space    used 11646K, committed 12096K, reserved 1048576K
}
Event: 24.900 GC heap after
{Heap after GC invocations=25 (full 0):
 garbage-first heap   total 155648K, used 91647K [0x0000000080000000, 0x0000000100000000)
  region size 1024K, 3 young (3072K), 3 survivors (3072K)
 Metaspace       used 84900K, committed 85760K, reserved 1179648K
  class space    used 11646K, committed 12096K, reserved 1048576K
}

Deoptimization events (20 events):
Event: 24.348 Thread 0x000001f1ec63f620 Uncommon trap: trap_request=0xffffff45 fr.pc=0x000001f1d687ab6c relative=0x000000000000090c
Event: 24.348 Thread 0x000001f1ec63f620 Uncommon trap: reason=unstable_if action=reinterpret pc=0x000001f1d687ab6c method=org.gradle.internal.snapshot.VfsRelativePath.lengthOfCommonPrefix(Ljava/lang/String;Lorg/gradle/internal/snapshot/CaseSensitivity;)I @ 107 c2
Event: 24.348 Thread 0x000001f1ec63f620 DEOPT PACKING pc=0x000001f1d687ab6c sp=0x000000edd24fc330
Event: 24.348 Thread 0x000001f1ec63f620 DEOPT UNPACKING pc=0x000001f1d5ae23a3 sp=0x000000edd24fc2b8 mode 2
Event: 24.391 Thread 0x000001f1ec63f620 DEOPT PACKING pc=0x000001f1cf9ba8a5 sp=0x000000edd24fb840
Event: 24.391 Thread 0x000001f1ec63f620 DEOPT UNPACKING pc=0x000001f1d5ae2b43 sp=0x000000edd24fad08 mode 0
Event: 24.397 Thread 0x000001f1ebfb78c0 DEOPT PACKING pc=0x000001f1cfc7f149 sp=0x000000edc5bfe780
Event: 24.398 Thread 0x000001f1ebfb78c0 DEOPT UNPACKING pc=0x000001f1d5ae2b43 sp=0x000000edc5bfdc20 mode 0
Event: 24.400 Thread 0x000001f1ebfb78c0 DEOPT PACKING pc=0x000001f1cfc7f149 sp=0x000000edc5bfe780
Event: 24.400 Thread 0x000001f1ebfb78c0 DEOPT UNPACKING pc=0x000001f1d5ae2b43 sp=0x000000edc5bfdc20 mode 0
Event: 24.461 Thread 0x000001f1ec63f620 DEOPT PACKING pc=0x000001f1cfc7f149 sp=0x000000edd24f94f0
Event: 24.461 Thread 0x000001f1ec63f620 DEOPT UNPACKING pc=0x000001f1d5ae2b43 sp=0x000000edd24f8990 mode 0
Event: 24.490 Thread 0x000001f1ec63f620 Uncommon trap: trap_request=0xffffffde fr.pc=0x000001f1d65500a0 relative=0x0000000000000500
Event: 24.490 Thread 0x000001f1ec63f620 Uncommon trap: reason=class_check action=maybe_recompile pc=0x000001f1d65500a0 method=org.gradle.internal.snapshot.MediumChildMap.withNode(Lorg/gradle/internal/snapshot/VfsRelativePath;Lorg/gradle/internal/snapshot/CaseSensitivity;Lorg/gradle/internal/sna
Event: 24.490 Thread 0x000001f1ec63f620 DEOPT PACKING pc=0x000001f1d65500a0 sp=0x000000edd24fcd90
Event: 24.490 Thread 0x000001f1ec63f620 DEOPT UNPACKING pc=0x000001f1d5ae23a3 sp=0x000000edd24fcd58 mode 2
Event: 24.904 Thread 0x000001f1f280a520 Uncommon trap: trap_request=0xffffff45 fr.pc=0x000001f1d622cb5c relative=0x000000000000021c
Event: 24.904 Thread 0x000001f1f280a520 Uncommon trap: reason=unstable_if action=reinterpret pc=0x000001f1d622cb5c method=java.lang.ThreadLocal.get()Ljava/lang/Object; @ 11 c2
Event: 24.904 Thread 0x000001f1f280a520 DEOPT PACKING pc=0x000001f1d622cb5c sp=0x000000edc43fec90
Event: 24.904 Thread 0x000001f1f280a520 DEOPT UNPACKING pc=0x000001f1d5ae23a3 sp=0x000000edc43fec30 mode 2

Classes unloaded (0 events):
No events

Classes redefined (0 events):
No events

Internal exceptions (20 events):
Event: 16.707 Thread 0x000001f1f41ba9d0 Exception <a 'java/net/ConnectException'{0x00000000889a1578}: Connection refused: connect> (0x00000000889a1578) 
thrown [s\open\src\hotspot\share\prims\jni.cpp, line 535]
Event: 16.707 Thread 0x000001f1f41ba9d0 Exception <a 'java/net/SocketException'{0x00000000889a2078}: Socket is not connected: shutdown> (0x00000000889a2078) 
thrown [s\open\src\hotspot\share\prims\jni.cpp, line 535]
Event: 16.721 Thread 0x000001f1f41ba9d0 Exception <a 'java/net/ConnectException'{0x00000000889a2df8}: Connection refused: connect> (0x00000000889a2df8) 
thrown [s\open\src\hotspot\share\prims\jni.cpp, line 535]
Event: 16.721 Thread 0x000001f1f41ba9d0 Exception <a 'java/net/SocketException'{0x00000000889a3680}: Socket is not connected: shutdown> (0x00000000889a3680) 
thrown [s\open\src\hotspot\share\prims\jni.cpp, line 535]
Event: 16.735 Thread 0x000001f1f41ba9d0 Exception <a 'java/net/ConnectException'{0x00000000889a4400}: Connection refused: connect> (0x00000000889a4400) 
thrown [s\open\src\hotspot\share\prims\jni.cpp, line 535]
Event: 16.735 Thread 0x000001f1f41ba9d0 Exception <a 'java/net/SocketException'{0x00000000889a4c88}: Socket is not connected: shutdown> (0x00000000889a4c88) 
thrown [s\open\src\hotspot\share\prims\jni.cpp, line 535]
Event: 16.802 Thread 0x000001f1f41ba9d0 Exception <a 'java/lang/NoSuchMethodError'{0x0000000088894e80}: static Lorg/jetbrains/kotlin/daemon/common/LoopbackNetworkInterface$AbstractClientLoopbackSocketFactory;.<clinit>()V> (0x0000000088894e80) 
thrown [s\open\src\hotspot\share\prims\jni.cpp, line 1112]
Event: 16.802 Thread 0x000001f1f41ba9d0 Exception <a 'java/lang/NoSuchMethodError'{0x00000000888a07b0}: static Lorg/jetbrains/kotlin/daemon/common/LoopbackNetworkInterface$ClientLoopbackSocketFactory;.<clinit>()V> (0x00000000888a07b0) 
thrown [s\open\src\hotspot\share\prims\jni.cpp, line 1112]
Event: 16.808 Thread 0x000001f1f41ba9d0 Exception <a 'java/lang/NoSuchMethodError'{0x00000000888f5850}: 'java.lang.Object java.lang.invoke.DirectMethodHandle$Holder.invokeSpecial(java.lang.Object, java.lang.Object, java.lang.Object, int, java.lang.Object, java.lang.Object)'> (0x00000000888f5850) 
thrown [s\open\src\hotspot\share\interpreter\linkResolver.cpp, line 759]
Event: 16.809 Thread 0x000001f1f41ba9d0 Exception <a 'java/lang/NoSuchMethodError'{0x00000000888f97d8}: 'java.lang.Object java.lang.invoke.Invokers$Holder.linkToTargetMethod(java.lang.Object, int, java.lang.Object, java.lang.Object, java.lang.Object)'> (0x00000000888f97d8) 
thrown [s\open\src\hotspot\share\interpreter\linkResolver.cpp, line 759]
Event: 16.813 Thread 0x000001f1f41ba9d0 Exception <a 'java/lang/NoSuchMethodError'{0x00000000887081f8}: static [Ljava/rmi/server/ObjID;.<clinit>()V> (0x00000000887081f8) 
thrown [s\open\src\hotspot\share\prims\jni.cpp, line 1112]
Event: 16.815 Thread 0x000001f1f41ba9d0 Exception <a 'java/lang/NoSuchMethodError'{0x000000008872af90}: static [B.<clinit>()V> (0x000000008872af90) 
thrown [s\open\src\hotspot\share\prims\jni.cpp, line 1112]
Event: 16.836 Thread 0x000001f1f41ba9d0 Exception <a 'java/lang/NoSuchMethodError'{0x0000000088762a20}: static Lorg/jetbrains/kotlin/daemon/common/CompileService$CallResult;.<clinit>()V> (0x0000000088762a20) 
thrown [s\open\src\hotspot\share\prims\jni.cpp, line 1112]
Event: 16.836 Thread 0x000001f1f41ba9d0 Exception <a 'java/lang/NoSuchMethodError'{0x000000008876e6c8}: static Lorg/jetbrains/kotlin/daemon/common/CompileService$CallResult$Good;.<clinit>()V> (0x000000008876e6c8) 
thrown [s\open\src\hotspot\share\prims\jni.cpp, line 1112]
Event: 16.837 Thread 0x000001f1f41ba9d0 Exception <a 'java/lang/NoSuchMethodError'{0x000000008877b760}: static Lorg/jetbrains/kotlin/daemon/common/DaemonJVMOptions;.<clinit>()V> (0x000000008877b760) 
thrown [s\open\src\hotspot\share\prims\jni.cpp, line 1112]
Event: 16.842 Thread 0x000001f1f41ba9d0 Exception <a 'java/lang/NoSuchMethodError'{0x0000000088795ca0}: static Lorg/jetbrains/kotlin/daemon/common/CompileService$CallResult$Ok;.<clinit>()V> (0x0000000088795ca0) 
thrown [s\open\src\hotspot\share\prims\jni.cpp, line 1112]
Event: 16.861 Thread 0x000001f1f41ba9d0 Exception <a 'java/lang/NoSuchMethodError'{0x00000000886f1c10}: static [Ljava/lang/Integer;.<clinit>()V> (0x00000000886f1c10) 
thrown [s\open\src\hotspot\share\prims\jni.cpp, line 1112]
Event: 24.901 Thread 0x000001f1f280a520 Exception <a 'java/lang/NoSuchMethodError'{0x000000008fd01c28}: 'java.lang.Object java.lang.invoke.DirectMethodHandle$Holder.invokeSpecial(java.lang.Object, java.lang.Object, int, java.lang.Object, long)'> (0x000000008fd01c28) 
thrown [s\open\src\hotspot\share\interpreter\linkResolver.cpp, line 759]
Event: 24.902 Thread 0x000001f1f280a520 Exception <a 'java/lang/NoSuchMethodError'{0x000000008fd91240}: 'java.lang.Object java.lang.invoke.DirectMethodHandle$Holder.newInvokeSpecial(java.lang.Object, java.lang.Object, int, java.lang.Object, long)'> (0x000000008fd91240) 
thrown [s\open\src\hotspot\share\interpreter\linkResolver.cpp, line 759]
Event: 24.904 Thread 0x000001f1f280a520 Implicit null exception at 0x000001f1d622c983 to 0x000001f1d622cb48

VM Operations (20 events):
Event: 16.827 Executing VM operation: HandshakeAllThreads
Event: 16.828 Executing VM operation: HandshakeAllThreads done
Event: 17.828 Executing VM operation: Cleanup
Event: 17.828 Executing VM operation: Cleanup done
Event: 21.830 Executing VM operation: Cleanup
Event: 21.830 Executing VM operation: Cleanup done
Event: 22.831 Executing VM operation: Cleanup
Event: 22.831 Executing VM operation: Cleanup done
Event: 23.831 Executing VM operation: Cleanup
Event: 23.831 Executing VM operation: Cleanup done
Event: 24.323 Executing VM operation: HandshakeAllThreads
Event: 24.323 Executing VM operation: HandshakeAllThreads done
Event: 24.324 Executing VM operation: HandshakeAllThreads
Event: 24.324 Executing VM operation: HandshakeAllThreads done
Event: 24.326 Executing VM operation: HandshakeAllThreads
Event: 24.326 Executing VM operation: HandshakeAllThreads done
Event: 24.327 Executing VM operation: HandshakeAllThreads
Event: 24.327 Executing VM operation: HandshakeAllThreads done
Event: 24.896 Executing VM operation: G1CollectForAllocation
Event: 24.900 Executing VM operation: G1CollectForAllocation done

Events (20 events):
Event: 16.900 loading class sun/rmi/transport/Transport$1 done
Event: 16.901 loading class sun/rmi/transport/DGCImpl$LeaseInfo
Event: 16.901 loading class sun/rmi/transport/DGCImpl$LeaseInfo done
Event: 16.901 loading class sun/rmi/transport/DGCImpl$1
Event: 16.901 loading class sun/rmi/transport/DGCImpl$1 done
Event: 16.901 loading class sun/rmi/transport/SequenceEntry
Event: 16.901 loading class sun/rmi/transport/SequenceEntry done
Event: 17.728 Thread 0x000001f1e5c0f720 Thread exited: 0x000001f1e5c0f720
Event: 24.071 Thread 0x000001f1ef2af580 Thread added: 0x000001f1ef2af580
Event: 24.071 Thread 0x000001f1ef2b1010 Thread added: 0x000001f1ef2b1010
Event: 24.071 Thread 0x000001f1ef2b1560 Thread added: 0x000001f1ef2b1560
Event: 24.350 Thread 0x000001f1ef2ae040 Thread added: 0x000001f1ef2ae040
Event: 24.375 Thread 0x000001f1ef2aeae0 Thread added: 0x000001f1ef2aeae0
Event: 24.489 Thread 0x000001f1eae6b730 Thread added: 0x000001f1eae6b730
Event: 24.742 Thread 0x000001f1eae6b730 Thread exited: 0x000001f1eae6b730
Event: 24.742 Thread 0x000001f1ef2aeae0 Thread exited: 0x000001f1ef2aeae0
Event: 24.743 Thread 0x000001f1ef2ae040 Thread exited: 0x000001f1ef2ae040
Event: 24.901 loading class sun/rmi/transport/DGCClient$EndpointEntry$CleanRequest
Event: 24.901 loading class sun/rmi/transport/DGCClient$EndpointEntry$CleanRequest done
Event: 24.906 Thread 0x000001f1f280a520 Thread exited: 0x000001f1f280a520


Dynamic libraries:
0x00007ff6ea5f0000 - 0x00007ff6ea600000 	C:\Program Files\Java\jdk-17\bin\java.exe
0x00007ffd93b20000 - 0x00007ffd93d87000 	C:\WINDOWS\SYSTEM32\ntdll.dll
0x00007ffd92430000 - 0x00007ffd924fb000 	C:\WINDOWS\System32\KERNEL32.DLL
0x00007ffd91430000 - 0x00007ffd91832000 	C:\WINDOWS\System32\KERNELBASE.dll
0x00007ffd90f00000 - 0x00007ffd9104c000 	C:\WINDOWS\System32\ucrtbase.dll
0x00007ffd28fa0000 - 0x00007ffd28fb9000 	C:\Program Files\Java\jdk-17\bin\jli.dll
0x00007ffcfc130000 - 0x00007ffcfc14b000 	C:\Program Files\Java\jdk-17\bin\VCRUNTIME140.dll
0x00007ffd91840000 - 0x00007ffd918fc000 	C:\WINDOWS\System32\ADVAPI32.dll
0x00007ffd91910000 - 0x00007ffd919b9000 	C:\WINDOWS\System32\msvcrt.dll
0x00007ffd91f50000 - 0x00007ffd91ff9000 	C:\WINDOWS\System32\sechost.dll
0x00007ffd93670000 - 0x00007ffd93788000 	C:\WINDOWS\System32\RPCRT4.dll
0x00007ffd93810000 - 0x00007ffd939df000 	C:\WINDOWS\System32\USER32.dll
0x00007ffd91400000 - 0x00007ffd91427000 	C:\WINDOWS\System32\win32u.dll
0x00007ffd75380000 - 0x00007ffd75610000 	C:\WINDOWS\WinSxS\amd64_microsoft.windows.common-controls_6595b64144ccf1df_6.0.26100.9278_none_3e0d1ba8e3303201\COMCTL32.dll
0x00007ffd92110000 - 0x00007ffd9213b000 	C:\WINDOWS\System32\GDI32.dll
0x00007ffd90d20000 - 0x00007ffd90e49000 	C:\WINDOWS\System32\gdi32full.dll
0x00007ffd90e50000 - 0x00007ffd90ef3000 	C:\WINDOWS\System32\msvcp_win.dll
0x00007ffd88f50000 - 0x00007ffd88f5b000 	C:\WINDOWS\SYSTEM32\VERSION.dll
0x00007ffd933c0000 - 0x00007ffd933f1000 	C:\WINDOWS\System32\IMM32.DLL
0x00007ffd5e020000 - 0x00007ffd5e02c000 	C:\Program Files\Java\jdk-17\bin\vcruntime140_1.dll
0x00007ffcf4740000 - 0x00007ffcf47ce000 	C:\Program Files\Java\jdk-17\bin\msvcp140.dll
0x00007ffccbaf0000 - 0x00007ffccc6d0000 	C:\Program Files\Java\jdk-17\bin\server\jvm.dll
0x00007ffd91f40000 - 0x00007ffd91f48000 	C:\WINDOWS\System32\PSAPI.DLL
0x00007ffd826a0000 - 0x00007ffd826d6000 	C:\WINDOWS\SYSTEM32\WINMM.dll
0x00007ffd81220000 - 0x00007ffd8122a000 	C:\WINDOWS\SYSTEM32\WSOCK32.dll
0x00007ffd93a50000 - 0x00007ffd93ad0000 	C:\WINDOWS\System32\WS2_32.dll
0x00007ffd8f9b0000 - 0x00007ffd8f9cb000 	C:\WINDOWS\SYSTEM32\kernel.appcore.dll
0x00007ffd56070000 - 0x00007ffd5607a000 	C:\Program Files\Java\jdk-17\bin\jimage.dll
0x00007ffd8e260000 - 0x00007ffd8e4ac000 	C:\WINDOWS\SYSTEM32\DBGHELP.DLL
0x00007ffd92e00000 - 0x00007ffd93185000 	C:\WINDOWS\System32\combase.dll
0x00007ffd93490000 - 0x00007ffd93569000 	C:\WINDOWS\System32\OLEAUT32.dll
0x00007ffd79ef0000 - 0x00007ffd79f2b000 	C:\WINDOWS\SYSTEM32\dbgcore.DLL
0x00007ffd910f0000 - 0x00007ffd9119c000 	C:\WINDOWS\System32\bcryptPrimitives.dll
0x00007ffcf5fb0000 - 0x00007ffcf5fd5000 	C:\Program Files\Java\jdk-17\bin\java.dll
0x00007ffced330000 - 0x00007ffced407000 	C:\Program Files\Java\jdk-17\bin\jsvml.dll
0x00007ffd92660000 - 0x00007ffd92df8000 	C:\WINDOWS\System32\SHELL32.dll
0x00007ffd8e740000 - 0x00007ffd8efee000 	C:\WINDOWS\SYSTEM32\windows.storage.dll
0x00007ffd93570000 - 0x00007ffd9366b000 	C:\WINDOWS\System32\SHCORE.dll
0x00007ffd92340000 - 0x00007ffd923a6000 	C:\WINDOWS\System32\shlwapi.dll
0x00007ffd90c40000 - 0x00007ffd90c69000 	C:\WINDOWS\SYSTEM32\profapi.dll
0x00007ffcfb710000 - 0x00007ffcfb729000 	C:\Program Files\Java\jdk-17\bin\net.dll
0x00007ffd8ae00000 - 0x00007ffd8af2a000 	C:\WINDOWS\SYSTEM32\WINHTTP.dll
0x00007ffd8ff50000 - 0x00007ffd8ffbc000 	C:\WINDOWS\system32\mswsock.dll
0x00007ffcfb6f0000 - 0x00007ffcfb706000 	C:\Program Files\Java\jdk-17\bin\nio.dll
0x00007ffcf8840000 - 0x00007ffcf8858000 	C:\Program Files\Java\jdk-17\bin\zip.dll
0x00007ffd50700000 - 0x00007ffd50710000 	C:\Program Files\Java\jdk-17\bin\verify.dll
0x00007ffcd8b10000 - 0x00007ffcd8b37000 	C:\Users\ASUS\.gradle\native\e1d6ef7f7dcc3fd88c89a11ec53ec762bb8ba0a96d01ffa2cd45eb1d1d8dd5c5\windows-amd64\native-platform.dll
0x00007ffcedcb0000 - 0x00007ffceddf4000 	C:\Users\ASUS\.gradle\native\0d407fdbe67a94daf76414ababcb853783967236a71b16ec16e742cd7a986fd3\windows-amd64\native-platform-file-events.dll
0x00007ffd4a160000 - 0x00007ffd4a16a000 	C:\Program Files\Java\jdk-17\bin\management.dll
0x00007ffd48b10000 - 0x00007ffd48b1b000 	C:\Program Files\Java\jdk-17\bin\management_ext.dll
0x00007ffd90370000 - 0x00007ffd9038b000 	C:\WINDOWS\SYSTEM32\CRYPTSP.dll
0x00007ffd8f910000 - 0x00007ffd8f949000 	C:\WINDOWS\system32\rsaenh.dll
0x00007ffd90000000 - 0x00007ffd90034000 	C:\WINDOWS\SYSTEM32\USERENV.dll
0x00007ffd90c10000 - 0x00007ffd90c3a000 	C:\WINDOWS\SYSTEM32\bcrypt.dll
0x00007ffd901b0000 - 0x00007ffd901bc000 	C:\WINDOWS\SYSTEM32\CRYPTBASE.dll
0x00007ffd8f3b0000 - 0x00007ffd8f3e3000 	C:\WINDOWS\SYSTEM32\IPHLPAPI.DLL
0x00007ffd91f30000 - 0x00007ffd91f3a000 	C:\WINDOWS\System32\NSI.dll
0x00007ffd8b000000 - 0x00007ffd8b01d000 	C:\WINDOWS\SYSTEM32\dhcpcsvc6.DLL
0x00007ffd8afd0000 - 0x00007ffd8aff5000 	C:\WINDOWS\SYSTEM32\dhcpcsvc.DLL
0x00007ffd8f450000 - 0x00007ffd8f5a8000 	C:\WINDOWS\SYSTEM32\DNSAPI.dll
0x00007ffd8fd70000 - 0x00007ffd8fd7d000 	C:\WINDOWS\SYSTEM32\DSPARSE.dll
0x00007ffd890f0000 - 0x00007ffd890fe000 	C:\Program Files\Java\jdk-17\bin\sunmscapi.dll
0x00007ffd911b0000 - 0x00007ffd9132e000 	C:\WINDOWS\System32\CRYPT32.dll
0x00007ffd904e0000 - 0x00007ffd90510000 	C:\WINDOWS\SYSTEM32\ncrypt.dll
0x00007ffd90490000 - 0x00007ffd904cf000 	C:\WINDOWS\SYSTEM32\NTASN1.dll
0x00007ffd777e0000 - 0x00007ffd777e8000 	C:\WINDOWS\system32\wshunix.dll
0x00007ffcfc980000 - 0x00007ffcfc99e000 	C:\Users\ASUS\AppData\Local\Temp\native-platform4620041744866302817dir\native-platform.dll
0x00007ffd81400000 - 0x00007ffd81407000 	C:\Program Files\Java\jdk-17\bin\rmi.dll

dbghelp: loaded successfully - version: 4.0.5 - missing functions: none
symbol engine: initialized successfully - sym options: 0x614 - pdb path: .;C:\Program Files\Java\jdk-17\bin;C:\WINDOWS\SYSTEM32;C:\WINDOWS\WinSxS\amd64_microsoft.windows.common-controls_6595b64144ccf1df_6.0.26100.9278_none_3e0d1ba8e3303201;C:\Program Files\Java\jdk-17\bin\server;C:\Users\ASUS\.gradle\native\e1d6ef7f7dcc3fd88c89a11ec53ec762bb8ba0a96d01ffa2cd45eb1d1d8dd5c5\windows-amd64;C:\Users\ASUS\.gradle\native\0d407fdbe67a94daf76414ababcb853783967236a71b16ec16e742cd7a986fd3\windows-amd64;C:\Users\ASUS\AppData\Local\Temp\native-platform4620041744866302817dir

VM Arguments:
jvm_args: --add-opens=java.base/java.util=ALL-UNNAMED --add-opens=java.base/java.lang=ALL-UNNAMED --add-opens=java.base/java.lang.invoke=ALL-UNNAMED --add-opens=java.base/java.util=ALL-UNNAMED --add-opens=java.prefs/java.util.prefs=ALL-UNNAMED --add-opens=java.prefs/java.util.prefs=ALL-UNNAMED --add-opens=java.base/java.nio.charset=ALL-UNNAMED --add-opens=java.base/java.net=ALL-UNNAMED --add-opens=java.base/java.util.concurrent.atomic=ALL-UNNAMED -Xmx2048m -Dfile.encoding=UTF-8 -Duser.country=US -Duser.language=en -Duser.variant 
java_command: org.gradle.launcher.daemon.bootstrap.GradleDaemon 7.4
java_class_path (initial): C:\Users\ASUS\.gradle\wrapper\dists\gradle-7.4-bin\c0gwcg53nkjbqw7r0h0umtfvt\gradle-7.4\lib\gradle-launcher-7.4.jar
Launcher Type: SUN_STANDARD

[Global flags]

[error occurred during error reporting (printing flags), id 0xe0000001, Out of Memory Error (s\open\src\hotspot\share\memory\allocation.cpp:44)]

Logging:
Log output configuration:
 #0: stdout all=warning uptime,level,tags
 #1: stderr all=off uptime,level,tags

Environment Variables:
CLASSPATH=D:\OneDrive - University of Westminster\Documents\GitHub\ViMusic\\gradle\wrapper\gradle-wrapper.jar
PATH=C:\Program Files\Git\mingw64\bin;C:\Program Files\Git\usr\bin;C:\Users\ASUS\bin;C:\Program Files\NVIDIA GPU Computing Toolkit\CUDA\v12.6\bin;C:\Program Files\NVIDIA GPU Computing Toolkit\CUDA\v12.6\libnvvp;C:\Program Files\NVIDIA GPU Computing Toolkit\CUDA\v13.3\bin\x64;C:\Program Files\NVIDIA GPU Computing Toolkit\CUDA\v13.3\bin;c:\Users\ASUS\AppData\Local\Programs\cursor\resources\app\bin;C:\Program Files\Common Files\Oracle\Java\javapath;C:\WINDOWS\system32;C:\WINDOWS;C:\WINDOWS\System32\Wbem;C:\WINDOWS\System32\WindowsPowerShell\v1.0\;C:\WINDOWS\System32\OpenSSH\;C:\Program Files (x86)\NVIDIA Corporation\PhysX\Common;C:\Program Files\dotnet\;C:\Program Files\Java\jdk-17\bin;C:\Program Files\nodejs\;C:\Program Files\PostgreSQL\17\bin;C:\Program Files\Git\cmd;C:\Users\ASUS\AppData\Local\Programs\Python\Launcher\;C:\Users\ASUS\scoop\shims;C:\Users\ASUS\AppData\Local\Microsoft\WindowsApps;C:\Users\ASUS\AppData\Roaming\npm;C:\Users\ASUS\AppData\Local\Programs\Python\Python313;C:\Users\ASUS\AppData\Local\Programs\Python\Python313\Scripts;C:\Users\ASUS\AppData\Local\Programs\cursor\resources\app\bin;c:\Users\ASUS\AppData\Local\Programs\cursor\resources\app\bin;C:\Program Files\Git\cmd;C:\Program Files\NVIDIA Corporation\NVIDIA App\NvDLISR;C:\Program Files (x86)\BaseX\bin;C:\Program Files\Apache\apache-maven-3.9.12\bin;C:\Program Files\Docker\Docker\resources\bin;C:\tools\rtk-x86_64-pc-windows-msvc;C:\Program Files\NVIDIA Corporation\Nsight Compute 2024.3.0\;C:\Program Files\NVIDIA GPU Computing Toolkit\CUDA\v12.6\bin;C:\Program Files\NVIDIA GPU Computing Toolkit\CUDA\v12.6\libnvvp;C:\Program Files\NVIDIA GPU Computing Toolkit\CUDA\v13.3\bin\x64;C:\Program Files\NVIDIA GPU Computing Toolkit\CUDA\v13.3\bin;c:\Users\ASUS\AppData\Local\Programs\cursor\resources\app\bin;C:\Program Files\Common Files\Oracle\Java\javapath;C:\WINDOWS\system32;C:\WINDOWS;C:\WINDOWS\System32\Wbem;C:\WINDOWS\System32\WindowsPowerShell\v1.0\;C:\WINDOWS\System32\OpenSSH\;C:\Program Files (x86)\NV
USERNAME=ASUS
OS=Windows_NT
PROCESSOR_IDENTIFIER=AMD64 Family 25 Model 68 Stepping 1, AuthenticAMD



---------------  S Y S T E M  ---------------

OS:
 Windows 11 , 64 bit Build 26100 (10.0.26100.9444)
OS uptime: 1 days 20:40 hours
Hyper-V role detected

CPU: total 16 (initial active 16) (16 cores per cpu, 2 threads per core) family 25 model 68 stepping 1 microcode 0xa404107, cx8, cmov, fxsr, ht, mmx, 3dnowpref, sse, sse2, sse3, ssse3, sse4a, sse4.1, sse4.2, popcnt, lzcnt, tsc, tscinvbit, avx, avx2, aes, erms, clmul, bmi1, bmi2, adx, sha, fma, vzeroupper, clflush, clflushopt, hv

Memory: 4k page, system-wide physical 16202M (1458M free)
TotalPageFile size 25464M (AvailPageFile size 0M)
current process WorkingSet (physical memory assigned to process): 402M, peak: 461M
current process commit charge ("private bytes"): 455M, peak: 514M

vm_info: Java HotSpot(TM) 64-Bit Server VM (17.0.12+8-LTS-286) for windows-amd64 JRE (17.0.12+8-LTS-286), built on Jun  5 2024 06:46:59 by "mach5one" with MS VC++ 17.6 (VS2022)

END.
