#
# There is insufficient memory for the Java Runtime Environment to continue.
# Native memory allocation (mmap) failed to map 409993216 bytes for G1 virtual space
# Possible reasons:
#   The system is out of physical RAM or swap space
#   The process is running with CompressedOops enabled, and the Java Heap may be blocking the growth of the native heap
# Possible solutions:
#   Reduce memory load on the system
#   Increase physical memory or swap space
#   Check if swap backing store is full
#   Decrease Java heap size (-Xmx/-Xms)
#   Decrease number of Java threads
#   Decrease Java thread stack sizes (-Xss)
#   Set larger code cache with -XX:ReservedCodeCacheSize=
#   JVM is running with Unscaled Compressed Oops mode in which the Java heap is
#     placed in the first 4GB address space. The Java Heap base address is the
#     maximum limit for the native heap growth. Please use -XX:HeapBaseMinAddress
#     to set the Java Heap base and to place the Java Heap above 4GB virtual address.
# This output file may be truncated or incomplete.
#
#  Out of Memory Error (os_windows.cpp:3548), pid=34480, tid=32956
#
# JRE version: Java(TM) SE Runtime Environment (17.0.12+8) (build 17.0.12+8-LTS-286)
# Java VM: Java HotSpot(TM) 64-Bit Server VM (17.0.12+8-LTS-286, mixed mode, sharing, tiered, compressed oops, compressed class ptrs, g1 gc, windows-amd64)
# No core dump will be written. Minidumps are not enabled by default on client versions of Windows
#

---------------  S U M M A R Y ------------

Command Line: --add-opens=java.base/java.util=ALL-UNNAMED --add-opens=java.base/java.lang=ALL-UNNAMED --add-opens=java.base/java.lang.invoke=ALL-UNNAMED --add-opens=java.base/java.util=ALL-UNNAMED --add-opens=java.prefs/java.util.prefs=ALL-UNNAMED --add-opens=java.prefs/java.util.prefs=ALL-UNNAMED --add-opens=java.base/java.nio.charset=ALL-UNNAMED --add-opens=java.base/java.net=ALL-UNNAMED --add-opens=java.base/java.util.concurrent.atomic=ALL-UNNAMED -Xmx2048m -Dfile.encoding=UTF-8 -Duser.country=US -Duser.language=en -Duser.variant org.gradle.launcher.daemon.bootstrap.GradleDaemon 7.4

Host: AMD Ryzen 7 7435HS                             , 16 cores, 15G,  Windows 11 , 64 bit Build 26100 (10.0.26100.9444)
Time: Sun Sep 27 16:37:52 2026 Sri Lanka Standard Time elapsed time: 14.978272 seconds (0d 0h 0m 14s)

---------------  T H R E A D  ---------------

Current thread (0x000001110fbd2010):  VMThread "VM Thread" [stack: 0x0000000fa5c00000,0x0000000fa5d00000] [id=32956]

Stack: [0x0000000fa5c00000,0x0000000fa5d00000]
Native frames: (J=compiled Java code, j=interpreted, Vv=VM code, C=native code)
V  [jvm.dll+0x67a04a]
V  [jvm.dll+0x7da4ed]
V  [jvm.dll+0x7dbe33]
V  [jvm.dll+0x7dc4a3]
V  [jvm.dll+0x24508f]
V  [jvm.dll+0x677089]
V  [jvm.dll+0x66bd32]
V  [jvm.dll+0x301fa6]
V  [jvm.dll+0x309546]
V  [jvm.dll+0x359d2e]
V  [jvm.dll+0x359f5f]
V  [jvm.dll+0x2d9078]
V  [jvm.dll+0x2d74ad]
V  [jvm.dll+0x2d6afc]
V  [jvm.dll+0x31a65b]
V  [jvm.dll+0x7e0d9b]
V  [jvm.dll+0x7e1ad4]
V  [jvm.dll+0x7e1fed]
V  [jvm.dll+0x7e23c4]
V  [jvm.dll+0x7e2490]
V  [jvm.dll+0x78abea]
V  [jvm.dll+0x678f35]
C  [ucrtbase.dll+0x2cd30]
C  [KERNEL32.DLL+0x2cd87]
C  [ntdll.dll+0xacaec]

VM_Operation (0x0000000fa7efdbe0): G1CollectForAllocation, mode: safepoint, requested by thread 0x000001115711b270


---------------  P R O C E S S  ---------------

Threads class SMR info:
_java_thread_list=0x000001115babfaa0, length=240, elements={
0x0000011170e6a110, 0x000001110fbd3650, 0x000001110fb85a30, 0x000001110fbdd470,
0x000001110fbdfd50, 0x000001110fbe0620, 0x000001110fbe0ef0, 0x000001110fbf6860,
0x000001110fbf8180, 0x000001110fbfb280, 0x000001110fcbd370, 0x000001110fd7f370,
0x000001110fd7ee60, 0x000001110fe38420, 0x000001115600db80, 0x0000011156271520,
0x000001110fd802a0, 0x000001110fd80cc0, 0x000001110fd7d510, 0x000001110fd7da20,
0x000001110fd7e950, 0x000001110fd7df30, 0x000001110fd7e440, 0x000001110fd7f880,
0x000001110fd807b0, 0x000001110fd7fd90, 0x0000011157119410, 0x000001115711b780,
0x000001115711b270, 0x000001115711bc90, 0x0000011157119920, 0x0000011157119e30,
0x000001115711a850, 0x000001115711c1a0, 0x000001115711ad60, 0x000001115711c6b0,
0x000001115711e000, 0x000001115711daf0, 0x000001115711e510, 0x000001115711f440,
0x000001115711d5e0, 0x000001115711ef30, 0x000001115711fe60, 0x000001115711cbc0,
0x000001115711ea20, 0x0000011157120370, 0x0000011157120880, 0x000001115711d0d0,
0x000001115ad0d420, 0x000001115ad0b5c0, 0x000001115ad09c70, 0x000001115ad0d930,
0x000001115ad0b0b0, 0x000001115ad0bad0, 0x000001115ad0aba0, 0x000001115ad0a180,
0x000001115ad0bfe0, 0x000001115ad0c4f0, 0x000001115ad0cf10, 0x000001115ad0de40,
0x000001115ad0ca00, 0x000001115ad0a690, 0x000001115ad115f0, 0x000001115ad0f280,
0x000001115ad0ed70, 0x000001115ad0f790, 0x000001115ad10bd0, 0x000001115ad0fca0,
0x000001115ad110e0, 0x000001115ad106c0, 0x000001115ad0e350, 0x000001115ad0e860,
0x000001115ad101b0, 0x0000011155e14880, 0x0000011155e14d90, 0x0000011155e13e60,
0x0000011155e152a0, 0x0000011155e16bf0, 0x0000011155e157b0, 0x0000011155e15cc0,
0x0000011155e161d0, 0x0000011155e166e0, 0x0000011155e14370, 0x0000011155e17100,
0x0000011155e13950, 0x000001115689d6b0, 0x000001115689d1a0, 0x000001115689bd60,
0x000001115689dbc0, 0x000001115689e0d0, 0x000001115689a920, 0x000001115689c780,
0x000001115689e5e0, 0x000001115689ae30, 0x000001115689eaf0, 0x000001115689b850,
0x000001115689b340, 0x000001115689f000, 0x000001115689f510, 0x000001115689fa20,
0x000001115689c270, 0x000001115689ff30, 0x00000111568a0440, 0x000001115689cc90,
0x00000111568a0950, 0x00000111568a0e60, 0x00000111568a22a0, 0x00000111568a1370,
0x00000111568a1880, 0x00000111568a1d90, 0x0000011155f2a6b0, 0x0000011155f2abc0,
0x0000011155f2a1a0, 0x0000011155f2b0d0, 0x0000011155f29c90, 0x0000011155f2b5e0,
0x0000011155f2baf0, 0x0000011155f2c000, 0x0000011155f29780, 0x0000011155f2fcc0,
0x0000011155f2f2a0, 0x0000011155f2ed90, 0x0000011155f2f7b0, 0x0000011155f2c510,
0x0000011155f2d440, 0x0000011155f2cf30, 0x0000011155f301d0, 0x0000011155f2ca20,
0x0000011155f306e0, 0x0000011155f2e880, 0x0000011155f30bf0, 0x0000011155f31100,
0x0000011155f2d950, 0x0000011155f2de60, 0x0000011155f2e370, 0x0000011157682970,
0x0000011157682460, 0x0000011157683390, 0x0000011157682e80, 0x0000011157684ce0,
0x00000111576851f0, 0x0000011157685700, 0x00000111576838a0, 0x0000011157683db0,
0x00000111576842c0, 0x00000111576847d0, 0x0000011157681f50, 0x0000011157687050,
0x0000011157687560, 0x0000011157686b40, 0x0000011157686630, 0x00000111576889a0,
0x0000011157688490, 0x0000011157688eb0, 0x00000111576893c0, 0x0000011157687a70,
0x0000011157685c10, 0x0000011157687f80, 0x00000111576898d0, 0x0000011157686120,
0x00000111575ac2e0, 0x00000111575ac7f0, 0x00000111575acd00, 0x00000111575ad210,
0x00000111575ad720, 0x00000111575adc30, 0x00000111575aaea0, 0x00000111575ae140,
0x00000111575ae650, 0x00000111575ab3b0, 0x00000111575aeb60, 0x00000111575af070,
0x00000111575ab8c0, 0x00000111575abdd0, 0x00000111575b0ed0, 0x00000111575b2310,
0x00000111575b1e00, 0x00000111575b2820, 0x00000111575affa0, 0x00000111575b04b0,
0x00000111575afa90, 0x00000111575b18f0, 0x00000111575af580, 0x00000111575b09c0,
0x00000111575b13e0, 0x000001115770d750, 0x000001115770d240, 0x000001115770e170,
0x000001115770b8f0, 0x000001115770dc60, 0x000001115770e680, 0x000001115770aed0,
0x000001115770be00, 0x000001115770eb90, 0x000001115770c820, 0x000001115770cd30,
0x000001115770c310, 0x000001115770b3e0, 0x0000011157712340, 0x00000111577109f0,
0x0000011157711e30, 0x0000011157710f00, 0x000001115770f5b0, 0x0000011157711920,
0x000001115b942070, 0x000001115b93fd00, 0x000001115b942580, 0x000001115b942fa0,
0x000001115b940c30, 0x000001115b940720, 0x0000011159ab7620, 0x0000011159ab6630,
0x0000011159ab8610, 0x000001115b940210, 0x000001115b943ed0, 0x000001115b941650,
0x000001115b947170, 0x000001115b9448f0, 0x000001115b944e00, 0x000001115b945310,
0x000001115b945820, 0x000001115b945d30, 0x000001115b946240, 0x000001115b946750,
0x000001115b946c60, 0x000001115b947680, 0x000001115b9443e0, 0x0000011157711410,
0x0000011163118ed0, 0x00000111631198f0, 0x0000011163117070, 0x000001116311a820,
0x0000011163117580, 0x0000011163ca1850, 0x00000111644c0e00, 0x0000011156b57090,
0x000001115addc5a0, 0x000001115addac50, 0x000001115addb160, 0x000001115cde49c0
}

Java Threads: ( => current thread )
  0x0000011170e6a110 JavaThread "main" [_thread_blocked, id=32136, stack(0x0000000fa5600000,0x0000000fa5700000)]
  0x000001110fbd3650 JavaThread "Reference Handler" daemon [_thread_blocked, id=31244, stack(0x0000000fa5d00000,0x0000000fa5e00000)]
  0x000001110fb85a30 JavaThread "Finalizer" daemon [_thread_blocked, id=30476, stack(0x0000000fa5e00000,0x0000000fa5f00000)]
  0x000001110fbdd470 JavaThread "Signal Dispatcher" daemon [_thread_blocked, id=35052, stack(0x0000000fa5f00000,0x0000000fa6000000)]
  0x000001110fbdfd50 JavaThread "Attach Listener" daemon [_thread_blocked, id=2896, stack(0x0000000fa6000000,0x0000000fa6100000)]
  0x000001110fbe0620 JavaThread "Service Thread" daemon [_thread_blocked, id=12780, stack(0x0000000fa6100000,0x0000000fa6200000)]
  0x000001110fbe0ef0 JavaThread "Monitor Deflation Thread" daemon [_thread_blocked, id=34820, stack(0x0000000fa6200000,0x0000000fa6300000)]
  0x000001110fbf6860 JavaThread "C2 CompilerThread0" daemon [_thread_in_native, id=7384, stack(0x0000000fa6300000,0x0000000fa6400000)]
  0x000001110fbf8180 JavaThread "C1 CompilerThread0" daemon [_thread_blocked, id=16280, stack(0x0000000fa6400000,0x0000000fa6500000)]
  0x000001110fbfb280 JavaThread "Sweeper thread" daemon [_thread_blocked, id=26884, stack(0x0000000fa6500000,0x0000000fa6600000)]
  0x000001110fcbd370 JavaThread "C1 CompilerThread1" daemon [_thread_blocked, id=34040, stack(0x0000000fa6600000,0x0000000fa6700000)]
  0x000001110fd7f370 JavaThread "Common-Cleaner" daemon [_thread_blocked, id=8332, stack(0x0000000fa6700000,0x0000000fa6800000)]
  0x000001110fd7ee60 JavaThread "Notification Thread" daemon [_thread_blocked, id=1820, stack(0x0000000fa6800000,0x0000000fa6900000)]
  0x000001110fe38420 JavaThread "C2 CompilerThread1" daemon [_thread_in_native, id=8220, stack(0x0000000fa6a00000,0x0000000fa6b00000)]
  0x000001115600db80 JavaThread "C1 CompilerThread2" daemon [_thread_blocked, id=32140, stack(0x0000000fa6d00000,0x0000000fa6e00000)]
  0x0000011156271520 JavaThread "C1 CompilerThread3" daemon [_thread_blocked, id=22428, stack(0x0000000fa6e00000,0x0000000fa6f00000)]
  0x000001110fd802a0 JavaThread "Daemon health stats" [_thread_blocked, id=18532, stack(0x0000000fa7400000,0x0000000fa7500000)]
  0x000001110fd80cc0 JavaThread "Incoming local TCP Connector on port 53460" [_thread_in_native, id=32576, stack(0x0000000fa6c00000,0x0000000fa6d00000)]
  0x000001110fd7d510 JavaThread "Daemon periodic checks" [_thread_blocked, id=19900, stack(0x0000000fa7500000,0x0000000fa7600000)]
  0x000001110fd7da20 JavaThread "Daemon" [_thread_blocked, id=4948, stack(0x0000000fa7600000,0x0000000fa7700000)]
  0x000001110fd7e950 JavaThread "Handler for socket connection from /127.0.0.1:53460 to /127.0.0.1:53461" [_thread_in_native, id=25092, stack(0x0000000fa7700000,0x0000000fa7800000)]
  0x000001110fd7df30 JavaThread "Cancel handler" [_thread_blocked, id=27220, stack(0x0000000fa7800000,0x0000000fa7900000)]
  0x000001110fd7e440 JavaThread "Daemon worker" [_thread_blocked, id=34068, stack(0x0000000fa7900000,0x0000000fa7a00000)]
  0x000001110fd7f880 JavaThread "Asynchronous log dispatcher for DefaultDaemonConnection: socket connection from /127.0.0.1:53460 to /127.0.0.1:53461" [_thread_blocked, id=35576, stack(0x0000000fa7a00000,0x0000000fa7b00000)]
  0x000001110fd807b0 JavaThread "Stdin handler" [_thread_blocked, id=33672, stack(0x0000000fa7b00000,0x0000000fa7c00000)]
  0x000001110fd7fd90 JavaThread "Daemon client event forwarder" [_thread_blocked, id=21732, stack(0x0000000fa7c00000,0x0000000fa7d00000)]
  0x0000011157119410 JavaThread "Cache worker for journal cache (C:\Users\ASUS\.gradle\caches\journal-1)" [_thread_blocked, id=2976, stack(0x0000000fa6b00000,0x0000000fa6c00000)]
  0x000001115711b780 JavaThread "File lock request listener" [_thread_in_native, id=34044, stack(0x0000000fa7d00000,0x0000000fa7e00000)]
  0x000001115711b270 JavaThread "Cache worker for file hash cache (C:\Users\ASUS\.gradle\caches\7.4\fileHashes)" [_thread_blocked, id=32336, stack(0x0000000fa7e00000,0x0000000fa7f00000)]
  0x000001115711bc90 JavaThread "File watcher server" daemon [_thread_blocked, id=23328, stack(0x0000000fa8100000,0x0000000fa8200000)]
  0x0000011157119920 JavaThread "File watcher consumer" daemon [_thread_blocked, id=26224, stack(0x0000000fa8200000,0x0000000fa8300000)]
  0x0000011157119e30 JavaThread "Cache worker for checksums cache (D:\OneDrive - University of Westminster\Documents\GitHub\ViMusic\.gradle\7.4\checksums)" [_thread_blocked, id=18448, stack(0x0000000fa8300000,0x0000000fa8400000)]
  0x000001115711a850 JavaThread "Cache worker for cache directory md-rule (C:\Users\ASUS\.gradle\caches\7.4\md-rule)" [_thread_blocked, id=25252, stack(0x0000000fa8400000,0x0000000fa8500000)]
  0x000001115711c1a0 JavaThread "Cache worker for file hash cache (D:\OneDrive - University of Westminster\Documents\GitHub\ViMusic\.gradle\7.4\fileHashes)" [_thread_blocked, id=15368, stack(0x0000000fa8500000,0x0000000fa8600000)]
  0x000001115711ad60 JavaThread "Cache worker for cache directory md-supplier (C:\Users\ASUS\.gradle\caches\7.4\md-supplier)" [_thread_blocked, id=23360, stack(0x0000000fa8600000,0x0000000fa8700000)]
  0x000001115711c6b0 JavaThread "Cache worker for execution history cache (C:\Users\ASUS\.gradle\caches\7.4\executionHistory)" [_thread_blocked, id=3888, stack(0x0000000fa9000000,0x0000000fa9100000)]
  0x000001115711e000 JavaThread "jar transforms" [_thread_blocked, id=28580, stack(0x0000000fa9100000,0x0000000fa9200000)]
  0x000001115711daf0 JavaThread "jar transforms Thread 2" [_thread_blocked, id=6656, stack(0x0000000fa9200000,0x0000000fa9300000)]
  0x000001115711e510 JavaThread "Cache worker for file content cache (C:\Users\ASUS\.gradle\caches\7.4\fileContent)" [_thread_blocked, id=33032, stack(0x0000000fa9500000,0x0000000fa9600000)]
  0x000001115711f440 JavaThread "jar transforms Thread 3" [_thread_blocked, id=11316, stack(0x0000000fa9600000,0x0000000fa9700000)]
  0x000001115711d5e0 JavaThread "jar transforms Thread 4" [_thread_blocked, id=1284, stack(0x0000000fa9700000,0x0000000fa9800000)]
  0x000001115711ef30 JavaThread "jar transforms Thread 5" [_thread_blocked, id=26252, stack(0x0000000fa9800000,0x0000000fa9900000)]
  0x000001115711fe60 JavaThread "jar transforms Thread 6" [_thread_blocked, id=3268, stack(0x0000000fa9900000,0x0000000fa9a00000)]
  0x000001115711cbc0 JavaThread "jar transforms Thread 7" [_thread_blocked, id=28560, stack(0x0000000fa9a00000,0x0000000fa9b00000)]
  0x000001115711ea20 JavaThread "jar transforms Thread 8" [_thread_blocked, id=34128, stack(0x0000000fa9b00000,0x0000000fa9c00000)]
  0x0000011157120370 JavaThread "jar transforms Thread 9" [_thread_blocked, id=26144, stack(0x0000000fa9c00000,0x0000000fa9d00000)]
  0x0000011157120880 JavaThread "jar transforms Thread 10" [_thread_blocked, id=23964, stack(0x0000000fa9d00000,0x0000000fa9e00000)]
  0x000001115711d0d0 JavaThread "jar transforms Thread 11" [_thread_blocked, id=3240, stack(0x0000000fa9e00000,0x0000000fa9f00000)]
  0x000001115ad0d420 JavaThread "jar transforms Thread 12" [_thread_blocked, id=27540, stack(0x0000000fa9f00000,0x0000000faa000000)]
  0x000001115ad0b5c0 JavaThread "jar transforms Thread 13" [_thread_blocked, id=34848, stack(0x0000000faa000000,0x0000000faa100000)]
  0x000001115ad09c70 JavaThread "jar transforms Thread 14" [_thread_blocked, id=7672, stack(0x0000000faa100000,0x0000000faa200000)]
  0x000001115ad0d930 JavaThread "jar transforms Thread 15" [_thread_blocked, id=20628, stack(0x0000000faa200000,0x0000000faa300000)]
  0x000001115ad0b0b0 JavaThread "jar transforms Thread 16" [_thread_blocked, id=35068, stack(0x0000000faa300000,0x0000000faa400000)]
  0x000001115ad0bad0 JavaThread "Cache worker for kotlin-dsl (C:\Users\ASUS\.gradle\caches\7.4\kotlin-dsl)" [_thread_blocked, id=25956, stack(0x0000000faa400000,0x0000000faa500000)]
  0x000001115ad0aba0 JavaThread "Cache worker for dependencies-accessors (D:\OneDrive - University of Westminster\Documents\GitHub\ViMusic\.gradle\7.4\dependencies-accessors)" [_thread_blocked, id=12008, stack(0x0000000faa500000,0x0000000faa600000)]
  0x000001115ad0a180 JavaThread "Cache worker for Build Output Cleanup Cache (D:\OneDrive - University of Westminster\Documents\GitHub\ViMusic\.gradle\buildOutputCleanup)" [_thread_blocked, id=6620, stack(0x0000000faa600000,0x0000000faa700000)]
  0x000001115ad0bfe0 JavaThread "Unconstrained build operations" [_thread_blocked, id=23728, stack(0x0000000faa700000,0x0000000faa800000)]
  0x000001115ad0c4f0 JavaThread "Unconstrained build operations Thread 2" [_thread_blocked, id=28888, stack(0x0000000faa800000,0x0000000faa900000)]
  0x000001115ad0cf10 JavaThread "Unconstrained build operations Thread 3" [_thread_blocked, id=34120, stack(0x0000000faa900000,0x0000000faaa00000)]
  0x000001115ad0de40 JavaThread "Unconstrained build operations Thread 4" [_thread_blocked, id=33448, stack(0x0000000faaa00000,0x0000000faab00000)]
  0x000001115ad0ca00 JavaThread "Unconstrained build operations Thread 5" [_thread_blocked, id=26844, stack(0x0000000faab00000,0x0000000faac00000)]
  0x000001115ad0a690 JavaThread "Unconstrained build operations Thread 6" [_thread_blocked, id=19380, stack(0x0000000faac00000,0x0000000faad00000)]
  0x000001115ad115f0 JavaThread "Unconstrained build operations Thread 7" [_thread_blocked, id=32788, stack(0x0000000faad00000,0x0000000faae00000)]
  0x000001115ad0f280 JavaThread "Unconstrained build operations Thread 8" [_thread_blocked, id=31708, stack(0x0000000faae00000,0x0000000faaf00000)]
  0x000001115ad0ed70 JavaThread "Unconstrained build operations Thread 9" [_thread_blocked, id=35048, stack(0x0000000faaf00000,0x0000000fab000000)]
  0x000001115ad0f790 JavaThread "Unconstrained build operations Thread 10" [_thread_blocked, id=2984, stack(0x0000000fab000000,0x0000000fab100000)]
  0x000001115ad10bd0 JavaThread "Unconstrained build operations Thread 11" [_thread_blocked, id=24164, stack(0x0000000fab100000,0x0000000fab200000)]
  0x000001115ad0fca0 JavaThread "Unconstrained build operations Thread 12" [_thread_blocked, id=9892, stack(0x0000000fab200000,0x0000000fab300000)]
  0x000001115ad110e0 JavaThread "Unconstrained build operations Thread 13" [_thread_blocked, id=29244, stack(0x0000000fab300000,0x0000000fab400000)]
  0x000001115ad106c0 JavaThread "Unconstrained build operations Thread 14" [_thread_blocked, id=34076, stack(0x0000000fab400000,0x0000000fab500000)]
  0x000001115ad0e350 JavaThread "Unconstrained build operations Thread 15" [_thread_blocked, id=8636, stack(0x0000000fab500000,0x0000000fab600000)]
  0x000001115ad0e860 JavaThread "Unconstrained build operations Thread 16" [_thread_blocked, id=3708, stack(0x0000000fab600000,0x0000000fab700000)]
  0x000001115ad101b0 JavaThread "Unconstrained build operations Thread 17" [_thread_blocked, id=30504, stack(0x0000000fab700000,0x0000000fab800000)]
  0x0000011155e14880 JavaThread "Unconstrained build operations Thread 18" [_thread_blocked, id=13044, stack(0x0000000fab800000,0x0000000fab900000)]
  0x0000011155e14d90 JavaThread "Unconstrained build operations Thread 19" [_thread_blocked, id=26792, stack(0x0000000fab900000,0x0000000faba00000)]
  0x0000011155e13e60 JavaThread "Unconstrained build operations Thread 20" [_thread_blocked, id=12688, stack(0x0000000faba00000,0x0000000fabb00000)]
  0x0000011155e152a0 JavaThread "Unconstrained build operations Thread 21" [_thread_blocked, id=31472, stack(0x0000000fabb00000,0x0000000fabc00000)]
  0x0000011155e16bf0 JavaThread "Unconstrained build operations Thread 22" [_thread_blocked, id=14564, stack(0x0000000fabc00000,0x0000000fabd00000)]
  0x0000011155e157b0 JavaThread "Unconstrained build operations Thread 23" [_thread_blocked, id=35568, stack(0x0000000fabd00000,0x0000000fabe00000)]
  0x0000011155e15cc0 JavaThread "Unconstrained build operations Thread 24" [_thread_blocked, id=35668, stack(0x0000000fabe00000,0x0000000fabf00000)]
  0x0000011155e161d0 JavaThread "Unconstrained build operations Thread 25" [_thread_blocked, id=32900, stack(0x0000000fabf00000,0x0000000fac000000)]
  0x0000011155e166e0 JavaThread "Unconstrained build operations Thread 26" [_thread_blocked, id=27980, stack(0x0000000fac000000,0x0000000fac100000)]
  0x0000011155e14370 JavaThread "Unconstrained build operations Thread 27" [_thread_blocked, id=9360, stack(0x0000000fac100000,0x0000000fac200000)]
  0x0000011155e17100 JavaThread "Unconstrained build operations Thread 28" [_thread_blocked, id=31556, stack(0x0000000fac200000,0x0000000fac300000)]
  0x0000011155e13950 JavaThread "Unconstrained build operations Thread 29" [_thread_blocked, id=26956, stack(0x0000000fac300000,0x0000000fac400000)]
  0x000001115689d6b0 JavaThread "Unconstrained build operations Thread 30" [_thread_blocked, id=11700, stack(0x0000000fac400000,0x0000000fac500000)]
  0x000001115689d1a0 JavaThread "Unconstrained build operations Thread 31" [_thread_blocked, id=35748, stack(0x0000000fac500000,0x0000000fac600000)]
  0x000001115689bd60 JavaThread "Unconstrained build operations Thread 32" [_thread_blocked, id=6364, stack(0x0000000fac600000,0x0000000fac700000)]
  0x000001115689dbc0 JavaThread "Unconstrained build operations Thread 33" [_thread_blocked, id=29968, stack(0x0000000fac700000,0x0000000fac800000)]
  0x000001115689e0d0 JavaThread "Unconstrained build operations Thread 34" [_thread_blocked, id=20268, stack(0x0000000fac800000,0x0000000fac900000)]
  0x000001115689a920 JavaThread "Unconstrained build operations Thread 35" [_thread_blocked, id=33500, stack(0x0000000fac900000,0x0000000faca00000)]
  0x000001115689c780 JavaThread "Unconstrained build operations Thread 36" [_thread_blocked, id=34228, stack(0x0000000faca00000,0x0000000facb00000)]
  0x000001115689e5e0 JavaThread "Unconstrained build operations Thread 37" [_thread_blocked, id=35384, stack(0x0000000facb00000,0x0000000facc00000)]
  0x000001115689ae30 JavaThread "Unconstrained build operations Thread 38" [_thread_blocked, id=21836, stack(0x0000000facc00000,0x0000000facd00000)]
  0x000001115689eaf0 JavaThread "Unconstrained build operations Thread 39" [_thread_blocked, id=29072, stack(0x0000000facd00000,0x0000000face00000)]
  0x000001115689b850 JavaThread "Unconstrained build operations Thread 40" [_thread_blocked, id=33508, stack(0x0000000face00000,0x0000000facf00000)]
  0x000001115689b340 JavaThread "Unconstrained build operations Thread 41" [_thread_blocked, id=27240, stack(0x0000000facf00000,0x0000000fad000000)]
  0x000001115689f000 JavaThread "Unconstrained build operations Thread 42" [_thread_blocked, id=30844, stack(0x0000000fad000000,0x0000000fad100000)]
  0x000001115689f510 JavaThread "Unconstrained build operations Thread 43" [_thread_blocked, id=33528, stack(0x0000000fad100000,0x0000000fad200000)]
  0x000001115689fa20 JavaThread "Unconstrained build operations Thread 44" [_thread_blocked, id=23684, stack(0x0000000fad200000,0x0000000fad300000)]
  0x000001115689c270 JavaThread "Unconstrained build operations Thread 45" [_thread_blocked, id=3048, stack(0x0000000fad300000,0x0000000fad400000)]
  0x000001115689ff30 JavaThread "Unconstrained build operations Thread 46" [_thread_blocked, id=22144, stack(0x0000000fad400000,0x0000000fad500000)]
  0x00000111568a0440 JavaThread "Unconstrained build operations Thread 47" [_thread_blocked, id=7124, stack(0x0000000fad500000,0x0000000fad600000)]
  0x000001115689cc90 JavaThread "Unconstrained build operations Thread 48" [_thread_blocked, id=26920, stack(0x0000000fad600000,0x0000000fad700000)]
  0x00000111568a0950 JavaThread "Unconstrained build operations Thread 49" [_thread_blocked, id=10032, stack(0x0000000fad700000,0x0000000fad800000)]
  0x00000111568a0e60 JavaThread "Unconstrained build operations Thread 50" [_thread_blocked, id=20060, stack(0x0000000fad800000,0x0000000fad900000)]
  0x00000111568a22a0 JavaThread "Unconstrained build operations Thread 51" [_thread_blocked, id=24740, stack(0x0000000fad900000,0x0000000fada00000)]
  0x00000111568a1370 JavaThread "Unconstrained build operations Thread 52" [_thread_blocked, id=3272, stack(0x0000000fada00000,0x0000000fadb00000)]
  0x00000111568a1880 JavaThread "Unconstrained build operations Thread 53" [_thread_blocked, id=5944, stack(0x0000000fadb00000,0x0000000fadc00000)]
  0x00000111568a1d90 JavaThread "Unconstrained build operations Thread 54" [_thread_blocked, id=27088, stack(0x0000000fadc00000,0x0000000fadd00000)]
  0x0000011155f2a6b0 JavaThread "Unconstrained build operations Thread 55" [_thread_blocked, id=26036, stack(0x0000000fadd00000,0x0000000fade00000)]
  0x0000011155f2abc0 JavaThread "Unconstrained build operations Thread 56" [_thread_blocked, id=30356, stack(0x0000000fade00000,0x0000000fadf00000)]
  0x0000011155f2a1a0 JavaThread "Unconstrained build operations Thread 57" [_thread_blocked, id=24952, stack(0x0000000fadf00000,0x0000000fae000000)]
  0x0000011155f2b0d0 JavaThread "Unconstrained build operations Thread 58" [_thread_blocked, id=11592, stack(0x0000000fae000000,0x0000000fae100000)]
  0x0000011155f29c90 JavaThread "Unconstrained build operations Thread 59" [_thread_blocked, id=2656, stack(0x0000000fae100000,0x0000000fae200000)]
  0x0000011155f2b5e0 JavaThread "Unconstrained build operations Thread 60" [_thread_blocked, id=24768, stack(0x0000000fae200000,0x0000000fae300000)]
  0x0000011155f2baf0 JavaThread "Unconstrained build operations Thread 61" [_thread_blocked, id=14028, stack(0x0000000fae300000,0x0000000fae400000)]
  0x0000011155f2c000 JavaThread "Unconstrained build operations Thread 62" [_thread_blocked, id=23200, stack(0x0000000fae400000,0x0000000fae500000)]
  0x0000011155f29780 JavaThread "Unconstrained build operations Thread 63" [_thread_blocked, id=28476, stack(0x0000000fae500000,0x0000000fae600000)]
  0x0000011155f2fcc0 JavaThread "Unconstrained build operations Thread 64" [_thread_blocked, id=33060, stack(0x0000000fae600000,0x0000000fae700000)]
  0x0000011155f2f2a0 JavaThread "Unconstrained build operations Thread 65" [_thread_blocked, id=34396, stack(0x0000000fae700000,0x0000000fae800000)]
  0x0000011155f2ed90 JavaThread "Unconstrained build operations Thread 66" [_thread_blocked, id=32632, stack(0x0000000fae800000,0x0000000fae900000)]
  0x0000011155f2f7b0 JavaThread "Unconstrained build operations Thread 67" [_thread_blocked, id=22408, stack(0x0000000fae900000,0x0000000faea00000)]
  0x0000011155f2c510 JavaThread "Unconstrained build operations Thread 68" [_thread_blocked, id=33396, stack(0x0000000faea00000,0x0000000faeb00000)]
  0x0000011155f2d440 JavaThread "Unconstrained build operations Thread 69" [_thread_blocked, id=16484, stack(0x0000000faeb00000,0x0000000faec00000)]
  0x0000011155f2cf30 JavaThread "Unconstrained build operations Thread 70" [_thread_blocked, id=6324, stack(0x0000000faec00000,0x0000000faed00000)]
  0x0000011155f301d0 JavaThread "Unconstrained build operations Thread 71" [_thread_blocked, id=29816, stack(0x0000000faed00000,0x0000000faee00000)]
  0x0000011155f2ca20 JavaThread "Unconstrained build operations Thread 72" [_thread_blocked, id=33280, stack(0x0000000faee00000,0x0000000faef00000)]
  0x0000011155f306e0 JavaThread "Unconstrained build operations Thread 73" [_thread_blocked, id=16524, stack(0x0000000faef00000,0x0000000faf000000)]
  0x0000011155f2e880 JavaThread "Unconstrained build operations Thread 74" [_thread_blocked, id=33600, stack(0x0000000faf000000,0x0000000faf100000)]
  0x0000011155f30bf0 JavaThread "Unconstrained build operations Thread 75" [_thread_blocked, id=35676, stack(0x0000000faf100000,0x0000000faf200000)]
  0x0000011155f31100 JavaThread "Unconstrained build operations Thread 76" [_thread_blocked, id=26680, stack(0x0000000faf200000,0x0000000faf300000)]
  0x0000011155f2d950 JavaThread "Unconstrained build operations Thread 77" [_thread_blocked, id=8200, stack(0x0000000faf300000,0x0000000faf400000)]
  0x0000011155f2de60 JavaThread "Unconstrained build operations Thread 78" [_thread_blocked, id=33836, stack(0x0000000faf400000,0x0000000faf500000)]
  0x0000011155f2e370 JavaThread "Unconstrained build operations Thread 79" [_thread_blocked, id=18308, stack(0x0000000faf500000,0x0000000faf600000)]
  0x0000011157682970 JavaThread "Unconstrained build operations Thread 80" [_thread_blocked, id=16804, stack(0x0000000faf600000,0x0000000faf700000)]
  0x0000011157682460 JavaThread "Unconstrained build operations Thread 81" [_thread_blocked, id=5404, stack(0x0000000faf700000,0x0000000faf800000)]
  0x0000011157683390 JavaThread "Unconstrained build operations Thread 82" [_thread_blocked, id=13688, stack(0x0000000faf800000,0x0000000faf900000)]
  0x0000011157682e80 JavaThread "Unconstrained build operations Thread 83" [_thread_blocked, id=1364, stack(0x0000000faf900000,0x0000000fafa00000)]
  0x0000011157684ce0 JavaThread "Unconstrained build operations Thread 84" [_thread_blocked, id=29424, stack(0x0000000fafa00000,0x0000000fafb00000)]
  0x00000111576851f0 JavaThread "Unconstrained build operations Thread 85" [_thread_blocked, id=11112, stack(0x0000000fafb00000,0x0000000fafc00000)]
  0x0000011157685700 JavaThread "Unconstrained build operations Thread 86" [_thread_blocked, id=27112, stack(0x0000000fafc00000,0x0000000fafd00000)]
  0x00000111576838a0 JavaThread "Unconstrained build operations Thread 87" [_thread_blocked, id=1900, stack(0x0000000fafd00000,0x0000000fafe00000)]
  0x0000011157683db0 JavaThread "Unconstrained build operations Thread 88" [_thread_blocked, id=32644, stack(0x0000000fafe00000,0x0000000faff00000)]
  0x00000111576842c0 JavaThread "Unconstrained build operations Thread 89" [_thread_blocked, id=2756, stack(0x0000000faff00000,0x0000000fb0000000)]
  0x00000111576847d0 JavaThread "Unconstrained build operations Thread 90" [_thread_blocked, id=6528, stack(0x0000000fb0000000,0x0000000fb0100000)]
  0x0000011157681f50 JavaThread "Unconstrained build operations Thread 91" [_thread_blocked, id=13764, stack(0x0000000fb0100000,0x0000000fb0200000)]
  0x0000011157687050 JavaThread "Unconstrained build operations Thread 92" [_thread_blocked, id=12904, stack(0x0000000fb0200000,0x0000000fb0300000)]
  0x0000011157687560 JavaThread "Unconstrained build operations Thread 93" [_thread_blocked, id=11076, stack(0x0000000fb0300000,0x0000000fb0400000)]
  0x0000011157686b40 JavaThread "Unconstrained build operations Thread 94" [_thread_blocked, id=30532, stack(0x0000000fb0400000,0x0000000fb0500000)]
  0x0000011157686630 JavaThread "Unconstrained build operations Thread 95" [_thread_blocked, id=28224, stack(0x0000000fb0500000,0x0000000fb0600000)]
  0x00000111576889a0 JavaThread "Unconstrained build operations Thread 96" [_thread_blocked, id=26128, stack(0x0000000fb0600000,0x0000000fb0700000)]
  0x0000011157688490 JavaThread "Unconstrained build operations Thread 97" [_thread_blocked, id=9064, stack(0x0000000fb0700000,0x0000000fb0800000)]
  0x0000011157688eb0 JavaThread "Unconstrained build operations Thread 98" [_thread_blocked, id=33756, stack(0x0000000fb0800000,0x0000000fb0900000)]
  0x00000111576893c0 JavaThread "Unconstrained build operations Thread 99" [_thread_blocked, id=31088, stack(0x0000000fb0900000,0x0000000fb0a00000)]
  0x0000011157687a70 JavaThread "Unconstrained build operations Thread 100" [_thread_blocked, id=32560, stack(0x0000000fb0a00000,0x0000000fb0b00000)]
  0x0000011157685c10 JavaThread "Unconstrained build operations Thread 101" [_thread_blocked, id=10008, stack(0x0000000fb0b00000,0x0000000fb0c00000)]
  0x0000011157687f80 JavaThread "Unconstrained build operations Thread 102" [_thread_blocked, id=26800, stack(0x0000000fb0c00000,0x0000000fb0d00000)]
  0x00000111576898d0 JavaThread "Unconstrained build operations Thread 103" [_thread_blocked, id=26148, stack(0x0000000fb0d00000,0x0000000fb0e00000)]
  0x0000011157686120 JavaThread "Unconstrained build operations Thread 104" [_thread_blocked, id=23232, stack(0x0000000fb0e00000,0x0000000fb0f00000)]
  0x00000111575ac2e0 JavaThread "Unconstrained build operations Thread 105" [_thread_blocked, id=22208, stack(0x0000000fb0f00000,0x0000000fb1000000)]
  0x00000111575ac7f0 JavaThread "Unconstrained build operations Thread 106" [_thread_blocked, id=5852, stack(0x0000000fb1000000,0x0000000fb1100000)]
  0x00000111575acd00 JavaThread "Unconstrained build operations Thread 107" [_thread_blocked, id=24640, stack(0x0000000fb1100000,0x0000000fb1200000)]
  0x00000111575ad210 JavaThread "Unconstrained build operations Thread 108" [_thread_blocked, id=8236, stack(0x0000000fb1200000,0x0000000fb1300000)]
  0x00000111575ad720 JavaThread "Unconstrained build operations Thread 109" [_thread_blocked, id=26612, stack(0x0000000fb1300000,0x0000000fb1400000)]
  0x00000111575adc30 JavaThread "Unconstrained build operations Thread 110" [_thread_blocked, id=31260, stack(0x0000000fb1400000,0x0000000fb1500000)]
  0x00000111575aaea0 JavaThread "Unconstrained build operations Thread 111" [_thread_blocked, id=15276, stack(0x0000000fb1500000,0x0000000fb1600000)]
  0x00000111575ae140 JavaThread "Unconstrained build operations Thread 112" [_thread_blocked, id=34616, stack(0x0000000fb1600000,0x0000000fb1700000)]
  0x00000111575ae650 JavaThread "Unconstrained build operations Thread 113" [_thread_blocked, id=31436, stack(0x0000000fb1700000,0x0000000fb1800000)]
  0x00000111575ab3b0 JavaThread "Unconstrained build operations Thread 114" [_thread_blocked, id=35588, stack(0x0000000fb1800000,0x0000000fb1900000)]
  0x00000111575aeb60 JavaThread "Unconstrained build operations Thread 115" [_thread_blocked, id=9340, stack(0x0000000fb1900000,0x0000000fb1a00000)]
  0x00000111575af070 JavaThread "Unconstrained build operations Thread 116" [_thread_blocked, id=26376, stack(0x0000000fb1a00000,0x0000000fb1b00000)]
  0x00000111575ab8c0 JavaThread "Unconstrained build operations Thread 117" [_thread_blocked, id=34352, stack(0x0000000fb1b00000,0x0000000fb1c00000)]
  0x00000111575abdd0 JavaThread "Unconstrained build operations Thread 118" [_thread_blocked, id=6424, stack(0x0000000fb1c00000,0x0000000fb1d00000)]
  0x00000111575b0ed0 JavaThread "Unconstrained build operations Thread 119" [_thread_blocked, id=2496, stack(0x0000000fb1d00000,0x0000000fb1e00000)]
  0x00000111575b2310 JavaThread "Unconstrained build operations Thread 120" [_thread_blocked, id=28608, stack(0x0000000fb1e00000,0x0000000fb1f00000)]
  0x00000111575b1e00 JavaThread "Unconstrained build operations Thread 121" [_thread_blocked, id=34176, stack(0x0000000fb1f00000,0x0000000fb2000000)]
  0x00000111575b2820 JavaThread "Unconstrained build operations Thread 122" [_thread_blocked, id=12412, stack(0x0000000fb2000000,0x0000000fb2100000)]
  0x00000111575affa0 JavaThread "Unconstrained build operations Thread 123" [_thread_blocked, id=15208, stack(0x0000000fb2100000,0x0000000fb2200000)]
  0x00000111575b04b0 JavaThread "Unconstrained build operations Thread 124" [_thread_blocked, id=30536, stack(0x0000000fb2200000,0x0000000fb2300000)]
  0x00000111575afa90 JavaThread "Unconstrained build operations Thread 125" [_thread_blocked, id=18064, stack(0x0000000fb2300000,0x0000000fb2400000)]
  0x00000111575b18f0 JavaThread "Unconstrained build operations Thread 126" [_thread_blocked, id=17112, stack(0x0000000fb2400000,0x0000000fb2500000)]
  0x00000111575af580 JavaThread "Unconstrained build operations Thread 127" [_thread_blocked, id=23416, stack(0x0000000fb2500000,0x0000000fb2600000)]
  0x00000111575b09c0 JavaThread "Unconstrained build operations Thread 128" [_thread_blocked, id=2892, stack(0x0000000fb2600000,0x0000000fb2700000)]
  0x00000111575b13e0 JavaThread "Unconstrained build operations Thread 129" [_thread_blocked, id=35660, stack(0x0000000fb2700000,0x0000000fb2800000)]
  0x000001115770d750 JavaThread "Unconstrained build operations Thread 130" [_thread_blocked, id=13684, stack(0x0000000fb2800000,0x0000000fb2900000)]
  0x000001115770d240 JavaThread "Unconstrained build operations Thread 131" [_thread_blocked, id=16300, stack(0x0000000fb2900000,0x0000000fb2a00000)]
  0x000001115770e170 JavaThread "Unconstrained build operations Thread 132" [_thread_blocked, id=10216, stack(0x0000000fb2a00000,0x0000000fb2b00000)]
  0x000001115770b8f0 JavaThread "Unconstrained build operations Thread 133" [_thread_blocked, id=28520, stack(0x0000000fb2b00000,0x0000000fb2c00000)]
  0x000001115770dc60 JavaThread "Unconstrained build operations Thread 134" [_thread_blocked, id=2240, stack(0x0000000fb2c00000,0x0000000fb2d00000)]
  0x000001115770e680 JavaThread "Unconstrained build operations Thread 135" [_thread_blocked, id=29412, stack(0x0000000fb2d00000,0x0000000fb2e00000)]
  0x000001115770aed0 JavaThread "Unconstrained build operations Thread 136" [_thread_blocked, id=32416, stack(0x0000000fb2e00000,0x0000000fb2f00000)]
  0x000001115770be00 JavaThread "Unconstrained build operations Thread 137" [_thread_blocked, id=33664, stack(0x0000000fb2f00000,0x0000000fb3000000)]
  0x000001115770eb90 JavaThread "Unconstrained build operations Thread 138" [_thread_blocked, id=26652, stack(0x0000000fb3000000,0x0000000fb3100000)]
  0x000001115770c820 JavaThread "Unconstrained build operations Thread 139" [_thread_blocked, id=4564, stack(0x0000000fb3100000,0x0000000fb3200000)]
  0x000001115770cd30 JavaThread "Unconstrained build operations Thread 140" [_thread_blocked, id=33120, stack(0x0000000fb3200000,0x0000000fb3300000)]
  0x000001115770c310 JavaThread "Unconstrained build operations Thread 141" [_thread_blocked, id=33552, stack(0x0000000fb3300000,0x0000000fb3400000)]
  0x000001115770b3e0 JavaThread "Unconstrained build operations Thread 142" [_thread_blocked, id=27200, stack(0x0000000fb3400000,0x0000000fb3500000)]
  0x0000011157712340 JavaThread "Unconstrained build operations Thread 143" [_thread_blocked, id=32964, stack(0x0000000fb3500000,0x0000000fb3600000)]
  0x00000111577109f0 JavaThread "Unconstrained build operations Thread 144" [_thread_blocked, id=3160, stack(0x0000000fb3600000,0x0000000fb3700000)]
  0x0000011157711e30 JavaThread "Unconstrained build operations Thread 145" [_thread_blocked, id=19640, stack(0x0000000fb3700000,0x0000000fb3800000)]
  0x0000011157710f00 JavaThread "Unconstrained build operations Thread 146" [_thread_blocked, id=33308, stack(0x0000000fb3800000,0x0000000fb3900000)]
  0x000001115770f5b0 JavaThread "Unconstrained build operations Thread 147" [_thread_blocked, id=27344, stack(0x0000000fb3900000,0x0000000fb3a00000)]
  0x0000011157711920 JavaThread "Memory manager" [_thread_blocked, id=18348, stack(0x0000000fa8000000,0x0000000fa8100000)]
  0x000001115b942070 JavaThread "Unconstrained build operations Thread 148" [_thread_blocked, id=24372, stack(0x0000000fb3b00000,0x0000000fb3c00000)]
  0x000001115b93fd00 JavaThread "Unconstrained build operations Thread 149" [_thread_blocked, id=15228, stack(0x0000000fb3c00000,0x0000000fb3d00000)]
  0x000001115b942580 JavaThread "Unconstrained build operations Thread 150" [_thread_blocked, id=26616, stack(0x0000000fb3d00000,0x0000000fb3e00000)]
  0x000001115b942fa0 JavaThread "Unconstrained build operations Thread 151" [_thread_blocked, id=15752, stack(0x0000000fb3e00000,0x0000000fb3f00000)]
  0x000001115b940c30 JavaThread "Unconstrained build operations Thread 152" [_thread_blocked, id=33236, stack(0x0000000fb3f00000,0x0000000fb4000000)]
  0x000001115b940720 JavaThread "Unconstrained build operations Thread 153" [_thread_blocked, id=14660, stack(0x0000000fb4000000,0x0000000fb4100000)]
  0x0000011159ab7620 JavaThread "C2 CompilerThread2" daemon [_thread_in_native, id=428, stack(0x0000000fa7f00000,0x0000000fa8000000)]
  0x0000011159ab6630 JavaThread "C2 CompilerThread3" daemon [_thread_in_native, id=31076, stack(0x0000000fa9300000,0x0000000fa9400000)]
  0x0000011159ab8610 JavaThread "C2 CompilerThread4" daemon [_thread_blocked, id=34336, stack(0x0000000fa9400000,0x0000000fa9500000)]
  0x000001115b940210 JavaThread "build event listener" [_thread_blocked, id=15732, stack(0x0000000fb3a00000,0x0000000fb3b00000)]
  0x000001115b943ed0 JavaThread "pool-3-thread-1" [_thread_blocked, id=35388, stack(0x0000000fb4100000,0x0000000fb4200000)]
  0x000001115b941650 JavaThread "build event listener" [_thread_blocked, id=12840, stack(0x0000000fb4200000,0x0000000fb4300000)]
  0x000001115b947170 JavaThread "included builds" [_thread_blocked, id=34784, stack(0x0000000fb4300000,0x0000000fb4400000)]
  0x000001115b9448f0 JavaThread "Execution worker for ':'" [_thread_blocked, id=25028, stack(0x0000000fb4400000,0x0000000fb4500000)]
  0x000001115b944e00 JavaThread "Execution worker for ':' Thread 2" [_thread_blocked, id=26444, stack(0x0000000fb4500000,0x0000000fb4600000)]
  0x000001115b945310 JavaThread "Execution worker for ':' Thread 3" [_thread_blocked, id=16284, stack(0x0000000fb4600000,0x0000000fb4700000)]
  0x000001115b945820 JavaThread "Execution worker for ':' Thread 4" [_thread_blocked, id=35364, stack(0x0000000fb4700000,0x0000000fb4800000)]
  0x000001115b945d30 JavaThread "Execution worker for ':' Thread 5" [_thread_blocked, id=35612, stack(0x0000000fb4800000,0x0000000fb4900000)]
  0x000001115b946240 JavaThread "Execution worker for ':' Thread 6" [_thread_blocked, id=33324, stack(0x0000000fb4900000,0x0000000fb4a00000)]
  0x000001115b946750 JavaThread "Execution worker for ':' Thread 7" [_thread_blocked, id=4324, stack(0x0000000fb4a00000,0x0000000fb4b00000)]
  0x000001115b946c60 JavaThread "Execution worker for ':' Thread 8" [_thread_blocked, id=15772, stack(0x0000000fb4b00000,0x0000000fb4c00000)]
  0x000001115b947680 JavaThread "Execution worker for ':' Thread 9" [_thread_blocked, id=34400, stack(0x0000000fb4c00000,0x0000000fb4d00000)]
  0x000001115b9443e0 JavaThread "Execution worker for ':' Thread 10" [_thread_blocked, id=19484, stack(0x0000000fb4d00000,0x0000000fb4e00000)]
  0x0000011157711410 JavaThread "Execution worker for ':' Thread 11" [_thread_blocked, id=32840, stack(0x0000000fb4e00000,0x0000000fb4f00000)]
  0x0000011163118ed0 JavaThread "Execution worker for ':' Thread 12" [_thread_blocked, id=27384, stack(0x0000000fb4f00000,0x0000000fb5000000)]
  0x00000111631198f0 JavaThread "Execution worker for ':' Thread 13" [_thread_blocked, id=8548, stack(0x0000000fb5000000,0x0000000fb5100000)]
  0x0000011163117070 JavaThread "Execution worker for ':' Thread 14" [_thread_blocked, id=24876, stack(0x0000000fb5100000,0x0000000fb5200000)]
  0x000001116311a820 JavaThread "Execution worker for ':' Thread 15" [_thread_blocked, id=9692, stack(0x0000000fb5400000,0x0000000fb5500000)]
  0x0000011163117580 JavaThread "Cache worker for execution history cache (D:\OneDrive - University of Westminster\Documents\GitHub\ViMusic\.gradle\7.4\executionHistory)" [_thread_blocked, id=27584, stack(0x0000000fb5500000,0x0000000fb5600000)]
  0x0000011163ca1850 JavaThread "Unconstrained build operations Thread 155" [_thread_blocked, id=32036, stack(0x0000000fb5600000,0x0000000fb5700000)]
  0x00000111644c0e00 JavaThread "Unconstrained build operations Thread 156" [_thread_blocked, id=27108, stack(0x0000000fb5700000,0x0000000fb5800000)]
  0x0000011156b57090 JavaThread "Unconstrained build operations Thread 154" [_thread_blocked, id=33640, stack(0x0000000fb5800000,0x0000000fb5900000)]
  0x000001115addc5a0 JavaThread "Unconstrained build operations Thread 157" [_thread_blocked, id=34136, stack(0x0000000fb5900000,0x0000000fb5a00000)]
  0x000001115addac50 JavaThread "Unconstrained build operations Thread 158" [_thread_blocked, id=12736, stack(0x0000000fb5a00000,0x0000000fb5b00000)]
  0x000001115addb160 JavaThread "Unconstrained build operations Thread 159" [_thread_blocked, id=13484, stack(0x0000000fb5b00000,0x0000000fb5c00000)]
  0x000001115cde49c0 JavaThread "Unconstrained build operations Thread 160" [_thread_blocked, id=19808, stack(0x0000000fb5c00000,0x0000000fb5d00000)]

Other Threads:
=>0x000001110fbd2010 VMThread "VM Thread" [stack: 0x0000000fa5c00000,0x0000000fa5d00000] [id=32956]
  0x000001110fd821f0 WatcherThread [stack: 0x0000000fa6900000,0x0000000fa6a00000] [id=31352]
  0x0000011170ec7130 GCTaskThread "GC Thread#0" [stack: 0x0000000fa5700000,0x0000000fa5800000] [id=26748]
  0x0000011155b380e0 GCTaskThread "GC Thread#1" [stack: 0x0000000fa6f00000,0x0000000fa7000000] [id=26996]
  0x0000011155ed4d10 GCTaskThread "GC Thread#2" [stack: 0x0000000fa7000000,0x0000000fa7100000] [id=27972]
  0x0000011155ed4fd0 GCTaskThread "GC Thread#3" [stack: 0x0000000fa7100000,0x0000000fa7200000] [id=34644]
  0x0000011155c49c40 GCTaskThread "GC Thread#4" [stack: 0x0000000fa7200000,0x0000000fa7300000] [id=23780]
  0x000001115617ae60 GCTaskThread "GC Thread#5" [stack: 0x0000000fa7300000,0x0000000fa7400000] [id=3396]
  0x000001115644c360 GCTaskThread "GC Thread#6" [stack: 0x0000000fa8700000,0x0000000fa8800000] [id=32996]
  0x000001115644c0a0 GCTaskThread "GC Thread#7" [stack: 0x0000000fa8800000,0x0000000fa8900000] [id=32032]
  0x000001115644a7e0 GCTaskThread "GC Thread#8" [stack: 0x0000000fa8900000,0x0000000fa8a00000] [id=6632]
  0x000001115644bb20 GCTaskThread "GC Thread#9" [stack: 0x0000000fa8a00000,0x0000000fa8b00000] [id=25728]
  0x000001115644aaa0 GCTaskThread "GC Thread#10" [stack: 0x0000000fa8b00000,0x0000000fa8c00000] [id=14596]
  0x000001115644ad60 GCTaskThread "GC Thread#11" [stack: 0x0000000fa8c00000,0x0000000fa8d00000] [id=9388]
  0x000001115644b2e0 GCTaskThread "GC Thread#12" [stack: 0x0000000fa8d00000,0x0000000fa8e00000] [id=33524]
  0x0000011170ed7f90 ConcurrentGCThread "G1 Main Marker" [stack: 0x0000000fa5800000,0x0000000fa5900000] [id=35124]
  0x0000011170ed9580 ConcurrentGCThread "G1 Conc#0" [stack: 0x0000000fa5900000,0x0000000fa5a00000] [id=31432]
  0x000001115644b860 ConcurrentGCThread "G1 Conc#1" [stack: 0x0000000fa8e00000,0x0000000fa8f00000] [id=32368]
  0x0000011159dfb480 ConcurrentGCThread "G1 Conc#2" [stack: 0x0000000fa8f00000,0x0000000fa9000000] [id=35280]
  0x0000011170f2e800 ConcurrentGCThread "G1 Refine#0" [stack: 0x0000000fa5a00000,0x0000000fa5b00000] [id=31800]
  0x000001110fa42350 ConcurrentGCThread "G1 Service" [stack: 0x0000000fa5b00000,0x0000000fa5c00000] [id=35672]

Threads with active compile tasks:
C2 CompilerThread0    15030 13424   !   4       org.gradle.internal.resources.AbstractTrackedResourceLock::tryLock (75 bytes)
C1 CompilerThread0    15030 14441   !   2       java.nio.file.Files::walkFileTree (297 bytes)
C1 CompilerThread1    15030 14448       2       org.gradle.internal.execution.steps.LoadPreviousExecutionStateStep$1::getHistory (10 bytes)
C2 CompilerThread1    15030 13827       4       org.gradle.cache.internal.btree.FreeListBlockStore::read (12 bytes)
C1 CompilerThread2    15030 14446       2       org.gradle.internal.execution.steps.LoadPreviousExecutionStateStep$1::getInputFileProperties (10 bytes)
C1 CompilerThread3    15031 14447       2       org.gradle.internal.execution.steps.AssignWorkspaceStep$1::getInputFileProperties (10 bytes)
C2 CompilerThread2    15031 13817       4       org.gradle.cache.internal.btree.CachingBlockStore::read (56 bytes)
C2 CompilerThread3    15031 13800   !   4       org.gradle.internal.resources.DefaultResourceLockCoordinationService$DefaultResourceLockState::releaseLocks (76 bytes)
C2 CompilerThread4    15031 14262       4       org.gradle.internal.snapshot.MediumChildMap::withNode (67 bytes)

VM state: at safepoint (normal execution)

VM Mutex/Monitor currently owned by a thread:  ([mutex/lock_event])
[0x0000011170e65390] Threads_lock - owner thread: 0x000001110fbd2010
[0x0000011170e63d10] Heap_lock - owner thread: 0x000001115711b270

Heap address: 0x0000000080000000, size: 2048 MB, Compressed Oops mode: 32-bit

CDS archive(s) mapped at: [0x0000011110000000-0x0000011110bd0000-0x0000011110bd0000), size 12386304, SharedBaseAddress: 0x0000011110000000, ArchiveRelocationMode: 1.
Compressed class space mapped at: 0x0000011111000000-0x0000011151000000, reserved size: 1073741824
Narrow klass base: 0x0000011110000000, Narrow klass shift: 0, Narrow klass range: 0x100000000

GC Precious Log:
 CPUs: 16 total, 16 available
 Memory: 16202M
 Large Page Support: Disabled
 NUMA Support: Disabled
 Compressed Oops: Enabled (32-bit)
 Heap Region Size: 1M
 Heap Min Capacity: 8M
 Heap Initial Capacity: 254M
 Heap Max Capacity: 2G
 Pre-touch: Disabled
 Parallel Workers: 13
 Concurrent Workers: 3
 Concurrent Refinement Workers: 13
 Periodic GC: Disabled

Heap:
 garbage-first heap   total 260096K, used 121819K [0x0000000080000000, 0x0000000100000000)
  region size 1024K, 1 young (1024K), 1 survivors (1024K)
 Metaspace       used 90571K, committed 91392K, reserved 1179648K
  class space    used 12306K, committed 12672K, reserved 1048576K

Heap Regions: E=young(eden), S=young(survivor), O=old, HS=humongous(starts), HC=humongous(continues), CS=collection set, F=free, OA=open archive, CA=closed archive, TAMS=top-at-mark-start (previous, next)
|   0|0x0000000080000000, 0x0000000080100000, 0x0000000080100000|100%| O|  |TAMS 0x0000000080100000, 0x0000000080000000| Untracked 
|   1|0x0000000080100000, 0x0000000080200000, 0x0000000080200000|100%| O|  |TAMS 0x0000000080200000, 0x0000000080100000| Untracked 
|   2|0x0000000080200000, 0x0000000080300000, 0x0000000080300000|100%| O|  |TAMS 0x0000000080300000, 0x0000000080200000| Untracked 
|   3|0x0000000080300000, 0x0000000080400000, 0x0000000080400000|100%|HS|  |TAMS 0x0000000080400000, 0x0000000080300000| Complete 
|   4|0x0000000080400000, 0x0000000080500000, 0x0000000080500000|100%|HC|  |TAMS 0x0000000080500000, 0x0000000080400000| Complete 
|   5|0x0000000080500000, 0x0000000080600000, 0x0000000080600000|100%|HC|  |TAMS 0x0000000080600000, 0x0000000080500000| Complete 
|   6|0x0000000080600000, 0x0000000080700000, 0x0000000080700000|100%| O|  |TAMS 0x0000000080700000, 0x0000000080600000| Untracked 
|   7|0x0000000080700000, 0x0000000080800000, 0x0000000080800000|100%| O|  |TAMS 0x0000000080800000, 0x0000000080700000| Untracked 
|   8|0x0000000080800000, 0x0000000080900000, 0x0000000080900000|100%| O|  |TAMS 0x0000000080900000, 0x0000000080800000| Untracked 
|   9|0x0000000080900000, 0x0000000080a00000, 0x0000000080a00000|100%| O|  |TAMS 0x0000000080a00000, 0x0000000080900000| Untracked 
|  10|0x0000000080a00000, 0x0000000080b00000, 0x0000000080b00000|100%| O|  |TAMS 0x0000000080b00000, 0x0000000080a00000| Untracked 
|  11|0x0000000080b00000, 0x0000000080c00000, 0x0000000080c00000|100%| O|  |TAMS 0x0000000080c00000, 0x0000000080b00000| Untracked 
|  12|0x0000000080c00000, 0x0000000080d00000, 0x0000000080d00000|100%| O|  |TAMS 0x0000000080d00000, 0x0000000080c00000| Untracked 
|  13|0x0000000080d00000, 0x0000000080e00000, 0x0000000080e00000|100%| O|  |TAMS 0x0000000080e00000, 0x0000000080d00000| Untracked 
|  14|0x0000000080e00000, 0x0000000080f00000, 0x0000000080f00000|100%| O|  |TAMS 0x0000000080f00000, 0x0000000080e00000| Untracked 
|  15|0x0000000080f00000, 0x0000000081000000, 0x0000000081000000|100%| O|  |TAMS 0x0000000081000000, 0x0000000080f00000| Untracked 
|  16|0x0000000081000000, 0x0000000081100000, 0x0000000081100000|100%| O|  |TAMS 0x0000000081100000, 0x0000000081000000| Untracked 
|  17|0x0000000081100000, 0x0000000081200000, 0x0000000081200000|100%| O|  |TAMS 0x0000000081200000, 0x0000000081100000| Untracked 
|  18|0x0000000081200000, 0x0000000081300000, 0x0000000081300000|100%| O|  |TAMS 0x0000000081300000, 0x0000000081200000| Untracked 
|  19|0x0000000081300000, 0x0000000081400000, 0x0000000081400000|100%| O|  |TAMS 0x0000000081400000, 0x0000000081300000| Untracked 
|  20|0x0000000081400000, 0x0000000081500000, 0x0000000081500000|100%| O|  |TAMS 0x0000000081500000, 0x0000000081400000| Untracked 
|  21|0x0000000081500000, 0x0000000081600000, 0x0000000081600000|100%| O|  |TAMS 0x0000000081600000, 0x0000000081500000| Untracked 
|  22|0x0000000081600000, 0x0000000081700000, 0x0000000081700000|100%| O|  |TAMS 0x0000000081700000, 0x0000000081600000| Untracked 
|  23|0x0000000081700000, 0x0000000081800000, 0x0000000081800000|100%| O|  |TAMS 0x0000000081800000, 0x0000000081700000| Untracked 
|  24|0x0000000081800000, 0x0000000081900000, 0x0000000081900000|100%| O|  |TAMS 0x0000000081900000, 0x0000000081800000| Untracked 
|  25|0x0000000081900000, 0x0000000081a00000, 0x0000000081a00000|100%| O|  |TAMS 0x0000000081a00000, 0x0000000081900000| Untracked 
|  26|0x0000000081a00000, 0x0000000081b00000, 0x0000000081b00000|100%| O|  |TAMS 0x0000000081b00000, 0x0000000081a00000| Untracked 
|  27|0x0000000081b00000, 0x0000000081c00000, 0x0000000081c00000|100%| O|  |TAMS 0x0000000081c00000, 0x0000000081b00000| Untracked 
|  28|0x0000000081c00000, 0x0000000081d00000, 0x0000000081d00000|100%| O|  |TAMS 0x0000000081d00000, 0x0000000081c00000| Untracked 
|  29|0x0000000081d00000, 0x0000000081d00000, 0x0000000081e00000|  0%| F|  |TAMS 0x0000000081d00000, 0x0000000081d00000| Untracked 
|  30|0x0000000081e00000, 0x0000000081f00000, 0x0000000081f00000|100%| O|  |TAMS 0x0000000081f00000, 0x0000000081e00000| Untracked 
|  31|0x0000000081f00000, 0x0000000082000000, 0x0000000082000000|100%| O|  |TAMS 0x0000000082000000, 0x0000000081f00000| Untracked 
|  32|0x0000000082000000, 0x0000000082100000, 0x0000000082100000|100%| O|  |TAMS 0x0000000082100000, 0x0000000082000000| Untracked 
|  33|0x0000000082100000, 0x0000000082200000, 0x0000000082200000|100%| O|  |TAMS 0x0000000082200000, 0x0000000082100000| Untracked 
|  34|0x0000000082200000, 0x0000000082300000, 0x0000000082300000|100%| O|  |TAMS 0x0000000082300000, 0x0000000082200000| Untracked 
|  35|0x0000000082300000, 0x0000000082400000, 0x0000000082400000|100%| O|  |TAMS 0x0000000082400000, 0x0000000082300000| Untracked 
|  36|0x0000000082400000, 0x0000000082500000, 0x0000000082500000|100%| O|  |TAMS 0x0000000082500000, 0x0000000082400000| Untracked 
|  37|0x0000000082500000, 0x0000000082600000, 0x0000000082600000|100%| O|  |TAMS 0x0000000082600000, 0x0000000082500000| Untracked 
|  38|0x0000000082600000, 0x0000000082700000, 0x0000000082700000|100%| O|  |TAMS 0x0000000082700000, 0x0000000082600000| Untracked 
|  39|0x0000000082700000, 0x0000000082800000, 0x0000000082800000|100%|HS|  |TAMS 0x0000000082800000, 0x0000000082700000| Complete 
|  40|0x0000000082800000, 0x0000000082900000, 0x0000000082900000|100%|HS|  |TAMS 0x0000000082900000, 0x0000000082800000| Complete 
|  41|0x0000000082900000, 0x0000000082a00000, 0x0000000082a00000|100%|HS|  |TAMS 0x0000000082a00000, 0x0000000082900000| Complete 
|  42|0x0000000082a00000, 0x0000000082b00000, 0x0000000082b00000|100%|HS|  |TAMS 0x0000000082b00000, 0x0000000082a00000| Complete 
|  43|0x0000000082b00000, 0x0000000082c00000, 0x0000000082c00000|100%|HC|  |TAMS 0x0000000082c00000, 0x0000000082b00000| Complete 
|  44|0x0000000082c00000, 0x0000000082d00000, 0x0000000082d00000|100%|HC|  |TAMS 0x0000000082d00000, 0x0000000082c00000| Complete 
|  45|0x0000000082d00000, 0x0000000082e00000, 0x0000000082e00000|100%|HC|  |TAMS 0x0000000082e00000, 0x0000000082d00000| Complete 
|  46|0x0000000082e00000, 0x0000000082f00000, 0x0000000082f00000|100%| O|  |TAMS 0x0000000082f00000, 0x0000000082e00000| Untracked 
|  47|0x0000000082f00000, 0x0000000083000000, 0x0000000083000000|100%|HS|  |TAMS 0x0000000083000000, 0x0000000082f00000| Complete 
|  48|0x0000000083000000, 0x0000000083100000, 0x0000000083100000|100%|HC|  |TAMS 0x0000000083100000, 0x0000000083000000| Complete 
|  49|0x0000000083100000, 0x0000000083200000, 0x0000000083200000|100%| O|  |TAMS 0x0000000083200000, 0x0000000083100000| Untracked 
|  50|0x0000000083200000, 0x0000000083300000, 0x0000000083300000|100%| O|  |TAMS 0x0000000083300000, 0x0000000083200000| Untracked 
|  51|0x0000000083300000, 0x0000000083400000, 0x0000000083400000|100%| O|  |TAMS 0x0000000083400000, 0x0000000083300000| Untracked 
|  52|0x0000000083400000, 0x0000000083500000, 0x0000000083500000|100%| O|  |TAMS 0x0000000083500000, 0x0000000083400000| Untracked 
|  53|0x0000000083500000, 0x0000000083600000, 0x0000000083600000|100%| O|  |TAMS 0x0000000083600000, 0x0000000083500000| Untracked 
|  54|0x0000000083600000, 0x0000000083700000, 0x0000000083700000|100%| O|  |TAMS 0x0000000083700000, 0x0000000083600000| Untracked 
|  55|0x0000000083700000, 0x0000000083800000, 0x0000000083800000|100%| O|  |TAMS 0x0000000083800000, 0x0000000083700000| Untracked 
|  56|0x0000000083800000, 0x0000000083900000, 0x0000000083900000|100%| O|  |TAMS 0x0000000083900000, 0x0000000083800000| Untracked 
|  57|0x0000000083900000, 0x0000000083a00000, 0x0000000083a00000|100%| O|  |TAMS 0x0000000083a00000, 0x0000000083900000| Untracked 
|  58|0x0000000083a00000, 0x0000000083b00000, 0x0000000083b00000|100%| O|  |TAMS 0x0000000083b00000, 0x0000000083a00000| Untracked 
|  59|0x0000000083b00000, 0x0000000083c00000, 0x0000000083c00000|100%| O|  |TAMS 0x0000000083c00000, 0x0000000083b00000| Untracked 
|  60|0x0000000083c00000, 0x0000000083d00000, 0x0000000083d00000|100%| O|  |TAMS 0x0000000083d00000, 0x0000000083c00000| Untracked 
|  61|0x0000000083d00000, 0x0000000083e00000, 0x0000000083e00000|100%| O|  |TAMS 0x0000000083e00000, 0x0000000083d00000| Untracked 
|  62|0x0000000083e00000, 0x0000000083f00000, 0x0000000083f00000|100%| O|  |TAMS 0x0000000083f00000, 0x0000000083e00000| Untracked 
|  63|0x0000000083f00000, 0x0000000084000000, 0x0000000084000000|100%| O|  |TAMS 0x0000000084000000, 0x0000000083f00000| Untracked 
|  64|0x0000000084000000, 0x0000000084100000, 0x0000000084100000|100%| O|  |TAMS 0x0000000084100000, 0x0000000084000000| Untracked 
|  65|0x0000000084100000, 0x0000000084200000, 0x0000000084200000|100%| O|  |TAMS 0x0000000084200000, 0x0000000084100000| Untracked 
|  66|0x0000000084200000, 0x0000000084300000, 0x0000000084300000|100%| O|  |TAMS 0x0000000084300000, 0x0000000084200000| Untracked 
|  67|0x0000000084300000, 0x0000000084400000, 0x0000000084400000|100%| O|  |TAMS 0x0000000084400000, 0x0000000084300000| Untracked 
|  68|0x0000000084400000, 0x0000000084500000, 0x0000000084500000|100%| O|  |TAMS 0x0000000084500000, 0x0000000084400000| Untracked 
|  69|0x0000000084500000, 0x0000000084600000, 0x0000000084600000|100%| O|  |TAMS 0x0000000084600000, 0x0000000084500000| Untracked 
|  70|0x0000000084600000, 0x0000000084700000, 0x0000000084700000|100%| O|  |TAMS 0x0000000084700000, 0x0000000084600000| Untracked 
|  71|0x0000000084700000, 0x0000000084800000, 0x0000000084800000|100%| O|  |TAMS 0x0000000084800000, 0x0000000084700000| Untracked 
|  72|0x0000000084800000, 0x0000000084900000, 0x0000000084900000|100%| O|  |TAMS 0x0000000084900000, 0x0000000084800000| Untracked 
|  73|0x0000000084900000, 0x0000000084a00000, 0x0000000084a00000|100%| O|  |TAMS 0x0000000084a00000, 0x0000000084900000| Untracked 
|  74|0x0000000084a00000, 0x0000000084b00000, 0x0000000084b00000|100%| O|  |TAMS 0x0000000084b00000, 0x0000000084a00000| Untracked 
|  75|0x0000000084b00000, 0x0000000084c00000, 0x0000000084c00000|100%| O|  |TAMS 0x0000000084c00000, 0x0000000084b00000| Untracked 
|  76|0x0000000084c00000, 0x0000000084d00000, 0x0000000084d00000|100%| O|  |TAMS 0x0000000084d00000, 0x0000000084c00000| Untracked 
|  77|0x0000000084d00000, 0x0000000084e00000, 0x0000000084e00000|100%| O|  |TAMS 0x0000000084e00000, 0x0000000084d00000| Untracked 
|  78|0x0000000084e00000, 0x0000000084f00000, 0x0000000084f00000|100%| O|  |TAMS 0x0000000084f00000, 0x0000000084e00000| Untracked 
|  79|0x0000000084f00000, 0x0000000085000000, 0x0000000085000000|100%| O|  |TAMS 0x0000000085000000, 0x0000000084f00000| Untracked 
|  80|0x0000000085000000, 0x0000000085100000, 0x0000000085100000|100%| O|  |TAMS 0x0000000085100000, 0x0000000085000000| Untracked 
|  81|0x0000000085100000, 0x0000000085200000, 0x0000000085200000|100%| O|  |TAMS 0x0000000085200000, 0x0000000085100000| Untracked 
|  82|0x0000000085200000, 0x0000000085300000, 0x0000000085300000|100%| O|  |TAMS 0x0000000085300000, 0x0000000085200000| Untracked 
|  83|0x0000000085300000, 0x0000000085400000, 0x0000000085400000|100%| O|  |TAMS 0x0000000085400000, 0x0000000085300000| Untracked 
|  84|0x0000000085400000, 0x0000000085500000, 0x0000000085500000|100%| O|  |TAMS 0x0000000085500000, 0x0000000085400000| Untracked 
|  85|0x0000000085500000, 0x00000000855ffff8, 0x0000000085600000| 99%| O|  |TAMS 0x00000000855ffff8, 0x0000000085500000| Untracked 
|  86|0x0000000085600000, 0x0000000085700000, 0x0000000085700000|100%| O|  |TAMS 0x0000000085700000, 0x0000000085600000| Untracked 
|  87|0x0000000085700000, 0x0000000085800000, 0x0000000085800000|100%| O|  |TAMS 0x0000000085800000, 0x0000000085700000| Untracked 
|  88|0x0000000085800000, 0x0000000085900000, 0x0000000085900000|100%| O|  |TAMS 0x0000000085900000, 0x0000000085800000| Untracked 
|  89|0x0000000085900000, 0x0000000085a00000, 0x0000000085a00000|100%| O|  |TAMS 0x0000000085a00000, 0x0000000085900000| Untracked 
|  90|0x0000000085a00000, 0x0000000085b00000, 0x0000000085b00000|100%| O|  |TAMS 0x0000000085b00000, 0x0000000085a00000| Untracked 
|  91|0x0000000085b00000, 0x0000000085c00000, 0x0000000085c00000|100%| O|  |TAMS 0x0000000085c00000, 0x0000000085b00000| Untracked 
|  92|0x0000000085c00000, 0x0000000085d00000, 0x0000000085d00000|100%| O|  |TAMS 0x0000000085d00000, 0x0000000085c00000| Untracked 
|  93|0x0000000085d00000, 0x0000000085e00000, 0x0000000085e00000|100%| O|  |TAMS 0x0000000085e00000, 0x0000000085d00000| Untracked 
|  94|0x0000000085e00000, 0x0000000085f00000, 0x0000000085f00000|100%| O|  |TAMS 0x0000000085f00000, 0x0000000085e00000| Untracked 
|  95|0x0000000085f00000, 0x0000000086000000, 0x0000000086000000|100%| O|  |TAMS 0x0000000086000000, 0x0000000085f00000| Untracked 
|  96|0x0000000086000000, 0x0000000086100000, 0x0000000086100000|100%| O|  |TAMS 0x0000000086000000, 0x0000000086000000| Untracked 
|  97|0x0000000086100000, 0x0000000086200000, 0x0000000086200000|100%| O|  |TAMS 0x0000000086200000, 0x0000000086100000| Untracked 
|  98|0x0000000086200000, 0x0000000086300000, 0x0000000086300000|100%| O|  |TAMS 0x0000000086300000, 0x0000000086200000| Untracked 
|  99|0x0000000086300000, 0x0000000086400000, 0x0000000086400000|100%| O|  |TAMS 0x0000000086400000, 0x0000000086300000| Untracked 
| 100|0x0000000086400000, 0x0000000086500000, 0x0000000086500000|100%| O|  |TAMS 0x0000000086500000, 0x0000000086400000| Untracked 
| 101|0x0000000086500000, 0x0000000086600000, 0x0000000086600000|100%| O|  |TAMS 0x0000000086600000, 0x0000000086500000| Untracked 
| 102|0x0000000086600000, 0x0000000086700000, 0x0000000086700000|100%| O|  |TAMS 0x0000000086700000, 0x0000000086600000| Untracked 
| 103|0x0000000086700000, 0x0000000086800000, 0x0000000086800000|100%| O|  |TAMS 0x0000000086800000, 0x0000000086700000| Untracked 
| 104|0x0000000086800000, 0x0000000086900000, 0x0000000086900000|100%| O|  |TAMS 0x0000000086900000, 0x0000000086800000| Untracked 
| 105|0x0000000086900000, 0x0000000086a00000, 0x0000000086a00000|100%| O|  |TAMS 0x0000000086a00000, 0x0000000086900000| Untracked 
| 106|0x0000000086a00000, 0x0000000086b00000, 0x0000000086b00000|100%| O|  |TAMS 0x0000000086b00000, 0x0000000086a00000| Untracked 
| 107|0x0000000086b00000, 0x0000000086c00000, 0x0000000086c00000|100%| O|  |TAMS 0x0000000086c00000, 0x0000000086b00000| Untracked 
| 108|0x0000000086c00000, 0x0000000086d00000, 0x0000000086d00000|100%| O|  |TAMS 0x0000000086d00000, 0x0000000086c00000| Untracked 
| 109|0x0000000086d00000, 0x0000000086e00000, 0x0000000086e00000|100%| O|  |TAMS 0x0000000086e00000, 0x0000000086d00000| Untracked 
| 110|0x0000000086e00000, 0x0000000086f00000, 0x0000000086f00000|100%| O|  |TAMS 0x0000000086e66600, 0x0000000086e00000| Untracked 
| 111|0x0000000086f00000, 0x0000000087000000, 0x0000000087000000|100%| O|  |TAMS 0x0000000086f00000, 0x0000000086f00000| Untracked 
| 112|0x0000000087000000, 0x0000000087100000, 0x0000000087100000|100%| O|  |TAMS 0x0000000087000000, 0x0000000087000000| Untracked 
| 113|0x0000000087100000, 0x0000000087200000, 0x0000000087200000|100%| O|  |TAMS 0x0000000087100000, 0x0000000087100000| Untracked 
| 114|0x0000000087200000, 0x0000000087300000, 0x0000000087300000|100%| O|  |TAMS 0x0000000087200000, 0x0000000087200000| Untracked 
| 115|0x0000000087300000, 0x0000000087400000, 0x0000000087400000|100%| O|  |TAMS 0x0000000087300000, 0x0000000087300000| Untracked 
| 116|0x0000000087400000, 0x0000000087500000, 0x0000000087500000|100%| O|  |TAMS 0x0000000087400000, 0x0000000087400000| Untracked 
| 117|0x0000000087500000, 0x0000000087600000, 0x0000000087600000|100%| O|  |TAMS 0x0000000087500000, 0x0000000087500000| Untracked 
| 118|0x0000000087600000, 0x0000000087700000, 0x0000000087700000|100%| O|  |TAMS 0x0000000087600000, 0x0000000087600000| Untracked 
| 119|0x0000000087700000, 0x000000008771ba00, 0x0000000087800000| 10%| O|  |TAMS 0x0000000087700000, 0x0000000087700000| Untracked 
| 120|0x0000000087800000, 0x0000000087800000, 0x0000000087900000|  0%| F|  |TAMS 0x0000000087800000, 0x0000000087800000| Untracked 
| 121|0x0000000087900000, 0x0000000087900000, 0x0000000087a00000|  0%| F|  |TAMS 0x0000000087900000, 0x0000000087900000| Untracked 
| 122|0x0000000087a00000, 0x0000000087a00000, 0x0000000087b00000|  0%| F|  |TAMS 0x0000000087a00000, 0x0000000087a00000| Untracked 
| 123|0x0000000087b00000, 0x0000000087b00000, 0x0000000087c00000|  0%| F|  |TAMS 0x0000000087b00000, 0x0000000087b00000| Untracked 
| 124|0x0000000087c00000, 0x0000000087c00000, 0x0000000087d00000|  0%| F|  |TAMS 0x0000000087c00000, 0x0000000087c00000| Untracked 
| 125|0x0000000087d00000, 0x0000000087d00000, 0x0000000087e00000|  0%| F|  |TAMS 0x0000000087d00000, 0x0000000087d00000| Untracked 
| 126|0x0000000087e00000, 0x0000000087e00000, 0x0000000087f00000|  0%| F|  |TAMS 0x0000000087e00000, 0x0000000087e00000| Untracked 
| 127|0x0000000087f00000, 0x0000000087f00000, 0x0000000088000000|  0%| F|  |TAMS 0x0000000087f00000, 0x0000000087f00000| Untracked 
| 128|0x0000000088000000, 0x0000000088000000, 0x0000000088100000|  0%| F|  |TAMS 0x0000000088000000, 0x0000000088000000| Untracked 
| 129|0x0000000088100000, 0x0000000088100000, 0x0000000088200000|  0%| F|  |TAMS 0x0000000088100000, 0x0000000088100000| Untracked 
| 130|0x0000000088200000, 0x0000000088200000, 0x0000000088300000|  0%| F|  |TAMS 0x0000000088200000, 0x0000000088200000| Untracked 
| 131|0x0000000088300000, 0x0000000088300000, 0x0000000088400000|  0%| F|  |TAMS 0x0000000088300000, 0x0000000088300000| Untracked 
| 132|0x0000000088400000, 0x0000000088400000, 0x0000000088500000|  0%| F|  |TAMS 0x0000000088400000, 0x0000000088400000| Untracked 
| 133|0x0000000088500000, 0x0000000088500000, 0x0000000088600000|  0%| F|  |TAMS 0x0000000088500000, 0x0000000088500000| Untracked 
| 134|0x0000000088600000, 0x0000000088600000, 0x0000000088700000|  0%| F|  |TAMS 0x0000000088600000, 0x0000000088600000| Untracked 
| 135|0x0000000088700000, 0x0000000088700000, 0x0000000088800000|  0%| F|  |TAMS 0x0000000088700000, 0x0000000088700000| Untracked 
| 136|0x0000000088800000, 0x0000000088800000, 0x0000000088900000|  0%| F|  |TAMS 0x0000000088800000, 0x0000000088800000| Untracked 
| 137|0x0000000088900000, 0x0000000088900000, 0x0000000088a00000|  0%| F|  |TAMS 0x0000000088900000, 0x0000000088900000| Untracked 
| 138|0x0000000088a00000, 0x0000000088a00000, 0x0000000088b00000|  0%| F|  |TAMS 0x0000000088a00000, 0x0000000088a00000| Untracked 
| 139|0x0000000088b00000, 0x0000000088b00000, 0x0000000088c00000|  0%| F|  |TAMS 0x0000000088b00000, 0x0000000088b00000| Untracked 
| 140|0x0000000088c00000, 0x0000000088c00000, 0x0000000088d00000|  0%| F|  |TAMS 0x0000000088c00000, 0x0000000088c00000| Untracked 
| 141|0x0000000088d00000, 0x0000000088d00000, 0x0000000088e00000|  0%| F|  |TAMS 0x0000000088d00000, 0x0000000088d00000| Untracked 
| 142|0x0000000088e00000, 0x0000000088e00000, 0x0000000088f00000|  0%| F|  |TAMS 0x0000000088e00000, 0x0000000088e00000| Untracked 
| 143|0x0000000088f00000, 0x0000000088f00000, 0x0000000089000000|  0%| F|  |TAMS 0x0000000088f00000, 0x0000000088f00000| Untracked 
| 144|0x0000000089000000, 0x0000000089000000, 0x0000000089100000|  0%| F|  |TAMS 0x0000000089000000, 0x0000000089000000| Untracked 
| 145|0x0000000089100000, 0x0000000089100000, 0x0000000089200000|  0%| F|  |TAMS 0x0000000089100000, 0x0000000089100000| Untracked 
| 146|0x0000000089200000, 0x0000000089200000, 0x0000000089300000|  0%| F|  |TAMS 0x0000000089200000, 0x0000000089200000| Untracked 
| 147|0x0000000089300000, 0x0000000089300000, 0x0000000089400000|  0%| F|  |TAMS 0x0000000089300000, 0x0000000089300000| Untracked 
| 148|0x0000000089400000, 0x0000000089400000, 0x0000000089500000|  0%| F|  |TAMS 0x0000000089400000, 0x0000000089400000| Untracked 
| 149|0x0000000089500000, 0x0000000089500000, 0x0000000089600000|  0%| F|  |TAMS 0x0000000089500000, 0x0000000089500000| Untracked 
| 150|0x0000000089600000, 0x0000000089600000, 0x0000000089700000|  0%| F|  |TAMS 0x0000000089600000, 0x0000000089600000| Untracked 
| 151|0x0000000089700000, 0x0000000089700000, 0x0000000089800000|  0%| F|  |TAMS 0x0000000089700000, 0x0000000089700000| Untracked 
| 152|0x0000000089800000, 0x0000000089800000, 0x0000000089900000|  0%| F|  |TAMS 0x0000000089800000, 0x0000000089800000| Untracked 
| 153|0x0000000089900000, 0x0000000089900000, 0x0000000089a00000|  0%| F|  |TAMS 0x0000000089900000, 0x0000000089900000| Untracked 
| 154|0x0000000089a00000, 0x0000000089a00000, 0x0000000089b00000|  0%| F|  |TAMS 0x0000000089a00000, 0x0000000089a00000| Untracked 
| 155|0x0000000089b00000, 0x0000000089b00000, 0x0000000089c00000|  0%| F|  |TAMS 0x0000000089b00000, 0x0000000089b00000| Untracked 
| 156|0x0000000089c00000, 0x0000000089c00000, 0x0000000089d00000|  0%| F|  |TAMS 0x0000000089c00000, 0x0000000089c00000| Untracked 
| 157|0x0000000089d00000, 0x0000000089d00000, 0x0000000089e00000|  0%| F|  |TAMS 0x0000000089d00000, 0x0000000089d00000| Untracked 
| 158|0x0000000089e00000, 0x0000000089e00000, 0x0000000089f00000|  0%| F|  |TAMS 0x0000000089e00000, 0x0000000089e00000| Untracked 
| 159|0x0000000089f00000, 0x0000000089f00000, 0x000000008a000000|  0%| F|  |TAMS 0x0000000089f00000, 0x0000000089f00000| Untracked 
| 160|0x000000008a000000, 0x000000008a000000, 0x000000008a100000|  0%| F|  |TAMS 0x000000008a000000, 0x000000008a000000| Untracked 
| 161|0x000000008a100000, 0x000000008a100000, 0x000000008a200000|  0%| F|  |TAMS 0x000000008a100000, 0x000000008a100000| Untracked 
| 162|0x000000008a200000, 0x000000008a200000, 0x000000008a300000|  0%| F|  |TAMS 0x000000008a200000, 0x000000008a200000| Untracked 
| 163|0x000000008a300000, 0x000000008a300000, 0x000000008a400000|  0%| F|  |TAMS 0x000000008a300000, 0x000000008a300000| Untracked 
| 164|0x000000008a400000, 0x000000008a400000, 0x000000008a500000|  0%| F|  |TAMS 0x000000008a400000, 0x000000008a400000| Untracked 
| 165|0x000000008a500000, 0x000000008a500000, 0x000000008a600000|  0%| F|  |TAMS 0x000000008a500000, 0x000000008a500000| Untracked 
| 166|0x000000008a600000, 0x000000008a600000, 0x000000008a700000|  0%| F|  |TAMS 0x000000008a600000, 0x000000008a600000| Untracked 
| 167|0x000000008a700000, 0x000000008a700000, 0x000000008a800000|  0%| F|  |TAMS 0x000000008a700000, 0x000000008a700000| Untracked 
| 168|0x000000008a800000, 0x000000008a800000, 0x000000008a900000|  0%| F|  |TAMS 0x000000008a800000, 0x000000008a800000| Untracked 
| 169|0x000000008a900000, 0x000000008a900000, 0x000000008aa00000|  0%| F|  |TAMS 0x000000008a900000, 0x000000008a900000| Untracked 
| 170|0x000000008aa00000, 0x000000008aa00000, 0x000000008ab00000|  0%| F|  |TAMS 0x000000008aa00000, 0x000000008aa00000| Untracked 
| 171|0x000000008ab00000, 0x000000008ab00000, 0x000000008ac00000|  0%| F|  |TAMS 0x000000008ab00000, 0x000000008ab00000| Untracked 
| 172|0x000000008ac00000, 0x000000008ac00000, 0x000000008ad00000|  0%| F|  |TAMS 0x000000008ac00000, 0x000000008ac00000| Untracked 
| 173|0x000000008ad00000, 0x000000008ad00000, 0x000000008ae00000|  0%| F|  |TAMS 0x000000008ad00000, 0x000000008ad00000| Untracked 
| 174|0x000000008ae00000, 0x000000008ae00000, 0x000000008af00000|  0%| F|  |TAMS 0x000000008ae00000, 0x000000008ae00000| Untracked 
| 175|0x000000008af00000, 0x000000008af00000, 0x000000008b000000|  0%| F|  |TAMS 0x000000008af00000, 0x000000008af00000| Untracked 
| 176|0x000000008b000000, 0x000000008b000000, 0x000000008b100000|  0%| F|  |TAMS 0x000000008b000000, 0x000000008b000000| Untracked 
| 177|0x000000008b100000, 0x000000008b100000, 0x000000008b200000|  0%| F|  |TAMS 0x000000008b100000, 0x000000008b100000| Untracked 
| 178|0x000000008b200000, 0x000000008b200000, 0x000000008b300000|  0%| F|  |TAMS 0x000000008b200000, 0x000000008b200000| Untracked 
| 179|0x000000008b300000, 0x000000008b300000, 0x000000008b400000|  0%| F|  |TAMS 0x000000008b300000, 0x000000008b300000| Untracked 
| 180|0x000000008b400000, 0x000000008b400000, 0x000000008b500000|  0%| F|  |TAMS 0x000000008b400000, 0x000000008b400000| Untracked 
| 181|0x000000008b500000, 0x000000008b500000, 0x000000008b600000|  0%| F|  |TAMS 0x000000008b500000, 0x000000008b500000| Untracked 
| 182|0x000000008b600000, 0x000000008b600000, 0x000000008b700000|  0%| F|  |TAMS 0x000000008b600000, 0x000000008b600000| Untracked 
| 183|0x000000008b700000, 0x000000008b700000, 0x000000008b800000|  0%| F|  |TAMS 0x000000008b700000, 0x000000008b700000| Untracked 
| 184|0x000000008b800000, 0x000000008b800000, 0x000000008b900000|  0%| F|  |TAMS 0x000000008b800000, 0x000000008b800000| Untracked 
| 185|0x000000008b900000, 0x000000008b900000, 0x000000008ba00000|  0%| F|  |TAMS 0x000000008b900000, 0x000000008b900000| Untracked 
| 186|0x000000008ba00000, 0x000000008ba00000, 0x000000008bb00000|  0%| F|  |TAMS 0x000000008ba00000, 0x000000008ba00000| Untracked 
| 187|0x000000008bb00000, 0x000000008bb00000, 0x000000008bc00000|  0%| F|  |TAMS 0x000000008bb00000, 0x000000008bb00000| Untracked 
| 188|0x000000008bc00000, 0x000000008bc00000, 0x000000008bd00000|  0%| F|  |TAMS 0x000000008bc00000, 0x000000008bc00000| Untracked 
| 189|0x000000008bd00000, 0x000000008bd00000, 0x000000008be00000|  0%| F|  |TAMS 0x000000008bd00000, 0x000000008bd00000| Untracked 
| 190|0x000000008be00000, 0x000000008be00000, 0x000000008bf00000|  0%| F|  |TAMS 0x000000008be00000, 0x000000008be00000| Untracked 
| 191|0x000000008bf00000, 0x000000008bf00000, 0x000000008c000000|  0%| F|  |TAMS 0x000000008bf00000, 0x000000008bf00000| Untracked 
| 192|0x000000008c000000, 0x000000008c000000, 0x000000008c100000|  0%| F|  |TAMS 0x000000008c000000, 0x000000008c000000| Untracked 
| 193|0x000000008c100000, 0x000000008c100000, 0x000000008c200000|  0%| F|  |TAMS 0x000000008c100000, 0x000000008c100000| Untracked 
| 194|0x000000008c200000, 0x000000008c200000, 0x000000008c300000|  0%| F|  |TAMS 0x000000008c200000, 0x000000008c200000| Untracked 
| 195|0x000000008c300000, 0x000000008c300000, 0x000000008c400000|  0%| F|  |TAMS 0x000000008c300000, 0x000000008c300000| Untracked 
| 196|0x000000008c400000, 0x000000008c400000, 0x000000008c500000|  0%| F|  |TAMS 0x000000008c400000, 0x000000008c400000| Untracked 
| 197|0x000000008c500000, 0x000000008c500000, 0x000000008c600000|  0%| F|  |TAMS 0x000000008c500000, 0x000000008c500000| Untracked 
| 198|0x000000008c600000, 0x000000008c600000, 0x000000008c700000|  0%| F|  |TAMS 0x000000008c600000, 0x000000008c600000| Untracked 
| 199|0x000000008c700000, 0x000000008c700000, 0x000000008c800000|  0%| F|  |TAMS 0x000000008c700000, 0x000000008c700000| Untracked 
| 200|0x000000008c800000, 0x000000008c800000, 0x000000008c900000|  0%| F|  |TAMS 0x000000008c800000, 0x000000008c800000| Untracked 
| 201|0x000000008c900000, 0x000000008c900000, 0x000000008ca00000|  0%| F|  |TAMS 0x000000008c900000, 0x000000008c900000| Untracked 
| 202|0x000000008ca00000, 0x000000008ca00000, 0x000000008cb00000|  0%| F|  |TAMS 0x000000008ca00000, 0x000000008ca00000| Untracked 
| 203|0x000000008cb00000, 0x000000008cb00000, 0x000000008cc00000|  0%| F|  |TAMS 0x000000008cb00000, 0x000000008cb00000| Untracked 
| 204|0x000000008cc00000, 0x000000008cc00000, 0x000000008cd00000|  0%| F|  |TAMS 0x000000008cc00000, 0x000000008cc00000| Untracked 
| 205|0x000000008cd00000, 0x000000008cd00000, 0x000000008ce00000|  0%| F|  |TAMS 0x000000008cd00000, 0x000000008cd00000| Untracked 
| 206|0x000000008ce00000, 0x000000008ce00000, 0x000000008cf00000|  0%| F|  |TAMS 0x000000008ce00000, 0x000000008ce00000| Untracked 
| 207|0x000000008cf00000, 0x000000008cf00000, 0x000000008d000000|  0%| F|  |TAMS 0x000000008cf00000, 0x000000008cf00000| Untracked 
| 208|0x000000008d000000, 0x000000008d000000, 0x000000008d100000|  0%| F|  |TAMS 0x000000008d000000, 0x000000008d000000| Untracked 
| 209|0x000000008d100000, 0x000000008d100000, 0x000000008d200000|  0%| F|  |TAMS 0x000000008d100000, 0x000000008d100000| Untracked 
| 210|0x000000008d200000, 0x000000008d200000, 0x000000008d300000|  0%| F|  |TAMS 0x000000008d200000, 0x000000008d200000| Untracked 
| 211|0x000000008d300000, 0x000000008d300000, 0x000000008d400000|  0%| F|  |TAMS 0x000000008d300000, 0x000000008d300000| Untracked 
| 212|0x000000008d400000, 0x000000008d400000, 0x000000008d500000|  0%| F|  |TAMS 0x000000008d400000, 0x000000008d400000| Untracked 
| 213|0x000000008d500000, 0x000000008d500000, 0x000000008d600000|  0%| F|  |TAMS 0x000000008d500000, 0x000000008d500000| Untracked 
| 214|0x000000008d600000, 0x000000008d600000, 0x000000008d700000|  0%| F|  |TAMS 0x000000008d600000, 0x000000008d600000| Untracked 
| 215|0x000000008d700000, 0x000000008d700000, 0x000000008d800000|  0%| F|  |TAMS 0x000000008d700000, 0x000000008d700000| Untracked 
| 216|0x000000008d800000, 0x000000008d800000, 0x000000008d900000|  0%| F|  |TAMS 0x000000008d800000, 0x000000008d800000| Untracked 
| 217|0x000000008d900000, 0x000000008d900000, 0x000000008da00000|  0%| F|  |TAMS 0x000000008d900000, 0x000000008d900000| Untracked 
| 218|0x000000008da00000, 0x000000008da00000, 0x000000008db00000|  0%| F|  |TAMS 0x000000008da00000, 0x000000008da00000| Untracked 
| 219|0x000000008db00000, 0x000000008db00000, 0x000000008dc00000|  0%| F|  |TAMS 0x000000008db00000, 0x000000008db00000| Untracked 
| 220|0x000000008dc00000, 0x000000008dc00000, 0x000000008dd00000|  0%| F|  |TAMS 0x000000008dc00000, 0x000000008dc00000| Untracked 
| 221|0x000000008dd00000, 0x000000008dd00000, 0x000000008de00000|  0%| F|  |TAMS 0x000000008dd00000, 0x000000008dd00000| Untracked 
| 222|0x000000008de00000, 0x000000008de00000, 0x000000008df00000|  0%| F|  |TAMS 0x000000008de00000, 0x000000008de00000| Untracked 
| 223|0x000000008df00000, 0x000000008df00000, 0x000000008e000000|  0%| F|  |TAMS 0x000000008df00000, 0x000000008df00000| Untracked 
| 224|0x000000008e000000, 0x000000008e000000, 0x000000008e100000|  0%| F|  |TAMS 0x000000008e000000, 0x000000008e000000| Untracked 
| 225|0x000000008e100000, 0x000000008e100000, 0x000000008e200000|  0%| F|  |TAMS 0x000000008e100000, 0x000000008e100000| Untracked 
| 226|0x000000008e200000, 0x000000008e200000, 0x000000008e300000|  0%| F|  |TAMS 0x000000008e200000, 0x000000008e200000| Untracked 
| 227|0x000000008e300000, 0x000000008e3db580, 0x000000008e400000| 85%| S|CS|TAMS 0x000000008e300000, 0x000000008e300000| Complete 
| 228|0x000000008e400000, 0x000000008e400000, 0x000000008e500000|  0%| F|  |TAMS 0x000000008e400000, 0x000000008e400000| Untracked 
| 229|0x000000008e500000, 0x000000008e500000, 0x000000008e600000|  0%| F|  |TAMS 0x000000008e500000, 0x000000008e500000| Untracked 
| 230|0x000000008e600000, 0x000000008e600000, 0x000000008e700000|  0%| F|  |TAMS 0x000000008e600000, 0x000000008e600000| Untracked 
| 231|0x000000008e700000, 0x000000008e700000, 0x000000008e800000|  0%| F|  |TAMS 0x000000008e700000, 0x000000008e700000| Untracked 
| 232|0x000000008e800000, 0x000000008e800000, 0x000000008e900000|  0%| F|  |TAMS 0x000000008e800000, 0x000000008e800000| Untracked 
| 233|0x000000008e900000, 0x000000008e900000, 0x000000008ea00000|  0%| F|  |TAMS 0x000000008e900000, 0x000000008e900000| Untracked 
| 234|0x000000008ea00000, 0x000000008ea00000, 0x000000008eb00000|  0%| F|  |TAMS 0x000000008ea00000, 0x000000008ea00000| Untracked 
| 235|0x000000008eb00000, 0x000000008eb00000, 0x000000008ec00000|  0%| F|  |TAMS 0x000000008eb00000, 0x000000008eb00000| Untracked 
| 236|0x000000008ec00000, 0x000000008ec00000, 0x000000008ed00000|  0%| F|  |TAMS 0x000000008ec00000, 0x000000008ec00000| Untracked 
| 237|0x000000008ed00000, 0x000000008ed00000, 0x000000008ee00000|  0%| F|  |TAMS 0x000000008ed00000, 0x000000008ed00000| Untracked 
| 238|0x000000008ee00000, 0x000000008ee00000, 0x000000008ef00000|  0%| F|  |TAMS 0x000000008ee00000, 0x000000008ee00000| Untracked 
| 239|0x000000008ef00000, 0x000000008ef00000, 0x000000008f000000|  0%| F|  |TAMS 0x000000008ef00000, 0x000000008ef00000| Untracked 
| 240|0x000000008f000000, 0x000000008f000000, 0x000000008f100000|  0%| F|  |TAMS 0x000000008f000000, 0x000000008f000000| Untracked 
| 241|0x000000008f100000, 0x000000008f100000, 0x000000008f200000|  0%| F|  |TAMS 0x000000008f100000, 0x000000008f100000| Untracked 
| 242|0x000000008f200000, 0x000000008f200000, 0x000000008f300000|  0%| F|  |TAMS 0x000000008f200000, 0x000000008f200000| Untracked 
| 243|0x000000008f300000, 0x000000008f300000, 0x000000008f400000|  0%| F|  |TAMS 0x000000008f300000, 0x000000008f300000| Untracked 
| 244|0x000000008f400000, 0x000000008f400000, 0x000000008f500000|  0%| F|  |TAMS 0x000000008f400000, 0x000000008f400000| Untracked 
| 245|0x000000008f500000, 0x000000008f500000, 0x000000008f600000|  0%| F|  |TAMS 0x000000008f500000, 0x000000008f500000| Untracked 
| 246|0x000000008f600000, 0x000000008f600000, 0x000000008f700000|  0%| F|  |TAMS 0x000000008f600000, 0x000000008f600000| Untracked 
| 247|0x000000008f700000, 0x000000008f700000, 0x000000008f800000|  0%| F|  |TAMS 0x000000008f700000, 0x000000008f700000| Untracked 
| 248|0x000000008f800000, 0x000000008f800000, 0x000000008f900000|  0%| F|  |TAMS 0x000000008f800000, 0x000000008f800000| Untracked 
| 249|0x000000008f900000, 0x000000008f900000, 0x000000008fa00000|  0%| F|  |TAMS 0x000000008f900000, 0x000000008f900000| Untracked 
| 250|0x000000008fa00000, 0x000000008fa00000, 0x000000008fb00000|  0%| F|  |TAMS 0x000000008fa00000, 0x000000008fa00000| Untracked 
| 251|0x000000008fb00000, 0x000000008fb00000, 0x000000008fc00000|  0%| F|  |TAMS 0x000000008fb00000, 0x000000008fb00000| Untracked 
| 252|0x000000008fc00000, 0x000000008fc00000, 0x000000008fd00000|  0%| F|  |TAMS 0x000000008fc00000, 0x000000008fc00000| Untracked 
| 253|0x000000008fd00000, 0x000000008fd00000, 0x000000008fe00000|  0%| F|  |TAMS 0x000000008fd00000, 0x000000008fd00000| Untracked 

Card table byte_map: [0x00000111793a0000,0x00000111797a0000] _byte_map_base: 0x0000011178fa0000

Marking Bits (Prev, Next): (CMBitMap*) 0x0000011170ec7660, (CMBitMap*) 0x0000011170ec76a0
 Prev Bits: [0x0000011179ba0000, 0x000001117bba0000)
 Next Bits: [0x000001117bba0000, 0x000001117dba0000)

Polling page: 0x000001116efa0000

Metaspace:

Usage:
  Non-class:     76.43 MB used.
      Class:     12.02 MB used.
       Both:     88.45 MB used.

Virtual space:
  Non-class space:      128.00 MB reserved,      76.88 MB ( 60%) committed,  2 nodes.
      Class space:        1.00 GB reserved,      12.38 MB (  1%) committed,  1 nodes.
             Both:        1.12 GB reserved,      89.25 MB (  8%) committed. 

Chunk freelists:
   Non-Class:  2.89 MB
       Class:  3.56 MB
        Both:  6.45 MB

MaxMetaspaceSize: unlimited
CompressedClassSpaceSize: 1.00 GB
Initial GC threshold: 21.00 MB
Current GC threshold: 148.69 MB
CDS: on
MetaspaceReclaimPolicy: balanced
 - commit_granule_bytes: 65536.
 - commit_granule_words: 8192.
 - virtual_space_node_default_size: 8388608.
 - enlarge_chunks_in_place: 1.
 - new_chunks_are_fully_committed: 0.
 - uncommit_free_chunks: 1.
 - use_allocation_guard: 0.
 - handle_deallocations: 1.


Internal statistics:

num_allocs_failed_limit: 6.
num_arena_births: 1140.
num_arena_deaths: 0.
num_vsnodes_births: 3.
num_vsnodes_deaths: 0.
num_space_committed: 1428.
num_space_uncommitted: 0.
num_chunks_returned_to_freelist: 6.
num_chunks_taken_from_freelist: 5025.
num_chunk_merges: 6.
num_chunk_splits: 3242.
num_chunks_enlarged: 2030.
num_inconsistent_stats: 0.

CodeHeap 'non-profiled nmethods': size=119168Kb used=7483Kb max_used=8063Kb free=111684Kb
 bounds [0x0000011107ba0000, 0x0000011108380000, 0x000001110f000000]
CodeHeap 'profiled nmethods': size=119104Kb used=24422Kb max_used=24422Kb free=94681Kb
 bounds [0x0000011100000000, 0x00000111017e0000, 0x0000011107450000]
CodeHeap 'non-nmethods': size=7488Kb used=4091Kb max_used=4184Kb free=3396Kb
 bounds [0x0000011107450000, 0x0000011107880000, 0x0000011107ba0000]
 total_blobs=13255 nmethods=12324 adapters=837
 compilation: enabled
              stopped_count=0, restarted_count=0
 full_count=0

Compilation events (20 events):
Event: 14.970 Thread 0x000001115600db80 nmethod 14438 0x00000111017d5d90 code [0x00000111017d5f20, 0x00000111017d60d8]
Event: 14.970 Thread 0x000001115600db80 14439       2       org.gradle.internal.snapshot.impl.DefaultValueSnapshotter$ValueSnapshotVisitor::hashCode (9 bytes)
Event: 14.971 Thread 0x0000011156271520 nmethod 14434 0x00000111017d7810 code [0x00000111017d79a0, 0x00000111017d7ae8]
Event: 14.971 Thread 0x000001110fcbd370 nmethod 14440 0x00000111017d6190 code [0x00000111017d6460, 0x00000111017d7238]
Event: 14.971 Thread 0x000001115600db80 nmethod 14439 0x00000111017d7c10 code [0x00000111017d7da0, 0x00000111017d7f58]
Event: 14.971 Thread 0x0000011156271520 14443       2       org.gradle.internal.execution.steps.AssignWorkspaceStep$1::getInputProperties (10 bytes)
Event: 14.971 Thread 0x000001115600db80 14431       2       java.util.Optional::flatMap (38 bytes)
Event: 14.971 Thread 0x000001110fcbd370 14442       2       org.gradle.internal.execution.steps.LoadPreviousExecutionStateStep$1::getInputProperties (10 bytes)
Event: 14.971 Thread 0x0000011156271520 nmethod 14443 0x00000111017d8010 code [0x00000111017d81a0, 0x00000111017d82c8]
Event: 14.971 Thread 0x000001110fcbd370 nmethod 14442 0x00000111017d8390 code [0x00000111017d8520, 0x00000111017d8648]
Event: 14.972 Thread 0x0000011156271520 14444       2       com.google.common.collect.ImmutableSortedMap::comparator (8 bytes)
Event: 14.972 Thread 0x000001110fcbd370 14432       2       org.gradle.internal.serialize.BaseSerializerFactory$StringSerializer::write (10 bytes)
Event: 14.972 Thread 0x000001115600db80 nmethod 14431 0x00000111017d8710 code [0x00000111017d88e0, 0x00000111017d8c28]
Event: 14.972 Thread 0x000001115600db80 14446       2       org.gradle.internal.execution.steps.LoadPreviousExecutionStateStep$1::getInputFileProperties (10 bytes)
Event: 14.972 Thread 0x0000011156271520 nmethod 14444 0x00000111017da590 code [0x00000111017da720, 0x00000111017da838]
Event: 14.972 Thread 0x000001110fcbd370 nmethod 14432 0x00000111017da910 code [0x00000111017daac0, 0x00000111017dac28]
Event: 14.972 Thread 0x0000011156271520 14447       2       org.gradle.internal.execution.steps.AssignWorkspaceStep$1::getInputFileProperties (10 bytes)
Event: 14.972 Thread 0x000001110fcbd370 14448       2       org.gradle.internal.execution.steps.LoadPreviousExecutionStateStep$1::getHistory (10 bytes)
Event: 14.972 Thread 0x000001115600db80 nmethod 14446 0x00000111017dad10 code [0x00000111017daea0, 0x00000111017dafc8]
Event: 14.973 Thread 0x000001110fbf8180 nmethod 14441 0x00000111017d8d90 code [0x00000111017d9060, 0x00000111017d9aa8]

GC Heap History (20 events):
Event: 12.155 GC heap after
{Heap after GC invocations=37 (full 0):
 garbage-first heap   total 178176K, used 87413K [0x0000000080000000, 0x0000000100000000)
  region size 1024K, 4 young (4096K), 4 survivors (4096K)
 Metaspace       used 79696K, committed 80448K, reserved 1179648K
  class space    used 10810K, committed 11136K, reserved 1048576K
}
Event: 12.214 GC heap before
{Heap before GC invocations=37 (full 0):
 garbage-first heap   total 178176K, used 91509K [0x0000000080000000, 0x0000000100000000)
  region size 1024K, 8 young (8192K), 4 survivors (4096K)
 Metaspace       used 79976K, committed 80768K, reserved 1179648K
  class space    used 10844K, committed 11200K, reserved 1048576K
}
Event: 12.216 GC heap after
{Heap after GC invocations=38 (full 0):
 garbage-first heap   total 178176K, used 87901K [0x0000000080000000, 0x0000000100000000)
  region size 1024K, 1 young (1024K), 1 survivors (1024K)
 Metaspace       used 79976K, committed 80768K, reserved 1179648K
  class space    used 10844K, committed 11200K, reserved 1048576K
}
Event: 12.966 GC heap before
{Heap before GC invocations=38 (full 0):
 garbage-first heap   total 178176K, used 142173K [0x0000000080000000, 0x0000000100000000)
  region size 1024K, 54 young (55296K), 1 survivors (1024K)
 Metaspace       used 83792K, committed 84608K, reserved 1179648K
  class space    used 11428K, committed 11840K, reserved 1048576K
}
Event: 12.970 GC heap after
{Heap after GC invocations=39 (full 0):
 garbage-first heap   total 178176K, used 91967K [0x0000000080000000, 0x0000000100000000)
  region size 1024K, 5 young (5120K), 5 survivors (5120K)
 Metaspace       used 83792K, committed 84608K, reserved 1179648K
  class space    used 11428K, committed 11840K, reserved 1048576K
}
Event: 13.588 GC heap before
{Heap before GC invocations=40 (full 0):
 garbage-first heap   total 178176K, used 143167K [0x0000000080000000, 0x0000000100000000)
  region size 1024K, 55 young (56320K), 5 survivors (5120K)
 Metaspace       used 86302K, committed 87104K, reserved 1179648K
  class space    used 11746K, committed 12096K, reserved 1048576K
}
Event: 13.593 GC heap after
{Heap after GC invocations=41 (full 0):
 garbage-first heap   total 178176K, used 98560K [0x0000000080000000, 0x0000000100000000)
  region size 1024K, 7 young (7168K), 7 survivors (7168K)
 Metaspace       used 86302K, committed 87104K, reserved 1179648K
  class space    used 11746K, committed 12096K, reserved 1048576K
}
Event: 13.602 GC heap before
{Heap before GC invocations=41 (full 0):
 garbage-first heap   total 178176K, used 99584K [0x0000000080000000, 0x0000000100000000)
  region size 1024K, 8 young (8192K), 7 survivors (7168K)
 Metaspace       used 86302K, committed 87104K, reserved 1179648K
  class space    used 11746K, committed 12096K, reserved 1048576K
}
Event: 13.605 GC heap after
{Heap after GC invocations=42 (full 0):
 garbage-first heap   total 178176K, used 99169K [0x0000000080000000, 0x0000000100000000)
  region size 1024K, 1 young (1024K), 1 survivors (1024K)
 Metaspace       used 86302K, committed 87104K, reserved 1179648K
  class space    used 11746K, committed 12096K, reserved 1048576K
}
Event: 13.985 GC heap before
{Heap before GC invocations=42 (full 0):
 garbage-first heap   total 178176K, used 144225K [0x0000000080000000, 0x0000000100000000)
  region size 1024K, 45 young (46080K), 1 survivors (1024K)
 Metaspace       used 86476K, committed 87232K, reserved 1179648K
  class space    used 11757K, committed 12096K, reserved 1048576K
}
Event: 13.988 GC heap after
{Heap after GC invocations=43 (full 0):
 garbage-first heap   total 178176K, used 105564K [0x0000000080000000, 0x0000000100000000)
  region size 1024K, 6 young (6144K), 6 survivors (6144K)
 Metaspace       used 86476K, committed 87232K, reserved 1179648K
  class space    used 11757K, committed 12096K, reserved 1048576K
}
Event: 14.486 GC heap before
{Heap before GC invocations=44 (full 0):
 garbage-first heap   total 188416K, used 142428K [0x0000000080000000, 0x0000000100000000)
  region size 1024K, 43 young (44032K), 6 survivors (6144K)
 Metaspace       used 88137K, committed 89024K, reserved 1179648K
  class space    used 11898K, committed 12288K, reserved 1048576K
}
Event: 14.491 GC heap after
{Heap after GC invocations=45 (full 0):
 garbage-first heap   total 188416K, used 112264K [0x0000000080000000, 0x0000000100000000)
  region size 1024K, 6 young (6144K), 6 survivors (6144K)
 Metaspace       used 88137K, committed 89024K, reserved 1179648K
  class space    used 11898K, committed 12288K, reserved 1048576K
}
Event: 14.542 GC heap before
{Heap before GC invocations=45 (full 0):
 garbage-first heap   total 188416K, used 114312K [0x0000000080000000, 0x0000000100000000)
  region size 1024K, 9 young (9216K), 6 survivors (6144K)
 Metaspace       used 88430K, committed 89280K, reserved 1179648K
  class space    used 11964K, committed 12352K, reserved 1048576K
}
Event: 14.545 GC heap after
{Heap after GC invocations=46 (full 0):
 garbage-first heap   total 188416K, used 113225K [0x0000000080000000, 0x0000000100000000)
  region size 1024K, 2 young (2048K), 2 survivors (2048K)
 Metaspace       used 88430K, committed 89280K, reserved 1179648K
  class space    used 11964K, committed 12352K, reserved 1048576K
}
Event: 14.831 GC heap before
{Heap before GC invocations=46 (full 0):
 garbage-first heap   total 188416K, used 150089K [0x0000000080000000, 0x0000000100000000)
  region size 1024K, 39 young (39936K), 2 survivors (2048K)
 Metaspace       used 90109K, committed 90944K, reserved 1179648K
  class space    used 12240K, committed 12608K, reserved 1048576K
}
Event: 14.835 GC heap after
{Heap after GC invocations=47 (full 0):
 garbage-first heap   total 188416K, used 118335K [0x0000000080000000, 0x0000000100000000)
  region size 1024K, 5 young (5120K), 5 survivors (5120K)
 Metaspace       used 90109K, committed 90944K, reserved 1179648K
  class space    used 12240K, committed 12608K, reserved 1048576K
}
Event: 14.949 GC heap before
{Heap before GC invocations=48 (full 0):
 garbage-first heap   total 240640K, used 153151K [0x0000000080000000, 0x0000000100000000)
  region size 1024K, 39 young (39936K), 5 survivors (5120K)
 Metaspace       used 90513K, committed 91392K, reserved 1179648K
  class space    used 12302K, committed 12672K, reserved 1048576K
}
Event: 14.953 GC heap after
{Heap after GC invocations=49 (full 0):
 garbage-first heap   total 240640K, used 121472K [0x0000000080000000, 0x0000000100000000)
  region size 1024K, 4 young (4096K), 4 survivors (4096K)
 Metaspace       used 90513K, committed 91392K, reserved 1179648K
  class space    used 12302K, committed 12672K, reserved 1048576K
}
Event: 14.973 GC heap before
{Heap before GC invocations=49 (full 0):
 garbage-first heap   total 240640K, used 127616K [0x0000000080000000, 0x0000000100000000)
  region size 1024K, 11 young (11264K), 4 survivors (4096K)
 Metaspace       used 90571K, committed 91392K, reserved 1179648K
  class space    used 12306K, committed 12672K, reserved 1048576K
}

Deoptimization events (20 events):
Event: 14.894 Thread 0x0000011157684ce0 DEOPT PACKING pc=0x0000011107f03058 sp=0x0000000fafafdf80
Event: 14.894 Thread 0x0000011155e13e60 DEOPT UNPACKING pc=0x00000111074a23a3 sp=0x0000000fabafdcd0 mode 2
Event: 14.894 Thread 0x0000011155e16bf0 Uncommon trap: reason=unstable_if action=reinterpret pc=0x0000011107f01564 method=java.util.concurrent.locks.ReentrantLock$Sync.tryLock()Z @ 34 c2
Event: 14.894 Thread 0x0000011157684ce0 DEOPT UNPACKING pc=0x00000111074a23a3 sp=0x0000000fafafde50 mode 2
Event: 14.894 Thread 0x000001115ad0f280 Uncommon trap: reason=unstable_if action=reinterpret pc=0x0000011107f01564 method=java.util.concurrent.locks.ReentrantLock$Sync.tryLock()Z @ 34 c2
Event: 14.894 Thread 0x0000011157685c10 Uncommon trap: reason=unstable_if action=reinterpret pc=0x0000011107f01564 method=java.util.concurrent.locks.ReentrantLock$Sync.tryLock()Z @ 34 c2
Event: 14.894 Thread 0x0000011155e16bf0 DEOPT PACKING pc=0x0000011107f01564 sp=0x0000000fabcfe4d0
Event: 14.894 Thread 0x0000011155e16bf0 DEOPT UNPACKING pc=0x00000111074a23a3 sp=0x0000000fabcfe480 mode 2
Event: 14.894 Thread 0x000001115ad0f280 DEOPT PACKING pc=0x0000011107f01564 sp=0x0000000faaefe970
Event: 14.894 Thread 0x000001115ad0f280 DEOPT UNPACKING pc=0x00000111074a23a3 sp=0x0000000faaefe920 mode 2
Event: 14.894 Thread 0x0000011157685c10 DEOPT PACKING pc=0x0000011107f01564 sp=0x0000000fb0bfe6f0
Event: 14.894 Thread 0x0000011157685c10 DEOPT UNPACKING pc=0x00000111074a23a3 sp=0x0000000fb0bfe6a0 mode 2
Event: 14.901 Thread 0x0000011163118ed0 Uncommon trap: trap_request=0xffffff45 fr.pc=0x0000011108128658 relative=0x0000000000000238
Event: 14.902 Thread 0x0000011163118ed0 Uncommon trap: reason=unstable_if action=reinterpret pc=0x0000011108128658 method=kotlin.reflect.jvm.internal.impl.protobuf.CodedInputStream.readRawVarint32()I @ 10 c2
Event: 14.903 Thread 0x0000011163118ed0 DEOPT PACKING pc=0x0000011108128658 sp=0x0000000fb4ff92e0
Event: 14.903 Thread 0x0000011163118ed0 DEOPT UNPACKING pc=0x00000111074a23a3 sp=0x0000000fb4ff9208 mode 2
Event: 14.957 Thread 0x0000011163118ed0 Uncommon trap: trap_request=0xffffff45 fr.pc=0x0000011107c8dfc4 relative=0x00000000000009e4
Event: 14.958 Thread 0x0000011163118ed0 Uncommon trap: reason=unstable_if action=reinterpret pc=0x0000011107c8dfc4 method=java.util.jar.JarFile.getVersionedEntry(Ljava/lang/String;Ljava/util/jar/JarEntry;)Ljava/util/jar/JarEntry; @ 26 c2
Event: 14.958 Thread 0x0000011163118ed0 DEOPT PACKING pc=0x0000011107c8dfc4 sp=0x0000000fb4ff8340
Event: 14.958 Thread 0x0000011163118ed0 DEOPT UNPACKING pc=0x00000111074a23a3 sp=0x0000000fb4ff8300 mode 2

Classes unloaded (0 events):
No events

Classes redefined (0 events):
No events

Internal exceptions (20 events):
Event: 14.572 Thread 0x0000011163117070 Exception <a 'java/lang/NoSuchMethodError'{0x000000008b2752e0}: 'int java.lang.invoke.DirectMethodHandle$Holder.invokeSpecial(java.lang.Object, java.lang.Object, java.lang.Object, java.lang.Object, java.lang.Object)'> (0x000000008b2752e0) 
thrown [s\open\src\hotspot\share\interpreter\linkResolver.cpp, line 759]
Event: 14.572 Thread 0x000001115b947170 Exception <a 'java/lang/NoSuchMethodError'{0x000000008b265f18}: 'int java.lang.invoke.DirectMethodHandle$Holder.invokeSpecial(java.lang.Object, java.lang.Object, java.lang.Object, java.lang.Object, java.lang.Object)'> (0x000000008b265f18) 
thrown [s\open\src\hotspot\share\interpreter\linkResolver.cpp, line 759]
Event: 14.581 Thread 0x000001115b940210 Exception <a 'java/lang/NoSuchMethodError'{0x000000008b2d3620}: static Lcom/android/ide/common/attribution/AndroidGradlePluginAttributionData$BuildInfo;.<clinit>()V> (0x000000008b2d3620) 
thrown [s\open\src\hotspot\share\prims\jni.cpp, line 1112]
Event: 14.583 Thread 0x000001115b940210 Exception <a 'java/lang/NoSuchMethodError'{0x000000008b2f48f0}: static Lcom/android/ide/common/attribution/AndroidGradlePluginAttributionData$JavaInfo;.<clinit>()V> (0x000000008b2f48f0) 
thrown [s\open\src\hotspot\share\prims\jni.cpp, line 1112]
Event: 14.588 Thread 0x000001115b940210 Exception <a 'java/lang/NoSuchMethodError'{0x000000008b17fe30}: static [Ljava/lang/String;.<clinit>()V> (0x000000008b17fe30) 
thrown [s\open\src\hotspot\share\prims\jni.cpp, line 1112]
Event: 14.601 Thread 0x000001110fd7fd90 Exception <a 'java/lang/NoSuchMethodError'{0x000000008b0b8ae8}: static Lorg/gradle/internal/build/event/types/DefaultTaskSkippedResult;.<clinit>()V> (0x000000008b0b8ae8) 
thrown [s\open\src\hotspot\share\prims\jni.cpp, line 1112]
Event: 14.605 Thread 0x000001115b944e00 Exception <a 'java/lang/NoSuchMethodError'{0x000000008b0f0d78}: 'void java.lang.invoke.DirectMethodHandle$Holder.invokeStatic(java.lang.Object, java.lang.Object, java.lang.Object, java.lang.Object, int, java.lang.Object, java.lang.Object)'> (0x000000008b0f0d78) 
thrown [s\open\src\hotspot\share\interpreter\linkResolver.cpp, line 759]
Event: 14.866 Thread 0x0000011155e13e60 Exception <a 'java/lang/NoSuchMethodError'{0x000000008b07e1a0}: 'java.lang.Object java.lang.invoke.DirectMethodHandle$Holder.invokeSpecialIFC(java.lang.Object, java.lang.Object, java.lang.Object)'> (0x000000008b07e1a0) 
thrown [s\open\src\hotspot\share\interpreter\linkResolver.cpp, line 759]
Event: 14.866 Thread 0x0000011157684ce0 Exception <a 'java/lang/NoSuchMethodError'{0x000000008b08c810}: 'java.lang.Object java.lang.invoke.DirectMethodHandle$Holder.invokeSpecialIFC(java.lang.Object, java.lang.Object, java.lang.Object)'> (0x000000008b08c810) 
thrown [s\open\src\hotspot\share\interpreter\linkResolver.cpp, line 759]
Event: 14.866 Thread 0x00000111575af580 Exception <a 'java/lang/NoSuchMethodError'{0x000000008b0f0d80}: 'java.lang.Object java.lang.invoke.DirectMethodHandle$Holder.invokeSpecialIFC(java.lang.Object, java.lang.Object, java.lang.Object)'> (0x000000008b0f0d80) 
thrown [s\open\src\hotspot\share\interpreter\linkResolver.cpp, line 759]
Event: 14.866 Thread 0x0000011157685700 Exception <a 'java/lang/NoSuchMethodError'{0x000000008af3f7b0}: 'java.lang.Object java.lang.invoke.DirectMethodHandle$Holder.invokeSpecialIFC(java.lang.Object, java.lang.Object, java.lang.Object)'> (0x000000008af3f7b0) 
thrown [s\open\src\hotspot\share\interpreter\linkResolver.cpp, line 759]
Event: 14.867 Thread 0x0000011155f29c90 Exception <a 'java/lang/NoSuchMethodError'{0x000000008af075a8}: 'java.lang.Object java.lang.invoke.DirectMethodHandle$Holder.invokeSpecialIFC(java.lang.Object, java.lang.Object, java.lang.Object)'> (0x000000008af075a8) 
thrown [s\open\src\hotspot\share\interpreter\linkResolver.cpp, line 759]
Event: 14.867 Thread 0x0000011157682460 Exception <a 'java/lang/NoSuchMethodError'{0x000000008af4b8e0}: 'java.lang.Object java.lang.invoke.DirectMethodHandle$Holder.invokeSpecialIFC(java.lang.Object, java.lang.Object, java.lang.Object)'> (0x000000008af4b8e0) 
thrown [s\open\src\hotspot\share\interpreter\linkResolver.cpp, line 759]
Event: 14.867 Thread 0x0000011155f2a1a0 Exception <a 'java/lang/NoSuchMethodError'{0x000000008af7c838}: 'java.lang.Object java.lang.invoke.DirectMethodHandle$Holder.invokeSpecialIFC(java.lang.Object, java.lang.Object, java.lang.Object)'> (0x000000008af7c838) 
thrown [s\open\src\hotspot\share\interpreter\linkResolver.cpp, line 759]
Event: 14.867 Thread 0x000001115b944e00 Exception <a 'java/lang/NoSuchMethodError'{0x000000008b218460}: 'java.lang.Object java.lang.invoke.DirectMethodHandle$Holder.invokeSpecialIFC(java.lang.Object, java.lang.Object, java.lang.Object)'> (0x000000008b218460) 
thrown [s\open\src\hotspot\share\interpreter\linkResolver.cpp, line 759]
Event: 14.867 Thread 0x0000011155f29780 Exception <a 'java/lang/NoSuchMethodError'{0x000000008b0ea920}: 'java.lang.Object java.lang.invoke.DirectMethodHandle$Holder.invokeSpecialIFC(java.lang.Object, java.lang.Object, java.lang.Object)'> (0x000000008b0ea920) 
thrown [s\open\src\hotspot\share\interpreter\linkResolver.cpp, line 759]
Event: 14.867 Thread 0x000001115689f000 Exception <a 'java/lang/NoSuchMethodError'{0x000000008af1ad28}: 'java.lang.Object java.lang.invoke.DirectMethodHandle$Holder.invokeSpecialIFC(java.lang.Object, java.lang.Object, java.lang.Object)'> (0x000000008af1ad28) 
thrown [s\open\src\hotspot\share\interpreter\linkResolver.cpp, line 759]
Event: 14.895 Thread 0x0000011157685c10 Exception <a 'java/lang/NoSuchMethodError'{0x000000008a6bb010}: 'void java.lang.invoke.DirectMethodHandle$Holder.invokeVirtual(java.lang.Object, java.lang.Object)'> (0x000000008a6bb010) 
thrown [s\open\src\hotspot\share\interpreter\linkResolver.cpp, line 759]
Event: 14.895 Thread 0x000001115ad0f280 Exception <a 'java/lang/NoSuchMethodError'{0x000000008a6c6d58}: 'void java.lang.invoke.DirectMethodHandle$Holder.invokeVirtual(java.lang.Object, java.lang.Object)'> (0x000000008a6c6d58) 
thrown [s\open\src\hotspot\share\interpreter\linkResolver.cpp, line 759]
Event: 14.896 Thread 0x0000011155e16bf0 Exception <a 'java/lang/NoSuchMethodError'{0x000000008a6d5500}: 'void java.lang.invoke.DirectMethodHandle$Holder.invokeVirtual(java.lang.Object, java.lang.Object)'> (0x000000008a6d5500) 
thrown [s\open\src\hotspot\share\interpreter\linkResolver.cpp, line 759]

VM Operations (20 events):
Event: 14.593 Executing VM operation: HandshakeAllThreads done
Event: 14.621 Executing VM operation: HandshakeAllThreads
Event: 14.621 Executing VM operation: HandshakeAllThreads done
Event: 14.633 Executing VM operation: ICBufferFull
Event: 14.634 Executing VM operation: ICBufferFull done
Event: 14.752 Executing VM operation: ICBufferFull
Event: 14.753 Executing VM operation: ICBufferFull done
Event: 14.790 Executing VM operation: HandshakeAllThreads
Event: 14.790 Executing VM operation: HandshakeAllThreads done
Event: 14.806 Executing VM operation: ICBufferFull
Event: 14.806 Executing VM operation: ICBufferFull done
Event: 14.831 Executing VM operation: G1CollectForAllocation
Event: 14.835 Executing VM operation: G1CollectForAllocation done
Event: 14.911 Executing VM operation: G1Concurrent
Event: 14.916 Executing VM operation: G1Concurrent done
Event: 14.946 Executing VM operation: G1Concurrent
Event: 14.946 Executing VM operation: G1Concurrent done
Event: 14.948 Executing VM operation: G1CollectForAllocation
Event: 14.954 Executing VM operation: G1CollectForAllocation done
Event: 14.972 Executing VM operation: G1CollectForAllocation

Events (20 events):
Event: 14.839 Thread 0x000001110fbfb280 flushing nmethod 0x000001110143e290
Event: 14.839 Thread 0x000001110fbfb280 flushing nmethod 0x0000011101464710
Event: 14.840 Thread 0x000001110fbfb280 flushing nmethod 0x0000011101490290
Event: 14.840 Thread 0x000001110fbfb280 flushing nmethod 0x0000011101491e90
Event: 14.840 Thread 0x000001110fbfb280 flushing nmethod 0x000001110149db90
Event: 14.840 Thread 0x000001110fbfb280 flushing nmethod 0x00000111014fee10
Event: 14.840 Thread 0x000001110fbfb280 flushing nmethod 0x0000011101501190
Event: 14.841 Thread 0x000001110fbfb280 flushing nmethod 0x00000111015bf790
Event: 14.841 Thread 0x000001110fbfb280 flushing nmethod 0x00000111015ce590
Event: 14.841 Thread 0x000001110fbfb280 flushing nmethod 0x00000111015df690
Event: 14.841 Thread 0x000001110fbfb280 flushing nmethod 0x00000111015e8790
Event: 14.841 Thread 0x000001110fbfb280 flushing nmethod 0x00000111015e9110
Event: 14.842 Thread 0x000001110fbfb280 flushing nmethod 0x0000011101645390
Event: 14.843 Thread 0x000001110fbfb280 flushing nmethod 0x0000011101699d90
Event: 14.843 Thread 0x000001110fbfb280 flushing nmethod 0x000001110169e790
Event: 14.843 Thread 0x000001110fbfb280 flushing nmethod 0x000001110169ef90
Event: 14.843 Thread 0x000001110fbfb280 flushing nmethod 0x00000111016a3290
Event: 14.843 Thread 0x000001110fbfb280 flushing nmethod 0x00000111016af990
Event: 14.843 Thread 0x000001110fbfb280 flushing nmethod 0x00000111016fa610
Event: 14.843 Thread 0x000001110fbfb280 flushing nmethod 0x00000111016fa990


Dynamic libraries:
0x00007ff72ce90000 - 0x00007ff72cea0000 	C:\Program Files\Java\jdk-17\bin\java.exe
0x00007ffd93b20000 - 0x00007ffd93d87000 	C:\WINDOWS\SYSTEM32\ntdll.dll
0x00007ffd92430000 - 0x00007ffd924fb000 	C:\WINDOWS\System32\KERNEL32.DLL
0x00007ffd91430000 - 0x00007ffd91832000 	C:\WINDOWS\System32\KERNELBASE.dll
0x00007ffd90f00000 - 0x00007ffd9104c000 	C:\WINDOWS\System32\ucrtbase.dll
0x00007ffd8b8e0000 - 0x00007ffd8b8fb000 	C:\Program Files\Java\jdk-17\bin\VCRUNTIME140.dll
0x00007ffd8b8c0000 - 0x00007ffd8b8d9000 	C:\Program Files\Java\jdk-17\bin\jli.dll
0x00007ffd91840000 - 0x00007ffd918fc000 	C:\WINDOWS\System32\ADVAPI32.dll
0x00007ffd91910000 - 0x00007ffd919b9000 	C:\WINDOWS\System32\msvcrt.dll
0x00007ffd91f50000 - 0x00007ffd91ff9000 	C:\WINDOWS\System32\sechost.dll
0x00007ffd93670000 - 0x00007ffd93788000 	C:\WINDOWS\System32\RPCRT4.dll
0x00007ffd93810000 - 0x00007ffd939df000 	C:\WINDOWS\System32\USER32.dll
0x00007ffd75380000 - 0x00007ffd75610000 	C:\WINDOWS\WinSxS\amd64_microsoft.windows.common-controls_6595b64144ccf1df_6.0.26100.9278_none_3e0d1ba8e3303201\COMCTL32.dll
0x00007ffd91400000 - 0x00007ffd91427000 	C:\WINDOWS\System32\win32u.dll
0x00007ffd92110000 - 0x00007ffd9213b000 	C:\WINDOWS\System32\GDI32.dll
0x00007ffd90d20000 - 0x00007ffd90e49000 	C:\WINDOWS\System32\gdi32full.dll
0x00007ffd90e50000 - 0x00007ffd90ef3000 	C:\WINDOWS\System32\msvcp_win.dll
0x00007ffd88f50000 - 0x00007ffd88f5b000 	C:\WINDOWS\SYSTEM32\VERSION.dll
0x00007ffd933c0000 - 0x00007ffd933f1000 	C:\WINDOWS\System32\IMM32.DLL
0x00007ffd8b960000 - 0x00007ffd8b96c000 	C:\Program Files\Java\jdk-17\bin\vcruntime140_1.dll
0x00007ffd50ec0000 - 0x00007ffd50f4e000 	C:\Program Files\Java\jdk-17\bin\msvcp140.dll
0x00007ffd22f50000 - 0x00007ffd23b30000 	C:\Program Files\Java\jdk-17\bin\server\jvm.dll
0x00007ffd91f40000 - 0x00007ffd91f48000 	C:\WINDOWS\System32\PSAPI.DLL
0x00007ffd81220000 - 0x00007ffd8122a000 	C:\WINDOWS\SYSTEM32\WSOCK32.dll
0x00007ffd826a0000 - 0x00007ffd826d6000 	C:\WINDOWS\SYSTEM32\WINMM.dll
0x00007ffd93a50000 - 0x00007ffd93ad0000 	C:\WINDOWS\System32\WS2_32.dll
0x00007ffd8f9b0000 - 0x00007ffd8f9cb000 	C:\WINDOWS\SYSTEM32\kernel.appcore.dll
0x00007ffd8b8b0000 - 0x00007ffd8b8ba000 	C:\Program Files\Java\jdk-17\bin\jimage.dll
0x00007ffd8e260000 - 0x00007ffd8e4ac000 	C:\WINDOWS\SYSTEM32\DBGHELP.DLL
0x00007ffd92e00000 - 0x00007ffd93185000 	C:\WINDOWS\System32\combase.dll
0x00007ffd93490000 - 0x00007ffd93569000 	C:\WINDOWS\System32\OLEAUT32.dll
0x00007ffd79ef0000 - 0x00007ffd79f2b000 	C:\WINDOWS\SYSTEM32\dbgcore.DLL
0x00007ffd910f0000 - 0x00007ffd9119c000 	C:\WINDOWS\System32\bcryptPrimitives.dll
0x00007ffd8b880000 - 0x00007ffd8b8a5000 	C:\Program Files\Java\jdk-17\bin\java.dll
0x00007ffd22e70000 - 0x00007ffd22f47000 	C:\Program Files\Java\jdk-17\bin\jsvml.dll
0x00007ffd92660000 - 0x00007ffd92df8000 	C:\WINDOWS\System32\SHELL32.dll
0x00007ffd8e740000 - 0x00007ffd8efee000 	C:\WINDOWS\SYSTEM32\windows.storage.dll
0x00007ffd93570000 - 0x00007ffd9366b000 	C:\WINDOWS\System32\SHCORE.dll
0x00007ffd92340000 - 0x00007ffd923a6000 	C:\WINDOWS\System32\shlwapi.dll
0x00007ffd90c40000 - 0x00007ffd90c69000 	C:\WINDOWS\SYSTEM32\profapi.dll
0x00007ffd5ea10000 - 0x00007ffd5ea29000 	C:\Program Files\Java\jdk-17\bin\net.dll
0x00007ffd8ae00000 - 0x00007ffd8af2a000 	C:\WINDOWS\SYSTEM32\WINHTTP.dll
0x00007ffd8ff50000 - 0x00007ffd8ffbc000 	C:\WINDOWS\system32\mswsock.dll
0x00007ffd5bac0000 - 0x00007ffd5bad6000 	C:\Program Files\Java\jdk-17\bin\nio.dll
0x00007ffd55110000 - 0x00007ffd55128000 	C:\Program Files\Java\jdk-17\bin\zip.dll
0x00007ffd88f20000 - 0x00007ffd88f30000 	C:\Program Files\Java\jdk-17\bin\verify.dll
0x00007ffce9700000 - 0x00007ffce9727000 	C:\Users\ASUS\.gradle\native\e1d6ef7f7dcc3fd88c89a11ec53ec762bb8ba0a96d01ffa2cd45eb1d1d8dd5c5\windows-amd64\native-platform.dll
0x00007ffcf2a10000 - 0x00007ffcf2b54000 	C:\Users\ASUS\.gradle\native\0d407fdbe67a94daf76414ababcb853783967236a71b16ec16e742cd7a986fd3\windows-amd64\native-platform-file-events.dll
0x00007ffd668b0000 - 0x00007ffd668ba000 	C:\Program Files\Java\jdk-17\bin\management.dll
0x00007ffd5ea00000 - 0x00007ffd5ea0b000 	C:\Program Files\Java\jdk-17\bin\management_ext.dll
0x00007ffd90370000 - 0x00007ffd9038b000 	C:\WINDOWS\SYSTEM32\CRYPTSP.dll
0x00007ffd8f910000 - 0x00007ffd8f949000 	C:\WINDOWS\system32\rsaenh.dll
0x00007ffd90000000 - 0x00007ffd90034000 	C:\WINDOWS\SYSTEM32\USERENV.dll
0x00007ffd90c10000 - 0x00007ffd90c3a000 	C:\WINDOWS\SYSTEM32\bcrypt.dll
0x00007ffd901b0000 - 0x00007ffd901bc000 	C:\WINDOWS\SYSTEM32\CRYPTBASE.dll
0x00007ffd8f3b0000 - 0x00007ffd8f3e3000 	C:\WINDOWS\SYSTEM32\IPHLPAPI.DLL
0x00007ffd91f30000 - 0x00007ffd91f3a000 	C:\WINDOWS\System32\NSI.dll
0x00007ffd8b000000 - 0x00007ffd8b01d000 	C:\WINDOWS\SYSTEM32\dhcpcsvc6.DLL
0x00007ffd8afd0000 - 0x00007ffd8aff5000 	C:\WINDOWS\SYSTEM32\dhcpcsvc.DLL
0x00007ffd8f450000 - 0x00007ffd8f5a8000 	C:\WINDOWS\SYSTEM32\DNSAPI.dll
0x00007ffd8fd70000 - 0x00007ffd8fd7d000 	C:\WINDOWS\SYSTEM32\DSPARSE.dll
0x00007ffd551b0000 - 0x00007ffd551be000 	C:\Program Files\Java\jdk-17\bin\sunmscapi.dll
0x00007ffd911b0000 - 0x00007ffd9132e000 	C:\WINDOWS\System32\CRYPT32.dll
0x00007ffd904e0000 - 0x00007ffd90510000 	C:\WINDOWS\SYSTEM32\ncrypt.dll
0x00007ffd90490000 - 0x00007ffd904cf000 	C:\WINDOWS\SYSTEM32\NTASN1.dll
0x00007ffd777e0000 - 0x00007ffd777e8000 	C:\WINDOWS\system32\wshunix.dll

dbghelp: loaded successfully - version: 4.0.5 - missing functions: none
symbol engine: initialized successfully - sym options: 0x614 - pdb path: .;C:\Program Files\Java\jdk-17\bin;C:\WINDOWS\SYSTEM32;C:\WINDOWS\WinSxS\amd64_microsoft.windows.common-controls_6595b64144ccf1df_6.0.26100.9278_none_3e0d1ba8e3303201;C:\Program Files\Java\jdk-17\bin\server;C:\Users\ASUS\.gradle\native\e1d6ef7f7dcc3fd88c89a11ec53ec762bb8ba0a96d01ffa2cd45eb1d1d8dd5c5\windows-amd64;C:\Users\ASUS\.gradle\native\0d407fdbe67a94daf76414ababcb853783967236a71b16ec16e742cd7a986fd3\windows-amd64

VM Arguments:
jvm_args: --add-opens=java.base/java.util=ALL-UNNAMED --add-opens=java.base/java.lang=ALL-UNNAMED --add-opens=java.base/java.lang.invoke=ALL-UNNAMED --add-opens=java.base/java.util=ALL-UNNAMED --add-opens=java.prefs/java.util.prefs=ALL-UNNAMED --add-opens=java.prefs/java.util.prefs=ALL-UNNAMED --add-opens=java.base/java.nio.charset=ALL-UNNAMED --add-opens=java.base/java.net=ALL-UNNAMED --add-opens=java.base/java.util.concurrent.atomic=ALL-UNNAMED -Xmx2048m -Dfile.encoding=UTF-8 -Duser.country=US -Duser.language=en -Duser.variant 
java_command: org.gradle.launcher.daemon.bootstrap.GradleDaemon 7.4
java_class_path (initial): C:\Users\ASUS\.gradle\wrapper\dists\gradle-7.4-bin\c0gwcg53nkjbqw7r0h0umtfvt\gradle-7.4\lib\gradle-launcher-7.4.jar
Launcher Type: SUN_STANDARD

[Global flags]
     intx CICompilerCount                          = 12                                        {product} {ergonomic}
     uint ConcGCThreads                            = 3                                         {product} {ergonomic}
     uint G1ConcRefinementThreads                  = 13                                        {product} {ergonomic}
   size_t G1HeapRegionSize                         = 1048576                                   {product} {ergonomic}
    uintx GCDrainStackTargetSize                   = 64                                        {product} {ergonomic}
   size_t InitialHeapSize                          = 266338304                                 {product} {ergonomic}
   size_t MarkStackSize                            = 4194304                                   {product} {ergonomic}
   size_t MaxHeapSize                              = 2147483648                                {product} {command line}
   size_t MaxNewSize                               = 1287651328                                {product} {ergonomic}
   size_t MinHeapDeltaBytes                        = 1048576                                   {product} {ergonomic}
   size_t MinHeapSize                              = 8388608                                   {product} {ergonomic}
    uintx NonNMethodCodeHeapSize                   = 7602480                                {pd product} {ergonomic}
    uintx NonProfiledCodeHeapSize                  = 122027880                              {pd product} {ergonomic}
    uintx ProfiledCodeHeapSize                     = 122027880                              {pd product} {ergonomic}
    uintx ReservedCodeCacheSize                    = 251658240                              {pd product} {ergonomic}
     bool SegmentedCodeCache                       = true                                      {product} {ergonomic}
   size_t SoftMaxHeapSize                          = 2147483648                             {manageable} {ergonomic}
     bool UseCompressedClassPointers               = true                           {product lp64_product} {ergonomic}
     bool UseCompressedOops                        = true                           {product lp64_product} {ergonomic}
     bool UseG1GC                                  = true                                      {product} {ergonomic}
     bool UseLargePagesIndividualAllocation        = false                                  {pd product} {ergonomic}

Logging:
Log output configuration:
 #0: stdout all=warning uptime,level,tags
 #1: stderr all=off uptime,level,tags

Environment Variables:
PATH=C:\Program Files\NVIDIA GPU Computing Toolkit\CUDA\v12.6\bin;C:\Program Files\NVIDIA GPU Computing Toolkit\CUDA\v12.6\libnvvp;C:\Program Files\NVIDIA GPU Computing Toolkit\CUDA\v13.3\bin\x64;C:\Program Files\NVIDIA GPU Computing Toolkit\CUDA\v13.3\bin;c:\Users\ASUS\AppData\Local\Programs\cursor\resources\app\bin;C:\Program Files\Common Files\Oracle\Java\javapath;C:\WINDOWS\system32;C:\WINDOWS;C:\WINDOWS\System32\Wbem;C:\WINDOWS\System32\WindowsPowerShell\v1.0\;C:\WINDOWS\System32\OpenSSH\;C:\Program Files (x86)\NVIDIA Corporation\PhysX\Common;C:\Program Files\dotnet\;C:\Program Files\Java\jdk-17\bin;C:\Program Files\nodejs\;C:\Program Files\PostgreSQL\17\bin;C:\Program Files\Git\cmd;C:\Users\ASUS\AppData\Local\Programs\Python\Launcher\;C:\Users\ASUS\scoop\shims;C:\Users\ASUS\AppData\Local\Microsoft\WindowsApps;C:\Users\ASUS\AppData\Roaming\npm;C:\Users\ASUS\AppData\Local\Programs\Python\Python313;C:\Users\ASUS\AppData\Local\Programs\Python\Python313\Scripts;C:\Users\ASUS\AppData\Local\Programs\cursor\resources\app\bin;c:\Users\ASUS\AppData\Local\Programs\cursor\resources\app\bin;C:\Program Files\Git\cmd;C:\Program Files\NVIDIA Corporation\NVIDIA App\NvDLISR;C:\Program Files (x86)\BaseX\bin;C:\Program Files\Apache\apache-maven-3.9.12\bin;C:\Program Files\Docker\Docker\resources\bin;C:\tools\rtk-x86_64-pc-windows-msvc;C:\Program Files\NVIDIA Corporation\Nsight Compute 2024.3.0\;C:\Program Files\NVIDIA GPU Computing Toolkit\CUDA\v12.6\bin;C:\Program Files\NVIDIA GPU Computing Toolkit\CUDA\v12.6\libnvvp;C:\Program Files\NVIDIA GPU Computing Toolkit\CUDA\v13.3\bin\x64;C:\Program Files\NVIDIA GPU Computing Toolkit\CUDA\v13.3\bin;c:\Users\ASUS\AppData\Local\Programs\cursor\resources\app\bin;C:\Program Files\Common Files\Oracle\Java\javapath;C:\WINDOWS\system32;C:\WINDOWS;C:\WINDOWS\System32\Wbem;C:\WINDOWS\System32\WindowsPowerShell\v1.0\;C:\WINDOWS\System32\OpenSSH\;C:\Program Files (x86)\NVIDIA Corporation\PhysX\Common;C:\Program Files\dotnet\;C:\Program Files\Java\jdk
USERNAME=ASUS
OS=Windows_NT
PROCESSOR_IDENTIFIER=AMD64 Family 25 Model 68 Stepping 1, AuthenticAMD



---------------  S Y S T E M  ---------------

OS:
 Windows 11 , 64 bit Build 26100 (10.0.26100.9444)
OS uptime: 0 days 0:23 hours
Hyper-V role detected

CPU: total 16 (initial active 16) (16 cores per cpu, 2 threads per core) family 25 model 68 stepping 1 microcode 0xa404107, cx8, cmov, fxsr, ht, mmx, 3dnowpref, sse, sse2, sse3, ssse3, sse4a, sse4.1, sse4.2, popcnt, lzcnt, tsc, tscinvbit, avx, avx2, aes, erms, clmul, bmi1, bmi2, adx, sha, fma, vzeroupper, clflush, clflushopt, hv

Memory: 4k page, system-wide physical 16202M (1058M free)
TotalPageFile size 24489M (AvailPageFile size 252M)
current process WorkingSet (physical memory assigned to process): 536M, peak: 539M
current process commit charge ("private bytes"): 649M, peak: 1038M

vm_info: Java HotSpot(TM) 64-Bit Server VM (17.0.12+8-LTS-286) for windows-amd64 JRE (17.0.12+8-LTS-286), built on Jun  5 2024 06:46:59 by "mach5one" with MS VC++ 17.6 (VS2022)

END.
