#
# There is insufficient memory for the Java Runtime Environment to continue.
# Native memory allocation (mmap) failed to map 257949696 bytes for G1 virtual space
# Possible reasons:
#   The system is out of physical RAM or swap space
#   The process is running with CompressedOops enabled, and the Java Heap may be blocking the growth of the native heap
# Possible solutions:
#   Reduce memory load on the system
#   Increase physical memory or swap space
#   Check if swap backing store is full
#   Decrease Java heap size (-Xmx/-Xms)
#   Decrease number of Java threads
#   Decrease Java thread stack sizes (-Xss)
#   Set larger code cache with -XX:ReservedCodeCacheSize=
#   JVM is running with Unscaled Compressed Oops mode in which the Java heap is
#     placed in the first 4GB address space. The Java Heap base address is the
#     maximum limit for the native heap growth. Please use -XX:HeapBaseMinAddress
#     to set the Java Heap base and to place the Java Heap above 4GB virtual address.
# This output file may be truncated or incomplete.
#
#  Out of Memory Error (os_windows.cpp:3548), pid=6176, tid=34836
#
# JRE version: Java(TM) SE Runtime Environment (17.0.12+8) (build 17.0.12+8-LTS-286)
# Java VM: Java HotSpot(TM) 64-Bit Server VM (17.0.12+8-LTS-286, mixed mode, sharing, tiered, compressed oops, compressed class ptrs, g1 gc, windows-amd64)
# No core dump will be written. Minidumps are not enabled by default on client versions of Windows
#

---------------  S U M M A R Y ------------

Command Line: --add-opens=java.base/java.util=ALL-UNNAMED --add-opens=java.base/java.lang=ALL-UNNAMED --add-opens=java.base/java.lang.invoke=ALL-UNNAMED --add-opens=java.base/java.util=ALL-UNNAMED --add-opens=java.prefs/java.util.prefs=ALL-UNNAMED --add-opens=java.prefs/java.util.prefs=ALL-UNNAMED --add-opens=java.base/java.nio.charset=ALL-UNNAMED --add-opens=java.base/java.net=ALL-UNNAMED --add-opens=java.base/java.util.concurrent.atomic=ALL-UNNAMED -Xmx2048m -Dfile.encoding=UTF-8 -Duser.country=US -Duser.language=en -Duser.variant org.gradle.launcher.daemon.bootstrap.GradleDaemon 7.4

Host: AMD Ryzen 7 7435HS                             , 16 cores, 15G,  Windows 11 , 64 bit Build 26100 (10.0.26100.9444)
Time: Tue Sep 29 12:37:55 2026 Sri Lanka Standard Time elapsed time: 25.055433 seconds (0d 0h 0m 25s)

---------------  T H R E A D  ---------------

Current thread (0x00000173e7c05890):  VMThread "VM Thread" [stack: 0x0000006648e00000,0x0000006648f00000] [id=34836]

Stack: [0x0000006648e00000,0x0000006648f00000]
Native frames: (J=compiled Java code, j=interpreted, Vv=VM code, C=native code)
V  [jvm.dll+0x67a04a]
V  [jvm.dll+0x7da4ed]
V  [jvm.dll+0x7dbe33]
V  [jvm.dll+0x7dc4a3]
V  [jvm.dll+0x24508f]
V  [jvm.dll+0x677089]
V  [jvm.dll+0x66bd32]
V  [jvm.dll+0x301fa6]
V  [jvm.dll+0x309546]
V  [jvm.dll+0x359d2e]
V  [jvm.dll+0x359f5f]
V  [jvm.dll+0x2d9078]
V  [jvm.dll+0x2dc0e6]
V  [jvm.dll+0x2e67eb]
V  [jvm.dll+0x31a870]
V  [jvm.dll+0x7e0d9b]
V  [jvm.dll+0x7e1ad4]
V  [jvm.dll+0x7e1fed]
V  [jvm.dll+0x7e23c4]
V  [jvm.dll+0x7e2490]
V  [jvm.dll+0x78abea]
V  [jvm.dll+0x678f35]
C  [ucrtbase.dll+0x2cd30]
C  [KERNEL32.DLL+0x2cd87]
C  [ntdll.dll+0xacaec]

VM_Operation (0x0000006648aff6e0): G1Concurrent, mode: safepoint, requested by thread 0x00000173c6ef6e60


---------------  P R O C E S S  ---------------

Threads class SMR info:
_java_thread_list=0x00000173f404af70, length=275, elements={
0x00000173c6e8a150, 0x00000173ec044020, 0x00000173ec046510, 0x00000173e7c0d2c0,
0x00000173e7c0d7a0, 0x00000173e7c0dc80, 0x00000173e7c0e160, 0x00000173e7c0e970,
0x00000173ec05c160, 0x00000173ec061b90, 0x00000173ec18c590, 0x00000173ec1abd80,
0x00000173ec1b3690, 0x00000173ed0c2450, 0x00000173ed0c2970, 0x00000173ee5ddeb0,
0x00000173edd2c850, 0x00000173ee596b80, 0x00000173ed5c3f30, 0x00000173ede494b0,
0x00000173edce9b60, 0x00000173edce8210, 0x00000173edce8720, 0x00000173edcea070,
0x00000173edceb9c0, 0x00000173edceafa0, 0x00000173edceaa90, 0x00000173edceb4b0,
0x00000173edce8c30, 0x00000173edce9140, 0x00000173edce9650, 0x00000173ee1e8600,
0x00000173ee1e8b10, 0x00000173ee1ea970, 0x00000173ee1eb8a0, 0x00000173ee1e9020,
0x00000173ee1e9530, 0x00000173ee1e80f0, 0x00000173ee1ea460, 0x00000173ee1eae80,
0x00000173ee1eb390, 0x00000173ee1ebdb0, 0x00000173ee1e9a40, 0x00000173ee1ee120,
0x00000173ee1ee630, 0x00000173ee1eeb40, 0x00000173ee1ef050, 0x00000173ee1edc10,
0x00000173ee1ed700, 0x00000173ee1ef560, 0x00000173ee1efa70, 0x00000173ee1ec2c0,
0x00000173ee1ec7d0, 0x00000173ee1ecce0, 0x00000173f283abf0, 0x00000173f2838370,
0x00000173f2839cc0, 0x00000173f283b610, 0x00000173f2838d90, 0x00000173f28397b0,
0x00000173f2837e60, 0x00000173f283b100, 0x00000173f28392a0, 0x00000173f2838880,
0x00000173f283a1d0, 0x00000173f283a6e0, 0x00000173ec604bb0, 0x00000173ec601e20,
0x00000173ec603770, 0x00000173ec6046a0, 0x00000173ec601400, 0x00000173ec602840,
0x00000173ec6050c0, 0x00000173ec602d50, 0x00000173ec601910, 0x00000173ec603260,
0x00000173ec602330, 0x00000173ec6055d0, 0x00000173ec605ae0, 0x00000173ec605ff0,
0x00000173ec606500, 0x00000173ec606a10, 0x00000173ec603c80, 0x00000173ec606f20,
0x00000173ec607430, 0x00000173ec607940, 0x00000173ec604190, 0x00000173ec607e50,
0x00000173ec608360, 0x00000173ec608870, 0x00000173ec608d80, 0x00000173ec63d2f0,
0x00000173ec63af80, 0x00000173ec63aa70, 0x00000173ec63a560, 0x00000173ec63b490,
0x00000173ec63b9a0, 0x00000173ec63beb0, 0x00000173ec63c3c0, 0x00000173ec63c8d0,
0x00000173ec63d800, 0x00000173ec63a050, 0x00000173ec63ec40, 0x00000173ec63e220,
0x00000173ec63cde0, 0x00000173ec63e730, 0x00000173ec640080, 0x00000173ec640fb0,
0x00000173ec640aa0, 0x00000173ec63dd10, 0x00000173ec6414c0, 0x00000173ec640590,
0x00000173ec6419d0, 0x00000173ec63f150, 0x00000173ec63f660, 0x00000173ec63fb70,
0x00000173ee31d9f0, 0x00000173ee31d4e0, 0x00000173ee31f340, 0x00000173ee31f850,
0x00000173ee31fd60, 0x00000173ee31e920, 0x00000173ee31ee30, 0x00000173ee3211a0,
0x00000173ee31e410, 0x00000173ee320270, 0x00000173ee320780, 0x00000173ee3216b0,
0x00000173ee320c90, 0x00000173ee31df00, 0x00000173ee322af0, 0x00000173ee324440,
0x00000173ee323000, 0x00000173ee324950, 0x00000173ee324e60, 0x00000173ee323510,
0x00000173ee321bc0, 0x00000173ee3220d0, 0x00000173ee323a20, 0x00000173ee3225e0,
0x00000173ee323f30, 0x00000173efcfaa70, 0x00000173efcf9120, 0x00000173efcfaf80,
0x00000173efcf9b40, 0x00000173efcf81f0, 0x00000173efcf9630, 0x00000173efcfa050,
0x00000173efcfa560, 0x00000173efcfb490, 0x00000173efcfbeb0, 0x00000173efcfb9a0,
0x00000173efcf8700, 0x00000173efcfc3c0, 0x00000173efcf8c10, 0x00000173efcfc8d0,
0x00000173efcfd800, 0x00000173efcfd2f0, 0x00000173efcfdd10, 0x00000173efcfec40,
0x00000173efcff150, 0x00000173efcfcde0, 0x00000173efcff660, 0x00000173efcffb70,
0x00000173efcfe730, 0x00000173efcfe220, 0x00000173ef60c020, 0x00000173ef60ca40,
0x00000173ef60e390, 0x00000173ef60e8a0, 0x00000173ef60d460, 0x00000173ef60d970,
0x00000173ef60c530, 0x00000173ef60b600, 0x00000173ef60de80, 0x00000173ef60b0f0,
0x00000173ef60edb0, 0x00000173ef60cf50, 0x00000173ef60f2c0, 0x00000173ef60bb10,
0x00000173ef6101f0, 0x00000173ef610c10, 0x00000173ef611120, 0x00000173ef611630,
0x00000173ef612050, 0x00000173ef60f7d0, 0x00000173ef60fce0, 0x00000173ef611b40,
0x00000173ef610700, 0x00000173ef612560, 0x00000173ef612a70, 0x00000173f1275eb0,
0x00000173f1279150, 0x00000173f1277800, 0x00000173f1278730, 0x00000173f1279b70,
0x00000173f1277d10, 0x00000173f1278c40, 0x00000173f1279660, 0x00000173f12763c0,
0x00000173f127a080, 0x00000173f12768d0, 0x00000173f1276de0, 0x00000173f127ce10,
0x00000173f127afb0, 0x00000173f127d320, 0x00000173f127b9d0, 0x00000173f127d830,
0x00000173f464e3b0, 0x00000173ef596c30, 0x00000173ef5941b0, 0x00000173ef596190,
0x00000173ef597180, 0x00000173ef598170, 0x00000173ef598c10, 0x00000173ef5956f0,
0x00000173f464e8c0, 0x00000173f464d990, 0x00000173f464edd0, 0x00000173f464dea0,
0x00000173f464f7f0, 0x00000173f4650210, 0x00000173f464ca60, 0x00000173f4652fa0,
0x00000173f464fd00, 0x00000173f4652070, 0x00000173f4650c30, 0x00000173f4652a90,
0x00000173f4651b60, 0x00000173f46539c0, 0x00000173efff68e0, 0x00000173efff5ec0,
0x00000173efff7300, 0x00000173efff59b0, 0x00000173efff63d0, 0x00000173f46534b0,
0x00000173efff4fb0, 0x00000173f56cc480, 0x00000173ef4d0530, 0x00000173ef4d0a40,
0x00000173ef4d0020, 0x00000173f4402cb0, 0x00000173f4405530, 0x00000173f56cab30,
0x00000173f56cba60, 0x00000173efff4aa0, 0x00000173f605ae30, 0x00000173f63e89b0,
0x00000173f605b850, 0x00000173f605b340, 0x00000173f3472480, 0x00000173f3471f70,
0x00000173f1aa6ea0, 0x00000173f5c343b0, 0x00000173f4ac9160, 0x00000173f4404b10,
0x00000173f4e9e830, 0x00000173f44031c0, 0x00000173f44036d0, 0x00000173f07e38c0,
0x00000173f4ea0ba0, 0x00000173f2afe890, 0x00000173f4ea10b0, 0x00000173f6433780,
0x00000173fb523540, 0x00000173f38f3470, 0x00000173f4405020, 0x00000173f56cb040,
0x00000173f2ede290, 0x00000173fb524470, 0x00000173fb524e90, 0x00000173f4bfc4d0,
0x00000173fb524980, 0x00000173f2edd870, 0x00000173f38f52d0
}
_to_delete_list=0x00000173f502f2f0, length=273, elements={
0x00000173c6e8a150, 0x00000173ec044020, 0x00000173ec046510, 0x00000173e7c0d2c0,
0x00000173e7c0d7a0, 0x00000173e7c0dc80, 0x00000173e7c0e160, 0x00000173e7c0e970,
0x00000173ec05c160, 0x00000173ec061b90, 0x00000173ec18c590, 0x00000173ec1abd80,
0x00000173ec1b3690, 0x00000173ed0c2450, 0x00000173ed0c2970, 0x00000173ee5ddeb0,
0x00000173edd2c850, 0x00000173ee596b80, 0x00000173ed5c3f30, 0x00000173ede494b0,
0x00000173edce9b60, 0x00000173edce8210, 0x00000173edce8720, 0x00000173edcea070,
0x00000173edceb9c0, 0x00000173edceafa0, 0x00000173edceaa90, 0x00000173edceb4b0,
0x00000173edce8c30, 0x00000173edce9140, 0x00000173edce9650, 0x00000173ee1e8600,
0x00000173ee1e8b10, 0x00000173ee1ea970, 0x00000173ee1eb8a0, 0x00000173ee1e9020,
0x00000173ee1e9530, 0x00000173ee1e80f0, 0x00000173ee1ea460, 0x00000173ee1eae80,
0x00000173ee1eb390, 0x00000173ee1ebdb0, 0x00000173ee1e9a40, 0x00000173ee1ee120,
0x00000173ee1ee630, 0x00000173ee1eeb40, 0x00000173ee1ef050, 0x00000173ee1edc10,
0x00000173ee1ed700, 0x00000173ee1ef560, 0x00000173ee1efa70, 0x00000173ee1ec2c0,
0x00000173ee1ec7d0, 0x00000173ee1ecce0, 0x00000173f283abf0, 0x00000173f2838370,
0x00000173f2839cc0, 0x00000173f283b610, 0x00000173f2838d90, 0x00000173f28397b0,
0x00000173f2837e60, 0x00000173f283b100, 0x00000173f28392a0, 0x00000173f2838880,
0x00000173f283a1d0, 0x00000173f283a6e0, 0x00000173ec604bb0, 0x00000173ec601e20,
0x00000173ec603770, 0x00000173ec6046a0, 0x00000173ec601400, 0x00000173ec602840,
0x00000173ec6050c0, 0x00000173ec602d50, 0x00000173ec601910, 0x00000173ec603260,
0x00000173ec602330, 0x00000173ec6055d0, 0x00000173ec605ae0, 0x00000173ec605ff0,
0x00000173ec606500, 0x00000173ec606a10, 0x00000173ec603c80, 0x00000173ec606f20,
0x00000173ec607430, 0x00000173ec607940, 0x00000173ec604190, 0x00000173ec607e50,
0x00000173ec608360, 0x00000173ec608870, 0x00000173ec608d80, 0x00000173ec63d2f0,
0x00000173ec63af80, 0x00000173ec63aa70, 0x00000173ec63a560, 0x00000173ec63b490,
0x00000173ec63b9a0, 0x00000173ec63beb0, 0x00000173ec63c3c0, 0x00000173ec63c8d0,
0x00000173ec63d800, 0x00000173ec63a050, 0x00000173ec63ec40, 0x00000173ec63e220,
0x00000173ec63cde0, 0x00000173ec63e730, 0x00000173ec640080, 0x00000173ec640fb0,
0x00000173ec640aa0, 0x00000173ec63dd10, 0x00000173ec6414c0, 0x00000173ec640590,
0x00000173ec6419d0, 0x00000173ec63f150, 0x00000173ec63f660, 0x00000173ec63fb70,
0x00000173ee31d9f0, 0x00000173ee31d4e0, 0x00000173ee31f340, 0x00000173ee31f850,
0x00000173ee31fd60, 0x00000173ee31e920, 0x00000173ee31ee30, 0x00000173ee3211a0,
0x00000173ee31e410, 0x00000173ee320270, 0x00000173ee320780, 0x00000173ee3216b0,
0x00000173ee320c90, 0x00000173ee31df00, 0x00000173ee322af0, 0x00000173ee324440,
0x00000173ee323000, 0x00000173ee324950, 0x00000173ee324e60, 0x00000173ee323510,
0x00000173ee321bc0, 0x00000173ee3220d0, 0x00000173ee323a20, 0x00000173ee3225e0,
0x00000173ee323f30, 0x00000173efcfaa70, 0x00000173efcf9120, 0x00000173efcfaf80,
0x00000173efcf9b40, 0x00000173efcf81f0, 0x00000173efcf9630, 0x00000173efcfa050,
0x00000173efcfa560, 0x00000173efcfb490, 0x00000173efcfbeb0, 0x00000173efcfb9a0,
0x00000173efcf8700, 0x00000173efcfc3c0, 0x00000173efcf8c10, 0x00000173efcfc8d0,
0x00000173efcfd800, 0x00000173efcfd2f0, 0x00000173efcfdd10, 0x00000173efcfec40,
0x00000173efcff150, 0x00000173efcfcde0, 0x00000173efcff660, 0x00000173efcffb70,
0x00000173efcfe730, 0x00000173efcfe220, 0x00000173ef60c020, 0x00000173ef60ca40,
0x00000173ef60e390, 0x00000173ef60e8a0, 0x00000173ef60d460, 0x00000173ef60d970,
0x00000173ef60c530, 0x00000173ef60b600, 0x00000173ef60de80, 0x00000173ef60b0f0,
0x00000173ef60edb0, 0x00000173ef60cf50, 0x00000173ef60f2c0, 0x00000173ef60bb10,
0x00000173ef6101f0, 0x00000173ef610c10, 0x00000173ef611120, 0x00000173ef611630,
0x00000173ef612050, 0x00000173ef60f7d0, 0x00000173ef60fce0, 0x00000173ef611b40,
0x00000173ef610700, 0x00000173ef612560, 0x00000173ef612a70, 0x00000173f1275eb0,
0x00000173f1279150, 0x00000173f1277800, 0x00000173f1278730, 0x00000173f1279b70,
0x00000173f1277d10, 0x00000173f1278c40, 0x00000173f1279660, 0x00000173f12763c0,
0x00000173f127a080, 0x00000173f12768d0, 0x00000173f1276de0, 0x00000173f127ce10,
0x00000173f127afb0, 0x00000173f127d320, 0x00000173f127b9d0, 0x00000173f127d830,
0x00000173f464e3b0, 0x00000173ef596c30, 0x00000173ef5941b0, 0x00000173ef596190,
0x00000173ef597180, 0x00000173ef598170, 0x00000173ef598c10, 0x00000173ef5956f0,
0x00000173f464e8c0, 0x00000173f464d990, 0x00000173f464edd0, 0x00000173f464dea0,
0x00000173f464f7f0, 0x00000173f4650210, 0x00000173f464ca60, 0x00000173f4652fa0,
0x00000173f464fd00, 0x00000173f4652070, 0x00000173f4650c30, 0x00000173f4652a90,
0x00000173f4651b60, 0x00000173f46539c0, 0x00000173efff68e0, 0x00000173efff5ec0,
0x00000173efff7300, 0x00000173efff59b0, 0x00000173efff63d0, 0x00000173f46534b0,
0x00000173efff4fb0, 0x00000173f56cc480, 0x00000173ef4d0530, 0x00000173ef4d0a40,
0x00000173ef4d0020, 0x00000173f4402cb0, 0x00000173f4405530, 0x00000173f56cab30,
0x00000173f56cba60, 0x00000173efff4aa0, 0x00000173f605ae30, 0x00000173f63e89b0,
0x00000173f605b850, 0x00000173f605b340, 0x00000173f3472480, 0x00000173f3471f70,
0x00000173f1aa6ea0, 0x00000173f5c343b0, 0x00000173f4ac9160, 0x00000173f4404b10,
0x00000173f4e9e830, 0x00000173f44031c0, 0x00000173f44036d0, 0x00000173f07e38c0,
0x00000173f4ea0ba0, 0x00000173f2afe890, 0x00000173f4ea10b0, 0x00000173f6433780,
0x00000173fb523540, 0x00000173f38f3470, 0x00000173f4405020, 0x00000173f56cb040,
0x00000173f2ede290, 0x00000173fb524470, 0x00000173fb524e90, 0x00000173f4bfc4d0,
0x00000173fb524980
}

Java Threads: ( => current thread )
  0x00000173c6e8a150 JavaThread "main" [_thread_blocked, id=25700, stack(0x0000006648800000,0x0000006648900000)]
  0x00000173ec044020 JavaThread "Reference Handler" daemon [_thread_blocked, id=28060, stack(0x0000006648f00000,0x0000006649000000)]
  0x00000173ec046510 JavaThread "Finalizer" daemon [_thread_blocked, id=29104, stack(0x0000006649000000,0x0000006649100000)]
  0x00000173e7c0d2c0 JavaThread "Signal Dispatcher" daemon [_thread_blocked, id=30588, stack(0x0000006649100000,0x0000006649200000)]
  0x00000173e7c0d7a0 JavaThread "Attach Listener" daemon [_thread_blocked, id=20716, stack(0x0000006649200000,0x0000006649300000)]
  0x00000173e7c0dc80 JavaThread "Service Thread" daemon [_thread_blocked, id=28372, stack(0x0000006649300000,0x0000006649400000)]
  0x00000173e7c0e160 JavaThread "Monitor Deflation Thread" daemon [_thread_blocked, id=26404, stack(0x0000006649400000,0x0000006649500000)]
  0x00000173e7c0e970 JavaThread "C2 CompilerThread0" daemon [_thread_blocked, id=5376, stack(0x0000006649500000,0x0000006649600000)]
  0x00000173ec05c160 JavaThread "C1 CompilerThread0" daemon [_thread_blocked, id=35724, stack(0x0000006649600000,0x0000006649700000)]
  0x00000173ec061b90 JavaThread "Sweeper thread" daemon [_thread_blocked, id=32404, stack(0x0000006649700000,0x0000006649800000)]
  0x00000173ec18c590 JavaThread "C1 CompilerThread1" daemon [_thread_blocked, id=6788, stack(0x0000006649800000,0x0000006649900000)]
  0x00000173ec1abd80 JavaThread "Common-Cleaner" daemon [_thread_blocked, id=32412, stack(0x0000006649900000,0x0000006649a00000)]
  0x00000173ec1b3690 JavaThread "Notification Thread" daemon [_thread_blocked, id=17896, stack(0x0000006649a00000,0x0000006649b00000)]
  0x00000173ed0c2450 JavaThread "C1 CompilerThread2" daemon [_thread_blocked, id=3396, stack(0x0000006649f00000,0x000000664a000000)]
  0x00000173ed0c2970 JavaThread "C1 CompilerThread3" daemon [_thread_blocked, id=36028, stack(0x000000664a000000,0x000000664a100000)]
  0x00000173ee5ddeb0 JavaThread "Daemon health stats" [_thread_blocked, id=27252, stack(0x0000006649e00000,0x0000006649f00000)]
  0x00000173edd2c850 JavaThread "Incoming local TCP Connector on port 60084" [_thread_in_native, id=17792, stack(0x000000664a600000,0x000000664a700000)]
  0x00000173ee596b80 JavaThread "Daemon periodic checks" [_thread_blocked, id=3240, stack(0x000000664a700000,0x000000664a800000)]
  0x00000173ed5c3f30 JavaThread "Daemon" [_thread_blocked, id=32160, stack(0x000000664a800000,0x000000664a900000)]
  0x00000173ede494b0 JavaThread "Handler for socket connection from /127.0.0.1:60084 to /127.0.0.1:60085" [_thread_in_native, id=33544, stack(0x000000664a900000,0x000000664aa00000)]
  0x00000173edce9b60 JavaThread "Cancel handler" [_thread_blocked, id=7580, stack(0x000000664aa00000,0x000000664ab00000)]
  0x00000173edce8210 JavaThread "Daemon worker" [_thread_blocked, id=9344, stack(0x000000664ab00000,0x000000664ac00000)]
  0x00000173edce8720 JavaThread "Asynchronous log dispatcher for DefaultDaemonConnection: socket connection from /127.0.0.1:60084 to /127.0.0.1:60085" [_thread_blocked, id=13540, stack(0x000000664ac00000,0x000000664ad00000)]
  0x00000173edcea070 JavaThread "Stdin handler" [_thread_blocked, id=27748, stack(0x000000664ad00000,0x000000664ae00000)]
  0x00000173edceb9c0 JavaThread "Daemon client event forwarder" [_thread_blocked, id=15424, stack(0x000000664ae00000,0x000000664af00000)]
  0x00000173edceafa0 JavaThread "Cache worker for journal cache (C:\Users\ASUS\.gradle\caches\journal-1)" [_thread_blocked, id=34924, stack(0x000000664af00000,0x000000664b000000)]
  0x00000173edceaa90 JavaThread "File lock request listener" [_thread_in_native, id=36164, stack(0x000000664b000000,0x000000664b100000)]
  0x00000173edceb4b0 JavaThread "Cache worker for file hash cache (C:\Users\ASUS\.gradle\caches\7.4\fileHashes)" [_thread_blocked, id=14920, stack(0x000000664b100000,0x000000664b200000)]
  0x00000173edce8c30 JavaThread "File watcher server" daemon [_thread_blocked, id=3720, stack(0x000000664b200000,0x000000664b300000)]
  0x00000173edce9140 JavaThread "File watcher consumer" daemon [_thread_blocked, id=28792, stack(0x000000664b300000,0x000000664b400000)]
  0x00000173edce9650 JavaThread "Cache worker for checksums cache (D:\OneDrive - University of Westminster\Documents\GitHub\ViMusic\.gradle\7.4\checksums)" [_thread_blocked, id=33280, stack(0x000000664b400000,0x000000664b500000)]
  0x00000173ee1e8600 JavaThread "Cache worker for cache directory md-rule (C:\Users\ASUS\.gradle\caches\7.4\md-rule)" [_thread_blocked, id=26236, stack(0x000000664b500000,0x000000664b600000)]
  0x00000173ee1e8b10 JavaThread "Cache worker for file hash cache (D:\OneDrive - University of Westminster\Documents\GitHub\ViMusic\.gradle\7.4\fileHashes)" [_thread_blocked, id=35296, stack(0x000000664b600000,0x000000664b700000)]
  0x00000173ee1ea970 JavaThread "Cache worker for cache directory md-supplier (C:\Users\ASUS\.gradle\caches\7.4\md-supplier)" [_thread_blocked, id=26648, stack(0x000000664b700000,0x000000664b800000)]
  0x00000173ee1eb8a0 JavaThread "Cache worker for execution history cache (C:\Users\ASUS\.gradle\caches\7.4\executionHistory)" [_thread_blocked, id=35432, stack(0x000000664c100000,0x000000664c200000)]
  0x00000173ee1e9020 JavaThread "jar transforms" [_thread_blocked, id=33888, stack(0x0000006649c00000,0x0000006649d00000)]
  0x00000173ee1e9530 JavaThread "jar transforms Thread 2" [_thread_blocked, id=30788, stack(0x0000006649d00000,0x0000006649e00000)]
  0x00000173ee1e80f0 JavaThread "Cache worker for file content cache (C:\Users\ASUS\.gradle\caches\7.4\fileContent)" [_thread_blocked, id=19640, stack(0x000000664c500000,0x000000664c600000)]
  0x00000173ee1ea460 JavaThread "jar transforms Thread 3" [_thread_blocked, id=17240, stack(0x000000664c600000,0x000000664c700000)]
  0x00000173ee1eae80 JavaThread "jar transforms Thread 4" [_thread_blocked, id=28112, stack(0x000000664c700000,0x000000664c800000)]
  0x00000173ee1eb390 JavaThread "jar transforms Thread 5" [_thread_blocked, id=15744, stack(0x000000664c800000,0x000000664c900000)]
  0x00000173ee1ebdb0 JavaThread "jar transforms Thread 6" [_thread_blocked, id=24400, stack(0x000000664c900000,0x000000664ca00000)]
  0x00000173ee1e9a40 JavaThread "jar transforms Thread 7" [_thread_blocked, id=1476, stack(0x000000664ca00000,0x000000664cb00000)]
  0x00000173ee1ee120 JavaThread "jar transforms Thread 8" [_thread_blocked, id=14984, stack(0x000000664cb00000,0x000000664cc00000)]
  0x00000173ee1ee630 JavaThread "jar transforms Thread 9" [_thread_blocked, id=18248, stack(0x000000664cc00000,0x000000664cd00000)]
  0x00000173ee1eeb40 JavaThread "jar transforms Thread 10" [_thread_blocked, id=17984, stack(0x000000664cd00000,0x000000664ce00000)]
  0x00000173ee1ef050 JavaThread "jar transforms Thread 11" [_thread_blocked, id=31708, stack(0x000000664ce00000,0x000000664cf00000)]
  0x00000173ee1edc10 JavaThread "jar transforms Thread 12" [_thread_blocked, id=29012, stack(0x000000664cf00000,0x000000664d000000)]
  0x00000173ee1ed700 JavaThread "jar transforms Thread 13" [_thread_blocked, id=16444, stack(0x000000664d000000,0x000000664d100000)]
  0x00000173ee1ef560 JavaThread "jar transforms Thread 14" [_thread_blocked, id=5288, stack(0x000000664d100000,0x000000664d200000)]
  0x00000173ee1efa70 JavaThread "jar transforms Thread 15" [_thread_blocked, id=18904, stack(0x000000664d200000,0x000000664d300000)]
  0x00000173ee1ec2c0 JavaThread "jar transforms Thread 16" [_thread_blocked, id=27120, stack(0x000000664d300000,0x000000664d400000)]
  0x00000173ee1ec7d0 JavaThread "Cache worker for kotlin-dsl (C:\Users\ASUS\.gradle\caches\7.4\kotlin-dsl)" [_thread_blocked, id=10072, stack(0x000000664d400000,0x000000664d500000)]
  0x00000173ee1ecce0 JavaThread "Cache worker for dependencies-accessors (D:\OneDrive - University of Westminster\Documents\GitHub\ViMusic\.gradle\7.4\dependencies-accessors)" [_thread_blocked, id=15696, stack(0x000000664d500000,0x000000664d600000)]
  0x00000173f283abf0 JavaThread "Cache worker for Build Output Cleanup Cache (D:\OneDrive - University of Westminster\Documents\GitHub\ViMusic\.gradle\buildOutputCleanup)" [_thread_blocked, id=7120, stack(0x000000664d600000,0x000000664d700000)]
  0x00000173f2838370 JavaThread "Unconstrained build operations" [_thread_blocked, id=35036, stack(0x000000664d700000,0x000000664d800000)]
  0x00000173f2839cc0 JavaThread "Unconstrained build operations Thread 2" [_thread_blocked, id=13024, stack(0x000000664d800000,0x000000664d900000)]
  0x00000173f283b610 JavaThread "Unconstrained build operations Thread 3" [_thread_blocked, id=8388, stack(0x000000664d900000,0x000000664da00000)]
  0x00000173f2838d90 JavaThread "Unconstrained build operations Thread 4" [_thread_blocked, id=35476, stack(0x000000664da00000,0x000000664db00000)]
  0x00000173f28397b0 JavaThread "Unconstrained build operations Thread 5" [_thread_blocked, id=9668, stack(0x000000664db00000,0x000000664dc00000)]
  0x00000173f2837e60 JavaThread "Unconstrained build operations Thread 6" [_thread_blocked, id=26144, stack(0x000000664dc00000,0x000000664dd00000)]
  0x00000173f283b100 JavaThread "Unconstrained build operations Thread 7" [_thread_blocked, id=9628, stack(0x000000664dd00000,0x000000664de00000)]
  0x00000173f28392a0 JavaThread "Unconstrained build operations Thread 8" [_thread_blocked, id=36320, stack(0x000000664de00000,0x000000664df00000)]
  0x00000173f2838880 JavaThread "Unconstrained build operations Thread 9" [_thread_blocked, id=23292, stack(0x000000664df00000,0x000000664e000000)]
  0x00000173f283a1d0 JavaThread "Unconstrained build operations Thread 10" [_thread_blocked, id=35904, stack(0x000000664e000000,0x000000664e100000)]
  0x00000173f283a6e0 JavaThread "Unconstrained build operations Thread 11" [_thread_blocked, id=34312, stack(0x000000664e100000,0x000000664e200000)]
  0x00000173ec604bb0 JavaThread "Unconstrained build operations Thread 12" [_thread_blocked, id=29740, stack(0x000000664e200000,0x000000664e300000)]
  0x00000173ec601e20 JavaThread "Unconstrained build operations Thread 13" [_thread_blocked, id=35928, stack(0x000000664e300000,0x000000664e400000)]
  0x00000173ec603770 JavaThread "Unconstrained build operations Thread 14" [_thread_blocked, id=15292, stack(0x000000664e400000,0x000000664e500000)]
  0x00000173ec6046a0 JavaThread "Unconstrained build operations Thread 15" [_thread_blocked, id=15184, stack(0x000000664e500000,0x000000664e600000)]
  0x00000173ec601400 JavaThread "Unconstrained build operations Thread 16" [_thread_blocked, id=23504, stack(0x000000664e600000,0x000000664e700000)]
  0x00000173ec602840 JavaThread "Unconstrained build operations Thread 17" [_thread_blocked, id=1332, stack(0x000000664e700000,0x000000664e800000)]
  0x00000173ec6050c0 JavaThread "Unconstrained build operations Thread 18" [_thread_blocked, id=30956, stack(0x000000664e800000,0x000000664e900000)]
  0x00000173ec602d50 JavaThread "Unconstrained build operations Thread 19" [_thread_blocked, id=26052, stack(0x000000664e900000,0x000000664ea00000)]
  0x00000173ec601910 JavaThread "Unconstrained build operations Thread 20" [_thread_blocked, id=5692, stack(0x000000664ea00000,0x000000664eb00000)]
  0x00000173ec603260 JavaThread "Unconstrained build operations Thread 21" [_thread_blocked, id=16816, stack(0x000000664eb00000,0x000000664ec00000)]
  0x00000173ec602330 JavaThread "Unconstrained build operations Thread 22" [_thread_blocked, id=12668, stack(0x000000664ec00000,0x000000664ed00000)]
  0x00000173ec6055d0 JavaThread "Unconstrained build operations Thread 23" [_thread_blocked, id=32860, stack(0x000000664ed00000,0x000000664ee00000)]
  0x00000173ec605ae0 JavaThread "Unconstrained build operations Thread 24" [_thread_blocked, id=26660, stack(0x000000664ee00000,0x000000664ef00000)]
  0x00000173ec605ff0 JavaThread "Unconstrained build operations Thread 25" [_thread_blocked, id=11668, stack(0x000000664ef00000,0x000000664f000000)]
  0x00000173ec606500 JavaThread "Unconstrained build operations Thread 26" [_thread_blocked, id=11996, stack(0x000000664f000000,0x000000664f100000)]
  0x00000173ec606a10 JavaThread "Unconstrained build operations Thread 27" [_thread_blocked, id=36484, stack(0x000000664f100000,0x000000664f200000)]
  0x00000173ec603c80 JavaThread "Unconstrained build operations Thread 28" [_thread_blocked, id=26488, stack(0x000000664f200000,0x000000664f300000)]
  0x00000173ec606f20 JavaThread "Unconstrained build operations Thread 29" [_thread_blocked, id=11864, stack(0x000000664f300000,0x000000664f400000)]
  0x00000173ec607430 JavaThread "Unconstrained build operations Thread 30" [_thread_blocked, id=22252, stack(0x000000664f400000,0x000000664f500000)]
  0x00000173ec607940 JavaThread "Unconstrained build operations Thread 31" [_thread_blocked, id=31404, stack(0x000000664f500000,0x000000664f600000)]
  0x00000173ec604190 JavaThread "Unconstrained build operations Thread 32" [_thread_blocked, id=19208, stack(0x000000664f600000,0x000000664f700000)]
  0x00000173ec607e50 JavaThread "Unconstrained build operations Thread 33" [_thread_blocked, id=17560, stack(0x000000664f700000,0x000000664f800000)]
  0x00000173ec608360 JavaThread "Unconstrained build operations Thread 34" [_thread_blocked, id=15196, stack(0x000000664f800000,0x000000664f900000)]
  0x00000173ec608870 JavaThread "Unconstrained build operations Thread 35" [_thread_blocked, id=6936, stack(0x000000664f900000,0x000000664fa00000)]
  0x00000173ec608d80 JavaThread "Unconstrained build operations Thread 36" [_thread_blocked, id=34208, stack(0x000000664fa00000,0x000000664fb00000)]
  0x00000173ec63d2f0 JavaThread "Unconstrained build operations Thread 37" [_thread_blocked, id=28900, stack(0x000000664fb00000,0x000000664fc00000)]
  0x00000173ec63af80 JavaThread "Unconstrained build operations Thread 38" [_thread_blocked, id=34576, stack(0x000000664fc00000,0x000000664fd00000)]
  0x00000173ec63aa70 JavaThread "Unconstrained build operations Thread 39" [_thread_blocked, id=5364, stack(0x000000664fd00000,0x000000664fe00000)]
  0x00000173ec63a560 JavaThread "Unconstrained build operations Thread 40" [_thread_blocked, id=2436, stack(0x000000664fe00000,0x000000664ff00000)]
  0x00000173ec63b490 JavaThread "Unconstrained build operations Thread 41" [_thread_blocked, id=25592, stack(0x000000664ff00000,0x0000006650000000)]
  0x00000173ec63b9a0 JavaThread "Unconstrained build operations Thread 42" [_thread_blocked, id=35028, stack(0x0000006650000000,0x0000006650100000)]
  0x00000173ec63beb0 JavaThread "Unconstrained build operations Thread 43" [_thread_blocked, id=28200, stack(0x0000006650100000,0x0000006650200000)]
  0x00000173ec63c3c0 JavaThread "Unconstrained build operations Thread 44" [_thread_blocked, id=15796, stack(0x0000006650200000,0x0000006650300000)]
  0x00000173ec63c8d0 JavaThread "Unconstrained build operations Thread 45" [_thread_blocked, id=10056, stack(0x0000006650300000,0x0000006650400000)]
  0x00000173ec63d800 JavaThread "Unconstrained build operations Thread 46" [_thread_blocked, id=25436, stack(0x0000006650400000,0x0000006650500000)]
  0x00000173ec63a050 JavaThread "Unconstrained build operations Thread 47" [_thread_blocked, id=15240, stack(0x0000006650500000,0x0000006650600000)]
  0x00000173ec63ec40 JavaThread "Unconstrained build operations Thread 48" [_thread_blocked, id=11972, stack(0x0000006650600000,0x0000006650700000)]
  0x00000173ec63e220 JavaThread "Unconstrained build operations Thread 49" [_thread_blocked, id=33072, stack(0x0000006650700000,0x0000006650800000)]
  0x00000173ec63cde0 JavaThread "Unconstrained build operations Thread 50" [_thread_blocked, id=15152, stack(0x0000006650800000,0x0000006650900000)]
  0x00000173ec63e730 JavaThread "Unconstrained build operations Thread 51" [_thread_blocked, id=15656, stack(0x0000006650900000,0x0000006650a00000)]
  0x00000173ec640080 JavaThread "Unconstrained build operations Thread 52" [_thread_blocked, id=11584, stack(0x0000006650a00000,0x0000006650b00000)]
  0x00000173ec640fb0 JavaThread "Unconstrained build operations Thread 53" [_thread_blocked, id=22936, stack(0x0000006650b00000,0x0000006650c00000)]
  0x00000173ec640aa0 JavaThread "Unconstrained build operations Thread 54" [_thread_blocked, id=23728, stack(0x0000006650c00000,0x0000006650d00000)]
  0x00000173ec63dd10 JavaThread "Unconstrained build operations Thread 55" [_thread_blocked, id=11532, stack(0x0000006650d00000,0x0000006650e00000)]
  0x00000173ec6414c0 JavaThread "Unconstrained build operations Thread 56" [_thread_blocked, id=34724, stack(0x0000006650e00000,0x0000006650f00000)]
  0x00000173ec640590 JavaThread "Unconstrained build operations Thread 57" [_thread_blocked, id=25736, stack(0x0000006650f00000,0x0000006651000000)]
  0x00000173ec6419d0 JavaThread "Unconstrained build operations Thread 58" [_thread_blocked, id=33196, stack(0x0000006651000000,0x0000006651100000)]
  0x00000173ec63f150 JavaThread "Unconstrained build operations Thread 59" [_thread_blocked, id=2524, stack(0x0000006651100000,0x0000006651200000)]
  0x00000173ec63f660 JavaThread "Unconstrained build operations Thread 60" [_thread_blocked, id=25784, stack(0x0000006651200000,0x0000006651300000)]
  0x00000173ec63fb70 JavaThread "Unconstrained build operations Thread 61" [_thread_blocked, id=7552, stack(0x0000006651300000,0x0000006651400000)]
  0x00000173ee31d9f0 JavaThread "Unconstrained build operations Thread 62" [_thread_blocked, id=5684, stack(0x0000006651400000,0x0000006651500000)]
  0x00000173ee31d4e0 JavaThread "Unconstrained build operations Thread 63" [_thread_blocked, id=7124, stack(0x0000006651500000,0x0000006651600000)]
  0x00000173ee31f340 JavaThread "Unconstrained build operations Thread 64" [_thread_blocked, id=21284, stack(0x0000006651600000,0x0000006651700000)]
  0x00000173ee31f850 JavaThread "Unconstrained build operations Thread 65" [_thread_blocked, id=7024, stack(0x0000006651700000,0x0000006651800000)]
  0x00000173ee31fd60 JavaThread "Unconstrained build operations Thread 66" [_thread_blocked, id=22484, stack(0x0000006651800000,0x0000006651900000)]
  0x00000173ee31e920 JavaThread "Unconstrained build operations Thread 67" [_thread_blocked, id=5128, stack(0x0000006651900000,0x0000006651a00000)]
  0x00000173ee31ee30 JavaThread "Unconstrained build operations Thread 68" [_thread_blocked, id=29600, stack(0x0000006651a00000,0x0000006651b00000)]
  0x00000173ee3211a0 JavaThread "Unconstrained build operations Thread 69" [_thread_blocked, id=29120, stack(0x0000006651b00000,0x0000006651c00000)]
  0x00000173ee31e410 JavaThread "Unconstrained build operations Thread 70" [_thread_blocked, id=7020, stack(0x0000006651c00000,0x0000006651d00000)]
  0x00000173ee320270 JavaThread "Unconstrained build operations Thread 71" [_thread_blocked, id=23964, stack(0x0000006651d00000,0x0000006651e00000)]
  0x00000173ee320780 JavaThread "Unconstrained build operations Thread 72" [_thread_blocked, id=16868, stack(0x0000006651e00000,0x0000006651f00000)]
  0x00000173ee3216b0 JavaThread "Unconstrained build operations Thread 73" [_thread_blocked, id=12112, stack(0x0000006651f00000,0x0000006652000000)]
  0x00000173ee320c90 JavaThread "Unconstrained build operations Thread 74" [_thread_blocked, id=20752, stack(0x0000006652000000,0x0000006652100000)]
  0x00000173ee31df00 JavaThread "Unconstrained build operations Thread 75" [_thread_blocked, id=17300, stack(0x0000006652100000,0x0000006652200000)]
  0x00000173ee322af0 JavaThread "Unconstrained build operations Thread 76" [_thread_blocked, id=20460, stack(0x0000006652200000,0x0000006652300000)]
  0x00000173ee324440 JavaThread "Unconstrained build operations Thread 77" [_thread_blocked, id=28180, stack(0x0000006652300000,0x0000006652400000)]
  0x00000173ee323000 JavaThread "Unconstrained build operations Thread 78" [_thread_blocked, id=31500, stack(0x0000006652400000,0x0000006652500000)]
  0x00000173ee324950 JavaThread "Unconstrained build operations Thread 79" [_thread_blocked, id=36260, stack(0x0000006652500000,0x0000006652600000)]
  0x00000173ee324e60 JavaThread "Unconstrained build operations Thread 80" [_thread_blocked, id=5124, stack(0x0000006652600000,0x0000006652700000)]
  0x00000173ee323510 JavaThread "Unconstrained build operations Thread 81" [_thread_blocked, id=22172, stack(0x0000006652700000,0x0000006652800000)]
  0x00000173ee321bc0 JavaThread "Unconstrained build operations Thread 82" [_thread_blocked, id=15736, stack(0x0000006652800000,0x0000006652900000)]
  0x00000173ee3220d0 JavaThread "Unconstrained build operations Thread 83" [_thread_blocked, id=17848, stack(0x0000006652900000,0x0000006652a00000)]
  0x00000173ee323a20 JavaThread "Unconstrained build operations Thread 84" [_thread_blocked, id=8504, stack(0x0000006652a00000,0x0000006652b00000)]
  0x00000173ee3225e0 JavaThread "Unconstrained build operations Thread 85" [_thread_blocked, id=23500, stack(0x0000006652b00000,0x0000006652c00000)]
  0x00000173ee323f30 JavaThread "Unconstrained build operations Thread 86" [_thread_blocked, id=4984, stack(0x0000006652c00000,0x0000006652d00000)]
  0x00000173efcfaa70 JavaThread "Unconstrained build operations Thread 87" [_thread_blocked, id=23448, stack(0x0000006652d00000,0x0000006652e00000)]
  0x00000173efcf9120 JavaThread "Unconstrained build operations Thread 88" [_thread_blocked, id=21104, stack(0x0000006652e00000,0x0000006652f00000)]
  0x00000173efcfaf80 JavaThread "Unconstrained build operations Thread 89" [_thread_blocked, id=24276, stack(0x0000006652f00000,0x0000006653000000)]
  0x00000173efcf9b40 JavaThread "Unconstrained build operations Thread 90" [_thread_blocked, id=24044, stack(0x0000006653000000,0x0000006653100000)]
  0x00000173efcf81f0 JavaThread "Unconstrained build operations Thread 91" [_thread_blocked, id=31396, stack(0x0000006653100000,0x0000006653200000)]
  0x00000173efcf9630 JavaThread "Unconstrained build operations Thread 92" [_thread_blocked, id=24220, stack(0x0000006653200000,0x0000006653300000)]
  0x00000173efcfa050 JavaThread "Unconstrained build operations Thread 93" [_thread_blocked, id=26088, stack(0x0000006653300000,0x0000006653400000)]
  0x00000173efcfa560 JavaThread "Unconstrained build operations Thread 94" [_thread_blocked, id=6384, stack(0x0000006653400000,0x0000006653500000)]
  0x00000173efcfb490 JavaThread "Unconstrained build operations Thread 95" [_thread_blocked, id=26408, stack(0x0000006653500000,0x0000006653600000)]
  0x00000173efcfbeb0 JavaThread "Unconstrained build operations Thread 96" [_thread_blocked, id=30944, stack(0x0000006653600000,0x0000006653700000)]
  0x00000173efcfb9a0 JavaThread "Unconstrained build operations Thread 97" [_thread_blocked, id=33332, stack(0x0000006653700000,0x0000006653800000)]
  0x00000173efcf8700 JavaThread "Unconstrained build operations Thread 98" [_thread_blocked, id=3248, stack(0x0000006653800000,0x0000006653900000)]
  0x00000173efcfc3c0 JavaThread "Unconstrained build operations Thread 99" [_thread_blocked, id=31968, stack(0x0000006653900000,0x0000006653a00000)]
  0x00000173efcf8c10 JavaThread "Unconstrained build operations Thread 100" [_thread_blocked, id=29620, stack(0x0000006653a00000,0x0000006653b00000)]
  0x00000173efcfc8d0 JavaThread "Unconstrained build operations Thread 101" [_thread_blocked, id=32560, stack(0x0000006653b00000,0x0000006653c00000)]
  0x00000173efcfd800 JavaThread "Unconstrained build operations Thread 102" [_thread_blocked, id=33800, stack(0x0000006653c00000,0x0000006653d00000)]
  0x00000173efcfd2f0 JavaThread "Unconstrained build operations Thread 103" [_thread_blocked, id=24388, stack(0x0000006653d00000,0x0000006653e00000)]
  0x00000173efcfdd10 JavaThread "Unconstrained build operations Thread 104" [_thread_blocked, id=4716, stack(0x0000006653e00000,0x0000006653f00000)]
  0x00000173efcfec40 JavaThread "Unconstrained build operations Thread 105" [_thread_blocked, id=27704, stack(0x0000006653f00000,0x0000006654000000)]
  0x00000173efcff150 JavaThread "Unconstrained build operations Thread 106" [_thread_blocked, id=22684, stack(0x0000006654000000,0x0000006654100000)]
  0x00000173efcfcde0 JavaThread "Unconstrained build operations Thread 107" [_thread_blocked, id=11796, stack(0x0000006654100000,0x0000006654200000)]
  0x00000173efcff660 JavaThread "Unconstrained build operations Thread 108" [_thread_blocked, id=25560, stack(0x0000006654200000,0x0000006654300000)]
  0x00000173efcffb70 JavaThread "Unconstrained build operations Thread 109" [_thread_blocked, id=23784, stack(0x0000006654300000,0x0000006654400000)]
  0x00000173efcfe730 JavaThread "Unconstrained build operations Thread 110" [_thread_blocked, id=34548, stack(0x0000006654400000,0x0000006654500000)]
  0x00000173efcfe220 JavaThread "Unconstrained build operations Thread 111" [_thread_blocked, id=32892, stack(0x0000006654500000,0x0000006654600000)]
  0x00000173ef60c020 JavaThread "Unconstrained build operations Thread 112" [_thread_blocked, id=24940, stack(0x0000006654600000,0x0000006654700000)]
  0x00000173ef60ca40 JavaThread "Unconstrained build operations Thread 113" [_thread_blocked, id=11568, stack(0x0000006654700000,0x0000006654800000)]
  0x00000173ef60e390 JavaThread "Unconstrained build operations Thread 114" [_thread_blocked, id=34684, stack(0x0000006654800000,0x0000006654900000)]
  0x00000173ef60e8a0 JavaThread "Unconstrained build operations Thread 115" [_thread_blocked, id=11932, stack(0x0000006654900000,0x0000006654a00000)]
  0x00000173ef60d460 JavaThread "Unconstrained build operations Thread 116" [_thread_blocked, id=24016, stack(0x0000006654a00000,0x0000006654b00000)]
  0x00000173ef60d970 JavaThread "Unconstrained build operations Thread 117" [_thread_blocked, id=5764, stack(0x0000006654b00000,0x0000006654c00000)]
  0x00000173ef60c530 JavaThread "Unconstrained build operations Thread 118" [_thread_blocked, id=31284, stack(0x0000006654c00000,0x0000006654d00000)]
  0x00000173ef60b600 JavaThread "Unconstrained build operations Thread 119" [_thread_blocked, id=20172, stack(0x0000006654d00000,0x0000006654e00000)]
  0x00000173ef60de80 JavaThread "Unconstrained build operations Thread 120" [_thread_blocked, id=5260, stack(0x0000006654e00000,0x0000006654f00000)]
  0x00000173ef60b0f0 JavaThread "Unconstrained build operations Thread 121" [_thread_blocked, id=18368, stack(0x0000006654f00000,0x0000006655000000)]
  0x00000173ef60edb0 JavaThread "Unconstrained build operations Thread 122" [_thread_blocked, id=3192, stack(0x0000006655000000,0x0000006655100000)]
  0x00000173ef60cf50 JavaThread "Unconstrained build operations Thread 123" [_thread_blocked, id=3528, stack(0x0000006655100000,0x0000006655200000)]
  0x00000173ef60f2c0 JavaThread "Unconstrained build operations Thread 124" [_thread_blocked, id=27336, stack(0x0000006655200000,0x0000006655300000)]
  0x00000173ef60bb10 JavaThread "Unconstrained build operations Thread 125" [_thread_blocked, id=35012, stack(0x0000006655300000,0x0000006655400000)]
  0x00000173ef6101f0 JavaThread "Unconstrained build operations Thread 126" [_thread_blocked, id=18544, stack(0x0000006655400000,0x0000006655500000)]
  0x00000173ef610c10 JavaThread "Unconstrained build operations Thread 127" [_thread_blocked, id=5008, stack(0x0000006655500000,0x0000006655600000)]
  0x00000173ef611120 JavaThread "Unconstrained build operations Thread 128" [_thread_blocked, id=13804, stack(0x0000006655600000,0x0000006655700000)]
  0x00000173ef611630 JavaThread "Unconstrained build operations Thread 129" [_thread_blocked, id=26192, stack(0x0000006655700000,0x0000006655800000)]
  0x00000173ef612050 JavaThread "Unconstrained build operations Thread 130" [_thread_blocked, id=32284, stack(0x0000006655800000,0x0000006655900000)]
  0x00000173ef60f7d0 JavaThread "Unconstrained build operations Thread 131" [_thread_blocked, id=16908, stack(0x0000006655900000,0x0000006655a00000)]
  0x00000173ef60fce0 JavaThread "Unconstrained build operations Thread 132" [_thread_blocked, id=16192, stack(0x0000006655a00000,0x0000006655b00000)]
  0x00000173ef611b40 JavaThread "Unconstrained build operations Thread 133" [_thread_blocked, id=13548, stack(0x0000006655b00000,0x0000006655c00000)]
  0x00000173ef610700 JavaThread "Unconstrained build operations Thread 134" [_thread_blocked, id=24568, stack(0x0000006655c00000,0x0000006655d00000)]
  0x00000173ef612560 JavaThread "Unconstrained build operations Thread 135" [_thread_blocked, id=976, stack(0x0000006655d00000,0x0000006655e00000)]
  0x00000173ef612a70 JavaThread "Unconstrained build operations Thread 136" [_thread_blocked, id=35224, stack(0x0000006655e00000,0x0000006655f00000)]
  0x00000173f1275eb0 JavaThread "Unconstrained build operations Thread 137" [_thread_blocked, id=7676, stack(0x0000006655f00000,0x0000006656000000)]
  0x00000173f1279150 JavaThread "Unconstrained build operations Thread 138" [_thread_blocked, id=30364, stack(0x0000006656000000,0x0000006656100000)]
  0x00000173f1277800 JavaThread "Unconstrained build operations Thread 139" [_thread_blocked, id=17228, stack(0x0000006656100000,0x0000006656200000)]
  0x00000173f1278730 JavaThread "Unconstrained build operations Thread 140" [_thread_blocked, id=29268, stack(0x0000006656200000,0x0000006656300000)]
  0x00000173f1279b70 JavaThread "Unconstrained build operations Thread 141" [_thread_blocked, id=12056, stack(0x0000006656300000,0x0000006656400000)]
  0x00000173f1277d10 JavaThread "Unconstrained build operations Thread 142" [_thread_blocked, id=12296, stack(0x0000006656400000,0x0000006656500000)]
  0x00000173f1278c40 JavaThread "Unconstrained build operations Thread 143" [_thread_blocked, id=28632, stack(0x0000006656500000,0x0000006656600000)]
  0x00000173f1279660 JavaThread "Unconstrained build operations Thread 144" [_thread_blocked, id=17740, stack(0x0000006656600000,0x0000006656700000)]
  0x00000173f12763c0 JavaThread "Unconstrained build operations Thread 145" [_thread_blocked, id=12052, stack(0x0000006656700000,0x0000006656800000)]
  0x00000173f127a080 JavaThread "Unconstrained build operations Thread 146" [_thread_blocked, id=26736, stack(0x0000006656800000,0x0000006656900000)]
  0x00000173f12768d0 JavaThread "Unconstrained build operations Thread 147" [_thread_blocked, id=23668, stack(0x0000006656900000,0x0000006656a00000)]
  0x00000173f1276de0 JavaThread "Memory manager" [_thread_blocked, id=12572, stack(0x000000664c400000,0x000000664c500000)]
  0x00000173f127ce10 JavaThread "Unconstrained build operations Thread 148" [_thread_blocked, id=32212, stack(0x0000006656f00000,0x0000006657000000)]
  0x00000173f127afb0 JavaThread "Unconstrained build operations Thread 149" [_thread_blocked, id=34744, stack(0x0000006657000000,0x0000006657100000)]
  0x00000173f127d320 JavaThread "Unconstrained build operations Thread 150" [_thread_blocked, id=27604, stack(0x0000006657100000,0x0000006657200000)]
  0x00000173f127b9d0 JavaThread "Unconstrained build operations Thread 151" [_thread_blocked, id=18876, stack(0x0000006657200000,0x0000006657300000)]
  0x00000173f127d830 JavaThread "Unconstrained build operations Thread 152" [_thread_blocked, id=31260, stack(0x0000006657300000,0x0000006657400000)]
  0x00000173f464e3b0 JavaThread "Unconstrained build operations Thread 153" [_thread_blocked, id=30660, stack(0x0000006657400000,0x0000006657500000)]
  0x00000173ef596c30 JavaThread "C2 CompilerThread1" daemon [_thread_in_native, id=30372, stack(0x000000664c200000,0x000000664c300000)]
  0x00000173ef5941b0 JavaThread "C2 CompilerThread2" daemon [_thread_blocked, id=26940, stack(0x000000664c300000,0x000000664c400000)]
  0x00000173ef596190 JavaThread "C2 CompilerThread3" daemon [_thread_blocked, id=19964, stack(0x0000006656a00000,0x0000006656b00000)]
  0x00000173ef597180 JavaThread "C2 CompilerThread4" daemon [_thread_blocked, id=27924, stack(0x0000006656b00000,0x0000006656c00000)]
  0x00000173ef598170 JavaThread "C2 CompilerThread5" daemon [_thread_in_native, id=33608, stack(0x0000006656c00000,0x0000006656d00000)]
  0x00000173ef598c10 JavaThread "C2 CompilerThread6" daemon [_thread_blocked, id=20808, stack(0x0000006656d00000,0x0000006656e00000)]
  0x00000173ef5956f0 JavaThread "C2 CompilerThread7" daemon [_thread_blocked, id=17220, stack(0x0000006656e00000,0x0000006656f00000)]
  0x00000173f464e8c0 JavaThread "build event listener" [_thread_blocked, id=11080, stack(0x0000006657700000,0x0000006657800000)]
  0x00000173f464d990 JavaThread "pool-3-thread-1" [_thread_blocked, id=3056, stack(0x0000006657800000,0x0000006657900000)]
  0x00000173f464edd0 JavaThread "build event listener" [_thread_blocked, id=13532, stack(0x0000006657900000,0x0000006657a00000)]
  0x00000173f464dea0 JavaThread "included builds" [_thread_blocked, id=5712, stack(0x0000006657a00000,0x0000006657b00000)]
  0x00000173f464f7f0 JavaThread "Execution worker for ':'" [_thread_blocked, id=12456, stack(0x0000006657b00000,0x0000006657c00000)]
  0x00000173f4650210 JavaThread "Execution worker for ':' Thread 2" [_thread_blocked, id=32536, stack(0x0000006657c00000,0x0000006657d00000)]
  0x00000173f464ca60 JavaThread "Execution worker for ':' Thread 3" [_thread_blocked, id=24896, stack(0x0000006657d00000,0x0000006657e00000)]
  0x00000173f4652fa0 JavaThread "Execution worker for ':' Thread 4" [_thread_blocked, id=29016, stack(0x0000006657e00000,0x0000006657f00000)]
  0x00000173f464fd00 JavaThread "Execution worker for ':' Thread 5" [_thread_blocked, id=12472, stack(0x0000006657f00000,0x0000006658000000)]
  0x00000173f4652070 JavaThread "Execution worker for ':' Thread 6" [_thread_blocked, id=19308, stack(0x0000006658000000,0x0000006658100000)]
  0x00000173f4650c30 JavaThread "Execution worker for ':' Thread 7" [_thread_blocked, id=20652, stack(0x0000006658100000,0x0000006658200000)]
  0x00000173f4652a90 JavaThread "Execution worker for ':' Thread 8" [_thread_blocked, id=20900, stack(0x0000006658200000,0x0000006658300000)]
  0x00000173f4651b60 JavaThread "Execution worker for ':' Thread 9" [_thread_blocked, id=23388, stack(0x0000006658300000,0x0000006658400000)]
  0x00000173f46539c0 JavaThread "Execution worker for ':' Thread 10" [_thread_blocked, id=13820, stack(0x0000006658600000,0x0000006658700000)]
  0x00000173efff68e0 JavaThread "Execution worker for ':' Thread 11" [_thread_blocked, id=25740, stack(0x0000006658700000,0x0000006658800000)]
  0x00000173efff5ec0 JavaThread "Execution worker for ':' Thread 12" [_thread_blocked, id=36248, stack(0x0000006658800000,0x0000006658900000)]
  0x00000173efff7300 JavaThread "Execution worker for ':' Thread 13" [_thread_blocked, id=31852, stack(0x0000006658900000,0x0000006658a00000)]
  0x00000173efff59b0 JavaThread "Execution worker for ':' Thread 14" [_thread_blocked, id=24648, stack(0x0000006658a00000,0x0000006658b00000)]
  0x00000173efff63d0 JavaThread "Execution worker for ':' Thread 15" [_thread_blocked, id=33484, stack(0x0000006658b00000,0x0000006658c00000)]
  0x00000173f46534b0 JavaThread "Cache worker for execution history cache (D:\OneDrive - University of Westminster\Documents\GitHub\ViMusic\.gradle\7.4\executionHistory)" [_thread_blocked, id=35144, stack(0x0000006658c00000,0x0000006658d00000)]
  0x00000173efff4fb0 JavaThread "Unconstrained build operations Thread 155" [_thread_blocked, id=30624, stack(0x0000006658d00000,0x0000006658e00000)]
  0x00000173f56cc480 JavaThread "Unconstrained build operations Thread 154" [_thread_blocked, id=14500, stack(0x0000006658e00000,0x0000006658f00000)]
  0x00000173ef4d0530 JavaThread "Unconstrained build operations Thread 156" [_thread_blocked, id=13972, stack(0x0000006658f00000,0x0000006659000000)]
  0x00000173ef4d0a40 JavaThread "Unconstrained build operations Thread 157" [_thread_blocked, id=23128, stack(0x0000006659000000,0x0000006659100000)]
  0x00000173ef4d0020 JavaThread "Unconstrained build operations Thread 158" [_thread_blocked, id=24080, stack(0x0000006659100000,0x0000006659200000)]
  0x00000173f4402cb0 JavaThread "Unconstrained build operations Thread 159" [_thread_blocked, id=32436, stack(0x0000006659200000,0x0000006659300000)]
  0x00000173f4405530 JavaThread "Unconstrained build operations Thread 160" [_thread_blocked, id=17124, stack(0x0000006659300000,0x0000006659400000)]
  0x00000173f56cab30 JavaThread "WorkerExecutor Queue" [_thread_in_native, id=32640, stack(0x0000006659400000,0x0000006659500000)]
  0x00000173f56cba60 JavaThread "WorkerExecutor Queue Thread 2" [_thread_blocked, id=4220, stack(0x0000006659600000,0x0000006659700000)]
  0x00000173efff4aa0 JavaThread "WorkerExecutor Queue Thread 3" [_thread_blocked, id=32044, stack(0x0000006659700000,0x0000006659800000)]
  0x00000173f605ae30 JavaThread "WorkerExecutor Queue Thread 4" [_thread_blocked, id=30072, stack(0x0000006659800000,0x0000006659900000)]
  0x00000173f63e89b0 JavaThread "WorkerExecutor Queue Thread 5" [_thread_blocked, id=7512, stack(0x0000006659900000,0x0000006659a00000)]
  0x00000173f605b850 JavaThread "WorkerExecutor Queue Thread 6" [_thread_blocked, id=4580, stack(0x0000006659a00000,0x0000006659b00000)]
  0x00000173f605b340 JavaThread "RMI Scheduler(0)" daemon [_thread_blocked, id=15820, stack(0x0000006659500000,0x0000006659600000)]
  0x00000173f3472480 JavaThread "RMI RenewClean-[127.0.0.1:17111,org.jetbrains.kotlin.daemon.common.LoopbackNetworkInterface$ClientLoopbackSocketFactory@54b4fa1b]" daemon [_thread_blocked, id=33808, stack(0x0000006659b00000,0x0000006659c00000)]
  0x00000173f3471f70 JavaThread "RMI GC Daemon" daemon [_thread_blocked, id=4204, stack(0x0000006659c00000,0x0000006659d00000)]
  0x00000173f1aa6ea0 JavaThread "WorkerExecutor Queue Thread 7" [_thread_blocked, id=24812, stack(0x0000006659d00000,0x0000006659e00000)]
  0x00000173f5c343b0 JavaThread "RMI TCP Accept-0" daemon [_thread_in_native, id=11936, stack(0x0000006659e00000,0x0000006659f00000)]
  0x00000173f4ac9160 JavaThread "RMI Reaper" [_thread_blocked, id=36368, stack(0x0000006659f00000,0x000000665a000000)]
  0x00000173f4404b10 JavaThread "pool-4-thread-1" [_thread_blocked, id=12860, stack(0x000000665a000000,0x000000665a100000)]
  0x00000173f4e9e830 JavaThread "RMI TCP Connection(1)-127.0.0.1" daemon [_thread_in_native, id=15684, stack(0x000000665a100000,0x000000665a200000)]
  0x00000173f44031c0 JavaThread "stderr" [_thread_in_native, id=5280, stack(0x000000665a200000,0x000000665a300000)]
  0x00000173f44036d0 JavaThread "stdout" [_thread_in_native, id=17704, stack(0x000000665a300000,0x000000665a400000)]
  0x00000173f07e38c0 JavaThread "ForkJoinPool-1-worker-1" daemon [_thread_blocked, id=26060, stack(0x000000665a900000,0x000000665aa00000)]
  0x00000173f4ea0ba0 JavaThread "ForkJoinPool-1-worker-2" daemon [_thread_blocked, id=5736, stack(0x000000665aa00000,0x000000665ab00000)]
  0x00000173f2afe890 JavaThread "ForkJoinPool-1-worker-3" daemon [_thread_blocked, id=22060, stack(0x000000665ab00000,0x000000665ac00000)]
  0x00000173f4ea10b0 JavaThread "ForkJoinPool-1-worker-4" daemon [_thread_blocked, id=29080, stack(0x000000665ac00000,0x000000665ad00000)]
  0x00000173f6433780 JavaThread "ForkJoinPool-1-worker-5" daemon [_thread_blocked, id=34696, stack(0x000000665ad00000,0x000000665ae00000)]
  0x00000173fb523540 JavaThread "ForkJoinPool-1-worker-6" daemon [_thread_blocked, id=14148, stack(0x000000665ae00000,0x000000665af00000)]
  0x00000173f38f3470 JavaThread "ForkJoinPool-1-worker-7" daemon [_thread_blocked, id=5528, stack(0x000000665af00000,0x000000665b000000)]
  0x00000173f4405020 JavaThread "ForkJoinPool-1-worker-8" daemon [_thread_blocked, id=17472, stack(0x000000665b000000,0x000000665b100000)]
  0x00000173f56cb040 JavaThread "ForkJoinPool-1-worker-9" daemon [_thread_blocked, id=31492, stack(0x000000665b100000,0x000000665b200000)]
  0x00000173f2ede290 JavaThread "ForkJoinPool-1-worker-10" daemon [_thread_blocked, id=14772, stack(0x000000665b200000,0x000000665b300000)]
  0x00000173fb524470 JavaThread "ForkJoinPool-1-worker-11" daemon [_thread_blocked, id=14068, stack(0x000000665b300000,0x000000665b400000)]
  0x00000173fb524e90 JavaThread "ForkJoinPool-1-worker-12" daemon [_thread_blocked, id=1828, stack(0x000000665b400000,0x000000665b500000)]
  0x00000173f4bfc4d0 JavaThread "ForkJoinPool-1-worker-13" daemon [_thread_blocked, id=31028, stack(0x000000665b500000,0x000000665b600000)]
  0x00000173fb524980 JavaThread "ForkJoinPool-1-worker-14" daemon [_thread_blocked, id=25860, stack(0x000000665b600000,0x000000665b700000)]
  0x00000173f2edd870 JavaThread "ForkJoinPool-1-worker-15" daemon [_thread_blocked, id=30192, stack(0x000000665b700000,0x000000665b800000)]
  0x00000173f38f52d0 JavaThread "ForkJoinPool-1-worker-16" daemon [_thread_blocked, id=2284, stack(0x000000665b800000,0x000000665b900000)]

Other Threads:
=>0x00000173e7c05890 VMThread "VM Thread" [stack: 0x0000006648e00000,0x0000006648f00000] [id=34836]
  0x00000173c6f0d2e0 WatcherThread [stack: 0x0000006649b00000,0x0000006649c00000] [id=19112]
  0x00000173c6ee5ea0 GCTaskThread "GC Thread#0" [stack: 0x0000006648900000,0x0000006648a00000] [id=23320]
  0x00000173ecdc10e0 GCTaskThread "GC Thread#1" [stack: 0x000000664a100000,0x000000664a200000] [id=8516]
  0x00000173edb8fa50 GCTaskThread "GC Thread#2" [stack: 0x000000664a200000,0x000000664a300000] [id=29544]
  0x00000173edb8fd10 GCTaskThread "GC Thread#3" [stack: 0x000000664a300000,0x000000664a400000] [id=8200]
  0x00000173ed4e3fd0 GCTaskThread "GC Thread#4" [stack: 0x000000664a400000,0x000000664a500000] [id=35620]
  0x00000173ed4e4290 GCTaskThread "GC Thread#5" [stack: 0x000000664a500000,0x000000664a600000] [id=19036]
  0x00000173f1240fc0 GCTaskThread "GC Thread#6" [stack: 0x000000664b800000,0x000000664b900000] [id=22480]
  0x00000173efc37430 GCTaskThread "GC Thread#7" [stack: 0x000000664b900000,0x000000664ba00000] [id=19492]
  0x00000173f10233f0 GCTaskThread "GC Thread#8" [stack: 0x000000664ba00000,0x000000664bb00000] [id=14236]
  0x00000173f0c3b1d0 GCTaskThread "GC Thread#9" [stack: 0x000000664bb00000,0x000000664bc00000] [id=13816]
  0x00000173f0c3b490 GCTaskThread "GC Thread#10" [stack: 0x000000664bc00000,0x000000664bd00000] [id=10624]
  0x00000173f112e520 GCTaskThread "GC Thread#11" [stack: 0x000000664bd00000,0x000000664be00000] [id=30444]
  0x00000173f112e7e0 GCTaskThread "GC Thread#12" [stack: 0x000000664be00000,0x000000664bf00000] [id=14748]
  0x00000173c6ef6e60 ConcurrentGCThread "G1 Main Marker" [stack: 0x0000006648a00000,0x0000006648b00000] [id=13696]
  0x00000173c6efa1b0 ConcurrentGCThread "G1 Conc#0" [stack: 0x0000006648b00000,0x0000006648c00000] [id=4584]
  0x00000173f0dfd3a0 ConcurrentGCThread "G1 Conc#1" [stack: 0x000000664bf00000,0x000000664c000000] [id=7904]
  0x00000173ef48ec10 ConcurrentGCThread "G1 Conc#2" [stack: 0x000000664c000000,0x000000664c100000] [id=33624]
  0x00000173c6f4e050 ConcurrentGCThread "G1 Refine#0" [stack: 0x0000006648c00000,0x0000006648d00000] [id=29188]
  0x00000173efcb73d0 ConcurrentGCThread "G1 Refine#1" [stack: 0x0000006657500000,0x0000006657600000] [id=5836]
  0x00000173efcb8280 ConcurrentGCThread "G1 Refine#2" [stack: 0x0000006657600000,0x0000006657700000] [id=33772]
  0x00000173f5715fc0 ConcurrentGCThread "G1 Refine#3" [stack: 0x000000665a400000,0x000000665a500000] [id=16168]
  0x00000173f57162b0 ConcurrentGCThread "G1 Refine#4" [stack: 0x000000665a500000,0x000000665a600000] [id=29992]
  0x00000173f5712ae0 ConcurrentGCThread "G1 Refine#5" [stack: 0x000000665a600000,0x000000665a700000] [id=20556]
  0x00000173f57165a0 ConcurrentGCThread "G1 Refine#6" [stack: 0x000000665a700000,0x000000665a800000] [id=28432]
  0x00000173f5712dd0 ConcurrentGCThread "G1 Refine#7" [stack: 0x000000665a800000,0x000000665a900000] [id=13640]
  0x00000173f57130c0 ConcurrentGCThread "G1 Refine#8" [stack: 0x000000665b900000,0x000000665ba00000] [id=20664]
  0x00000173f57133b0 ConcurrentGCThread "G1 Refine#9" [stack: 0x000000665ba00000,0x000000665bb00000] [id=33668]
  0x00000173f5713990 ConcurrentGCThread "G1 Refine#10" [stack: 0x000000665bb00000,0x000000665bc00000] [id=9912]
  0x00000173f666ab50 ConcurrentGCThread "G1 Refine#11" [stack: 0x000000665bc00000,0x000000665bd00000] [id=4368]
  0x00000173c6f4e340 ConcurrentGCThread "G1 Service" [stack: 0x0000006648d00000,0x0000006648e00000] [id=4792]

Threads with active compile tasks:
C2 CompilerThread0    25185 24906       4       com.android.tools.r8.internal.Pa::a (6176 bytes)
C1 CompilerThread0    25185 24831 % !   3       com.android.tools.r8.internal.Pk::b @ 523 (2834 bytes)
C1 CompilerThread1    25185 24932       2       com.android.tools.r8.internal.to::<init> (11 bytes)
C1 CompilerThread2    25185 24933       2       com.android.tools.r8.internal.Hw::<init> (7 bytes)
C1 CompilerThread3    25185 24928       3       com.android.tools.r8.internal.Ke::b (70 bytes)
C2 CompilerThread1    25185 24378       4       com.android.tools.r8.graph.W0::b (184 bytes)
C2 CompilerThread2    25185 24485       4       com.android.tools.r8.internal.Nk::a (9 bytes)
C2 CompilerThread3    25185 24913       4       com.android.tools.r8.internal.eL::a (93 bytes)
C2 CompilerThread4    25185 24430       4       com.android.tools.r8.internal.Nk::b (6 bytes)
C2 CompilerThread5    25185 24410       4       com.android.tools.r8.graph.n0::b (57 bytes)
C2 CompilerThread6    25185 24797       4       com.android.tools.r8.internal.B4::c (36 bytes)
C2 CompilerThread7    25185 24398       4       com.android.tools.r8.graph.W0$$Lambda$2484/0x0000017381fc6fd8::accept (12 bytes)

VM state: at safepoint (normal execution)

VM Mutex/Monitor currently owned by a thread:  ([mutex/lock_event])
[0x00000173c6e85a50] Threads_lock - owner thread: 0x00000173e7c05890
[0x00000173c6e86a10] Heap_lock - owner thread: 0x00000173c6ef6e60

Heap address: 0x0000000080000000, size: 2048 MB, Compressed Oops mode: 32-bit

CDS archive(s) mapped at: [0x0000017380000000-0x0000017380bd0000-0x0000017380bd0000), size 12386304, SharedBaseAddress: 0x0000017380000000, ArchiveRelocationMode: 1.
Compressed class space mapped at: 0x0000017381000000-0x00000173c1000000, reserved size: 1073741824
Narrow klass base: 0x0000017380000000, Narrow klass shift: 0, Narrow klass range: 0x100000000

GC Precious Log:
 CPUs: 16 total, 16 available
 Memory: 16202M
 Large Page Support: Disabled
 NUMA Support: Disabled
 Compressed Oops: Enabled (32-bit)
 Heap Region Size: 1M
 Heap Min Capacity: 8M
 Heap Initial Capacity: 254M
 Heap Max Capacity: 2G
 Pre-touch: Disabled
 Parallel Workers: 13
 Concurrent Workers: 3
 Concurrent Refinement Workers: 13
 Periodic GC: Disabled

Heap:
 garbage-first heap   total 689152K, used 561441K [0x0000000080000000, 0x0000000100000000)
  region size 1024K, 125 young (128000K), 6 survivors (6144K)
 Metaspace       used 116982K, committed 117952K, reserved 1179648K
  class space    used 15726K, committed 16192K, reserved 1048576K

Heap Regions: E=young(eden), S=young(survivor), O=old, HS=humongous(starts), HC=humongous(continues), CS=collection set, F=free, OA=open archive, CA=closed archive, TAMS=top-at-mark-start (previous, next)
|   0|0x0000000080000000, 0x0000000080100000, 0x0000000080100000|100%| O|  |TAMS 0x0000000080100000, 0x0000000080000000| Untracked 
|   1|0x0000000080100000, 0x0000000080200000, 0x0000000080200000|100%| O|  |TAMS 0x0000000080200000, 0x0000000080100000| Untracked 
|   2|0x0000000080200000, 0x0000000080300000, 0x0000000080300000|100%| O|  |TAMS 0x0000000080300000, 0x0000000080200000| Untracked 
|   3|0x0000000080300000, 0x0000000080400000, 0x0000000080400000|100%|HS|  |TAMS 0x0000000080400000, 0x0000000080300000| Complete 
|   4|0x0000000080400000, 0x0000000080500000, 0x0000000080500000|100%|HC|  |TAMS 0x0000000080500000, 0x0000000080400000| Complete 
|   5|0x0000000080500000, 0x0000000080600000, 0x0000000080600000|100%|HC|  |TAMS 0x0000000080600000, 0x0000000080500000| Complete 
|   6|0x0000000080600000, 0x0000000080700000, 0x0000000080700000|100%| O|  |TAMS 0x0000000080700000, 0x0000000080600000| Untracked 
|   7|0x0000000080700000, 0x0000000080800000, 0x0000000080800000|100%| O|  |TAMS 0x0000000080800000, 0x0000000080700000| Updating 
|   8|0x0000000080800000, 0x0000000080900000, 0x0000000080900000|100%| O|  |TAMS 0x0000000080900000, 0x0000000080800000| Untracked 
|   9|0x0000000080900000, 0x0000000080a00000, 0x0000000080a00000|100%| O|  |TAMS 0x0000000080a00000, 0x0000000080900000| Updating 
|  10|0x0000000080a00000, 0x0000000080b00000, 0x0000000080b00000|100%| O|  |TAMS 0x0000000080b00000, 0x0000000080a00000| Untracked 
|  11|0x0000000080b00000, 0x0000000080c00000, 0x0000000080c00000|100%| O|  |TAMS 0x0000000080c00000, 0x0000000080b00000| Untracked 
|  12|0x0000000080c00000, 0x0000000080d00000, 0x0000000080d00000|100%| O|  |TAMS 0x0000000080d00000, 0x0000000080c00000| Untracked 
|  13|0x0000000080d00000, 0x0000000080e00000, 0x0000000080e00000|100%| O|  |TAMS 0x0000000080e00000, 0x0000000080d00000| Untracked 
|  14|0x0000000080e00000, 0x0000000080f00000, 0x0000000080f00000|100%| O|  |TAMS 0x0000000080f00000, 0x0000000080e00000| Untracked 
|  15|0x0000000080f00000, 0x0000000081000000, 0x0000000081000000|100%| O|  |TAMS 0x0000000081000000, 0x0000000080f00000| Untracked 
|  16|0x0000000081000000, 0x0000000081100000, 0x0000000081100000|100%| O|  |TAMS 0x0000000081100000, 0x0000000081000000| Untracked 
|  17|0x0000000081100000, 0x0000000081200000, 0x0000000081200000|100%| O|  |TAMS 0x0000000081200000, 0x0000000081100000| Untracked 
|  18|0x0000000081200000, 0x0000000081300000, 0x0000000081300000|100%| O|  |TAMS 0x0000000081300000, 0x0000000081200000| Untracked 
|  19|0x0000000081300000, 0x0000000081400000, 0x0000000081400000|100%| O|  |TAMS 0x0000000081400000, 0x0000000081300000| Untracked 
|  20|0x0000000081400000, 0x0000000081500000, 0x0000000081500000|100%| O|  |TAMS 0x0000000081500000, 0x0000000081400000| Untracked 
|  21|0x0000000081500000, 0x0000000081600000, 0x0000000081600000|100%| O|  |TAMS 0x0000000081600000, 0x0000000081500000| Untracked 
|  22|0x0000000081600000, 0x0000000081700000, 0x0000000081700000|100%| O|  |TAMS 0x0000000081700000, 0x0000000081600000| Untracked 
|  23|0x0000000081700000, 0x0000000081800000, 0x0000000081800000|100%| O|  |TAMS 0x0000000081800000, 0x0000000081700000| Updating 
|  24|0x0000000081800000, 0x0000000081900000, 0x0000000081900000|100%| O|  |TAMS 0x0000000081900000, 0x0000000081800000| Untracked 
|  25|0x0000000081900000, 0x0000000081a00000, 0x0000000081a00000|100%| O|  |TAMS 0x0000000081a00000, 0x0000000081900000| Untracked 
|  26|0x0000000081a00000, 0x0000000081b00000, 0x0000000081b00000|100%| O|  |TAMS 0x0000000081b00000, 0x0000000081a00000| Updating 
|  27|0x0000000081b00000, 0x0000000081c00000, 0x0000000081c00000|100%| O|  |TAMS 0x0000000081c00000, 0x0000000081b00000| Untracked 
|  28|0x0000000081c00000, 0x0000000081d00000, 0x0000000081d00000|100%| O|  |TAMS 0x0000000081d00000, 0x0000000081c00000| Untracked 
|  29|0x0000000081d00000, 0x0000000081e00000, 0x0000000081e00000|100%| O|  |TAMS 0x0000000081e00000, 0x0000000081d00000| Untracked 
|  30|0x0000000081e00000, 0x0000000081f00000, 0x0000000081f00000|100%| O|  |TAMS 0x0000000081f00000, 0x0000000081e00000| Updating 
|  31|0x0000000081f00000, 0x0000000082000000, 0x0000000082000000|100%| O|  |TAMS 0x0000000082000000, 0x0000000081f00000| Untracked 
|  32|0x0000000082000000, 0x0000000082100000, 0x0000000082100000|100%| O|  |TAMS 0x0000000082100000, 0x0000000082000000| Updating 
|  33|0x0000000082100000, 0x0000000082200000, 0x0000000082200000|100%| O|  |TAMS 0x0000000082200000, 0x0000000082100000| Untracked 
|  34|0x0000000082200000, 0x0000000082300000, 0x0000000082300000|100%| O|  |TAMS 0x0000000082300000, 0x0000000082200000| Untracked 
|  35|0x0000000082300000, 0x0000000082400000, 0x0000000082400000|100%| O|  |TAMS 0x0000000082400000, 0x0000000082300000| Untracked 
|  36|0x0000000082400000, 0x0000000082500000, 0x0000000082500000|100%| O|  |TAMS 0x0000000082500000, 0x0000000082400000| Untracked 
|  37|0x0000000082500000, 0x0000000082600000, 0x0000000082600000|100%| O|  |TAMS 0x0000000082600000, 0x0000000082500000| Untracked 
|  38|0x0000000082600000, 0x0000000082700000, 0x0000000082700000|100%| O|  |TAMS 0x0000000082700000, 0x0000000082600000| Updating 
|  39|0x0000000082700000, 0x0000000082800000, 0x0000000082800000|100%|HS|  |TAMS 0x0000000082800000, 0x0000000082700000| Complete 
|  40|0x0000000082800000, 0x0000000082900000, 0x0000000082900000|100%|HS|  |TAMS 0x0000000082900000, 0x0000000082800000| Complete 
|  41|0x0000000082900000, 0x0000000082a00000, 0x0000000082a00000|100%|HS|  |TAMS 0x0000000082a00000, 0x0000000082900000| Complete 
|  42|0x0000000082a00000, 0x0000000082b00000, 0x0000000082b00000|100%|HS|  |TAMS 0x0000000082b00000, 0x0000000082a00000| Complete 
|  43|0x0000000082b00000, 0x0000000082c00000, 0x0000000082c00000|100%|HC|  |TAMS 0x0000000082c00000, 0x0000000082b00000| Complete 
|  44|0x0000000082c00000, 0x0000000082d00000, 0x0000000082d00000|100%|HC|  |TAMS 0x0000000082d00000, 0x0000000082c00000| Complete 
|  45|0x0000000082d00000, 0x0000000082e00000, 0x0000000082e00000|100%|HC|  |TAMS 0x0000000082e00000, 0x0000000082d00000| Complete 
|  46|0x0000000082e00000, 0x0000000082f00000, 0x0000000082f00000|100%| O|  |TAMS 0x0000000082f00000, 0x0000000082e00000| Untracked 
|  47|0x0000000082f00000, 0x0000000083000000, 0x0000000083000000|100%| O|  |TAMS 0x0000000083000000, 0x0000000082f00000| Untracked 
|  48|0x0000000083000000, 0x0000000083100000, 0x0000000083100000|100%| O|  |TAMS 0x0000000083100000, 0x0000000083000000| Untracked 
|  49|0x0000000083100000, 0x0000000083200000, 0x0000000083200000|100%| O|  |TAMS 0x0000000083200000, 0x0000000083100000| Untracked 
|  50|0x0000000083200000, 0x0000000083300000, 0x0000000083300000|100%| O|  |TAMS 0x0000000083300000, 0x0000000083200000| Untracked 
|  51|0x0000000083300000, 0x0000000083400000, 0x0000000083400000|100%| O|  |TAMS 0x0000000083400000, 0x0000000083300000| Untracked 
|  52|0x0000000083400000, 0x0000000083500000, 0x0000000083500000|100%|HS|  |TAMS 0x0000000083500000, 0x0000000083400000| Complete 
|  53|0x0000000083500000, 0x0000000083600000, 0x0000000083600000|100%|HC|  |TAMS 0x0000000083600000, 0x0000000083500000| Complete 
|  54|0x0000000083600000, 0x0000000083700000, 0x0000000083700000|100%| O|  |TAMS 0x0000000083700000, 0x0000000083600000| Untracked 
|  55|0x0000000083700000, 0x0000000083800000, 0x0000000083800000|100%| O|  |TAMS 0x0000000083800000, 0x0000000083700000| Untracked 
|  56|0x0000000083800000, 0x0000000083900000, 0x0000000083900000|100%| O|  |TAMS 0x0000000083900000, 0x0000000083800000| Untracked 
|  57|0x0000000083900000, 0x0000000083a00000, 0x0000000083a00000|100%| O|  |TAMS 0x0000000083a00000, 0x0000000083900000| Untracked 
|  58|0x0000000083a00000, 0x0000000083b00000, 0x0000000083b00000|100%| O|  |TAMS 0x0000000083b00000, 0x0000000083a00000| Untracked 
|  59|0x0000000083b00000, 0x0000000083c00000, 0x0000000083c00000|100%| O|  |TAMS 0x0000000083c00000, 0x0000000083b00000| Untracked 
|  60|0x0000000083c00000, 0x0000000083d00000, 0x0000000083d00000|100%| O|  |TAMS 0x0000000083d00000, 0x0000000083c00000| Updating 
|  61|0x0000000083d00000, 0x0000000083e00000, 0x0000000083e00000|100%| O|  |TAMS 0x0000000083e00000, 0x0000000083d00000| Untracked 
|  62|0x0000000083e00000, 0x0000000083f00000, 0x0000000083f00000|100%| O|  |TAMS 0x0000000083f00000, 0x0000000083e00000| Untracked 
|  63|0x0000000083f00000, 0x0000000084000000, 0x0000000084000000|100%| O|  |TAMS 0x0000000084000000, 0x0000000083f00000| Untracked 
|  64|0x0000000084000000, 0x0000000084100000, 0x0000000084100000|100%| O|  |TAMS 0x0000000084100000, 0x0000000084000000| Untracked 
|  65|0x0000000084100000, 0x0000000084200000, 0x0000000084200000|100%| O|  |TAMS 0x0000000084200000, 0x0000000084100000| Untracked 
|  66|0x0000000084200000, 0x0000000084300000, 0x0000000084300000|100%| O|  |TAMS 0x0000000084300000, 0x0000000084200000| Updating 
|  67|0x0000000084300000, 0x0000000084400000, 0x0000000084400000|100%| O|  |TAMS 0x0000000084400000, 0x0000000084300000| Untracked 
|  68|0x0000000084400000, 0x0000000084500000, 0x0000000084500000|100%| O|  |TAMS 0x0000000084500000, 0x0000000084400000| Updating 
|  69|0x0000000084500000, 0x0000000084600000, 0x0000000084600000|100%| O|  |TAMS 0x0000000084600000, 0x0000000084500000| Untracked 
|  70|0x0000000084600000, 0x0000000084700000, 0x0000000084700000|100%| O|  |TAMS 0x0000000084700000, 0x0000000084600000| Untracked 
|  71|0x0000000084700000, 0x0000000084800000, 0x0000000084800000|100%| O|  |TAMS 0x0000000084800000, 0x0000000084700000| Untracked 
|  72|0x0000000084800000, 0x0000000084900000, 0x0000000084900000|100%| O|  |TAMS 0x0000000084900000, 0x0000000084800000| Updating 
|  73|0x0000000084900000, 0x0000000084a00000, 0x0000000084a00000|100%| O|  |TAMS 0x0000000084a00000, 0x0000000084900000| Updating 
|  74|0x0000000084a00000, 0x0000000084b00000, 0x0000000084b00000|100%| O|  |TAMS 0x0000000084b00000, 0x0000000084a00000| Untracked 
|  75|0x0000000084b00000, 0x0000000084c00000, 0x0000000084c00000|100%| O|  |TAMS 0x0000000084c00000, 0x0000000084b00000| Untracked 
|  76|0x0000000084c00000, 0x0000000084d00000, 0x0000000084d00000|100%| O|  |TAMS 0x0000000084d00000, 0x0000000084c00000| Untracked 
|  77|0x0000000084d00000, 0x0000000084e00000, 0x0000000084e00000|100%| O|  |TAMS 0x0000000084e00000, 0x0000000084d00000| Untracked 
|  78|0x0000000084e00000, 0x0000000084f00000, 0x0000000084f00000|100%| O|  |TAMS 0x0000000084f00000, 0x0000000084e00000| Untracked 
|  79|0x0000000084f00000, 0x0000000085000000, 0x0000000085000000|100%| O|  |TAMS 0x0000000085000000, 0x0000000084f00000| Untracked 
|  80|0x0000000085000000, 0x0000000085100000, 0x0000000085100000|100%| O|  |TAMS 0x0000000085100000, 0x0000000085000000| Updating 
|  81|0x0000000085100000, 0x0000000085200000, 0x0000000085200000|100%| O|  |TAMS 0x0000000085200000, 0x0000000085100000| Untracked 
|  82|0x0000000085200000, 0x0000000085300000, 0x0000000085300000|100%| O|  |TAMS 0x0000000085300000, 0x0000000085200000| Untracked 
|  83|0x0000000085300000, 0x0000000085400000, 0x0000000085400000|100%| O|  |TAMS 0x0000000085400000, 0x0000000085300000| Updating 
|  84|0x0000000085400000, 0x0000000085500000, 0x0000000085500000|100%| O|  |TAMS 0x0000000085500000, 0x0000000085400000| Untracked 
|  85|0x0000000085500000, 0x0000000085600000, 0x0000000085600000|100%| O|  |TAMS 0x0000000085600000, 0x0000000085500000| Untracked 
|  86|0x0000000085600000, 0x0000000085700000, 0x0000000085700000|100%| O|  |TAMS 0x0000000085700000, 0x0000000085600000| Untracked 
|  87|0x0000000085700000, 0x0000000085800000, 0x0000000085800000|100%| O|  |TAMS 0x0000000085800000, 0x0000000085700000| Untracked 
|  88|0x0000000085800000, 0x0000000085900000, 0x0000000085900000|100%| O|  |TAMS 0x0000000085900000, 0x0000000085800000| Updating 
|  89|0x0000000085900000, 0x0000000085a00000, 0x0000000085a00000|100%|HS|  |TAMS 0x0000000085a00000, 0x0000000085900000| Complete 
|  90|0x0000000085a00000, 0x0000000085b00000, 0x0000000085b00000|100%| O|  |TAMS 0x0000000085b00000, 0x0000000085a00000| Untracked 
|  91|0x0000000085b00000, 0x0000000085c00000, 0x0000000085c00000|100%| O|  |TAMS 0x0000000085c00000, 0x0000000085b00000| Untracked 
|  92|0x0000000085c00000, 0x0000000085d00000, 0x0000000085d00000|100%| O|  |TAMS 0x0000000085d00000, 0x0000000085c00000| Untracked 
|  93|0x0000000085d00000, 0x0000000085e00000, 0x0000000085e00000|100%| O|  |TAMS 0x0000000085e00000, 0x0000000085d00000| Untracked 
|  94|0x0000000085e00000, 0x0000000085f00000, 0x0000000085f00000|100%| O|  |TAMS 0x0000000085f00000, 0x0000000085e00000| Updating 
|  95|0x0000000085f00000, 0x0000000086000000, 0x0000000086000000|100%| O|  |TAMS 0x0000000086000000, 0x0000000085f00000| Untracked 
|  96|0x0000000086000000, 0x0000000086100000, 0x0000000086100000|100%| O|  |TAMS 0x0000000086100000, 0x0000000086000000| Untracked 
|  97|0x0000000086100000, 0x0000000086200000, 0x0000000086200000|100%| O|  |TAMS 0x0000000086200000, 0x0000000086100000| Untracked 
|  98|0x0000000086200000, 0x0000000086300000, 0x0000000086300000|100%| O|  |TAMS 0x0000000086300000, 0x0000000086200000| Untracked 
|  99|0x0000000086300000, 0x0000000086400000, 0x0000000086400000|100%| O|  |TAMS 0x0000000086400000, 0x0000000086300000| Untracked 
| 100|0x0000000086400000, 0x0000000086500000, 0x0000000086500000|100%| O|  |TAMS 0x0000000086500000, 0x0000000086400000| Untracked 
| 101|0x0000000086500000, 0x0000000086600000, 0x0000000086600000|100%| O|  |TAMS 0x0000000086600000, 0x0000000086500000| Untracked 
| 102|0x0000000086600000, 0x0000000086700000, 0x0000000086700000|100%| O|  |TAMS 0x0000000086700000, 0x0000000086600000| Updating 
| 103|0x0000000086700000, 0x0000000086800000, 0x0000000086800000|100%| O|  |TAMS 0x0000000086800000, 0x0000000086700000| Updating 
| 104|0x0000000086800000, 0x0000000086900000, 0x0000000086900000|100%| O|  |TAMS 0x0000000086900000, 0x0000000086800000| Untracked 
| 105|0x0000000086900000, 0x0000000086a00000, 0x0000000086a00000|100%| O|  |TAMS 0x0000000086a00000, 0x0000000086900000| Untracked 
| 106|0x0000000086a00000, 0x0000000086b00000, 0x0000000086b00000|100%| O|  |TAMS 0x0000000086b00000, 0x0000000086a00000| Untracked 
| 107|0x0000000086b00000, 0x0000000086c00000, 0x0000000086c00000|100%| O|  |TAMS 0x0000000086c00000, 0x0000000086b00000| Untracked 
| 108|0x0000000086c00000, 0x0000000086d00000, 0x0000000086d00000|100%| O|  |TAMS 0x0000000086d00000, 0x0000000086c00000| Untracked 
| 109|0x0000000086d00000, 0x0000000086e00000, 0x0000000086e00000|100%| O|  |TAMS 0x0000000086e00000, 0x0000000086d00000| Untracked 
| 110|0x0000000086e00000, 0x0000000086f00000, 0x0000000086f00000|100%| O|  |TAMS 0x0000000086f00000, 0x0000000086e00000| Updating 
| 111|0x0000000086f00000, 0x0000000087000000, 0x0000000087000000|100%| O|  |TAMS 0x0000000087000000, 0x0000000086f00000| Untracked 
| 112|0x0000000087000000, 0x0000000087100000, 0x0000000087100000|100%| O|  |TAMS 0x0000000087100000, 0x0000000087000000| Updating 
| 113|0x0000000087100000, 0x0000000087200000, 0x0000000087200000|100%| O|  |TAMS 0x0000000087200000, 0x0000000087100000| Updating 
| 114|0x0000000087200000, 0x0000000087300000, 0x0000000087300000|100%| O|  |TAMS 0x0000000087300000, 0x0000000087200000| Updating 
| 115|0x0000000087300000, 0x0000000087400000, 0x0000000087400000|100%| O|  |TAMS 0x0000000087400000, 0x0000000087300000| Updating 
| 116|0x0000000087400000, 0x0000000087500000, 0x0000000087500000|100%| O|  |TAMS 0x0000000087500000, 0x0000000087400000| Untracked 
| 117|0x0000000087500000, 0x0000000087600000, 0x0000000087600000|100%| O|  |TAMS 0x0000000087600000, 0x0000000087500000| Untracked 
| 118|0x0000000087600000, 0x0000000087700000, 0x0000000087700000|100%|HS|  |TAMS 0x0000000087700000, 0x0000000087600000| Complete 
| 119|0x0000000087700000, 0x0000000087800000, 0x0000000087800000|100%|HC|  |TAMS 0x0000000087800000, 0x0000000087700000| Complete 
| 120|0x0000000087800000, 0x0000000087900000, 0x0000000087900000|100%|HS|  |TAMS 0x0000000087900000, 0x0000000087800000| Complete 
| 121|0x0000000087900000, 0x0000000087a00000, 0x0000000087a00000|100%|HC|  |TAMS 0x0000000087a00000, 0x0000000087900000| Complete 
| 122|0x0000000087a00000, 0x0000000087b00000, 0x0000000087b00000|100%|HS|  |TAMS 0x0000000087b00000, 0x0000000087a00000| Complete 
| 123|0x0000000087b00000, 0x0000000087c00000, 0x0000000087c00000|100%|HC|  |TAMS 0x0000000087c00000, 0x0000000087b00000| Complete 
| 124|0x0000000087c00000, 0x0000000087d00000, 0x0000000087d00000|100%|HS|  |TAMS 0x0000000087d00000, 0x0000000087c00000| Complete 
| 125|0x0000000087d00000, 0x0000000087e00000, 0x0000000087e00000|100%|HS|  |TAMS 0x0000000087e00000, 0x0000000087d00000| Complete 
| 126|0x0000000087e00000, 0x0000000087f00000, 0x0000000087f00000|100%|HC|  |TAMS 0x0000000087f00000, 0x0000000087e00000| Complete 
| 127|0x0000000087f00000, 0x0000000088000000, 0x0000000088000000|100%|HS|  |TAMS 0x0000000088000000, 0x0000000087f00000| Complete 
| 128|0x0000000088000000, 0x0000000088100000, 0x0000000088100000|100%|HS|  |TAMS 0x0000000088100000, 0x0000000088000000| Complete 
| 129|0x0000000088100000, 0x0000000088200000, 0x0000000088200000|100%|HS|  |TAMS 0x0000000088200000, 0x0000000088100000| Complete 
| 130|0x0000000088200000, 0x0000000088300000, 0x0000000088300000|100%|HC|  |TAMS 0x0000000088300000, 0x0000000088200000| Complete 
| 131|0x0000000088300000, 0x0000000088400000, 0x0000000088400000|100%|HS|  |TAMS 0x0000000088400000, 0x0000000088300000| Complete 
| 132|0x0000000088400000, 0x0000000088500000, 0x0000000088500000|100%|HS|  |TAMS 0x0000000088500000, 0x0000000088400000| Complete 
| 133|0x0000000088500000, 0x0000000088600000, 0x0000000088600000|100%|HS|  |TAMS 0x0000000088600000, 0x0000000088500000| Complete 
| 134|0x0000000088600000, 0x0000000088700000, 0x0000000088700000|100%|HC|  |TAMS 0x0000000088700000, 0x0000000088600000| Complete 
| 135|0x0000000088700000, 0x0000000088800000, 0x0000000088800000|100%|HS|  |TAMS 0x0000000088800000, 0x0000000088700000| Complete 
| 136|0x0000000088800000, 0x0000000088900000, 0x0000000088900000|100%|HC|  |TAMS 0x0000000088900000, 0x0000000088800000| Complete 
| 137|0x0000000088900000, 0x0000000088a00000, 0x0000000088a00000|100%|HS|  |TAMS 0x0000000088a00000, 0x0000000088900000| Complete 
| 138|0x0000000088a00000, 0x0000000088b00000, 0x0000000088b00000|100%|HC|  |TAMS 0x0000000088b00000, 0x0000000088a00000| Complete 
| 139|0x0000000088b00000, 0x0000000088c00000, 0x0000000088c00000|100%|HC|  |TAMS 0x0000000088c00000, 0x0000000088b00000| Complete 
| 140|0x0000000088c00000, 0x0000000088d00000, 0x0000000088d00000|100%|HS|  |TAMS 0x0000000088d00000, 0x0000000088c00000| Complete 
| 141|0x0000000088d00000, 0x0000000088e00000, 0x0000000088e00000|100%|HC|  |TAMS 0x0000000088e00000, 0x0000000088d00000| Complete 
| 142|0x0000000088e00000, 0x0000000088f00000, 0x0000000088f00000|100%|HC|  |TAMS 0x0000000088f00000, 0x0000000088e00000| Complete 
| 143|0x0000000088f00000, 0x0000000089000000, 0x0000000089000000|100%| O|  |TAMS 0x0000000089000000, 0x0000000088f00000| Untracked 
| 144|0x0000000089000000, 0x0000000089100000, 0x0000000089100000|100%| O|  |TAMS 0x0000000089100000, 0x0000000089000000| Untracked 
| 145|0x0000000089100000, 0x0000000089200000, 0x0000000089200000|100%| O|  |TAMS 0x0000000089200000, 0x0000000089100000| Untracked 
| 146|0x0000000089200000, 0x0000000089300000, 0x0000000089300000|100%| O|  |TAMS 0x0000000089300000, 0x0000000089200000| Untracked 
| 147|0x0000000089300000, 0x0000000089400000, 0x0000000089400000|100%| O|  |TAMS 0x0000000089400000, 0x0000000089300000| Untracked 
| 148|0x0000000089400000, 0x0000000089500000, 0x0000000089500000|100%| O|  |TAMS 0x0000000089500000, 0x0000000089400000| Untracked 
| 149|0x0000000089500000, 0x0000000089600000, 0x0000000089600000|100%| O|  |TAMS 0x0000000089600000, 0x0000000089500000| Untracked 
| 150|0x0000000089600000, 0x0000000089700000, 0x0000000089700000|100%| O|  |TAMS 0x0000000089700000, 0x0000000089600000| Untracked 
| 151|0x0000000089700000, 0x0000000089800000, 0x0000000089800000|100%| O|  |TAMS 0x0000000089800000, 0x0000000089700000| Untracked 
| 152|0x0000000089800000, 0x0000000089900000, 0x0000000089900000|100%| O|  |TAMS 0x0000000089900000, 0x0000000089800000| Untracked 
| 153|0x0000000089900000, 0x0000000089a00000, 0x0000000089a00000|100%| O|  |TAMS 0x0000000089a00000, 0x0000000089900000| Untracked 
| 154|0x0000000089a00000, 0x0000000089b00000, 0x0000000089b00000|100%| O|  |TAMS 0x0000000089b00000, 0x0000000089a00000| Untracked 
| 155|0x0000000089b00000, 0x0000000089c00000, 0x0000000089c00000|100%|HS|  |TAMS 0x0000000089c00000, 0x0000000089b00000| Complete 
| 156|0x0000000089c00000, 0x0000000089d00000, 0x0000000089d00000|100%| O|  |TAMS 0x0000000089d00000, 0x0000000089c00000| Untracked 
| 157|0x0000000089d00000, 0x0000000089e00000, 0x0000000089e00000|100%|HS|  |TAMS 0x0000000089e00000, 0x0000000089d00000| Complete 
| 158|0x0000000089e00000, 0x0000000089f00000, 0x0000000089f00000|100%|HC|  |TAMS 0x0000000089f00000, 0x0000000089e00000| Complete 
| 159|0x0000000089f00000, 0x000000008a000000, 0x000000008a000000|100%|HS|  |TAMS 0x000000008a000000, 0x0000000089f00000| Complete 
| 160|0x000000008a000000, 0x000000008a100000, 0x000000008a100000|100%|HS|  |TAMS 0x000000008a100000, 0x000000008a000000| Complete 
| 161|0x000000008a100000, 0x000000008a200000, 0x000000008a200000|100%|HS|  |TAMS 0x000000008a200000, 0x000000008a100000| Complete 
| 162|0x000000008a200000, 0x000000008a300000, 0x000000008a300000|100%| O|  |TAMS 0x000000008a200000, 0x000000008a200000| Untracked 
| 163|0x000000008a300000, 0x000000008a400000, 0x000000008a400000|100%|HS|  |TAMS 0x000000008a400000, 0x000000008a300000| Complete 
| 164|0x000000008a400000, 0x000000008a500000, 0x000000008a500000|100%|HC|  |TAMS 0x000000008a500000, 0x000000008a400000| Complete 
| 165|0x000000008a500000, 0x000000008a600000, 0x000000008a600000|100%|HS|  |TAMS 0x000000008a600000, 0x000000008a500000| Complete 
| 166|0x000000008a600000, 0x000000008a700000, 0x000000008a700000|100%|HS|  |TAMS 0x000000008a700000, 0x000000008a600000| Complete 
| 167|0x000000008a700000, 0x000000008a800000, 0x000000008a800000|100%|HS|  |TAMS 0x000000008a800000, 0x000000008a700000| Complete 
| 168|0x000000008a800000, 0x000000008a900000, 0x000000008a900000|100%|HS|  |TAMS 0x000000008a900000, 0x000000008a800000| Complete 
| 169|0x000000008a900000, 0x000000008aa00000, 0x000000008aa00000|100%|HC|  |TAMS 0x000000008aa00000, 0x000000008a900000| Complete 
| 170|0x000000008aa00000, 0x000000008ab00000, 0x000000008ab00000|100%|HS|  |TAMS 0x000000008ab00000, 0x000000008aa00000| Complete 
| 171|0x000000008ab00000, 0x000000008ac00000, 0x000000008ac00000|100%| O|  |TAMS 0x000000008ac00000, 0x000000008ab00000| Updating 
| 172|0x000000008ac00000, 0x000000008ad00000, 0x000000008ad00000|100%| O|  |TAMS 0x000000008ad00000, 0x000000008ac00000| Untracked 
| 173|0x000000008ad00000, 0x000000008ae00000, 0x000000008ae00000|100%| O|  |TAMS 0x000000008ae00000, 0x000000008ad00000| Untracked 
| 174|0x000000008ae00000, 0x000000008af00000, 0x000000008af00000|100%|HS|  |TAMS 0x000000008af00000, 0x000000008ae00000| Complete 
| 175|0x000000008af00000, 0x000000008b000000, 0x000000008b000000|100%|HS|  |TAMS 0x000000008b000000, 0x000000008af00000| Complete 
| 176|0x000000008b000000, 0x000000008b100000, 0x000000008b100000|100%| O|  |TAMS 0x000000008b100000, 0x000000008b000000| Untracked 
| 177|0x000000008b100000, 0x000000008b200000, 0x000000008b200000|100%| O|  |TAMS 0x000000008b200000, 0x000000008b100000| Untracked 
| 178|0x000000008b200000, 0x000000008b300000, 0x000000008b300000|100%| O|  |TAMS 0x000000008b300000, 0x000000008b200000| Untracked 
| 179|0x000000008b300000, 0x000000008b400000, 0x000000008b400000|100%| O|  |TAMS 0x000000008b400000, 0x000000008b300000| Untracked 
| 180|0x000000008b400000, 0x000000008b500000, 0x000000008b500000|100%| O|  |TAMS 0x000000008b500000, 0x000000008b400000| Untracked 
| 181|0x000000008b500000, 0x000000008b600000, 0x000000008b600000|100%| O|  |TAMS 0x000000008b600000, 0x000000008b500000| Untracked 
| 182|0x000000008b600000, 0x000000008b700000, 0x000000008b700000|100%| O|  |TAMS 0x000000008b700000, 0x000000008b600000| Untracked 
| 183|0x000000008b700000, 0x000000008b800000, 0x000000008b800000|100%| O|  |TAMS 0x000000008b800000, 0x000000008b700000| Untracked 
| 184|0x000000008b800000, 0x000000008b900000, 0x000000008b900000|100%| O|  |TAMS 0x000000008b900000, 0x000000008b800000| Updating 
| 185|0x000000008b900000, 0x000000008ba00000, 0x000000008ba00000|100%| O|  |TAMS 0x000000008ba00000, 0x000000008b900000| Updating 
| 186|0x000000008ba00000, 0x000000008bb00000, 0x000000008bb00000|100%| O|  |TAMS 0x000000008bb00000, 0x000000008ba00000| Untracked 
| 187|0x000000008bb00000, 0x000000008bc00000, 0x000000008bc00000|100%| O|  |TAMS 0x000000008bbb0200, 0x000000008bb00000| Untracked 
| 188|0x000000008bc00000, 0x000000008bd00000, 0x000000008bd00000|100%|HS|  |TAMS 0x000000008bd00000, 0x000000008bc00000| Complete 
| 189|0x000000008bd00000, 0x000000008be00000, 0x000000008be00000|100%| O|  |TAMS 0x000000008be00000, 0x000000008bd00000| Updating 
| 190|0x000000008be00000, 0x000000008bf00000, 0x000000008bf00000|100%| O|  |TAMS 0x000000008bf00000, 0x000000008be00000| Updating 
| 191|0x000000008bf00000, 0x000000008c000000, 0x000000008c000000|100%| O|  |TAMS 0x000000008c000000, 0x000000008bf00000| Updating 
| 192|0x000000008c000000, 0x000000008c100000, 0x000000008c100000|100%|HS|  |TAMS 0x000000008c100000, 0x000000008c000000| Complete 
| 193|0x000000008c100000, 0x000000008c200000, 0x000000008c200000|100%|HS|  |TAMS 0x000000008c200000, 0x000000008c100000| Complete 
| 194|0x000000008c200000, 0x000000008c300000, 0x000000008c300000|100%|HC|  |TAMS 0x000000008c300000, 0x000000008c200000| Complete 
| 195|0x000000008c300000, 0x000000008c400000, 0x000000008c400000|100%| O|  |TAMS 0x000000008c300000, 0x000000008c300000| Untracked 
| 196|0x000000008c400000, 0x000000008c500000, 0x000000008c500000|100%| O|  |TAMS 0x000000008c500000, 0x000000008c400000| Untracked 
| 197|0x000000008c500000, 0x000000008c600000, 0x000000008c600000|100%|HS|  |TAMS 0x000000008c600000, 0x000000008c500000| Complete 
| 198|0x000000008c600000, 0x000000008c700000, 0x000000008c700000|100%| O|  |TAMS 0x000000008c700000, 0x000000008c600000| Untracked 
| 199|0x000000008c700000, 0x000000008c800000, 0x000000008c800000|100%| O|  |TAMS 0x000000008c800000, 0x000000008c700000| Untracked 
| 200|0x000000008c800000, 0x000000008c900000, 0x000000008c900000|100%| O|  |TAMS 0x000000008c900000, 0x000000008c800000| Untracked 
| 201|0x000000008c900000, 0x000000008ca00000, 0x000000008ca00000|100%| O|  |TAMS 0x000000008ca00000, 0x000000008c900000| Updating 
| 202|0x000000008ca00000, 0x000000008cb00000, 0x000000008cb00000|100%|HS|  |TAMS 0x000000008cb00000, 0x000000008ca00000| Complete 
| 203|0x000000008cb00000, 0x000000008cc00000, 0x000000008cc00000|100%|HS|  |TAMS 0x000000008cc00000, 0x000000008cb00000| Complete 
| 204|0x000000008cc00000, 0x000000008cd00000, 0x000000008cd00000|100%|HC|  |TAMS 0x000000008cd00000, 0x000000008cc00000| Complete 
| 205|0x000000008cd00000, 0x000000008ce00000, 0x000000008ce00000|100%| O|  |TAMS 0x000000008ce00000, 0x000000008cd00000| Updating 
| 206|0x000000008ce00000, 0x000000008cf00000, 0x000000008cf00000|100%| O|  |TAMS 0x000000008cf00000, 0x000000008ce00000| Updating 
| 207|0x000000008cf00000, 0x000000008d000000, 0x000000008d000000|100%| O|  |TAMS 0x000000008d000000, 0x000000008cf00000| Untracked 
| 208|0x000000008d000000, 0x000000008d100000, 0x000000008d100000|100%| O|  |TAMS 0x000000008d100000, 0x000000008d000000| Untracked 
| 209|0x000000008d100000, 0x000000008d200000, 0x000000008d200000|100%| O|  |TAMS 0x000000008d200000, 0x000000008d100000| Untracked 
| 210|0x000000008d200000, 0x000000008d300000, 0x000000008d300000|100%| O|  |TAMS 0x000000008d300000, 0x000000008d200000| Updating 
| 211|0x000000008d300000, 0x000000008d400000, 0x000000008d400000|100%| O|  |TAMS 0x000000008d400000, 0x000000008d300000| Untracked 
| 212|0x000000008d400000, 0x000000008d500000, 0x000000008d500000|100%| O|  |TAMS 0x000000008d500000, 0x000000008d400000| Untracked 
| 213|0x000000008d500000, 0x000000008d600000, 0x000000008d600000|100%| O|  |TAMS 0x000000008d600000, 0x000000008d500000| Untracked 
| 214|0x000000008d600000, 0x000000008d700000, 0x000000008d700000|100%| O|  |TAMS 0x000000008d700000, 0x000000008d600000| Untracked 
| 215|0x000000008d700000, 0x000000008d800000, 0x000000008d800000|100%| O|  |TAMS 0x000000008d800000, 0x000000008d700000| Updating 
| 216|0x000000008d800000, 0x000000008d900000, 0x000000008d900000|100%| O|  |TAMS 0x000000008d900000, 0x000000008d800000| Untracked 
| 217|0x000000008d900000, 0x000000008da00000, 0x000000008da00000|100%|HS|  |TAMS 0x000000008da00000, 0x000000008d900000| Complete 
| 218|0x000000008da00000, 0x000000008db00000, 0x000000008db00000|100%|HC|  |TAMS 0x000000008db00000, 0x000000008da00000| Complete 
| 219|0x000000008db00000, 0x000000008dc00000, 0x000000008dc00000|100%|HS|  |TAMS 0x000000008dc00000, 0x000000008db00000| Complete 
| 220|0x000000008dc00000, 0x000000008dd00000, 0x000000008dd00000|100%|HS|  |TAMS 0x000000008dd00000, 0x000000008dc00000| Complete 
| 221|0x000000008dd00000, 0x000000008de00000, 0x000000008de00000|100%|HC|  |TAMS 0x000000008de00000, 0x000000008dd00000| Complete 
| 222|0x000000008de00000, 0x000000008df00000, 0x000000008df00000|100%| O|  |TAMS 0x000000008df00000, 0x000000008de00000| Updating 
| 223|0x000000008df00000, 0x000000008e000000, 0x000000008e000000|100%| O|  |TAMS 0x000000008e000000, 0x000000008df00000| Updating 
| 224|0x000000008e000000, 0x000000008e100000, 0x000000008e100000|100%| O|  |TAMS 0x000000008e100000, 0x000000008e000000| Updating 
| 225|0x000000008e100000, 0x000000008e200000, 0x000000008e200000|100%| O|  |TAMS 0x000000008e200000, 0x000000008e100000| Updating 
| 226|0x000000008e200000, 0x000000008e300000, 0x000000008e300000|100%| O|  |TAMS 0x000000008e300000, 0x000000008e200000| Updating 
| 227|0x000000008e300000, 0x000000008e400000, 0x000000008e400000|100%| O|  |TAMS 0x000000008e400000, 0x000000008e300000| Updating 
| 228|0x000000008e400000, 0x000000008e500000, 0x000000008e500000|100%| O|  |TAMS 0x000000008e500000, 0x000000008e400000| Updating 
| 229|0x000000008e500000, 0x000000008e600000, 0x000000008e600000|100%| O|  |TAMS 0x000000008e600000, 0x000000008e500000| Updating 
| 230|0x000000008e600000, 0x000000008e700000, 0x000000008e700000|100%| O|  |TAMS 0x000000008e700000, 0x000000008e600000| Updating 
| 231|0x000000008e700000, 0x000000008e800000, 0x000000008e800000|100%| O|  |TAMS 0x000000008e800000, 0x000000008e700000| Updating 
| 232|0x000000008e800000, 0x000000008e900000, 0x000000008e900000|100%|HS|  |TAMS 0x000000008e900000, 0x000000008e800000| Complete 
| 233|0x000000008e900000, 0x000000008ea00000, 0x000000008ea00000|100%|HC|  |TAMS 0x000000008ea00000, 0x000000008e900000| Complete 
| 234|0x000000008ea00000, 0x000000008eb00000, 0x000000008eb00000|100%| O|  |TAMS 0x000000008eb00000, 0x000000008ea00000| Untracked 
| 235|0x000000008eb00000, 0x000000008ec00000, 0x000000008ec00000|100%| O|  |TAMS 0x000000008ec00000, 0x000000008eb00000| Updating 
| 236|0x000000008ec00000, 0x000000008ed00000, 0x000000008ed00000|100%| O|  |TAMS 0x000000008ed00000, 0x000000008ec00000| Updating 
| 237|0x000000008ed00000, 0x000000008ee00000, 0x000000008ee00000|100%| O|  |TAMS 0x000000008ee00000, 0x000000008ed00000| Untracked 
| 238|0x000000008ee00000, 0x000000008ef00000, 0x000000008ef00000|100%| O|  |TAMS 0x000000008ef00000, 0x000000008ee00000| Updating 
| 239|0x000000008ef00000, 0x000000008f000000, 0x000000008f000000|100%| O|  |TAMS 0x000000008f000000, 0x000000008ef00000| Untracked 
| 240|0x000000008f000000, 0x000000008f100000, 0x000000008f100000|100%| O|  |TAMS 0x000000008f100000, 0x000000008f000000| Untracked 
| 241|0x000000008f100000, 0x000000008f200000, 0x000000008f200000|100%| O|  |TAMS 0x000000008f200000, 0x000000008f100000| Untracked 
| 242|0x000000008f200000, 0x000000008f300000, 0x000000008f300000|100%| O|  |TAMS 0x000000008f300000, 0x000000008f200000| Untracked 
| 243|0x000000008f300000, 0x000000008f400000, 0x000000008f400000|100%| O|  |TAMS 0x000000008f400000, 0x000000008f300000| Updating 
| 244|0x000000008f400000, 0x000000008f500000, 0x000000008f500000|100%| O|  |TAMS 0x000000008f500000, 0x000000008f400000| Updating 
| 245|0x000000008f500000, 0x000000008f600000, 0x000000008f600000|100%| O|  |TAMS 0x000000008f600000, 0x000000008f500000| Untracked 
| 246|0x000000008f600000, 0x000000008f700000, 0x000000008f700000|100%| O|  |TAMS 0x000000008f700000, 0x000000008f600000| Updating 
| 247|0x000000008f700000, 0x000000008f800000, 0x000000008f800000|100%| O|  |TAMS 0x000000008f800000, 0x000000008f700000| Updating 
| 248|0x000000008f800000, 0x000000008f900000, 0x000000008f900000|100%| O|  |TAMS 0x000000008f900000, 0x000000008f800000| Updating 
| 249|0x000000008f900000, 0x000000008fa00000, 0x000000008fa00000|100%| O|  |TAMS 0x000000008fa00000, 0x000000008f900000| Untracked 
| 250|0x000000008fa00000, 0x000000008fb00000, 0x000000008fb00000|100%| O|  |TAMS 0x000000008fb00000, 0x000000008fa00000| Untracked 
| 251|0x000000008fb00000, 0x000000008fc00000, 0x000000008fc00000|100%| O|  |TAMS 0x000000008fc00000, 0x000000008fb00000| Untracked 
| 252|0x000000008fc00000, 0x000000008fd00000, 0x000000008fd00000|100%| O|  |TAMS 0x000000008fd00000, 0x000000008fc00000| Updating 
| 253|0x000000008fd00000, 0x000000008fe00000, 0x000000008fe00000|100%| O|  |TAMS 0x000000008fe00000, 0x000000008fd00000| Untracked 
| 254|0x000000008fe00000, 0x000000008ff00000, 0x000000008ff00000|100%| O|  |TAMS 0x000000008ff00000, 0x000000008fe00000| Untracked 
| 255|0x000000008ff00000, 0x0000000090000000, 0x0000000090000000|100%| O|  |TAMS 0x0000000090000000, 0x000000008ff00000| Untracked 
| 256|0x0000000090000000, 0x0000000090100000, 0x0000000090100000|100%| O|  |TAMS 0x0000000090100000, 0x0000000090000000| Updating 
| 257|0x0000000090100000, 0x0000000090200000, 0x0000000090200000|100%| O|  |TAMS 0x0000000090200000, 0x0000000090100000| Updating 
| 258|0x0000000090200000, 0x0000000090300000, 0x0000000090300000|100%| O|  |TAMS 0x0000000090300000, 0x0000000090200000| Untracked 
| 259|0x0000000090300000, 0x0000000090400000, 0x0000000090400000|100%| O|  |TAMS 0x0000000090400000, 0x0000000090300000| Updating 
| 260|0x0000000090400000, 0x0000000090500000, 0x0000000090500000|100%| O|  |TAMS 0x0000000090500000, 0x0000000090400000| Untracked 
| 261|0x0000000090500000, 0x0000000090600000, 0x0000000090600000|100%| O|  |TAMS 0x0000000090600000, 0x0000000090500000| Updating 
| 262|0x0000000090600000, 0x0000000090700000, 0x0000000090700000|100%| O|  |TAMS 0x0000000090700000, 0x0000000090600000| Untracked 
| 263|0x0000000090700000, 0x0000000090800000, 0x0000000090800000|100%| O|  |TAMS 0x0000000090800000, 0x0000000090700000| Updating 
| 264|0x0000000090800000, 0x0000000090900000, 0x0000000090900000|100%| O|  |TAMS 0x0000000090900000, 0x0000000090800000| Updating 
| 265|0x0000000090900000, 0x0000000090a00000, 0x0000000090a00000|100%| O|  |TAMS 0x0000000090a00000, 0x0000000090900000| Untracked 
| 266|0x0000000090a00000, 0x0000000090b00000, 0x0000000090b00000|100%| O|  |TAMS 0x0000000090b00000, 0x0000000090a00000| Untracked 
| 267|0x0000000090b00000, 0x0000000090c00000, 0x0000000090c00000|100%| O|  |TAMS 0x0000000090c00000, 0x0000000090b00000| Untracked 
| 268|0x0000000090c00000, 0x0000000090d00000, 0x0000000090d00000|100%| O|  |TAMS 0x0000000090d00000, 0x0000000090c00000| Updating 
| 269|0x0000000090d00000, 0x0000000090e00000, 0x0000000090e00000|100%| O|  |TAMS 0x0000000090e00000, 0x0000000090d00000| Updating 
| 270|0x0000000090e00000, 0x0000000090f00000, 0x0000000090f00000|100%| O|  |TAMS 0x0000000090f00000, 0x0000000090e00000| Untracked 
| 271|0x0000000090f00000, 0x0000000091000000, 0x0000000091000000|100%| O|  |TAMS 0x0000000091000000, 0x0000000090f00000| Updating 
| 272|0x0000000091000000, 0x0000000091100000, 0x0000000091100000|100%| O|  |TAMS 0x0000000091100000, 0x0000000091000000| Untracked 
| 273|0x0000000091100000, 0x0000000091200000, 0x0000000091200000|100%| O|  |TAMS 0x0000000091200000, 0x0000000091100000| Untracked 
| 274|0x0000000091200000, 0x0000000091300000, 0x0000000091300000|100%| O|  |TAMS 0x0000000091300000, 0x0000000091200000| Untracked 
| 275|0x0000000091300000, 0x0000000091400000, 0x0000000091400000|100%| O|  |TAMS 0x0000000091400000, 0x0000000091300000| Untracked 
| 276|0x0000000091400000, 0x0000000091500000, 0x0000000091500000|100%| O|  |TAMS 0x0000000091500000, 0x0000000091400000| Untracked 
| 277|0x0000000091500000, 0x0000000091600000, 0x0000000091600000|100%| O|  |TAMS 0x0000000091600000, 0x0000000091500000| Updating 
| 278|0x0000000091600000, 0x0000000091700000, 0x0000000091700000|100%| O|  |TAMS 0x0000000091700000, 0x0000000091600000| Untracked 
| 279|0x0000000091700000, 0x0000000091800000, 0x0000000091800000|100%| O|  |TAMS 0x0000000091800000, 0x0000000091700000| Untracked 
| 280|0x0000000091800000, 0x0000000091900000, 0x0000000091900000|100%| O|  |TAMS 0x0000000091900000, 0x0000000091800000| Untracked 
| 281|0x0000000091900000, 0x0000000091a00000, 0x0000000091a00000|100%| O|  |TAMS 0x0000000091a00000, 0x0000000091900000| Untracked 
| 282|0x0000000091a00000, 0x0000000091b00000, 0x0000000091b00000|100%| O|  |TAMS 0x0000000091b00000, 0x0000000091a00000| Updating 
| 283|0x0000000091b00000, 0x0000000091c00000, 0x0000000091c00000|100%| O|  |TAMS 0x0000000091c00000, 0x0000000091b00000| Updating 
| 284|0x0000000091c00000, 0x0000000091d00000, 0x0000000091d00000|100%| O|  |TAMS 0x0000000091d00000, 0x0000000091c00000| Untracked 
| 285|0x0000000091d00000, 0x0000000091e00000, 0x0000000091e00000|100%| O|  |TAMS 0x0000000091e00000, 0x0000000091d00000| Updating 
| 286|0x0000000091e00000, 0x0000000091f00000, 0x0000000091f00000|100%| O|  |TAMS 0x0000000091f00000, 0x0000000091e00000| Updating 
| 287|0x0000000091f00000, 0x0000000092000000, 0x0000000092000000|100%| O|  |TAMS 0x0000000092000000, 0x0000000091f00000| Untracked 
| 288|0x0000000092000000, 0x0000000092100000, 0x0000000092100000|100%| O|  |TAMS 0x0000000092100000, 0x0000000092000000| Untracked 
| 289|0x0000000092100000, 0x0000000092200000, 0x0000000092200000|100%| O|  |TAMS 0x0000000092200000, 0x0000000092100000| Untracked 
| 290|0x0000000092200000, 0x0000000092300000, 0x0000000092300000|100%| O|  |TAMS 0x0000000092300000, 0x0000000092200000| Untracked 
| 291|0x0000000092300000, 0x0000000092400000, 0x0000000092400000|100%| O|  |TAMS 0x0000000092400000, 0x0000000092300000| Untracked 
| 292|0x0000000092400000, 0x0000000092500000, 0x0000000092500000|100%| O|  |TAMS 0x0000000092500000, 0x0000000092400000| Untracked 
| 293|0x0000000092500000, 0x0000000092600000, 0x0000000092600000|100%| O|  |TAMS 0x0000000092600000, 0x0000000092500000| Updating 
| 294|0x0000000092600000, 0x0000000092700000, 0x0000000092700000|100%| O|  |TAMS 0x0000000092700000, 0x0000000092600000| Updating 
| 295|0x0000000092700000, 0x0000000092800000, 0x0000000092800000|100%| O|  |TAMS 0x0000000092800000, 0x0000000092700000| Updating 
| 296|0x0000000092800000, 0x0000000092900000, 0x0000000092900000|100%| O|  |TAMS 0x0000000092900000, 0x0000000092800000| Updating 
| 297|0x0000000092900000, 0x0000000092a00000, 0x0000000092a00000|100%| O|  |TAMS 0x0000000092a00000, 0x0000000092900000| Updating 
| 298|0x0000000092a00000, 0x0000000092b00000, 0x0000000092b00000|100%| O|  |TAMS 0x0000000092b00000, 0x0000000092a00000| Updating 
| 299|0x0000000092b00000, 0x0000000092c00000, 0x0000000092c00000|100%| O|  |TAMS 0x0000000092c00000, 0x0000000092b00000| Updating 
| 300|0x0000000092c00000, 0x0000000092d00000, 0x0000000092d00000|100%| O|  |TAMS 0x0000000092d00000, 0x0000000092c00000| Updating 
| 301|0x0000000092d00000, 0x0000000092e00000, 0x0000000092e00000|100%| O|  |TAMS 0x0000000092e00000, 0x0000000092d00000| Updating 
| 302|0x0000000092e00000, 0x0000000092f00000, 0x0000000092f00000|100%| O|  |TAMS 0x0000000092f00000, 0x0000000092e00000| Updating 
| 303|0x0000000092f00000, 0x0000000093000000, 0x0000000093000000|100%| O|  |TAMS 0x0000000093000000, 0x0000000092f00000| Updating 
| 304|0x0000000093000000, 0x0000000093100000, 0x0000000093100000|100%| O|  |TAMS 0x0000000093100000, 0x0000000093000000| Updating 
| 305|0x0000000093100000, 0x0000000093200000, 0x0000000093200000|100%| O|  |TAMS 0x0000000093200000, 0x0000000093100000| Updating 
| 306|0x0000000093200000, 0x0000000093300000, 0x0000000093300000|100%| O|  |TAMS 0x0000000093300000, 0x0000000093200000| Untracked 
| 307|0x0000000093300000, 0x0000000093400000, 0x0000000093400000|100%| O|  |TAMS 0x0000000093400000, 0x0000000093300000| Untracked 
| 308|0x0000000093400000, 0x0000000093500000, 0x0000000093500000|100%| O|  |TAMS 0x0000000093500000, 0x0000000093400000| Untracked 
| 309|0x0000000093500000, 0x0000000093600000, 0x0000000093600000|100%| O|  |TAMS 0x0000000093600000, 0x0000000093500000| Untracked 
| 310|0x0000000093600000, 0x0000000093700000, 0x0000000093700000|100%| O|  |TAMS 0x0000000093700000, 0x0000000093600000| Untracked 
| 311|0x0000000093700000, 0x0000000093800000, 0x0000000093800000|100%| O|  |TAMS 0x0000000093800000, 0x0000000093700000| Untracked 
| 312|0x0000000093800000, 0x0000000093900000, 0x0000000093900000|100%| O|  |TAMS 0x0000000093900000, 0x0000000093800000| Untracked 
| 313|0x0000000093900000, 0x0000000093a00000, 0x0000000093a00000|100%| O|  |TAMS 0x0000000093a00000, 0x0000000093900000| Updating 
| 314|0x0000000093a00000, 0x0000000093b00000, 0x0000000093b00000|100%| O|  |TAMS 0x0000000093b00000, 0x0000000093a00000| Updating 
| 315|0x0000000093b00000, 0x0000000093c00000, 0x0000000093c00000|100%| O|  |TAMS 0x0000000093c00000, 0x0000000093b00000| Untracked 
| 316|0x0000000093c00000, 0x0000000093d00000, 0x0000000093d00000|100%| O|  |TAMS 0x0000000093d00000, 0x0000000093c00000| Updating 
| 317|0x0000000093d00000, 0x0000000093e00000, 0x0000000093e00000|100%| O|  |TAMS 0x0000000093e00000, 0x0000000093d00000| Updating 
| 318|0x0000000093e00000, 0x0000000093f00000, 0x0000000093f00000|100%| O|  |TAMS 0x0000000093f00000, 0x0000000093e00000| Untracked 
| 319|0x0000000093f00000, 0x0000000094000000, 0x0000000094000000|100%| O|  |TAMS 0x0000000094000000, 0x0000000093f00000| Untracked 
| 320|0x0000000094000000, 0x0000000094100000, 0x0000000094100000|100%| O|  |TAMS 0x0000000094100000, 0x0000000094000000| Untracked 
| 321|0x0000000094100000, 0x0000000094200000, 0x0000000094200000|100%| O|  |TAMS 0x0000000094200000, 0x0000000094100000| Updating 
| 322|0x0000000094200000, 0x0000000094300000, 0x0000000094300000|100%| O|  |TAMS 0x0000000094300000, 0x0000000094200000| Untracked 
| 323|0x0000000094300000, 0x0000000094400000, 0x0000000094400000|100%| O|  |TAMS 0x0000000094400000, 0x0000000094300000| Updating 
| 324|0x0000000094400000, 0x0000000094500000, 0x0000000094500000|100%| O|  |TAMS 0x0000000094500000, 0x0000000094400000| Updating 
| 325|0x0000000094500000, 0x0000000094600000, 0x0000000094600000|100%| O|  |TAMS 0x0000000094600000, 0x0000000094500000| Updating 
| 326|0x0000000094600000, 0x0000000094700000, 0x0000000094700000|100%| O|  |TAMS 0x0000000094700000, 0x0000000094600000| Untracked 
| 327|0x0000000094700000, 0x0000000094800000, 0x0000000094800000|100%| O|  |TAMS 0x0000000094800000, 0x0000000094700000| Untracked 
| 328|0x0000000094800000, 0x0000000094900000, 0x0000000094900000|100%| O|  |TAMS 0x0000000094900000, 0x0000000094800000| Updating 
| 329|0x0000000094900000, 0x0000000094a00000, 0x0000000094a00000|100%| O|  |TAMS 0x0000000094a00000, 0x0000000094900000| Updating 
| 330|0x0000000094a00000, 0x0000000094b00000, 0x0000000094b00000|100%| O|  |TAMS 0x0000000094b00000, 0x0000000094a00000| Updating 
| 331|0x0000000094b00000, 0x0000000094c00000, 0x0000000094c00000|100%| O|  |TAMS 0x0000000094c00000, 0x0000000094b00000| Updating 
| 332|0x0000000094c00000, 0x0000000094d00000, 0x0000000094d00000|100%| O|  |TAMS 0x0000000094d00000, 0x0000000094c00000| Untracked 
| 333|0x0000000094d00000, 0x0000000094e00000, 0x0000000094e00000|100%| O|  |TAMS 0x0000000094e00000, 0x0000000094d00000| Updating 
| 334|0x0000000094e00000, 0x0000000094f00000, 0x0000000094f00000|100%| O|  |TAMS 0x0000000094f00000, 0x0000000094e00000| Updating 
| 335|0x0000000094f00000, 0x0000000095000000, 0x0000000095000000|100%| O|  |TAMS 0x0000000095000000, 0x0000000094f00000| Updating 
| 336|0x0000000095000000, 0x0000000095100000, 0x0000000095100000|100%| O|  |TAMS 0x0000000095100000, 0x0000000095000000| Updating 
| 337|0x0000000095100000, 0x0000000095200000, 0x0000000095200000|100%| O|  |TAMS 0x0000000095200000, 0x0000000095100000| Updating 
| 338|0x0000000095200000, 0x0000000095300000, 0x0000000095300000|100%| O|  |TAMS 0x0000000095300000, 0x0000000095200000| Updating 
| 339|0x0000000095300000, 0x0000000095400000, 0x0000000095400000|100%| O|  |TAMS 0x0000000095400000, 0x0000000095300000| Updating 
| 340|0x0000000095400000, 0x0000000095500000, 0x0000000095500000|100%| O|  |TAMS 0x0000000095400000, 0x0000000095400000| Untracked 
| 341|0x0000000095500000, 0x0000000095600000, 0x0000000095600000|100%|HS|  |TAMS 0x0000000095600000, 0x0000000095500000| Complete 
| 342|0x0000000095600000, 0x0000000095700000, 0x0000000095700000|100%|HS|  |TAMS 0x0000000095700000, 0x0000000095600000| Complete 
| 343|0x0000000095700000, 0x0000000095800000, 0x0000000095800000|100%| O|  |TAMS 0x0000000095800000, 0x0000000095700000| Untracked 
| 344|0x0000000095800000, 0x0000000095900000, 0x0000000095900000|100%| O|  |TAMS 0x0000000095900000, 0x0000000095800000| Untracked 
| 345|0x0000000095900000, 0x0000000095a00000, 0x0000000095a00000|100%| O|  |TAMS 0x0000000095a00000, 0x0000000095900000| Updating 
| 346|0x0000000095a00000, 0x0000000095b00000, 0x0000000095b00000|100%| O|  |TAMS 0x0000000095b00000, 0x0000000095a00000| Untracked 
| 347|0x0000000095b00000, 0x0000000095c00000, 0x0000000095c00000|100%| O|  |TAMS 0x0000000095c00000, 0x0000000095b00000| Untracked 
| 348|0x0000000095c00000, 0x0000000095d00000, 0x0000000095d00000|100%| O|  |TAMS 0x0000000095d00000, 0x0000000095c00000| Updating 
| 349|0x0000000095d00000, 0x0000000095e00000, 0x0000000095e00000|100%| O|  |TAMS 0x0000000095e00000, 0x0000000095d00000| Untracked 
| 350|0x0000000095e00000, 0x0000000095f00000, 0x0000000095f00000|100%| O|  |TAMS 0x0000000095f00000, 0x0000000095e00000| Untracked 
| 351|0x0000000095f00000, 0x0000000096000000, 0x0000000096000000|100%| O|  |TAMS 0x0000000096000000, 0x0000000095f00000| Updating 
| 352|0x0000000096000000, 0x0000000096100000, 0x0000000096100000|100%| O|  |TAMS 0x0000000096100000, 0x0000000096000000| Updating 
| 353|0x0000000096100000, 0x0000000096200000, 0x0000000096200000|100%| O|  |TAMS 0x0000000096200000, 0x0000000096100000| Updating 
| 354|0x0000000096200000, 0x0000000096300000, 0x0000000096300000|100%| O|  |TAMS 0x0000000096300000, 0x0000000096200000| Updating 
| 355|0x0000000096300000, 0x0000000096400000, 0x0000000096400000|100%| O|  |TAMS 0x0000000096400000, 0x0000000096300000| Updating 
| 356|0x0000000096400000, 0x0000000096500000, 0x0000000096500000|100%| O|  |TAMS 0x0000000096400000, 0x0000000096400000| Untracked 
| 357|0x0000000096500000, 0x0000000096600000, 0x0000000096600000|100%| O|  |TAMS 0x0000000096600000, 0x0000000096500000| Updating 
| 358|0x0000000096600000, 0x0000000096700000, 0x0000000096700000|100%| O|  |TAMS 0x0000000096700000, 0x0000000096600000| Updating 
| 359|0x0000000096700000, 0x0000000096800000, 0x0000000096800000|100%|HS|  |TAMS 0x0000000096800000, 0x0000000096700000| Complete 
| 360|0x0000000096800000, 0x0000000096900000, 0x0000000096900000|100%|HC|  |TAMS 0x0000000096900000, 0x0000000096800000| Complete 
| 361|0x0000000096900000, 0x0000000096a00000, 0x0000000096a00000|100%| O|  |TAMS 0x0000000096900000, 0x0000000096900000| Untracked 
| 362|0x0000000096a00000, 0x0000000096b00000, 0x0000000096b00000|100%| O|  |TAMS 0x0000000096a00000, 0x0000000096a00000| Untracked 
| 363|0x0000000096b00000, 0x0000000096c00000, 0x0000000096c00000|100%| O|  |TAMS 0x0000000096b00000, 0x0000000096b00000| Untracked 
| 364|0x0000000096c00000, 0x0000000096d00000, 0x0000000096d00000|100%| O|  |TAMS 0x0000000096c00000, 0x0000000096c00000| Untracked 
| 365|0x0000000096d00000, 0x0000000096e00000, 0x0000000096e00000|100%| O|  |TAMS 0x0000000096d00000, 0x0000000096d00000| Untracked 
| 366|0x0000000096e00000, 0x0000000096f00000, 0x0000000096f00000|100%| O|  |TAMS 0x0000000096e00000, 0x0000000096e00000| Untracked 
| 367|0x0000000096f00000, 0x0000000097000000, 0x0000000097000000|100%| O|  |TAMS 0x0000000097000000, 0x0000000096f00000| Updating 
| 368|0x0000000097000000, 0x0000000097100000, 0x0000000097100000|100%| O|  |TAMS 0x0000000097100000, 0x0000000097000000| Updating 
| 369|0x0000000097100000, 0x0000000097200000, 0x0000000097200000|100%| O|  |TAMS 0x0000000097200000, 0x0000000097100000| Updating 
| 370|0x0000000097200000, 0x0000000097300000, 0x0000000097300000|100%| O|  |TAMS 0x0000000097300000, 0x0000000097200000| Updating 
| 371|0x0000000097300000, 0x0000000097400000, 0x0000000097400000|100%| O|  |TAMS 0x0000000097400000, 0x0000000097300000| Untracked 
| 372|0x0000000097400000, 0x0000000097500000, 0x0000000097500000|100%| O|  |TAMS 0x0000000097400000, 0x0000000097400000| Untracked 
| 373|0x0000000097500000, 0x0000000097600000, 0x0000000097600000|100%| O|  |TAMS 0x0000000097600000, 0x0000000097500000| Untracked 
| 374|0x0000000097600000, 0x0000000097700000, 0x0000000097700000|100%| O|  |TAMS 0x0000000097700000, 0x0000000097600000| Updating 
| 375|0x0000000097700000, 0x0000000097800000, 0x0000000097800000|100%| O|  |TAMS 0x0000000097800000, 0x0000000097700000| Untracked 
| 376|0x0000000097800000, 0x0000000097900000, 0x0000000097900000|100%| O|  |TAMS 0x0000000097900000, 0x0000000097800000| Untracked 
| 377|0x0000000097900000, 0x0000000097a00000, 0x0000000097a00000|100%| O|  |TAMS 0x0000000097a00000, 0x0000000097900000| Updating 
| 378|0x0000000097a00000, 0x0000000097b00000, 0x0000000097b00000|100%| O|  |TAMS 0x0000000097b00000, 0x0000000097a00000| Untracked 
| 379|0x0000000097b00000, 0x0000000097c00000, 0x0000000097c00000|100%| O|  |TAMS 0x0000000097c00000, 0x0000000097b00000| Updating 
| 380|0x0000000097c00000, 0x0000000097d00000, 0x0000000097d00000|100%| O|  |TAMS 0x0000000097d00000, 0x0000000097c00000| Updating 
| 381|0x0000000097d00000, 0x0000000097e00000, 0x0000000097e00000|100%| O|  |TAMS 0x0000000097d00000, 0x0000000097d00000| Untracked 
| 382|0x0000000097e00000, 0x0000000097f00000, 0x0000000097f00000|100%| O|  |TAMS 0x0000000097e00000, 0x0000000097e00000| Untracked 
| 383|0x0000000097f00000, 0x0000000098000000, 0x0000000098000000|100%| O|  |TAMS 0x0000000097f00000, 0x0000000097f00000| Untracked 
| 384|0x0000000098000000, 0x0000000098100000, 0x0000000098100000|100%|HS|  |TAMS 0x0000000098100000, 0x0000000098000000| Complete 
| 385|0x0000000098100000, 0x0000000098200000, 0x0000000098200000|100%|HC|  |TAMS 0x0000000098200000, 0x0000000098100000| Complete 
| 386|0x0000000098200000, 0x00000000982fd000, 0x0000000098300000| 98%| O|  |TAMS 0x0000000098200000, 0x0000000098200000| Untracked 
| 387|0x0000000098300000, 0x0000000098400000, 0x0000000098400000|100%|HS|  |TAMS 0x0000000098300000, 0x0000000098300000| Complete 
| 388|0x0000000098400000, 0x0000000098500000, 0x0000000098500000|100%|HS|  |TAMS 0x0000000098500000, 0x0000000098400000| Complete 
| 389|0x0000000098500000, 0x0000000098600000, 0x0000000098600000|100%|HC|  |TAMS 0x0000000098600000, 0x0000000098500000| Complete 
| 390|0x0000000098600000, 0x0000000098700000, 0x0000000098700000|100%|HS|  |TAMS 0x0000000098700000, 0x0000000098600000| Complete 
| 391|0x0000000098700000, 0x0000000098800000, 0x0000000098800000|100%|HC|  |TAMS 0x0000000098800000, 0x0000000098700000| Complete 
| 392|0x0000000098800000, 0x0000000098900000, 0x0000000098900000|100%| O|  |TAMS 0x0000000098900000, 0x0000000098800000| Updating 
| 393|0x0000000098900000, 0x0000000098a00000, 0x0000000098a00000|100%| O|  |TAMS 0x0000000098a00000, 0x0000000098900000| Untracked 
| 394|0x0000000098a00000, 0x0000000098b00000, 0x0000000098b00000|100%| O|  |TAMS 0x0000000098b00000, 0x0000000098a00000| Untracked 
| 395|0x0000000098b00000, 0x0000000098c00000, 0x0000000098c00000|100%| O|  |TAMS 0x0000000098c00000, 0x0000000098b00000| Untracked 
| 396|0x0000000098c00000, 0x0000000098d00000, 0x0000000098d00000|100%| O|  |TAMS 0x0000000098d00000, 0x0000000098c00000| Untracked 
| 397|0x0000000098d00000, 0x0000000098e00000, 0x0000000098e00000|100%| O|  |TAMS 0x0000000098e00000, 0x0000000098d00000| Updating 
| 398|0x0000000098e00000, 0x0000000098f00000, 0x0000000098f00000|100%| O|  |TAMS 0x0000000098f00000, 0x0000000098e00000| Untracked 
| 399|0x0000000098f00000, 0x0000000099000000, 0x0000000099000000|100%| O|  |TAMS 0x0000000099000000, 0x0000000098f00000| Updating 
| 400|0x0000000099000000, 0x0000000099100000, 0x0000000099100000|100%| O|  |TAMS 0x0000000099100000, 0x0000000099000000| Updating 
| 401|0x0000000099100000, 0x0000000099200000, 0x0000000099200000|100%| O|  |TAMS 0x0000000099200000, 0x0000000099100000| Untracked 
| 402|0x0000000099200000, 0x0000000099300000, 0x0000000099300000|100%| O|  |TAMS 0x0000000099300000, 0x0000000099200000| Updating 
| 403|0x0000000099300000, 0x0000000099400000, 0x0000000099400000|100%|HS|  |TAMS 0x0000000099300000, 0x0000000099300000| Complete 
| 404|0x0000000099400000, 0x0000000099500000, 0x0000000099500000|100%|HS|  |TAMS 0x0000000099400000, 0x0000000099400000| Complete 
| 405|0x0000000099500000, 0x0000000099600000, 0x0000000099600000|100%|HC|  |TAMS 0x0000000099500000, 0x0000000099500000| Complete 
| 406|0x0000000099600000, 0x0000000099600000, 0x0000000099700000|  0%| F|  |TAMS 0x0000000099600000, 0x0000000099600000| Untracked 
| 407|0x0000000099700000, 0x0000000099800000, 0x0000000099800000|100%|HS|  |TAMS 0x0000000099800000, 0x0000000099700000| Complete 
| 408|0x0000000099800000, 0x0000000099900000, 0x0000000099900000|100%|HS|  |TAMS 0x0000000099800000, 0x0000000099800000| Complete 
| 409|0x0000000099900000, 0x0000000099a00000, 0x0000000099a00000|100%|HC|  |TAMS 0x0000000099900000, 0x0000000099900000| Complete 
| 410|0x0000000099a00000, 0x0000000099b00000, 0x0000000099b00000|100%|HC|  |TAMS 0x0000000099a00000, 0x0000000099a00000| Complete 
| 411|0x0000000099b00000, 0x0000000099c00000, 0x0000000099c00000|100%|HC|  |TAMS 0x0000000099b00000, 0x0000000099b00000| Complete 
| 412|0x0000000099c00000, 0x0000000099d00000, 0x0000000099d00000|100%|HC|  |TAMS 0x0000000099c00000, 0x0000000099c00000| Complete 
| 413|0x0000000099d00000, 0x0000000099e00000, 0x0000000099e00000|100%|HC|  |TAMS 0x0000000099d00000, 0x0000000099d00000| Complete 
| 414|0x0000000099e00000, 0x0000000099f00000, 0x0000000099f00000|100%|HC|  |TAMS 0x0000000099e00000, 0x0000000099e00000| Complete 
| 415|0x0000000099f00000, 0x000000009a000000, 0x000000009a000000|100%|HC|  |TAMS 0x0000000099f00000, 0x0000000099f00000| Complete 
| 416|0x000000009a000000, 0x000000009a100000, 0x000000009a100000|100%|HS|  |TAMS 0x000000009a000000, 0x000000009a000000| Complete 
| 417|0x000000009a100000, 0x000000009a200000, 0x000000009a200000|100%|HC|  |TAMS 0x000000009a100000, 0x000000009a100000| Complete 
| 418|0x000000009a200000, 0x000000009a300000, 0x000000009a300000|100%|HC|  |TAMS 0x000000009a200000, 0x000000009a200000| Complete 
| 419|0x000000009a300000, 0x000000009a400000, 0x000000009a400000|100%|HC|  |TAMS 0x000000009a300000, 0x000000009a300000| Complete 
| 420|0x000000009a400000, 0x000000009a500000, 0x000000009a500000|100%|HC|  |TAMS 0x000000009a400000, 0x000000009a400000| Complete 
| 421|0x000000009a500000, 0x000000009a600000, 0x000000009a600000|100%|HC|  |TAMS 0x000000009a500000, 0x000000009a500000| Complete 
| 422|0x000000009a600000, 0x000000009a700000, 0x000000009a700000|100%|HC|  |TAMS 0x000000009a600000, 0x000000009a600000| Complete 
| 423|0x000000009a700000, 0x000000009a800000, 0x000000009a800000|100%|HC|  |TAMS 0x000000009a700000, 0x000000009a700000| Complete 
| 424|0x000000009a800000, 0x000000009a900000, 0x000000009a900000|100%|HC|  |TAMS 0x000000009a800000, 0x000000009a800000| Complete 
| 425|0x000000009a900000, 0x000000009aa00000, 0x000000009aa00000|100%|HC|  |TAMS 0x000000009a900000, 0x000000009a900000| Complete 
| 426|0x000000009aa00000, 0x000000009ab00000, 0x000000009ab00000|100%|HC|  |TAMS 0x000000009aa00000, 0x000000009aa00000| Complete 
| 427|0x000000009ab00000, 0x000000009ab00000, 0x000000009ac00000|  0%| F|  |TAMS 0x000000009ab00000, 0x000000009ab00000| Untracked 
| 428|0x000000009ac00000, 0x000000009ac00000, 0x000000009ad00000|  0%| F|  |TAMS 0x000000009ac00000, 0x000000009ac00000| Untracked 
| 429|0x000000009ad00000, 0x000000009ad00000, 0x000000009ae00000|  0%| F|  |TAMS 0x000000009ad00000, 0x000000009ad00000| Untracked 
| 430|0x000000009ae00000, 0x000000009ae00000, 0x000000009af00000|  0%| F|  |TAMS 0x000000009ae00000, 0x000000009ae00000| Untracked 
| 431|0x000000009af00000, 0x000000009af00000, 0x000000009b000000|  0%| F|  |TAMS 0x000000009af00000, 0x000000009af00000| Untracked 
| 432|0x000000009b000000, 0x000000009b000000, 0x000000009b100000|  0%| F|  |TAMS 0x000000009b000000, 0x000000009b000000| Untracked 
| 433|0x000000009b100000, 0x000000009b100000, 0x000000009b200000|  0%| F|  |TAMS 0x000000009b100000, 0x000000009b100000| Untracked 
| 434|0x000000009b200000, 0x000000009b200000, 0x000000009b300000|  0%| F|  |TAMS 0x000000009b200000, 0x000000009b200000| Untracked 
| 435|0x000000009b300000, 0x000000009b300000, 0x000000009b400000|  0%| F|  |TAMS 0x000000009b300000, 0x000000009b300000| Untracked 
| 436|0x000000009b400000, 0x000000009b400000, 0x000000009b500000|  0%| F|  |TAMS 0x000000009b400000, 0x000000009b400000| Untracked 
| 437|0x000000009b500000, 0x000000009b500000, 0x000000009b600000|  0%| F|  |TAMS 0x000000009b500000, 0x000000009b500000| Untracked 
| 438|0x000000009b600000, 0x000000009b600000, 0x000000009b700000|  0%| F|  |TAMS 0x000000009b600000, 0x000000009b600000| Untracked 
| 439|0x000000009b700000, 0x000000009b700000, 0x000000009b800000|  0%| F|  |TAMS 0x000000009b700000, 0x000000009b700000| Untracked 
| 440|0x000000009b800000, 0x000000009b800000, 0x000000009b900000|  0%| F|  |TAMS 0x000000009b800000, 0x000000009b800000| Untracked 
| 441|0x000000009b900000, 0x000000009b900000, 0x000000009ba00000|  0%| F|  |TAMS 0x000000009b900000, 0x000000009b900000| Untracked 
| 442|0x000000009ba00000, 0x000000009ba00000, 0x000000009bb00000|  0%| F|  |TAMS 0x000000009ba00000, 0x000000009ba00000| Untracked 
| 443|0x000000009bb00000, 0x000000009bb00000, 0x000000009bc00000|  0%| F|  |TAMS 0x000000009bb00000, 0x000000009bb00000| Untracked 
| 444|0x000000009bc00000, 0x000000009bc00000, 0x000000009bd00000|  0%| F|  |TAMS 0x000000009bc00000, 0x000000009bc00000| Untracked 
| 445|0x000000009bd00000, 0x000000009bd00000, 0x000000009be00000|  0%| F|  |TAMS 0x000000009bd00000, 0x000000009bd00000| Untracked 
| 446|0x000000009be00000, 0x000000009be00000, 0x000000009bf00000|  0%| F|  |TAMS 0x000000009be00000, 0x000000009be00000| Untracked 
| 447|0x000000009bf00000, 0x000000009bf00000, 0x000000009c000000|  0%| F|  |TAMS 0x000000009bf00000, 0x000000009bf00000| Untracked 
| 448|0x000000009c000000, 0x000000009c000000, 0x000000009c100000|  0%| F|  |TAMS 0x000000009c000000, 0x000000009c000000| Untracked 
| 449|0x000000009c100000, 0x000000009c100000, 0x000000009c200000|  0%| F|  |TAMS 0x000000009c100000, 0x000000009c100000| Untracked 
| 450|0x000000009c200000, 0x000000009c200000, 0x000000009c300000|  0%| F|  |TAMS 0x000000009c200000, 0x000000009c200000| Untracked 
| 451|0x000000009c300000, 0x000000009c300000, 0x000000009c400000|  0%| F|  |TAMS 0x000000009c300000, 0x000000009c300000| Untracked 
| 452|0x000000009c400000, 0x000000009c400000, 0x000000009c500000|  0%| F|  |TAMS 0x000000009c400000, 0x000000009c400000| Untracked 
| 453|0x000000009c500000, 0x000000009c500000, 0x000000009c600000|  0%| F|  |TAMS 0x000000009c500000, 0x000000009c500000| Untracked 
| 454|0x000000009c600000, 0x000000009c600000, 0x000000009c700000|  0%| F|  |TAMS 0x000000009c600000, 0x000000009c600000| Untracked 
| 455|0x000000009c700000, 0x000000009c700000, 0x000000009c800000|  0%| F|  |TAMS 0x000000009c700000, 0x000000009c700000| Untracked 
| 456|0x000000009c800000, 0x000000009c800000, 0x000000009c900000|  0%| F|  |TAMS 0x000000009c800000, 0x000000009c800000| Untracked 
| 457|0x000000009c900000, 0x000000009c900000, 0x000000009ca00000|  0%| F|  |TAMS 0x000000009c900000, 0x000000009c900000| Untracked 
| 458|0x000000009ca00000, 0x000000009ca00000, 0x000000009cb00000|  0%| F|  |TAMS 0x000000009ca00000, 0x000000009ca00000| Untracked 
| 459|0x000000009cb00000, 0x000000009cb00000, 0x000000009cc00000|  0%| F|  |TAMS 0x000000009cb00000, 0x000000009cb00000| Untracked 
| 460|0x000000009cc00000, 0x000000009cc00000, 0x000000009cd00000|  0%| F|  |TAMS 0x000000009cc00000, 0x000000009cc00000| Untracked 
| 461|0x000000009cd00000, 0x000000009cd00000, 0x000000009ce00000|  0%| F|  |TAMS 0x000000009cd00000, 0x000000009cd00000| Untracked 
| 462|0x000000009ce00000, 0x000000009ce00000, 0x000000009cf00000|  0%| F|  |TAMS 0x000000009ce00000, 0x000000009ce00000| Untracked 
| 463|0x000000009cf00000, 0x000000009cf00000, 0x000000009d000000|  0%| F|  |TAMS 0x000000009cf00000, 0x000000009cf00000| Untracked 
| 464|0x000000009d000000, 0x000000009d000000, 0x000000009d100000|  0%| F|  |TAMS 0x000000009d000000, 0x000000009d000000| Untracked 
| 465|0x000000009d100000, 0x000000009d100000, 0x000000009d200000|  0%| F|  |TAMS 0x000000009d100000, 0x000000009d100000| Untracked 
| 466|0x000000009d200000, 0x000000009d200000, 0x000000009d300000|  0%| F|  |TAMS 0x000000009d200000, 0x000000009d200000| Untracked 
| 467|0x000000009d300000, 0x000000009d300000, 0x000000009d400000|  0%| F|  |TAMS 0x000000009d300000, 0x000000009d300000| Untracked 
| 468|0x000000009d400000, 0x000000009d400000, 0x000000009d500000|  0%| F|  |TAMS 0x000000009d400000, 0x000000009d400000| Untracked 
| 469|0x000000009d500000, 0x000000009d500000, 0x000000009d600000|  0%| F|  |TAMS 0x000000009d500000, 0x000000009d500000| Untracked 
| 470|0x000000009d600000, 0x000000009d600000, 0x000000009d700000|  0%| F|  |TAMS 0x000000009d600000, 0x000000009d600000| Untracked 
| 471|0x000000009d700000, 0x000000009d700000, 0x000000009d800000|  0%| F|  |TAMS 0x000000009d700000, 0x000000009d700000| Untracked 
| 472|0x000000009d800000, 0x000000009d800000, 0x000000009d900000|  0%| F|  |TAMS 0x000000009d800000, 0x000000009d800000| Untracked 
| 473|0x000000009d900000, 0x000000009d900000, 0x000000009da00000|  0%| F|  |TAMS 0x000000009d900000, 0x000000009d900000| Untracked 
| 474|0x000000009da00000, 0x000000009da00000, 0x000000009db00000|  0%| F|  |TAMS 0x000000009da00000, 0x000000009da00000| Untracked 
| 475|0x000000009db00000, 0x000000009db00000, 0x000000009dc00000|  0%| F|  |TAMS 0x000000009db00000, 0x000000009db00000| Untracked 
| 476|0x000000009dc00000, 0x000000009dc00000, 0x000000009dd00000|  0%| F|  |TAMS 0x000000009dc00000, 0x000000009dc00000| Untracked 
| 477|0x000000009dd00000, 0x000000009dd00000, 0x000000009de00000|  0%| F|  |TAMS 0x000000009dd00000, 0x000000009dd00000| Untracked 
| 478|0x000000009de00000, 0x000000009de00000, 0x000000009df00000|  0%| F|  |TAMS 0x000000009de00000, 0x000000009de00000| Untracked 
| 479|0x000000009df00000, 0x000000009df00000, 0x000000009e000000|  0%| F|  |TAMS 0x000000009df00000, 0x000000009df00000| Untracked 
| 480|0x000000009e000000, 0x000000009e000000, 0x000000009e100000|  0%| F|  |TAMS 0x000000009e000000, 0x000000009e000000| Untracked 
| 481|0x000000009e100000, 0x000000009e100000, 0x000000009e200000|  0%| F|  |TAMS 0x000000009e100000, 0x000000009e100000| Untracked 
| 482|0x000000009e200000, 0x000000009e200000, 0x000000009e300000|  0%| F|  |TAMS 0x000000009e200000, 0x000000009e200000| Untracked 
| 483|0x000000009e300000, 0x000000009e300000, 0x000000009e400000|  0%| F|  |TAMS 0x000000009e300000, 0x000000009e300000| Untracked 
| 484|0x000000009e400000, 0x000000009e400000, 0x000000009e500000|  0%| F|  |TAMS 0x000000009e400000, 0x000000009e400000| Untracked 
| 485|0x000000009e500000, 0x000000009e500000, 0x000000009e600000|  0%| F|  |TAMS 0x000000009e500000, 0x000000009e500000| Untracked 
| 486|0x000000009e600000, 0x000000009e600000, 0x000000009e700000|  0%| F|  |TAMS 0x000000009e600000, 0x000000009e600000| Untracked 
| 487|0x000000009e700000, 0x000000009e700000, 0x000000009e800000|  0%| F|  |TAMS 0x000000009e700000, 0x000000009e700000| Untracked 
| 488|0x000000009e800000, 0x000000009e800000, 0x000000009e900000|  0%| F|  |TAMS 0x000000009e800000, 0x000000009e800000| Untracked 
| 489|0x000000009e900000, 0x000000009e900000, 0x000000009ea00000|  0%| F|  |TAMS 0x000000009e900000, 0x000000009e900000| Untracked 
| 490|0x000000009ea00000, 0x000000009ea00000, 0x000000009eb00000|  0%| F|  |TAMS 0x000000009ea00000, 0x000000009ea00000| Untracked 
| 491|0x000000009eb00000, 0x000000009eb00000, 0x000000009ec00000|  0%| F|  |TAMS 0x000000009eb00000, 0x000000009eb00000| Untracked 
| 492|0x000000009ec00000, 0x000000009ec00000, 0x000000009ed00000|  0%| F|  |TAMS 0x000000009ec00000, 0x000000009ec00000| Untracked 
| 493|0x000000009ed00000, 0x000000009ed00000, 0x000000009ee00000|  0%| F|  |TAMS 0x000000009ed00000, 0x000000009ed00000| Untracked 
| 494|0x000000009ee00000, 0x000000009ee00000, 0x000000009ef00000|  0%| F|  |TAMS 0x000000009ee00000, 0x000000009ee00000| Untracked 
| 495|0x000000009ef00000, 0x000000009ef00000, 0x000000009f000000|  0%| F|  |TAMS 0x000000009ef00000, 0x000000009ef00000| Untracked 
| 496|0x000000009f000000, 0x000000009f000000, 0x000000009f100000|  0%| F|  |TAMS 0x000000009f000000, 0x000000009f000000| Untracked 
| 497|0x000000009f100000, 0x000000009f100000, 0x000000009f200000|  0%| F|  |TAMS 0x000000009f100000, 0x000000009f100000| Untracked 
| 498|0x000000009f200000, 0x000000009f200000, 0x000000009f300000|  0%| F|  |TAMS 0x000000009f200000, 0x000000009f200000| Untracked 
| 499|0x000000009f300000, 0x000000009f300000, 0x000000009f400000|  0%| F|  |TAMS 0x000000009f300000, 0x000000009f300000| Untracked 
| 500|0x000000009f400000, 0x000000009f400000, 0x000000009f500000|  0%| F|  |TAMS 0x000000009f400000, 0x000000009f400000| Untracked 
| 501|0x000000009f500000, 0x000000009f500000, 0x000000009f600000|  0%| F|  |TAMS 0x000000009f500000, 0x000000009f500000| Untracked 
| 502|0x000000009f600000, 0x000000009f600000, 0x000000009f700000|  0%| F|  |TAMS 0x000000009f600000, 0x000000009f600000| Untracked 
| 503|0x000000009f700000, 0x000000009f700000, 0x000000009f800000|  0%| F|  |TAMS 0x000000009f700000, 0x000000009f700000| Untracked 
| 504|0x000000009f800000, 0x000000009f800000, 0x000000009f900000|  0%| F|  |TAMS 0x000000009f800000, 0x000000009f800000| Untracked 
| 505|0x000000009f900000, 0x000000009f900000, 0x000000009fa00000|  0%| F|  |TAMS 0x000000009f900000, 0x000000009f900000| Untracked 
| 506|0x000000009fa00000, 0x000000009fa00000, 0x000000009fb00000|  0%| F|  |TAMS 0x000000009fa00000, 0x000000009fa00000| Untracked 
| 507|0x000000009fb00000, 0x000000009fb00000, 0x000000009fc00000|  0%| F|  |TAMS 0x000000009fb00000, 0x000000009fb00000| Untracked 
| 508|0x000000009fc00000, 0x000000009fc00000, 0x000000009fd00000|  0%| F|  |TAMS 0x000000009fc00000, 0x000000009fc00000| Untracked 
| 509|0x000000009fd00000, 0x000000009fd00000, 0x000000009fe00000|  0%| F|  |TAMS 0x000000009fd00000, 0x000000009fd00000| Untracked 
| 510|0x000000009fe00000, 0x000000009fe00000, 0x000000009ff00000|  0%| F|  |TAMS 0x000000009fe00000, 0x000000009fe00000| Untracked 
| 511|0x000000009ff00000, 0x000000009ff00000, 0x00000000a0000000|  0%| F|  |TAMS 0x000000009ff00000, 0x000000009ff00000| Untracked 
| 512|0x00000000a0000000, 0x00000000a0000000, 0x00000000a0100000|  0%| F|  |TAMS 0x00000000a0000000, 0x00000000a0000000| Untracked 
| 513|0x00000000a0100000, 0x00000000a0100000, 0x00000000a0200000|  0%| F|  |TAMS 0x00000000a0100000, 0x00000000a0100000| Untracked 
| 514|0x00000000a0200000, 0x00000000a0200000, 0x00000000a0300000|  0%| F|  |TAMS 0x00000000a0200000, 0x00000000a0200000| Untracked 
| 515|0x00000000a0300000, 0x00000000a0300000, 0x00000000a0400000|  0%| F|  |TAMS 0x00000000a0300000, 0x00000000a0300000| Untracked 
| 516|0x00000000a0400000, 0x00000000a0400000, 0x00000000a0500000|  0%| F|  |TAMS 0x00000000a0400000, 0x00000000a0400000| Untracked 
| 517|0x00000000a0500000, 0x00000000a0500000, 0x00000000a0600000|  0%| F|  |TAMS 0x00000000a0500000, 0x00000000a0500000| Untracked 
| 518|0x00000000a0600000, 0x00000000a0600000, 0x00000000a0700000|  0%| F|  |TAMS 0x00000000a0600000, 0x00000000a0600000| Untracked 
| 519|0x00000000a0700000, 0x00000000a0700000, 0x00000000a0800000|  0%| F|  |TAMS 0x00000000a0700000, 0x00000000a0700000| Untracked 
| 520|0x00000000a0800000, 0x00000000a0800000, 0x00000000a0900000|  0%| F|  |TAMS 0x00000000a0800000, 0x00000000a0800000| Untracked 
| 521|0x00000000a0900000, 0x00000000a0900000, 0x00000000a0a00000|  0%| F|  |TAMS 0x00000000a0900000, 0x00000000a0900000| Untracked 
| 522|0x00000000a0a00000, 0x00000000a0a00000, 0x00000000a0b00000|  0%| F|  |TAMS 0x00000000a0a00000, 0x00000000a0a00000| Untracked 
| 523|0x00000000a0b00000, 0x00000000a0b00000, 0x00000000a0c00000|  0%| F|  |TAMS 0x00000000a0b00000, 0x00000000a0b00000| Untracked 
| 524|0x00000000a0c00000, 0x00000000a0c00000, 0x00000000a0d00000|  0%| F|  |TAMS 0x00000000a0c00000, 0x00000000a0c00000| Untracked 
| 525|0x00000000a0d00000, 0x00000000a0d00000, 0x00000000a0e00000|  0%| F|  |TAMS 0x00000000a0d00000, 0x00000000a0d00000| Untracked 
| 526|0x00000000a0e00000, 0x00000000a0e00000, 0x00000000a0f00000|  0%| F|  |TAMS 0x00000000a0e00000, 0x00000000a0e00000| Untracked 
| 527|0x00000000a0f00000, 0x00000000a0f00000, 0x00000000a1000000|  0%| F|  |TAMS 0x00000000a0f00000, 0x00000000a0f00000| Untracked 
| 528|0x00000000a1000000, 0x00000000a1000000, 0x00000000a1100000|  0%| F|  |TAMS 0x00000000a1000000, 0x00000000a1000000| Untracked 
| 529|0x00000000a1100000, 0x00000000a1100000, 0x00000000a1200000|  0%| F|  |TAMS 0x00000000a1100000, 0x00000000a1100000| Untracked 
| 530|0x00000000a1200000, 0x00000000a1200000, 0x00000000a1300000|  0%| F|  |TAMS 0x00000000a1200000, 0x00000000a1200000| Untracked 
| 531|0x00000000a1300000, 0x00000000a1300000, 0x00000000a1400000|  0%| F|  |TAMS 0x00000000a1300000, 0x00000000a1300000| Untracked 
| 532|0x00000000a1400000, 0x00000000a1400000, 0x00000000a1500000|  0%| F|  |TAMS 0x00000000a1400000, 0x00000000a1400000| Untracked 
| 533|0x00000000a1500000, 0x00000000a1500000, 0x00000000a1600000|  0%| F|  |TAMS 0x00000000a1500000, 0x00000000a1500000| Untracked 
| 534|0x00000000a1600000, 0x00000000a1600000, 0x00000000a1700000|  0%| F|  |TAMS 0x00000000a1600000, 0x00000000a1600000| Untracked 
| 535|0x00000000a1700000, 0x00000000a1700000, 0x00000000a1800000|  0%| F|  |TAMS 0x00000000a1700000, 0x00000000a1700000| Untracked 
| 536|0x00000000a1800000, 0x00000000a1800000, 0x00000000a1900000|  0%| F|  |TAMS 0x00000000a1800000, 0x00000000a1800000| Untracked 
| 537|0x00000000a1900000, 0x00000000a1900000, 0x00000000a1a00000|  0%| F|  |TAMS 0x00000000a1900000, 0x00000000a1900000| Untracked 
| 538|0x00000000a1a00000, 0x00000000a1a00000, 0x00000000a1b00000|  0%| F|  |TAMS 0x00000000a1a00000, 0x00000000a1a00000| Untracked 
| 539|0x00000000a1b00000, 0x00000000a1b00000, 0x00000000a1c00000|  0%| F|  |TAMS 0x00000000a1b00000, 0x00000000a1b00000| Untracked 
| 540|0x00000000a1c00000, 0x00000000a1c00000, 0x00000000a1d00000|  0%| F|  |TAMS 0x00000000a1c00000, 0x00000000a1c00000| Untracked 
| 541|0x00000000a1d00000, 0x00000000a1d00000, 0x00000000a1e00000|  0%| F|  |TAMS 0x00000000a1d00000, 0x00000000a1d00000| Untracked 
| 542|0x00000000a1e00000, 0x00000000a1e00000, 0x00000000a1f00000|  0%| F|  |TAMS 0x00000000a1e00000, 0x00000000a1e00000| Untracked 
| 543|0x00000000a1f00000, 0x00000000a1f00000, 0x00000000a2000000|  0%| F|  |TAMS 0x00000000a1f00000, 0x00000000a1f00000| Untracked 
| 544|0x00000000a2000000, 0x00000000a2000000, 0x00000000a2100000|  0%| F|  |TAMS 0x00000000a2000000, 0x00000000a2000000| Untracked 
| 545|0x00000000a2100000, 0x00000000a2100000, 0x00000000a2200000|  0%| F|  |TAMS 0x00000000a2100000, 0x00000000a2100000| Untracked 
| 546|0x00000000a2200000, 0x00000000a2200000, 0x00000000a2300000|  0%| F|  |TAMS 0x00000000a2200000, 0x00000000a2200000| Untracked 
| 547|0x00000000a2300000, 0x00000000a2300000, 0x00000000a2400000|  0%| F|  |TAMS 0x00000000a2300000, 0x00000000a2300000| Untracked 
| 548|0x00000000a2400000, 0x00000000a24e9b10, 0x00000000a2500000| 91%| E|  |TAMS 0x00000000a2400000, 0x00000000a2400000| Complete 
| 549|0x00000000a2500000, 0x00000000a2600000, 0x00000000a2600000|100%| E|CS|TAMS 0x00000000a2500000, 0x00000000a2500000| Complete 
| 550|0x00000000a2600000, 0x00000000a2700000, 0x00000000a2700000|100%| E|CS|TAMS 0x00000000a2600000, 0x00000000a2600000| Complete 
| 551|0x00000000a2700000, 0x00000000a2800000, 0x00000000a2800000|100%| E|CS|TAMS 0x00000000a2700000, 0x00000000a2700000| Complete 
| 552|0x00000000a2800000, 0x00000000a2900000, 0x00000000a2900000|100%| E|CS|TAMS 0x00000000a2800000, 0x00000000a2800000| Complete 
| 553|0x00000000a2900000, 0x00000000a2a00000, 0x00000000a2a00000|100%| E|CS|TAMS 0x00000000a2900000, 0x00000000a2900000| Complete 
| 554|0x00000000a2a00000, 0x00000000a2b00000, 0x00000000a2b00000|100%| E|CS|TAMS 0x00000000a2a00000, 0x00000000a2a00000| Complete 
| 555|0x00000000a2b00000, 0x00000000a2c00000, 0x00000000a2c00000|100%| E|CS|TAMS 0x00000000a2b00000, 0x00000000a2b00000| Complete 
| 556|0x00000000a2c00000, 0x00000000a2d00000, 0x00000000a2d00000|100%| E|CS|TAMS 0x00000000a2c00000, 0x00000000a2c00000| Complete 
| 557|0x00000000a2d00000, 0x00000000a2e00000, 0x00000000a2e00000|100%| E|CS|TAMS 0x00000000a2d00000, 0x00000000a2d00000| Complete 
| 558|0x00000000a2e00000, 0x00000000a2f00000, 0x00000000a2f00000|100%| E|CS|TAMS 0x00000000a2e00000, 0x00000000a2e00000| Complete 
| 559|0x00000000a2f00000, 0x00000000a3000000, 0x00000000a3000000|100%| E|CS|TAMS 0x00000000a2f00000, 0x00000000a2f00000| Complete 
| 560|0x00000000a3000000, 0x00000000a3100000, 0x00000000a3100000|100%| E|CS|TAMS 0x00000000a3000000, 0x00000000a3000000| Complete 
| 561|0x00000000a3100000, 0x00000000a3200000, 0x00000000a3200000|100%| E|CS|TAMS 0x00000000a3100000, 0x00000000a3100000| Complete 
| 562|0x00000000a3200000, 0x00000000a3300000, 0x00000000a3300000|100%| E|CS|TAMS 0x00000000a3200000, 0x00000000a3200000| Complete 
| 563|0x00000000a3300000, 0x00000000a3400000, 0x00000000a3400000|100%| E|CS|TAMS 0x00000000a3300000, 0x00000000a3300000| Complete 
| 564|0x00000000a3400000, 0x00000000a3500000, 0x00000000a3500000|100%| E|CS|TAMS 0x00000000a3400000, 0x00000000a3400000| Complete 
| 565|0x00000000a3500000, 0x00000000a3600000, 0x00000000a3600000|100%| E|CS|TAMS 0x00000000a3500000, 0x00000000a3500000| Complete 
| 566|0x00000000a3600000, 0x00000000a3700000, 0x00000000a3700000|100%| E|CS|TAMS 0x00000000a3600000, 0x00000000a3600000| Complete 
| 567|0x00000000a3700000, 0x00000000a3800000, 0x00000000a3800000|100%| E|CS|TAMS 0x00000000a3700000, 0x00000000a3700000| Complete 
| 568|0x00000000a3800000, 0x00000000a3900000, 0x00000000a3900000|100%| E|CS|TAMS 0x00000000a3800000, 0x00000000a3800000| Complete 
| 569|0x00000000a3900000, 0x00000000a3a00000, 0x00000000a3a00000|100%| E|CS|TAMS 0x00000000a3900000, 0x00000000a3900000| Complete 
| 570|0x00000000a3a00000, 0x00000000a3b00000, 0x00000000a3b00000|100%| E|CS|TAMS 0x00000000a3a00000, 0x00000000a3a00000| Complete 
| 571|0x00000000a3b00000, 0x00000000a3c00000, 0x00000000a3c00000|100%| E|CS|TAMS 0x00000000a3b00000, 0x00000000a3b00000| Complete 
| 572|0x00000000a3c00000, 0x00000000a3d00000, 0x00000000a3d00000|100%| E|CS|TAMS 0x00000000a3c00000, 0x00000000a3c00000| Complete 
| 573|0x00000000a3d00000, 0x00000000a3e00000, 0x00000000a3e00000|100%| E|CS|TAMS 0x00000000a3d00000, 0x00000000a3d00000| Complete 
| 574|0x00000000a3e00000, 0x00000000a3f00000, 0x00000000a3f00000|100%| E|CS|TAMS 0x00000000a3e00000, 0x00000000a3e00000| Complete 
| 575|0x00000000a3f00000, 0x00000000a4000000, 0x00000000a4000000|100%| E|CS|TAMS 0x00000000a3f00000, 0x00000000a3f00000| Complete 
| 576|0x00000000a4000000, 0x00000000a4100000, 0x00000000a4100000|100%| E|CS|TAMS 0x00000000a4000000, 0x00000000a4000000| Complete 
| 577|0x00000000a4100000, 0x00000000a4200000, 0x00000000a4200000|100%| E|CS|TAMS 0x00000000a4100000, 0x00000000a4100000| Complete 
| 578|0x00000000a4200000, 0x00000000a4300000, 0x00000000a4300000|100%| E|CS|TAMS 0x00000000a4200000, 0x00000000a4200000| Complete 
| 579|0x00000000a4300000, 0x00000000a4400000, 0x00000000a4400000|100%| E|CS|TAMS 0x00000000a4300000, 0x00000000a4300000| Complete 
| 580|0x00000000a4400000, 0x00000000a4500000, 0x00000000a4500000|100%| E|CS|TAMS 0x00000000a4400000, 0x00000000a4400000| Complete 
| 581|0x00000000a4500000, 0x00000000a4600000, 0x00000000a4600000|100%| E|CS|TAMS 0x00000000a4500000, 0x00000000a4500000| Complete 
| 582|0x00000000a4600000, 0x00000000a4700000, 0x00000000a4700000|100%| E|CS|TAMS 0x00000000a4600000, 0x00000000a4600000| Complete 
| 583|0x00000000a4700000, 0x00000000a4800000, 0x00000000a4800000|100%| E|CS|TAMS 0x00000000a4700000, 0x00000000a4700000| Complete 
| 584|0x00000000a4800000, 0x00000000a4900000, 0x00000000a4900000|100%| E|CS|TAMS 0x00000000a4800000, 0x00000000a4800000| Complete 
| 585|0x00000000a4900000, 0x00000000a4a00000, 0x00000000a4a00000|100%| E|CS|TAMS 0x00000000a4900000, 0x00000000a4900000| Complete 
| 586|0x00000000a4a00000, 0x00000000a4b00000, 0x00000000a4b00000|100%| E|  |TAMS 0x00000000a4a00000, 0x00000000a4a00000| Complete 
| 587|0x00000000a4b00000, 0x00000000a4c00000, 0x00000000a4c00000|100%| E|CS|TAMS 0x00000000a4b00000, 0x00000000a4b00000| Complete 
| 588|0x00000000a4c00000, 0x00000000a4d00000, 0x00000000a4d00000|100%| E|CS|TAMS 0x00000000a4c00000, 0x00000000a4c00000| Complete 
| 589|0x00000000a4d00000, 0x00000000a4e00000, 0x00000000a4e00000|100%| E|CS|TAMS 0x00000000a4d00000, 0x00000000a4d00000| Complete 
| 590|0x00000000a4e00000, 0x00000000a4f00000, 0x00000000a4f00000|100%| E|CS|TAMS 0x00000000a4e00000, 0x00000000a4e00000| Complete 
| 591|0x00000000a4f00000, 0x00000000a5000000, 0x00000000a5000000|100%| E|CS|TAMS 0x00000000a4f00000, 0x00000000a4f00000| Complete 
| 592|0x00000000a5000000, 0x00000000a5100000, 0x00000000a5100000|100%| E|CS|TAMS 0x00000000a5000000, 0x00000000a5000000| Complete 
| 593|0x00000000a5100000, 0x00000000a5200000, 0x00000000a5200000|100%| E|CS|TAMS 0x00000000a5100000, 0x00000000a5100000| Complete 
| 594|0x00000000a5200000, 0x00000000a5300000, 0x00000000a5300000|100%| E|CS|TAMS 0x00000000a5200000, 0x00000000a5200000| Complete 
| 595|0x00000000a5300000, 0x00000000a5400000, 0x00000000a5400000|100%| E|CS|TAMS 0x00000000a5300000, 0x00000000a5300000| Complete 
| 596|0x00000000a5400000, 0x00000000a5500000, 0x00000000a5500000|100%| E|CS|TAMS 0x00000000a5400000, 0x00000000a5400000| Complete 
| 597|0x00000000a5500000, 0x00000000a5600000, 0x00000000a5600000|100%| E|CS|TAMS 0x00000000a5500000, 0x00000000a5500000| Complete 
| 598|0x00000000a5600000, 0x00000000a5700000, 0x00000000a5700000|100%| E|CS|TAMS 0x00000000a5600000, 0x00000000a5600000| Complete 
| 599|0x00000000a5700000, 0x00000000a5800000, 0x00000000a5800000|100%| E|CS|TAMS 0x00000000a5700000, 0x00000000a5700000| Complete 
| 600|0x00000000a5800000, 0x00000000a5900000, 0x00000000a5900000|100%| E|CS|TAMS 0x00000000a5800000, 0x00000000a5800000| Complete 
| 601|0x00000000a5900000, 0x00000000a5a00000, 0x00000000a5a00000|100%| E|CS|TAMS 0x00000000a5900000, 0x00000000a5900000| Complete 
| 602|0x00000000a5a00000, 0x00000000a5b00000, 0x00000000a5b00000|100%| E|CS|TAMS 0x00000000a5a00000, 0x00000000a5a00000| Complete 
| 603|0x00000000a5b00000, 0x00000000a5c00000, 0x00000000a5c00000|100%| E|CS|TAMS 0x00000000a5b00000, 0x00000000a5b00000| Complete 
| 604|0x00000000a5c00000, 0x00000000a5d00000, 0x00000000a5d00000|100%| E|CS|TAMS 0x00000000a5c00000, 0x00000000a5c00000| Complete 
| 605|0x00000000a5d00000, 0x00000000a5e00000, 0x00000000a5e00000|100%| E|CS|TAMS 0x00000000a5d00000, 0x00000000a5d00000| Complete 
| 606|0x00000000a5e00000, 0x00000000a5f00000, 0x00000000a5f00000|100%| E|CS|TAMS 0x00000000a5e00000, 0x00000000a5e00000| Complete 
| 607|0x00000000a5f00000, 0x00000000a6000000, 0x00000000a6000000|100%| E|CS|TAMS 0x00000000a5f00000, 0x00000000a5f00000| Complete 
| 608|0x00000000a6000000, 0x00000000a6100000, 0x00000000a6100000|100%| E|CS|TAMS 0x00000000a6000000, 0x00000000a6000000| Complete 
| 609|0x00000000a6100000, 0x00000000a6200000, 0x00000000a6200000|100%| E|CS|TAMS 0x00000000a6100000, 0x00000000a6100000| Complete 
| 610|0x00000000a6200000, 0x00000000a6300000, 0x00000000a6300000|100%| E|CS|TAMS 0x00000000a6200000, 0x00000000a6200000| Complete 
| 611|0x00000000a6300000, 0x00000000a6400000, 0x00000000a6400000|100%| E|CS|TAMS 0x00000000a6300000, 0x00000000a6300000| Complete 
| 612|0x00000000a6400000, 0x00000000a6500000, 0x00000000a6500000|100%| E|CS|TAMS 0x00000000a6400000, 0x00000000a6400000| Complete 
| 613|0x00000000a6500000, 0x00000000a6600000, 0x00000000a6600000|100%| E|CS|TAMS 0x00000000a6500000, 0x00000000a6500000| Complete 
| 614|0x00000000a6600000, 0x00000000a6700000, 0x00000000a6700000|100%| E|CS|TAMS 0x00000000a6600000, 0x00000000a6600000| Complete 
| 615|0x00000000a6700000, 0x00000000a6800000, 0x00000000a6800000|100%| E|CS|TAMS 0x00000000a6700000, 0x00000000a6700000| Complete 
| 616|0x00000000a6800000, 0x00000000a6900000, 0x00000000a6900000|100%| E|CS|TAMS 0x00000000a6800000, 0x00000000a6800000| Complete 
| 617|0x00000000a6900000, 0x00000000a6a00000, 0x00000000a6a00000|100%| E|CS|TAMS 0x00000000a6900000, 0x00000000a6900000| Complete 
| 618|0x00000000a6a00000, 0x00000000a6b00000, 0x00000000a6b00000|100%| E|CS|TAMS 0x00000000a6a00000, 0x00000000a6a00000| Complete 
| 619|0x00000000a6b00000, 0x00000000a6c00000, 0x00000000a6c00000|100%| E|CS|TAMS 0x00000000a6b00000, 0x00000000a6b00000| Complete 
| 620|0x00000000a6c00000, 0x00000000a6d00000, 0x00000000a6d00000|100%| E|CS|TAMS 0x00000000a6c00000, 0x00000000a6c00000| Complete 
| 621|0x00000000a6d00000, 0x00000000a6e00000, 0x00000000a6e00000|100%| E|CS|TAMS 0x00000000a6d00000, 0x00000000a6d00000| Complete 
| 622|0x00000000a6e00000, 0x00000000a6f00000, 0x00000000a6f00000|100%| E|CS|TAMS 0x00000000a6e00000, 0x00000000a6e00000| Complete 
| 623|0x00000000a6f00000, 0x00000000a7000000, 0x00000000a7000000|100%| E|CS|TAMS 0x00000000a6f00000, 0x00000000a6f00000| Complete 
| 624|0x00000000a7000000, 0x00000000a7100000, 0x00000000a7100000|100%| E|CS|TAMS 0x00000000a7000000, 0x00000000a7000000| Complete 
| 625|0x00000000a7100000, 0x00000000a7200000, 0x00000000a7200000|100%| E|CS|TAMS 0x00000000a7100000, 0x00000000a7100000| Complete 
| 626|0x00000000a7200000, 0x00000000a7300000, 0x00000000a7300000|100%| E|CS|TAMS 0x00000000a7200000, 0x00000000a7200000| Complete 
| 627|0x00000000a7300000, 0x00000000a7400000, 0x00000000a7400000|100%| E|CS|TAMS 0x00000000a7300000, 0x00000000a7300000| Complete 
| 628|0x00000000a7400000, 0x00000000a7500000, 0x00000000a7500000|100%| E|CS|TAMS 0x00000000a7400000, 0x00000000a7400000| Complete 
| 629|0x00000000a7500000, 0x00000000a7600000, 0x00000000a7600000|100%| E|CS|TAMS 0x00000000a7500000, 0x00000000a7500000| Complete 
| 630|0x00000000a7600000, 0x00000000a7700000, 0x00000000a7700000|100%| E|CS|TAMS 0x00000000a7600000, 0x00000000a7600000| Complete 
| 631|0x00000000a7700000, 0x00000000a7800000, 0x00000000a7800000|100%| E|CS|TAMS 0x00000000a7700000, 0x00000000a7700000| Complete 
| 632|0x00000000a7800000, 0x00000000a7900000, 0x00000000a7900000|100%| E|CS|TAMS 0x00000000a7800000, 0x00000000a7800000| Complete 
| 633|0x00000000a7900000, 0x00000000a7a00000, 0x00000000a7a00000|100%| E|CS|TAMS 0x00000000a7900000, 0x00000000a7900000| Complete 
| 634|0x00000000a7a00000, 0x00000000a7b00000, 0x00000000a7b00000|100%| E|CS|TAMS 0x00000000a7a00000, 0x00000000a7a00000| Complete 
| 635|0x00000000a7b00000, 0x00000000a7c00000, 0x00000000a7c00000|100%| E|CS|TAMS 0x00000000a7b00000, 0x00000000a7b00000| Complete 
| 636|0x00000000a7c00000, 0x00000000a7d00000, 0x00000000a7d00000|100%| E|CS|TAMS 0x00000000a7c00000, 0x00000000a7c00000| Complete 
| 637|0x00000000a7d00000, 0x00000000a7e00000, 0x00000000a7e00000|100%| E|CS|TAMS 0x00000000a7d00000, 0x00000000a7d00000| Complete 
| 638|0x00000000a7e00000, 0x00000000a7f00000, 0x00000000a7f00000|100%| E|CS|TAMS 0x00000000a7e00000, 0x00000000a7e00000| Complete 
| 639|0x00000000a7f00000, 0x00000000a8000000, 0x00000000a8000000|100%| E|CS|TAMS 0x00000000a7f00000, 0x00000000a7f00000| Complete 
| 640|0x00000000a8000000, 0x00000000a8100000, 0x00000000a8100000|100%| E|CS|TAMS 0x00000000a8000000, 0x00000000a8000000| Complete 
| 641|0x00000000a8100000, 0x00000000a814b648, 0x00000000a8200000| 29%| S|CS|TAMS 0x00000000a8100000, 0x00000000a8100000| Complete 
| 642|0x00000000a8200000, 0x00000000a8300000, 0x00000000a8300000|100%| S|CS|TAMS 0x00000000a8200000, 0x00000000a8200000| Complete 
| 643|0x00000000a8300000, 0x00000000a8400000, 0x00000000a8400000|100%| S|CS|TAMS 0x00000000a8300000, 0x00000000a8300000| Complete 
| 644|0x00000000a8400000, 0x00000000a8500000, 0x00000000a8500000|100%| S|CS|TAMS 0x00000000a8400000, 0x00000000a8400000| Complete 
| 645|0x00000000a8500000, 0x00000000a8600000, 0x00000000a8600000|100%| S|CS|TAMS 0x00000000a8500000, 0x00000000a8500000| Complete 
| 646|0x00000000a8600000, 0x00000000a8700000, 0x00000000a8700000|100%| S|CS|TAMS 0x00000000a8600000, 0x00000000a8600000| Complete 
| 647|0x00000000a8700000, 0x00000000a8800000, 0x00000000a8800000|100%| E|CS|TAMS 0x00000000a8700000, 0x00000000a8700000| Complete 
| 648|0x00000000a8800000, 0x00000000a8900000, 0x00000000a8900000|100%| E|CS|TAMS 0x00000000a8800000, 0x00000000a8800000| Complete 
| 649|0x00000000a8900000, 0x00000000a8a00000, 0x00000000a8a00000|100%| E|CS|TAMS 0x00000000a8900000, 0x00000000a8900000| Complete 
| 650|0x00000000a8a00000, 0x00000000a8b00000, 0x00000000a8b00000|100%| E|CS|TAMS 0x00000000a8a00000, 0x00000000a8a00000| Complete 
| 651|0x00000000a8b00000, 0x00000000a8c00000, 0x00000000a8c00000|100%| E|CS|TAMS 0x00000000a8b00000, 0x00000000a8b00000| Complete 
| 652|0x00000000a8c00000, 0x00000000a8d00000, 0x00000000a8d00000|100%| E|CS|TAMS 0x00000000a8c00000, 0x00000000a8c00000| Complete 
| 653|0x00000000a8d00000, 0x00000000a8e00000, 0x00000000a8e00000|100%| E|CS|TAMS 0x00000000a8d00000, 0x00000000a8d00000| Complete 
| 654|0x00000000a8e00000, 0x00000000a8f00000, 0x00000000a8f00000|100%| E|CS|TAMS 0x00000000a8e00000, 0x00000000a8e00000| Complete 
| 655|0x00000000a8f00000, 0x00000000a9000000, 0x00000000a9000000|100%| E|CS|TAMS 0x00000000a8f00000, 0x00000000a8f00000| Complete 
| 656|0x00000000a9000000, 0x00000000a9100000, 0x00000000a9100000|100%| E|CS|TAMS 0x00000000a9000000, 0x00000000a9000000| Complete 
| 657|0x00000000a9100000, 0x00000000a9200000, 0x00000000a9200000|100%| E|CS|TAMS 0x00000000a9100000, 0x00000000a9100000| Complete 
| 658|0x00000000a9200000, 0x00000000a9300000, 0x00000000a9300000|100%| E|CS|TAMS 0x00000000a9200000, 0x00000000a9200000| Complete 
| 659|0x00000000a9300000, 0x00000000a9400000, 0x00000000a9400000|100%| E|CS|TAMS 0x00000000a9300000, 0x00000000a9300000| Complete 
| 660|0x00000000a9400000, 0x00000000a9500000, 0x00000000a9500000|100%| E|CS|TAMS 0x00000000a9400000, 0x00000000a9400000| Complete 
| 661|0x00000000a9500000, 0x00000000a9600000, 0x00000000a9600000|100%| E|CS|TAMS 0x00000000a9500000, 0x00000000a9500000| Complete 
| 662|0x00000000a9600000, 0x00000000a9700000, 0x00000000a9700000|100%| E|CS|TAMS 0x00000000a9600000, 0x00000000a9600000| Complete 
| 663|0x00000000a9700000, 0x00000000a9800000, 0x00000000a9800000|100%| E|CS|TAMS 0x00000000a9700000, 0x00000000a9700000| Complete 
| 664|0x00000000a9800000, 0x00000000a9900000, 0x00000000a9900000|100%| E|CS|TAMS 0x00000000a9800000, 0x00000000a9800000| Complete 
| 665|0x00000000a9900000, 0x00000000a9a00000, 0x00000000a9a00000|100%| E|CS|TAMS 0x00000000a9900000, 0x00000000a9900000| Complete 
| 666|0x00000000a9a00000, 0x00000000a9b00000, 0x00000000a9b00000|100%| E|CS|TAMS 0x00000000a9a00000, 0x00000000a9a00000| Complete 
| 667|0x00000000a9b00000, 0x00000000a9c00000, 0x00000000a9c00000|100%| E|CS|TAMS 0x00000000a9b00000, 0x00000000a9b00000| Complete 
| 668|0x00000000a9c00000, 0x00000000a9d00000, 0x00000000a9d00000|100%| E|CS|TAMS 0x00000000a9c00000, 0x00000000a9c00000| Complete 
| 669|0x00000000a9d00000, 0x00000000a9e00000, 0x00000000a9e00000|100%| E|CS|TAMS 0x00000000a9d00000, 0x00000000a9d00000| Complete 
| 670|0x00000000a9e00000, 0x00000000a9f00000, 0x00000000a9f00000|100%| E|CS|TAMS 0x00000000a9e00000, 0x00000000a9e00000| Complete 
| 671|0x00000000a9f00000, 0x00000000aa000000, 0x00000000aa000000|100%| E|CS|TAMS 0x00000000a9f00000, 0x00000000a9f00000| Complete 
| 672|0x00000000aa000000, 0x00000000aa100000, 0x00000000aa100000|100%| E|CS|TAMS 0x00000000aa000000, 0x00000000aa000000| Complete 

Card table byte_map: [0x00000173e0350000,0x00000173e0750000] _byte_map_base: 0x00000173dff50000

Marking Bits (Prev, Next): (CMBitMap*) 0x00000173c6ee6410, (CMBitMap*) 0x00000173c6ee63d0
 Prev Bits: [0x00000173e2b50000, 0x00000173e4b50000)
 Next Bits: [0x00000173e0b50000, 0x00000173e2b50000)

Polling page: 0x00000173c6f50000

Metaspace:

Usage:
  Non-class:     98.88 MB used.
      Class:     15.36 MB used.
       Both:    114.24 MB used.

Virtual space:
  Non-class space:      128.00 MB reserved,      99.38 MB ( 78%) committed,  2 nodes.
      Class space:        1.00 GB reserved,      15.81 MB (  2%) committed,  1 nodes.
             Both:        1.12 GB reserved,     115.19 MB ( 10%) committed. 

Chunk freelists:
   Non-Class:  11.89 MB
       Class:  160.00 KB
        Both:  12.05 MB

MaxMetaspaceSize: unlimited
CompressedClassSpaceSize: 1.00 GB
Initial GC threshold: 21.00 MB
Current GC threshold: 189.31 MB
CDS: on
MetaspaceReclaimPolicy: balanced
 - commit_granule_bytes: 65536.
 - commit_granule_words: 8192.
 - virtual_space_node_default_size: 8388608.
 - enlarge_chunks_in_place: 1.
 - new_chunks_are_fully_committed: 0.
 - uncommit_free_chunks: 1.
 - use_allocation_guard: 0.
 - handle_deallocations: 1.


Internal statistics:

num_allocs_failed_limit: 6.
num_arena_births: 1432.
num_arena_deaths: 32.
num_vsnodes_births: 3.
num_vsnodes_deaths: 0.
num_space_committed: 1843.
num_space_uncommitted: 0.
num_chunks_returned_to_freelist: 51.
num_chunks_taken_from_freelist: 6536.
num_chunk_merges: 22.
num_chunk_splits: 4191.
num_chunks_enlarged: 2678.
num_inconsistent_stats: 0.

CodeHeap 'non-profiled nmethods': size=119168Kb used=11857Kb max_used=11857Kb free=107310Kb
 bounds [0x00000173d7b20000, 0x00000173d86c0000, 0x00000173def80000]
CodeHeap 'profiled nmethods': size=119104Kb used=43351Kb max_used=43351Kb free=75752Kb
 bounds [0x00000173cff80000, 0x00000173d29e0000, 0x00000173d73d0000]
CodeHeap 'non-nmethods': size=7488Kb used=4163Kb max_used=4270Kb free=3325Kb
 bounds [0x00000173d73d0000, 0x00000173d7810000, 0x00000173d7b20000]
 total_blobs=20900 nmethods=19891 adapters=917
 compilation: enabled
              stopped_count=0, restarted_count=0
 full_count=0

Compilation events (20 events):
Event: 24.998 Thread 0x00000173ec18c590 nmethod 24905 0x00000173d29d4590 code [0x00000173d29d4720, 0x00000173d29d4878]
Event: 24.998 Thread 0x00000173ed0c2450 24924       2       com.android.tools.r8.code.P1::<init> (16 bytes)
Event: 24.998 Thread 0x00000173ec18c590 24894       2       com.android.tools.r8.internal.B20::a (100 bytes)
Event: 24.998 Thread 0x00000173ef596190 24913       4       com.android.tools.r8.internal.eL::a (93 bytes)
Event: 24.998 Thread 0x00000173ed0c2450 nmethod 24924 0x00000173d29d4910 code [0x00000173d29d4aa0, 0x00000173d29d4bc8]
Event: 24.999 Thread 0x00000173ed0c2450 24927       3       com.android.tools.r8.internal.fT::<init> (49 bytes)
Event: 24.999 Thread 0x00000173ef598c10 nmethod 24793 0x00000173d86b3c90 code [0x00000173d86b3e40, 0x00000173d86b4198]
Event: 25.009 Thread 0x00000173ed0c2970 nmethod 24923 0x00000173d29d4c90 code [0x00000173d29d4f40, 0x00000173d29d59b8]
Event: 25.009 Thread 0x00000173ec18c590 nmethod 24894 0x00000173d29d6010 code [0x00000173d29d6240, 0x00000173d29d66a8]
Event: 25.010 Thread 0x00000173ed0c2970 24928       3       com.android.tools.r8.internal.Ke::b (70 bytes)
Event: 25.010 Thread 0x00000173ef598c10 24797       4       com.android.tools.r8.internal.B4::c (36 bytes)
Event: 25.010 Thread 0x00000173ec18c590 24931       3       java.util.HashMap$EntrySpliterator::characteristics (30 bytes)
Event: 25.010 Thread 0x00000173ed0c2450 nmethod 24927 0x00000173d29d6910 code [0x00000173d29d6b20, 0x00000173d29d73b8]
Event: 25.010 Thread 0x00000173ed0c2450 24930       2       com.android.tools.r8.internal.ku::hashCode (7 bytes)
Event: 25.011 Thread 0x00000173ec18c590 nmethod 24931 0x00000173d29d7690 code [0x00000173d29d7820, 0x00000173d29d79d8]
Event: 25.011 Thread 0x00000173ed0c2450 nmethod 24930 0x00000173d29d8690 code [0x00000173d29d8820, 0x00000173d29d8948]
Event: 25.011 Thread 0x00000173ec18c590 24932       2       com.android.tools.r8.internal.to::<init> (11 bytes)
Event: 25.011 Thread 0x00000173ed0c2450 24933       2       com.android.tools.r8.internal.Hw::<init> (7 bytes)
Event: 25.011 Thread 0x00000173ed0c2970 nmethod 24928 0x00000173d29d7a90 code [0x00000173d29d7cc0, 0x00000173d29d83d8]
Event: 25.014 Thread 0x00000173ec05c160 nmethod 24831% 0x00000173d29ae890 code [0x00000173d29b0540, 0x00000173d29c1258]

GC Heap History (20 events):
Event: 18.915 GC heap before
{Heap before GC invocations=62 (full 0):
 garbage-first heap   total 689152K, used 464678K [0x0000000080000000, 0x0000000100000000)
  region size 1024K, 224 young (229376K), 10 survivors (10240K)
 Metaspace       used 107926K, committed 108928K, reserved 1179648K
  class space    used 14721K, committed 15168K, reserved 1048576K
}
Event: 18.985 GC heap after
{Heap after GC invocations=63 (full 0):
 garbage-first heap   total 689152K, used 341718K [0x0000000080000000, 0x0000000100000000)
  region size 1024K, 28 young (28672K), 28 survivors (28672K)
 Metaspace       used 107926K, committed 108928K, reserved 1179648K
  class space    used 14721K, committed 15168K, reserved 1048576K
}
Event: 19.880 GC heap before
{Heap before GC invocations=63 (full 0):
 garbage-first heap   total 689152K, used 483030K [0x0000000080000000, 0x0000000100000000)
  region size 1024K, 167 young (171008K), 28 survivors (28672K)
 Metaspace       used 111040K, committed 112000K, reserved 1179648K
  class space    used 15164K, committed 15616K, reserved 1048576K
}
Event: 19.913 GC heap after
{Heap after GC invocations=64 (full 0):
 garbage-first heap   total 689152K, used 372736K [0x0000000080000000, 0x0000000100000000)
  region size 1024K, 21 young (21504K), 21 survivors (21504K)
 Metaspace       used 111040K, committed 112000K, reserved 1179648K
  class space    used 15164K, committed 15616K, reserved 1048576K
}
Event: 20.833 GC heap before
{Heap before GC invocations=65 (full 0):
 garbage-first heap   total 689152K, used 507904K [0x0000000080000000, 0x0000000100000000)
  region size 1024K, 153 young (156672K), 21 survivors (21504K)
 Metaspace       used 112399K, committed 113408K, reserved 1179648K
  class space    used 15319K, committed 15808K, reserved 1048576K
}
Event: 20.847 GC heap after
{Heap after GC invocations=66 (full 0):
 garbage-first heap   total 689152K, used 390804K [0x0000000080000000, 0x0000000100000000)
  region size 1024K, 15 young (15360K), 15 survivors (15360K)
 Metaspace       used 112399K, committed 113408K, reserved 1179648K
  class space    used 15319K, committed 15808K, reserved 1048576K
}
Event: 20.880 GC heap before
{Heap before GC invocations=66 (full 0):
 garbage-first heap   total 689152K, used 409236K [0x0000000080000000, 0x0000000100000000)
  region size 1024K, 33 young (33792K), 15 survivors (15360K)
 Metaspace       used 112446K, committed 113472K, reserved 1179648K
  class space    used 15319K, committed 15808K, reserved 1048576K
}
Event: 20.888 GC heap after
{Heap after GC invocations=67 (full 0):
 garbage-first heap   total 689152K, used 390586K [0x0000000080000000, 0x0000000100000000)
  region size 1024K, 3 young (3072K), 3 survivors (3072K)
 Metaspace       used 112446K, committed 113472K, reserved 1179648K
  class space    used 15319K, committed 15808K, reserved 1048576K
}
Event: 22.037 GC heap before
{Heap before GC invocations=67 (full 0):
 garbage-first heap   total 689152K, used 539066K [0x0000000080000000, 0x0000000100000000)
  region size 1024K, 135 young (138240K), 3 survivors (3072K)
 Metaspace       used 115032K, committed 116032K, reserved 1179648K
  class space    used 15645K, committed 16128K, reserved 1048576K
}
Event: 22.050 GC heap after
{Heap after GC invocations=68 (full 0):
 garbage-first heap   total 689152K, used 413042K [0x0000000080000000, 0x0000000100000000)
  region size 1024K, 12 young (12288K), 12 survivors (12288K)
 Metaspace       used 115032K, committed 116032K, reserved 1179648K
  class space    used 15645K, committed 16128K, reserved 1048576K
}
Event: 22.208 GC heap before
{Heap before GC invocations=68 (full 0):
 garbage-first heap   total 689152K, used 424306K [0x0000000080000000, 0x0000000100000000)
  region size 1024K, 25 young (25600K), 12 survivors (12288K)
 Metaspace       used 115164K, committed 116160K, reserved 1179648K
  class space    used 15657K, committed 16128K, reserved 1048576K
}
Event: 22.219 GC heap after
{Heap after GC invocations=69 (full 0):
 garbage-first heap   total 689152K, used 416921K [0x0000000080000000, 0x0000000100000000)
  region size 1024K, 5 young (5120K), 5 survivors (5120K)
 Metaspace       used 115164K, committed 116160K, reserved 1179648K
  class space    used 15657K, committed 16128K, reserved 1048576K
}
Event: 23.750 GC heap before
{Heap before GC invocations=70 (full 0):
 garbage-first heap   total 689152K, used 535705K [0x0000000080000000, 0x0000000100000000)
  region size 1024K, 137 young (140288K), 5 survivors (5120K)
 Metaspace       used 116416K, committed 117376K, reserved 1179648K
  class space    used 15687K, committed 16128K, reserved 1048576K
}
Event: 23.755 GC heap after
{Heap after GC invocations=71 (full 0):
 garbage-first heap   total 689152K, used 398233K [0x0000000080000000, 0x0000000100000000)
  region size 1024K, 6 young (6144K), 6 survivors (6144K)
 Metaspace       used 116416K, committed 117376K, reserved 1179648K
  class space    used 15687K, committed 16128K, reserved 1048576K
}
Event: 23.895 GC heap before
{Heap before GC invocations=71 (full 0):
 garbage-first heap   total 689152K, used 426905K [0x0000000080000000, 0x0000000100000000)
  region size 1024K, 33 young (33792K), 6 survivors (6144K)
 Metaspace       used 116548K, committed 117504K, reserved 1179648K
  class space    used 15690K, committed 16128K, reserved 1048576K
}
Event: 23.901 GC heap after
{Heap after GC invocations=72 (full 0):
 garbage-first heap   total 689152K, used 383652K [0x0000000080000000, 0x0000000100000000)
  region size 1024K, 2 young (2048K), 2 survivors (2048K)
 Metaspace       used 116548K, committed 117504K, reserved 1179648K
  class space    used 15690K, committed 16128K, reserved 1048576K
}
Event: 24.716 GC heap before
{Heap before GC invocations=72 (full 0):
 garbage-first heap   total 689152K, used 568996K [0x0000000080000000, 0x0000000100000000)
  region size 1024K, 166 young (169984K), 2 survivors (2048K)
 Metaspace       used 116879K, committed 117888K, reserved 1179648K
  class space    used 15724K, committed 16192K, reserved 1048576K
}
Event: 24.726 GC heap after
{Heap after GC invocations=73 (full 0):
 garbage-first heap   total 689152K, used 413229K [0x0000000080000000, 0x0000000100000000)
  region size 1024K, 16 young (16384K), 16 survivors (16384K)
 Metaspace       used 116879K, committed 117888K, reserved 1179648K
  class space    used 15724K, committed 16192K, reserved 1048576K
}
Event: 24.770 GC heap before
{Heap before GC invocations=73 (full 0):
 garbage-first heap   total 689152K, used 438829K [0x0000000080000000, 0x0000000100000000)
  region size 1024K, 42 young (43008K), 16 survivors (16384K)
 Metaspace       used 116880K, committed 117888K, reserved 1179648K
  class space    used 15724K, committed 16192K, reserved 1048576K
}
Event: 24.777 GC heap after
{Heap after GC invocations=74 (full 0):
 garbage-first heap   total 689152K, used 418081K [0x0000000080000000, 0x0000000100000000)
  region size 1024K, 6 young (6144K), 6 survivors (6144K)
 Metaspace       used 116880K, committed 117888K, reserved 1179648K
  class space    used 15724K, committed 16192K, reserved 1048576K
}

Deoptimization events (20 events):
Event: 24.885 Thread 0x00000173f56cba60 DEOPT PACKING pc=0x00000173d25aab69 sp=0x00000066596fc220
Event: 24.885 Thread 0x00000173f56cba60 DEOPT UNPACKING pc=0x00000173d7422b43 sp=0x00000066596fb720 mode 0
Event: 24.889 Thread 0x00000173f56cba60 DEOPT PACKING pc=0x00000173d25acc94 sp=0x00000066596fc610
Event: 24.889 Thread 0x00000173f56cba60 DEOPT UNPACKING pc=0x00000173d7422b43 sp=0x00000066596fbb68 mode 0
Event: 24.919 Thread 0x00000173f56cb040 Uncommon trap: trap_request=0xffffff45 fr.pc=0x00000173d868eec4 relative=0x00000000000004c4
Event: 24.928 Thread 0x00000173f56cb040 Uncommon trap: reason=unstable_if action=reinterpret pc=0x00000173d868eec4 method=com.android.tools.r8.internal.hJ.b(ILjava/lang/Object;)I @ 66 c2
Event: 24.928 Thread 0x00000173f56cb040 DEOPT PACKING pc=0x00000173d868eec4 sp=0x000000665b1feb20
Event: 24.928 Thread 0x00000173f56cb040 DEOPT UNPACKING pc=0x00000173d74223a3 sp=0x000000665b1feae0 mode 2
Event: 24.932 Thread 0x00000173fb524e90 Uncommon trap: trap_request=0xffffff45 fr.pc=0x00000173d7bd7f70 relative=0x0000000000000450
Event: 24.932 Thread 0x00000173fb524e90 Uncommon trap: reason=unstable_if action=reinterpret pc=0x00000173d7bd7f70 method=com.android.tools.r8.graph.a0.a(Lcom/android/tools/r8/graph/a0;)Lcom/android/tools/r8/internal/Rg; @ 1 c2
Event: 24.932 Thread 0x00000173fb524e90 DEOPT PACKING pc=0x00000173d7bd7f70 sp=0x000000665b4fe9e0
Event: 24.932 Thread 0x00000173fb524e90 DEOPT UNPACKING pc=0x00000173d74223a3 sp=0x000000665b4fe950 mode 2
Event: 24.932 Thread 0x00000173fb524e90 Uncommon trap: trap_request=0xffffff45 fr.pc=0x00000173d80cd954 relative=0x0000000000000334
Event: 24.932 Thread 0x00000173fb524e90 Uncommon trap: reason=unstable_if action=reinterpret pc=0x00000173d80cd954 method=com.android.tools.r8.graph.a0.a(Lcom/android/tools/r8/graph/a0;)Lcom/android/tools/r8/internal/Rg; @ 1 c2
Event: 24.932 Thread 0x00000173fb524e90 DEOPT PACKING pc=0x00000173d80cd954 sp=0x000000665b4fe990
Event: 24.932 Thread 0x00000173fb524e90 DEOPT UNPACKING pc=0x00000173d74223a3 sp=0x000000665b4fe958 mode 2
Event: 24.944 Thread 0x00000173f56cba60 DEOPT PACKING pc=0x00000173d25e7025 sp=0x00000066596fc500
Event: 24.944 Thread 0x00000173f56cba60 DEOPT UNPACKING pc=0x00000173d7422b43 sp=0x00000066596fbac8 mode 0
Event: 24.976 Thread 0x00000173f56cba60 DEOPT PACKING pc=0x00000173d1fbc553 sp=0x00000066596fbd60
Event: 24.976 Thread 0x00000173f56cba60 DEOPT UNPACKING pc=0x00000173d7422b43 sp=0x00000066596fb4e0 mode 0

Classes unloaded (16 events):
Event: 17.781 Thread 0x00000173e7c05890 Unloading class 0x0000017381c48c00 'java/lang/invoke/LambdaForm$DMH+0x0000017381c48c00'
Event: 17.781 Thread 0x00000173e7c05890 Unloading class 0x0000017381c48800 'java/lang/invoke/LambdaForm$DMH+0x0000017381c48800'
Event: 17.781 Thread 0x00000173e7c05890 Unloading class 0x0000017381c48400 'java/lang/invoke/LambdaForm$DMH+0x0000017381c48400'
Event: 17.781 Thread 0x00000173e7c05890 Unloading class 0x0000017381c48000 'java/lang/invoke/LambdaForm$DMH+0x0000017381c48000'
Event: 17.781 Thread 0x00000173e7c05890 Unloading class 0x0000017381c41c00 'java/lang/invoke/LambdaForm$DMH+0x0000017381c41c00'
Event: 17.781 Thread 0x00000173e7c05890 Unloading class 0x0000017381c40c00 'java/lang/invoke/LambdaForm$DMH+0x0000017381c40c00'
Event: 17.781 Thread 0x00000173e7c05890 Unloading class 0x0000017381c41400 'java/lang/invoke/LambdaForm$DMH+0x0000017381c41400'
Event: 17.781 Thread 0x00000173e7c05890 Unloading class 0x0000017381c41800 'java/lang/invoke/LambdaForm$DMH+0x0000017381c41800'
Event: 17.781 Thread 0x00000173e7c05890 Unloading class 0x0000017381c41000 'java/lang/invoke/LambdaForm$DMH+0x0000017381c41000'
Event: 17.781 Thread 0x00000173e7c05890 Unloading class 0x0000017381c15800 'java/lang/invoke/LambdaForm$DMH+0x0000017381c15800'
Event: 17.781 Thread 0x00000173e7c05890 Unloading class 0x0000017381c15400 'java/lang/invoke/LambdaForm$DMH+0x0000017381c15400'
Event: 17.781 Thread 0x00000173e7c05890 Unloading class 0x0000017381c15000 'java/lang/invoke/LambdaForm$DMH+0x0000017381c15000'
Event: 17.781 Thread 0x00000173e7c05890 Unloading class 0x0000017381c14800 'java/lang/invoke/LambdaForm$DMH+0x0000017381c14800'
Event: 17.781 Thread 0x00000173e7c05890 Unloading class 0x0000017381c14000 'java/lang/invoke/LambdaForm$DMH+0x0000017381c14000'
Event: 22.461 Thread 0x00000173e7c05890 Unloading class 0x0000017381e38800 'java/lang/invoke/LambdaForm$DMH+0x0000017381e38800'
Event: 22.461 Thread 0x00000173e7c05890 Unloading class 0x0000017381e38400 'java/lang/invoke/LambdaForm$DMH+0x0000017381e38400'

Classes redefined (0 events):
No events

Internal exceptions (20 events):
Event: 19.080 Thread 0x00000173f56cba60 Exception <a 'java/lang/IncompatibleClassChangeError'{0x00000000a7a2abb0}: Found class java.lang.Object, but interface was expected> (0x00000000a7a2abb0) 
thrown [s\open\src\hotspot\share\interpreter\linkResolver.cpp, line 826]
Event: 19.419 Thread 0x00000173f605ae30 Exception <a 'sun/nio/fs/WindowsException'{0x00000000a5906460}> (0x00000000a5906460) 
thrown [s\open\src\hotspot\share\prims\jni.cpp, line 516]
Event: 19.428 Thread 0x00000173f605ae30 Exception <a 'sun/nio/fs/WindowsException'{0x00000000a56ebbb0}> (0x00000000a56ebbb0) 
thrown [s\open\src\hotspot\share\prims\jni.cpp, line 516]
Event: 19.428 Thread 0x00000173f605ae30 Exception <a 'sun/nio/fs/WindowsException'{0x00000000a56ec058}> (0x00000000a56ec058) 
thrown [s\open\src\hotspot\share\prims\jni.cpp, line 516]
Event: 19.609 Thread 0x00000173f63e89b0 Implicit null exception at 0x00000173d813990a to 0x00000173d813a17a
Event: 19.690 Thread 0x00000173f63e89b0 Exception <a 'java/lang/IncompatibleClassChangeError'{0x00000000a24749e8}: Found class java.lang.Object, but interface was expected> (0x00000000a24749e8) 
thrown [s\open\src\hotspot\share\interpreter\linkResolver.cpp, line 826]
Event: 19.733 Thread 0x00000173f63e89b0 Exception <a 'java/lang/NoSuchMethodError'{0x00000000a2374168}: 'java.lang.Object java.lang.invoke.DirectMethodHandle$Holder.newInvokeSpecial(java.lang.Object, java.lang.Object, int, java.lang.Object, java.lang.Object, java.lang.Object)'> (0x00000000a2374168) 
thrown [s\open\src\hotspot\share\interpreter\linkResolver.cpp, line 759]
Event: 19.734 Thread 0x00000173f63e89b0 Exception <a 'java/lang/NoSuchMethodError'{0x00000000a237bf78}: 'java.lang.Object java.lang.invoke.Invokers$Holder.linkToTargetMethod(java.lang.Object, int, java.lang.Object, java.lang.Object, java.lang.Object, java.lang.Object)'> (0x00000000a237bf78) 
thrown [s\open\src\hotspot\share\interpreter\linkResolver.cpp, line 759]
Event: 19.845 Thread 0x00000173f56cba60 Exception <a 'java/lang/NoSuchMethodError'{0x00000000a1bf4590}: 'java.lang.Object java.lang.invoke.DirectMethodHandle$Holder.invokeSpecial(java.lang.Object, java.lang.Object, java.lang.Object, java.lang.Object, java.lang.Object, java.lang.Object, java.lang.Object, java.lang.Object, java.lang.Object, java.lang.Object, java.lang.Object)'> (0x00000000a1bf4590) 
thrown [s\open\src\hotspot\share\interpreter\linkResolver.cpp, line 759]
Event: 19.847 Thread 0x00000173f56cba60 Exception <a 'java/lang/NoSuchMethodError'{0x00000000a1bff720}: 'java.lang.Object java.lang.invoke.DirectMethodHandle$Holder.newInvokeSpecial(java.lang.Object, java.lang.Object, java.lang.Object, java.lang.Object, java.lang.Object, java.lang.Object, java.lang.Object, java.lang.Object, java.lang.Object, java.lang.Object)'> (0x00000000a1bff720) 
thrown [s\open\src\hotspot\share\interpreter\linkResolver.cpp, line 759]
Event: 19.848 Thread 0x00000173f56cba60 Exception <a 'java/lang/NoSuchMethodError'{0x00000000a1a84cd0}: 'java.lang.Object java.lang.invoke.Invokers$Holder.linkToTargetMethod(java.lang.Object, java.lang.Object, java.lang.Object, java.lang.Object, java.lang.Object, java.lang.Object, java.lang.Object, java.lang.Object, java.lang.Object, java.lang.Object)'> (0x00000000a1a84cd0) 
thrown [s\open\src\hotspot\share\interpreter\linkResolver.cpp, line 759]
Event: 19.852 Thread 0x00000173f56cba60 Exception <a 'java/lang/NoSuchMethodError'{0x00000000a1a8dd98}: 'int java.lang.invoke.DirectMethodHandle$Holder.invokeSpecial(java.lang.Object, java.lang.Object, int)'> (0x00000000a1a8dd98) 
thrown [s\open\src\hotspot\share\interpreter\linkResolver.cpp, line 759]
Event: 19.921 Thread 0x00000173f63e89b0 Exception <a 'java/lang/NoSuchMethodError'{0x00000000aa0cf2f8}: 'void java.lang.invoke.DirectMethodHandle$Holder.invokeStatic(java.lang.Object, java.lang.Object, java.lang.Object, java.lang.Object, java.lang.Object, java.lang.Object, java.lang.Object, java.lang.Object)'> (0x00000000aa0cf2f8) 
thrown [s\open\src\hotspot\share\interpreter\linkResolver.cpp, line 759]
Event: 20.582 Thread 0x00000173f56cba60 Exception <a 'java/lang/NoSuchMethodError'{0x00000000a5219548}: 'java.lang.Object java.lang.invoke.DirectMethodHandle$Holder.invokeVirtual(java.lang.Object, java.lang.Object, java.lang.Object, int)'> (0x00000000a5219548) 
thrown [s\open\src\hotspot\share\interpreter\linkResolver.cpp, line 759]
Event: 21.258 Thread 0x00000173f56cba60 Exception <a 'java/lang/NoSuchMethodError'{0x00000000a65dc510}: 'void java.lang.invoke.DirectMethodHandle$Holder.invokeSpecial(java.lang.Object, java.lang.Object, int, java.lang.Object)'> (0x00000000a65dc510) 
thrown [s\open\src\hotspot\share\interpreter\linkResolver.cpp, line 759]
Event: 21.429 Thread 0x00000173f56cba60 Exception <a 'java/lang/NoSuchMethodError'{0x00000000a584ae30}: 'int java.lang.invoke.DirectMethodHandle$Holder.invokeSpecial(java.lang.Object, java.lang.Object, java.lang.Object, int)'> (0x00000000a584ae30) 
thrown [s\open\src\hotspot\share\interpreter\linkResolver.cpp, line 759]
Event: 21.577 Thread 0x00000173f56cba60 Exception <a 'java/lang/NoSuchMethodError'{0x00000000a4eadce8}: 'java.lang.Object java.lang.invoke.DirectMethodHandle$Holder.invokeInterface(java.lang.Object, java.lang.Object, int)'> (0x00000000a4eadce8) 
thrown [s\open\src\hotspot\share\interpreter\linkResolver.cpp, line 759]
Event: 22.319 Thread 0x00000173f63e89b0 Exception <a 'java/lang/IncompatibleClassChangeError'{0x00000000a9ad1da0}: Found class java.lang.Object, but interface was expected> (0x00000000a9ad1da0) 
thrown [s\open\src\hotspot\share\interpreter\linkResolver.cpp, line 826]
Event: 24.932 Thread 0x00000173fb524e90 Implicit null exception at 0x00000173d7bd7b61 to 0x00000173d7bd7f64
Event: 24.932 Thread 0x00000173fb524e90 Implicit null exception at 0x00000173d80cd62f to 0x00000173d80cd944

VM Operations (20 events):
Event: 23.755 Executing VM operation: G1CollectForAllocation done
Event: 23.765 Executing VM operation: HandshakeAllThreads
Event: 23.766 Executing VM operation: HandshakeAllThreads done
Event: 23.895 Executing VM operation: G1CollectForAllocation
Event: 23.901 Executing VM operation: G1CollectForAllocation done
Event: 23.971 Executing VM operation: HandshakeAllThreads
Event: 23.972 Executing VM operation: HandshakeAllThreads done
Event: 24.011 Executing VM operation: HandshakeAllThreads
Event: 24.012 Executing VM operation: HandshakeAllThreads done
Event: 24.022 Executing VM operation: HandshakeAllThreads
Event: 24.023 Executing VM operation: HandshakeAllThreads done
Event: 24.333 Executing VM operation: ICBufferFull
Event: 24.335 Executing VM operation: ICBufferFull done
Event: 24.461 Executing VM operation: ICBufferFull
Event: 24.461 Executing VM operation: ICBufferFull done
Event: 24.715 Executing VM operation: G1CollectForAllocation
Event: 24.726 Executing VM operation: G1CollectForAllocation done
Event: 24.760 Executing VM operation: G1TryInitiateConcMark
Event: 24.777 Executing VM operation: G1TryInitiateConcMark done
Event: 25.011 Executing VM operation: G1Concurrent

Events (20 events):
Event: 23.843 Thread 0x00000173ec061b90 flushing nmethod 0x00000173d2438590
Event: 23.843 Thread 0x00000173ec061b90 flushing nmethod 0x00000173d2439490
Event: 23.843 Thread 0x00000173ec061b90 flushing nmethod 0x00000173d243bd90
Event: 23.843 Thread 0x00000173ec061b90 flushing nmethod 0x00000173d245ad90
Event: 23.843 Thread 0x00000173ec061b90 flushing nmethod 0x00000173d245ca10
Event: 23.843 Thread 0x00000173ec061b90 flushing nmethod 0x00000173d245d990
Event: 23.844 Thread 0x00000173ec061b90 flushing nmethod 0x00000173d2498810
Event: 23.846 Thread 0x00000173ec061b90 flushing nmethod 0x00000173d2524e10
Event: 23.846 Thread 0x00000173ec061b90 flushing nmethod 0x00000173d2528310
Event: 23.846 Thread 0x00000173ec061b90 flushing nmethod 0x00000173d252b290
Event: 23.846 Thread 0x00000173ec061b90 flushing nmethod 0x00000173d252c290
Event: 23.846 Thread 0x00000173ec061b90 flushing nmethod 0x00000173d252ca10
Event: 23.846 Thread 0x00000173ec061b90 flushing nmethod 0x00000173d252f310
Event: 23.846 Thread 0x00000173ec061b90 flushing nmethod 0x00000173d252f790
Event: 23.846 Thread 0x00000173ec061b90 flushing nmethod 0x00000173d2530a90
Event: 23.846 Thread 0x00000173ec061b90 flushing nmethod 0x00000173d2531390
Event: 23.846 Thread 0x00000173ec061b90 flushing nmethod 0x00000173d2533990
Event: 23.847 Thread 0x00000173ec061b90 flushing nmethod 0x00000173d2577b90
Event: 23.847 Thread 0x00000173ec061b90 flushing nmethod 0x00000173d2578510
Event: 23.847 Thread 0x00000173ec061b90 flushing nmethod 0x00000173d2578d10


Dynamic libraries:
0x00007ff6ea5f0000 - 0x00007ff6ea600000 	C:\Program Files\Java\jdk-17\bin\java.exe
0x00007ffd93b20000 - 0x00007ffd93d87000 	C:\WINDOWS\SYSTEM32\ntdll.dll
0x00007ffd92430000 - 0x00007ffd924fb000 	C:\WINDOWS\System32\KERNEL32.DLL
0x00007ffd91430000 - 0x00007ffd91832000 	C:\WINDOWS\System32\KERNELBASE.dll
0x00007ffd90f00000 - 0x00007ffd9104c000 	C:\WINDOWS\System32\ucrtbase.dll
0x00007ffd28fa0000 - 0x00007ffd28fb9000 	C:\Program Files\Java\jdk-17\bin\jli.dll
0x00007ffcfc130000 - 0x00007ffcfc14b000 	C:\Program Files\Java\jdk-17\bin\VCRUNTIME140.dll
0x00007ffd91840000 - 0x00007ffd918fc000 	C:\WINDOWS\System32\ADVAPI32.dll
0x00007ffd91910000 - 0x00007ffd919b9000 	C:\WINDOWS\System32\msvcrt.dll
0x00007ffd91f50000 - 0x00007ffd91ff9000 	C:\WINDOWS\System32\sechost.dll
0x00007ffd93670000 - 0x00007ffd93788000 	C:\WINDOWS\System32\RPCRT4.dll
0x00007ffd93810000 - 0x00007ffd939df000 	C:\WINDOWS\System32\USER32.dll
0x00007ffd91400000 - 0x00007ffd91427000 	C:\WINDOWS\System32\win32u.dll
0x00007ffd75380000 - 0x00007ffd75610000 	C:\WINDOWS\WinSxS\amd64_microsoft.windows.common-controls_6595b64144ccf1df_6.0.26100.9278_none_3e0d1ba8e3303201\COMCTL32.dll
0x00007ffd92110000 - 0x00007ffd9213b000 	C:\WINDOWS\System32\GDI32.dll
0x00007ffd90d20000 - 0x00007ffd90e49000 	C:\WINDOWS\System32\gdi32full.dll
0x00007ffd90e50000 - 0x00007ffd90ef3000 	C:\WINDOWS\System32\msvcp_win.dll
0x00007ffd88f50000 - 0x00007ffd88f5b000 	C:\WINDOWS\SYSTEM32\VERSION.dll
0x00007ffd933c0000 - 0x00007ffd933f1000 	C:\WINDOWS\System32\IMM32.DLL
0x00007ffd5e020000 - 0x00007ffd5e02c000 	C:\Program Files\Java\jdk-17\bin\vcruntime140_1.dll
0x00007ffcf4740000 - 0x00007ffcf47ce000 	C:\Program Files\Java\jdk-17\bin\msvcp140.dll
0x00007ffccbaf0000 - 0x00007ffccc6d0000 	C:\Program Files\Java\jdk-17\bin\server\jvm.dll
0x00007ffd91f40000 - 0x00007ffd91f48000 	C:\WINDOWS\System32\PSAPI.DLL
0x00007ffd81220000 - 0x00007ffd8122a000 	C:\WINDOWS\SYSTEM32\WSOCK32.dll
0x00007ffd826a0000 - 0x00007ffd826d6000 	C:\WINDOWS\SYSTEM32\WINMM.dll
0x00007ffd93a50000 - 0x00007ffd93ad0000 	C:\WINDOWS\System32\WS2_32.dll
0x00007ffd8f9b0000 - 0x00007ffd8f9cb000 	C:\WINDOWS\SYSTEM32\kernel.appcore.dll
0x00007ffd56070000 - 0x00007ffd5607a000 	C:\Program Files\Java\jdk-17\bin\jimage.dll
0x00007ffd8e260000 - 0x00007ffd8e4ac000 	C:\WINDOWS\SYSTEM32\DBGHELP.DLL
0x00007ffd92e00000 - 0x00007ffd93185000 	C:\WINDOWS\System32\combase.dll
0x00007ffd93490000 - 0x00007ffd93569000 	C:\WINDOWS\System32\OLEAUT32.dll
0x00007ffd79ef0000 - 0x00007ffd79f2b000 	C:\WINDOWS\SYSTEM32\dbgcore.DLL
0x00007ffd910f0000 - 0x00007ffd9119c000 	C:\WINDOWS\System32\bcryptPrimitives.dll
0x00007ffcf5fb0000 - 0x00007ffcf5fd5000 	C:\Program Files\Java\jdk-17\bin\java.dll
0x00007ffced330000 - 0x00007ffced407000 	C:\Program Files\Java\jdk-17\bin\jsvml.dll
0x00007ffd92660000 - 0x00007ffd92df8000 	C:\WINDOWS\System32\SHELL32.dll
0x00007ffd8e740000 - 0x00007ffd8efee000 	C:\WINDOWS\SYSTEM32\windows.storage.dll
0x00007ffd93570000 - 0x00007ffd9366b000 	C:\WINDOWS\System32\SHCORE.dll
0x00007ffd92340000 - 0x00007ffd923a6000 	C:\WINDOWS\System32\shlwapi.dll
0x00007ffd90c40000 - 0x00007ffd90c69000 	C:\WINDOWS\SYSTEM32\profapi.dll
0x00007ffcfb710000 - 0x00007ffcfb729000 	C:\Program Files\Java\jdk-17\bin\net.dll
0x00007ffd8ae00000 - 0x00007ffd8af2a000 	C:\WINDOWS\SYSTEM32\WINHTTP.dll
0x00007ffd8ff50000 - 0x00007ffd8ffbc000 	C:\WINDOWS\system32\mswsock.dll
0x00007ffcfb6f0000 - 0x00007ffcfb706000 	C:\Program Files\Java\jdk-17\bin\nio.dll
0x00007ffcf8840000 - 0x00007ffcf8858000 	C:\Program Files\Java\jdk-17\bin\zip.dll
0x00007ffd50700000 - 0x00007ffd50710000 	C:\Program Files\Java\jdk-17\bin\verify.dll
0x00007ffcd8b10000 - 0x00007ffcd8b37000 	C:\Users\ASUS\.gradle\native\e1d6ef7f7dcc3fd88c89a11ec53ec762bb8ba0a96d01ffa2cd45eb1d1d8dd5c5\windows-amd64\native-platform.dll
0x00007ffcedcb0000 - 0x00007ffceddf4000 	C:\Users\ASUS\.gradle\native\0d407fdbe67a94daf76414ababcb853783967236a71b16ec16e742cd7a986fd3\windows-amd64\native-platform-file-events.dll
0x00007ffd4a160000 - 0x00007ffd4a16a000 	C:\Program Files\Java\jdk-17\bin\management.dll
0x00007ffd48b10000 - 0x00007ffd48b1b000 	C:\Program Files\Java\jdk-17\bin\management_ext.dll
0x00007ffd90370000 - 0x00007ffd9038b000 	C:\WINDOWS\SYSTEM32\CRYPTSP.dll
0x00007ffd8f910000 - 0x00007ffd8f949000 	C:\WINDOWS\system32\rsaenh.dll
0x00007ffd90000000 - 0x00007ffd90034000 	C:\WINDOWS\SYSTEM32\USERENV.dll
0x00007ffd90c10000 - 0x00007ffd90c3a000 	C:\WINDOWS\SYSTEM32\bcrypt.dll
0x00007ffd901b0000 - 0x00007ffd901bc000 	C:\WINDOWS\SYSTEM32\CRYPTBASE.dll
0x00007ffd8f3b0000 - 0x00007ffd8f3e3000 	C:\WINDOWS\SYSTEM32\IPHLPAPI.DLL
0x00007ffd91f30000 - 0x00007ffd91f3a000 	C:\WINDOWS\System32\NSI.dll
0x00007ffd8b000000 - 0x00007ffd8b01d000 	C:\WINDOWS\SYSTEM32\dhcpcsvc6.DLL
0x00007ffd8afd0000 - 0x00007ffd8aff5000 	C:\WINDOWS\SYSTEM32\dhcpcsvc.DLL
0x00007ffd8f450000 - 0x00007ffd8f5a8000 	C:\WINDOWS\SYSTEM32\DNSAPI.dll
0x00007ffd8fd70000 - 0x00007ffd8fd7d000 	C:\WINDOWS\SYSTEM32\DSPARSE.dll
0x00007ffd48950000 - 0x00007ffd4895e000 	C:\Program Files\Java\jdk-17\bin\sunmscapi.dll
0x00007ffd911b0000 - 0x00007ffd9132e000 	C:\WINDOWS\System32\CRYPT32.dll
0x00007ffd904e0000 - 0x00007ffd90510000 	C:\WINDOWS\SYSTEM32\ncrypt.dll
0x00007ffd90490000 - 0x00007ffd904cf000 	C:\WINDOWS\SYSTEM32\NTASN1.dll
0x00007ffd777e0000 - 0x00007ffd777e8000 	C:\WINDOWS\system32\wshunix.dll
0x00007ffd890e0000 - 0x00007ffd890fe000 	C:\Users\ASUS\AppData\Local\Temp\native-platform4016026192069817999dir\native-platform.dll
0x00007ffd81400000 - 0x00007ffd81407000 	C:\Program Files\Java\jdk-17\bin\rmi.dll

dbghelp: loaded successfully - version: 4.0.5 - missing functions: none
symbol engine: initialized successfully - sym options: 0x614 - pdb path: .;C:\Program Files\Java\jdk-17\bin;C:\WINDOWS\SYSTEM32;C:\WINDOWS\WinSxS\amd64_microsoft.windows.common-controls_6595b64144ccf1df_6.0.26100.9278_none_3e0d1ba8e3303201;C:\Program Files\Java\jdk-17\bin\server;C:\Users\ASUS\.gradle\native\e1d6ef7f7dcc3fd88c89a11ec53ec762bb8ba0a96d01ffa2cd45eb1d1d8dd5c5\windows-amd64;C:\Users\ASUS\.gradle\native\0d407fdbe67a94daf76414ababcb853783967236a71b16ec16e742cd7a986fd3\windows-amd64;C:\Users\ASUS\AppData\Local\Temp\native-platform4016026192069817999dir

VM Arguments:
jvm_args: --add-opens=java.base/java.util=ALL-UNNAMED --add-opens=java.base/java.lang=ALL-UNNAMED --add-opens=java.base/java.lang.invoke=ALL-UNNAMED --add-opens=java.base/java.util=ALL-UNNAMED --add-opens=java.prefs/java.util.prefs=ALL-UNNAMED --add-opens=java.prefs/java.util.prefs=ALL-UNNAMED --add-opens=java.base/java.nio.charset=ALL-UNNAMED --add-opens=java.base/java.net=ALL-UNNAMED --add-opens=java.base/java.util.concurrent.atomic=ALL-UNNAMED -Xmx2048m -Dfile.encoding=UTF-8 -Duser.country=US -Duser.language=en -Duser.variant 
java_command: org.gradle.launcher.daemon.bootstrap.GradleDaemon 7.4
java_class_path (initial): C:\Users\ASUS\.gradle\wrapper\dists\gradle-7.4-bin\c0gwcg53nkjbqw7r0h0umtfvt\gradle-7.4\lib\gradle-launcher-7.4.jar
Launcher Type: SUN_STANDARD

[Global flags]
     intx CICompilerCount                          = 12                                        {product} {ergonomic}
     uint ConcGCThreads                            = 3                                         {product} {ergonomic}
     uint G1ConcRefinementThreads                  = 13                                        {product} {ergonomic}
   size_t G1HeapRegionSize                         = 1048576                                   {product} {ergonomic}
    uintx GCDrainStackTargetSize                   = 64                                        {product} {ergonomic}
   size_t InitialHeapSize                          = 266338304                                 {product} {ergonomic}
   size_t MarkStackSize                            = 4194304                                   {product} {ergonomic}
   size_t MaxHeapSize                              = 2147483648                                {product} {command line}
   size_t MaxNewSize                               = 1287651328                                {product} {ergonomic}
   size_t MinHeapDeltaBytes                        = 1048576                                   {product} {ergonomic}
   size_t MinHeapSize                              = 8388608                                   {product} {ergonomic}
    uintx NonNMethodCodeHeapSize                   = 7602480                                {pd product} {ergonomic}
    uintx NonProfiledCodeHeapSize                  = 122027880                              {pd product} {ergonomic}
    uintx ProfiledCodeHeapSize                     = 122027880                              {pd product} {ergonomic}
    uintx ReservedCodeCacheSize                    = 251658240                              {pd product} {ergonomic}
     bool SegmentedCodeCache                       = true                                      {product} {ergonomic}
   size_t SoftMaxHeapSize                          = 2147483648                             {manageable} {ergonomic}
     bool UseCompressedClassPointers               = true                           {product lp64_product} {ergonomic}
     bool UseCompressedOops                        = true                           {product lp64_product} {ergonomic}
     bool UseG1GC                                  = true                                      {product} {ergonomic}
     bool UseLargePagesIndividualAllocation        = false                                  {pd product} {ergonomic}

Logging:
Log output configuration:
 #0: stdout all=warning uptime,level,tags
 #1: stderr all=off uptime,level,tags

Environment Variables:
PATH=C:\Program Files\NVIDIA GPU Computing Toolkit\CUDA\v12.6\bin;C:\Program Files\NVIDIA GPU Computing Toolkit\CUDA\v12.6\libnvvp;C:\Program Files\NVIDIA GPU Computing Toolkit\CUDA\v13.3\bin\x64;C:\Program Files\NVIDIA GPU Computing Toolkit\CUDA\v13.3\bin;c:\Users\ASUS\AppData\Local\Programs\cursor\resources\app\bin;C:\Program Files\Common Files\Oracle\Java\javapath;C:\WINDOWS\system32;C:\WINDOWS;C:\WINDOWS\System32\Wbem;C:\WINDOWS\System32\WindowsPowerShell\v1.0\;C:\WINDOWS\System32\OpenSSH\;C:\Program Files (x86)\NVIDIA Corporation\PhysX\Common;C:\Program Files\dotnet\;C:\Program Files\Java\jdk-17\bin;C:\Program Files\nodejs\;C:\Program Files\PostgreSQL\17\bin;C:\Program Files\Git\cmd;C:\Users\ASUS\AppData\Local\Programs\Python\Launcher\;C:\Users\ASUS\scoop\shims;C:\Users\ASUS\AppData\Local\Microsoft\WindowsApps;C:\Users\ASUS\AppData\Roaming\npm;C:\Users\ASUS\AppData\Local\Programs\Python\Python313;C:\Users\ASUS\AppData\Local\Programs\Python\Python313\Scripts;C:\Users\ASUS\AppData\Local\Programs\cursor\resources\app\bin;c:\Users\ASUS\AppData\Local\Programs\cursor\resources\app\bin;C:\Program Files\Git\cmd;C:\Program Files\NVIDIA Corporation\NVIDIA App\NvDLISR;C:\Program Files (x86)\BaseX\bin;C:\Program Files\Apache\apache-maven-3.9.12\bin;C:\Program Files\Docker\Docker\resources\bin;C:\tools\rtk-x86_64-pc-windows-msvc;C:\Program Files\NVIDIA Corporation\Nsight Compute 2024.3.0\;C:\Program Files\NVIDIA GPU Computing Toolkit\CUDA\v12.6\bin;C:\Program Files\NVIDIA GPU Computing Toolkit\CUDA\v12.6\libnvvp;C:\Program Files\NVIDIA GPU Computing Toolkit\CUDA\v13.3\bin\x64;C:\Program Files\NVIDIA GPU Computing Toolkit\CUDA\v13.3\bin;c:\Users\ASUS\AppData\Local\Programs\cursor\resources\app\bin;C:\Program Files\Common Files\Oracle\Java\javapath;C:\WINDOWS\system32;C:\WINDOWS;C:\WINDOWS\System32\Wbem;C:\WINDOWS\System32\WindowsPowerShell\v1.0\;C:\WINDOWS\System32\OpenSSH\;C:\Program Files (x86)\NVIDIA Corporation\PhysX\Common;C:\Program Files\dotnet\;C:\Program Files\Java\jdk
USERNAME=ASUS
OS=Windows_NT
PROCESSOR_IDENTIFIER=AMD64 Family 25 Model 68 Stepping 1, AuthenticAMD



---------------  S Y S T E M  ---------------

OS:
 Windows 11 , 64 bit Build 26100 (10.0.26100.9444)
OS uptime: 1 days 20:23 hours
Hyper-V role detected

CPU: total 16 (initial active 16) (16 cores per cpu, 2 threads per core) family 25 model 68 stepping 1 microcode 0xa404107, cx8, cmov, fxsr, ht, mmx, 3dnowpref, sse, sse2, sse3, ssse3, sse4a, sse4.1, sse4.2, popcnt, lzcnt, tsc, tscinvbit, avx, avx2, aes, erms, clmul, bmi1, bmi2, adx, sha, fma, vzeroupper, clflush, clflushopt, hv

Memory: 4k page, system-wide physical 16202M (804M free)
TotalPageFile size 25424M (AvailPageFile size 51M)
current process WorkingSet (physical memory assigned to process): 1131M, peak: 1136M
current process commit charge ("private bytes"): 1196M, peak: 1436M

vm_info: Java HotSpot(TM) 64-Bit Server VM (17.0.12+8-LTS-286) for windows-amd64 JRE (17.0.12+8-LTS-286), built on Jun  5 2024 06:46:59 by "mach5one" with MS VC++ 17.6 (VS2022)

END.
