#
# There is insufficient memory for the Java Runtime Environment to continue.
# Native memory allocation (mmap) failed to map 286261248 bytes for G1 virtual space
# Possible reasons:
#   The system is out of physical RAM or swap space
#   The process is running with CompressedOops enabled, and the Java Heap may be blocking the growth of the native heap
# Possible solutions:
#   Reduce memory load on the system
#   Increase physical memory or swap space
#   Check if swap backing store is full
#   Decrease Java heap size (-Xmx/-Xms)
#   Decrease number of Java threads
#   Decrease Java thread stack sizes (-Xss)
#   Set larger code cache with -XX:ReservedCodeCacheSize=
#   JVM is running with Unscaled Compressed Oops mode in which the Java heap is
#     placed in the first 4GB address space. The Java Heap base address is the
#     maximum limit for the native heap growth. Please use -XX:HeapBaseMinAddress
#     to set the Java Heap base and to place the Java Heap above 4GB virtual address.
# This output file may be truncated or incomplete.
#
#  Out of Memory Error (os_windows.cpp:3548), pid=14476, tid=32056
#
# JRE version: Java(TM) SE Runtime Environment (17.0.12+8) (build 17.0.12+8-LTS-286)
# Java VM: Java HotSpot(TM) 64-Bit Server VM (17.0.12+8-LTS-286, mixed mode, sharing, tiered, compressed oops, compressed class ptrs, g1 gc, windows-amd64)
# No core dump will be written. Minidumps are not enabled by default on client versions of Windows
#

---------------  S U M M A R Y ------------

Command Line: --add-opens=jdk.compiler/com.sun.tools.javac.api=ALL-UNNAMED --add-opens=jdk.compiler/com.sun.tools.javac.code=ALL-UNNAMED --add-opens=jdk.compiler/com.sun.tools.javac.comp=ALL-UNNAMED --add-opens=jdk.compiler/com.sun.tools.javac.file=ALL-UNNAMED --add-opens=jdk.compiler/com.sun.tools.javac.jvm=ALL-UNNAMED --add-opens=jdk.compiler/com.sun.tools.javac.main=ALL-UNNAMED --add-opens=jdk.compiler/com.sun.tools.javac.model=ALL-UNNAMED --add-opens=jdk.compiler/com.sun.tools.javac.parser=ALL-UNNAMED --add-opens=jdk.compiler/com.sun.tools.javac.processing=ALL-UNNAMED --add-opens=jdk.compiler/com.sun.tools.javac.tree=ALL-UNNAMED --add-opens=jdk.compiler/com.sun.tools.javac.util=ALL-UNNAMED --add-opens=java.base/java.util=ALL-UNNAMED --add-opens=java.base/java.lang=ALL-UNNAMED --add-opens=java.base/java.lang.invoke=ALL-UNNAMED --add-opens=java.base/java.util=ALL-UNNAMED --add-opens=java.prefs/java.util.prefs=ALL-UNNAMED --add-opens=java.prefs/java.util.prefs=ALL-UNNAMED --add-opens=java.base/java.nio.charset=ALL-UNNAMED --add-opens=java.base/java.net=ALL-UNNAMED --add-opens=java.base/java.util.concurrent.atomic=ALL-UNNAMED -Xmx2048m -Dfile.encoding=UTF-8 -Duser.country=US -Duser.language=en -Duser.variant org.gradle.launcher.daemon.bootstrap.GradleDaemon 7.4

Host: AMD Ryzen 7 7435HS                             , 16 cores, 15G,  Windows 11 , 64 bit Build 26100 (10.0.26100.9444)
Time: Sun Sep 27 19:09:13 2026 Sri Lanka Standard Time elapsed time: 127.015208 seconds (0d 0h 2m 7s)

---------------  T H R E A D  ---------------

Current thread (0x000002785e22e420):  VMThread "VM Thread" [stack: 0x0000009caf800000,0x0000009caf900000] [id=32056]

Stack: [0x0000009caf800000,0x0000009caf900000]
Native frames: (J=compiled Java code, j=interpreted, Vv=VM code, C=native code)
V  [jvm.dll+0x67a04a]
V  [jvm.dll+0x7da4ed]
V  [jvm.dll+0x7dbe33]
V  [jvm.dll+0x7dc4a3]
V  [jvm.dll+0x24508f]
V  [jvm.dll+0x677089]
V  [jvm.dll+0x66bd32]
V  [jvm.dll+0x301fa6]
V  [jvm.dll+0x309546]
V  [jvm.dll+0x359d2e]
V  [jvm.dll+0x359f5f]
V  [jvm.dll+0x2d9078]
V  [jvm.dll+0x2dc0e6]
V  [jvm.dll+0x2e67eb]
V  [jvm.dll+0x31a870]
V  [jvm.dll+0x7e0d9b]
V  [jvm.dll+0x7e1ad4]
V  [jvm.dll+0x7e1fed]
V  [jvm.dll+0x7e23c4]
V  [jvm.dll+0x7e2490]
V  [jvm.dll+0x78abea]
V  [jvm.dll+0x678f35]
C  [ucrtbase.dll+0x2cd30]
C  [KERNEL32.DLL+0x2cd87]
C  [ntdll.dll+0xacaec]

VM_Operation (0x0000009caf4ff3d0): G1Concurrent, mode: safepoint, requested by thread 0x000002783f4fbb80


---------------  P R O C E S S  ---------------

Threads class SMR info:
_java_thread_list=0x00000278afafac60, length=251, elements={
0x000002783d189fb0, 0x000002785e22ea50, 0x000002785e2356a0, 0x000002785e249a60,
0x000002785e24c340, 0x000002785e24cc10, 0x000002785e24d4e0, 0x000002785e2501a0,
0x000002785e268080, 0x000002785e272db0, 0x000002785e3de7f0, 0x000002785e3e10f0,
0x00000278a5b4e050, 0x000002785e973490, 0x00000278a5682510, 0x00000278a550c8a0,
0x00000278a5059630, 0x00000278a4effa30, 0x00000278a4f00e70, 0x00000278a4eff010,
0x00000278a4efe0e0, 0x00000278a4f00450, 0x00000278a4f00960, 0x00000278a4eff520,
0x00000278a4f01380, 0x00000278a4efff40, 0x00000278a4f01890, 0x00000278a7e18190,
0x00000278a7e186a0, 0x00000278a7e1aa10, 0x00000278a7e18bb0, 0x00000278a7e1af20,
0x00000278a7e19ff0, 0x00000278a7e195d0, 0x00000278a7e17c80, 0x00000278a7e1a500,
0x00000278a7e19ae0, 0x00000278a7e17770, 0x00000278a7e1cd80, 0x00000278a7e1dcb0,
0x00000278a7e1e1c0, 0x00000278a7e1d290, 0x00000278a7e1b940, 0x00000278a7e1be50,
0x00000278a7e1e6d0, 0x00000278a7e1ebe0, 0x00000278a7e1b430, 0x00000278a7e1f0f0,
0x00000278a7e1d7a0, 0x00000278a7e1c360, 0x00000278a7e1c870, 0x00000278a77ca910,
0x00000278a77c8fc0, 0x00000278a77c8ab0, 0x00000278a77c94d0, 0x00000278a77cae20,
0x00000278a77c9ef0, 0x00000278a77c7670, 0x00000278a77c99e0, 0x00000278a77ca400,
0x00000278a77cb330, 0x00000278a77c7b80, 0x00000278a77cb840, 0x00000278a77c85a0,
0x00000278a77c8090, 0x00000278a77ceff0, 0x00000278a77cd6a0, 0x00000278a77ce5d0,
0x00000278a77cc260, 0x00000278a77cbd50, 0x00000278a77cdbb0, 0x00000278a77cc770,
0x00000278a77ce0c0, 0x00000278a77ceae0, 0x00000278a77ccc80, 0x00000278a77cd190,
0x00000278a8038e30, 0x00000278a8039340, 0x00000278a80365b0, 0x00000278a8036ac0,
0x00000278a8036fd0, 0x00000278a80374e0, 0x00000278a80379f0, 0x00000278a8039850,
0x00000278a80360a0, 0x00000278a803b6b0, 0x00000278a803ac90, 0x00000278a8037f00,
0x00000278a803b1a0, 0x00000278a8039d60, 0x00000278a803bbc0, 0x00000278a803a270,
0x00000278a803a780, 0x00000278a8038920, 0x00000278a8038410, 0x00000278a803c0d0,
0x00000278a803d510, 0x00000278a803c5e0, 0x00000278a803caf0, 0x00000278a803da20,
0x00000278a803d000, 0x00000278a5ba1330, 0x00000278a5b9efc0, 0x00000278a5ba1840,
0x00000278a5ba0910, 0x00000278a5b9eab0, 0x00000278a5ba1d50, 0x00000278a5ba0e20,
0x00000278a5ba0400, 0x00000278a5b9fef0, 0x00000278a5ba2c80, 0x00000278a5ba2260,
0x00000278a5ba2770, 0x00000278a5b9f4d0, 0x00000278a5ba3190, 0x00000278a5b9f9e0,
0x00000278a5ba36a0, 0x00000278a5ba5500, 0x00000278a5ba3bb0, 0x00000278a5ba5a10,
0x00000278a5ba40c0, 0x00000278a5ba45d0, 0x00000278a5ba4ae0, 0x00000278a5ba4ff0,
0x00000278a5ba5f20, 0x00000278a5ba6430, 0x00000278aa73b640, 0x00000278aa73bb50,
0x00000278aa73a200, 0x00000278aa739cf0, 0x00000278aa73c060, 0x00000278aa73cf90,
0x00000278aa7397e0, 0x00000278aa73c570, 0x00000278aa73ca80, 0x00000278aa73dec0,
0x00000278aa73d4a0, 0x00000278aa73a710, 0x00000278aa73d9b0, 0x00000278aa73ac20,
0x00000278aa73e3d0, 0x00000278aa73e8e0, 0x00000278aa73b130, 0x00000278aa740c50,
0x00000278aa73f810, 0x00000278aa73f300, 0x00000278aa73edf0, 0x00000278aa73fd20,
0x00000278aa741160, 0x00000278aa740230, 0x00000278aa740740, 0x00000278a83f6ca0,
0x00000278a83f3a00, 0x00000278a83f6790, 0x00000278a83f4e40, 0x00000278a83f5d70,
0x00000278a83f5860, 0x00000278a83f6280, 0x00000278a83f34f0, 0x00000278a83f4420,
0x00000278a83f76c0, 0x00000278a83f71b0, 0x00000278a83f4930, 0x00000278a83f3f10,
0x00000278a83f8b00, 0x00000278a83f5350, 0x00000278a83f7bd0, 0x00000278a83fa960,
0x00000278a83fae70, 0x00000278a83f9010, 0x00000278a83f80e0, 0x00000278a83f85f0,
0x00000278a83f9520, 0x00000278a83f9a30, 0x00000278a83f9f40, 0x00000278a83fa450,
0x000002785e7c0380, 0x000002785e7c21e0, 0x000002785e7c12b0, 0x000002785e7c0890,
0x000002785e7c26f0, 0x000002785e7bfe70, 0x000002785e7bf960, 0x000002785e7c1cd0,
0x000002785e7c0da0, 0x000002785e7c17c0, 0x000002785e7c2c00, 0x000002785e7bf450,
0x000002785e7c4f70, 0x000002785e7c5990, 0x000002785e7c68c0, 0x000002785e7c5480,
0x000002785e7c3620, 0x000002785e7c5ea0, 0x000002785e7c3b30, 0x000002785e7c4040,
0x000002785e7c4550, 0x000002785e7c63b0, 0x000002785e7c3110, 0x00000278a4b73430,
0x00000278a4b74d80, 0x00000278a4b715d0, 0x00000278a4b757a0, 0x00000278a4b74870,
0x00000278a4b75cb0, 0x00000278a4b761c0, 0x00000278a4b766d0, 0x00000278a4b76be0,
0x00000278a4b770f0, 0x00000278a4b73940, 0x00000278a4b77600, 0x00000278a4b73e50,
0x00000278a4b77b10, 0x00000278a4b78020, 0x00000278a4b78530, 0x000002785e4cd0c0,
0x000002785e4ce500, 0x000002785e4cb770, 0x000002785e4cc190, 0x000002785e4cbc80,
0x000002785e4cb260, 0x000002785e4cd5d0, 0x000002785e4ccbb0, 0x00000278ae8dcf00,
0x00000278ae8dd410, 0x00000278ae8de340, 0x00000278ae8dd920, 0x00000278ae8dde30,
0x00000278ae8dc9f0, 0x00000278a9be2a00, 0x00000278a9be1ad0, 0x00000278ae9e83a0,
0x00000278ae9e7980, 0x00000278aee34360, 0x00000278a9be2f10, 0x00000278a9be3e40,
0x00000278a9be4350, 0x00000278ae9e7e90, 0x00000278a970ba00, 0x00000278aaca7c30,
0x00000278aa196990, 0x00000278aa198ec0, 0x00000278aa199960, 0x00000278acf471d0,
0x00000278aef4d580, 0x00000278af179f40, 0x00000278b5551650, 0x00000278aef4f560,
0x00000278bc8835d0, 0x00000278bc8825e0, 0x00000278bc883080
}

Java Threads: ( => current thread )
  0x000002783d189fb0 JavaThread "main" [_thread_blocked, id=4912, stack(0x0000009caf200000,0x0000009caf300000)]
  0x000002785e22ea50 JavaThread "Reference Handler" daemon [_thread_blocked, id=3864, stack(0x0000009caf900000,0x0000009cafa00000)]
  0x000002785e2356a0 JavaThread "Finalizer" daemon [_thread_blocked, id=2756, stack(0x0000009cafa00000,0x0000009cafb00000)]
  0x000002785e249a60 JavaThread "Signal Dispatcher" daemon [_thread_blocked, id=23948, stack(0x0000009cafb00000,0x0000009cafc00000)]
  0x000002785e24c340 JavaThread "Attach Listener" daemon [_thread_blocked, id=25780, stack(0x0000009cafc00000,0x0000009cafd00000)]
  0x000002785e24cc10 JavaThread "Service Thread" daemon [_thread_blocked, id=33264, stack(0x0000009cafd00000,0x0000009cafe00000)]
  0x000002785e24d4e0 JavaThread "Monitor Deflation Thread" daemon [_thread_blocked, id=29584, stack(0x0000009cafe00000,0x0000009caff00000)]
  0x000002785e2501a0 JavaThread "C2 CompilerThread0" daemon [_thread_blocked, id=23176, stack(0x0000009caff00000,0x0000009cb0000000)]
  0x000002785e268080 JavaThread "C1 CompilerThread0" daemon [_thread_blocked, id=25256, stack(0x0000009cb0000000,0x0000009cb0100000)]
  0x000002785e272db0 JavaThread "Sweeper thread" daemon [_thread_blocked, id=31920, stack(0x0000009cb0100000,0x0000009cb0200000)]
  0x000002785e3de7f0 JavaThread "Common-Cleaner" daemon [_thread_blocked, id=1092, stack(0x0000009cb0300000,0x0000009cb0400000)]
  0x000002785e3e10f0 JavaThread "Notification Thread" daemon [_thread_blocked, id=19808, stack(0x0000009cb0400000,0x0000009cb0500000)]
  0x00000278a5b4e050 JavaThread "Daemon health stats" [_thread_blocked, id=31596, stack(0x0000009cb1100000,0x0000009cb1200000)]
  0x000002785e973490 JavaThread "Incoming local TCP Connector on port 56058" [_thread_in_native, id=3396, stack(0x0000009cb0900000,0x0000009cb0a00000)]
  0x00000278a5682510 JavaThread "Daemon periodic checks" [_thread_blocked, id=4116, stack(0x0000009cb1200000,0x0000009cb1300000)]
  0x00000278a550c8a0 JavaThread "Daemon" [_thread_blocked, id=31248, stack(0x0000009cb1300000,0x0000009cb1400000)]
  0x00000278a5059630 JavaThread "Handler for socket connection from /127.0.0.1:56058 to /127.0.0.1:56059" [_thread_in_native, id=23440, stack(0x0000009cb1400000,0x0000009cb1500000)]
  0x00000278a4effa30 JavaThread "Cancel handler" [_thread_blocked, id=19956, stack(0x0000009cb1500000,0x0000009cb1600000)]
  0x00000278a4f00e70 JavaThread "Daemon worker" [_thread_blocked, id=16276, stack(0x0000009cb1600000,0x0000009cb1700000)]
  0x00000278a4eff010 JavaThread "Asynchronous log dispatcher for DefaultDaemonConnection: socket connection from /127.0.0.1:56058 to /127.0.0.1:56059" [_thread_blocked, id=6632, stack(0x0000009cb1700000,0x0000009cb1800000)]
  0x00000278a4efe0e0 JavaThread "Daemon client event forwarder" [_thread_blocked, id=33640, stack(0x0000009cb1900000,0x0000009cb1a00000)]
  0x00000278a4f00450 JavaThread "Cache worker for journal cache (C:\Users\ASUS\.gradle\caches\journal-1)" [_thread_blocked, id=34244, stack(0x0000009cb0800000,0x0000009cb0900000)]
  0x00000278a4f00960 JavaThread "File lock request listener" [_thread_in_native, id=19928, stack(0x0000009cb1a00000,0x0000009cb1b00000)]
  0x00000278a4eff520 JavaThread "Cache worker for file hash cache (C:\Users\ASUS\.gradle\caches\7.4\fileHashes)" [_thread_blocked, id=4928, stack(0x0000009cb1b00000,0x0000009cb1c00000)]
  0x00000278a4f01380 JavaThread "File watcher server" daemon [_thread_blocked, id=35132, stack(0x0000009cb1d00000,0x0000009cb1e00000)]
  0x00000278a4efff40 JavaThread "File watcher consumer" daemon [_thread_blocked, id=36056, stack(0x0000009cb1e00000,0x0000009cb1f00000)]
  0x00000278a4f01890 JavaThread "Cache worker for checksums cache (D:\OneDrive - University of Westminster\Documents\GitHub\ViMusic\.gradle\7.4\checksums)" [_thread_blocked, id=2392, stack(0x0000009cb1f00000,0x0000009cb2000000)]
  0x00000278a7e18190 JavaThread "Cache worker for cache directory md-rule (C:\Users\ASUS\.gradle\caches\7.4\md-rule)" [_thread_blocked, id=35804, stack(0x0000009cb2000000,0x0000009cb2100000)]
  0x00000278a7e186a0 JavaThread "Cache worker for file hash cache (D:\OneDrive - University of Westminster\Documents\GitHub\ViMusic\.gradle\7.4\fileHashes)" [_thread_blocked, id=30384, stack(0x0000009cb2100000,0x0000009cb2200000)]
  0x00000278a7e1aa10 JavaThread "Cache worker for cache directory md-supplier (C:\Users\ASUS\.gradle\caches\7.4\md-supplier)" [_thread_blocked, id=20016, stack(0x0000009cb2200000,0x0000009cb2300000)]
  0x00000278a7e18bb0 JavaThread "Cache worker for execution history cache (C:\Users\ASUS\.gradle\caches\7.4\executionHistory)" [_thread_blocked, id=10288, stack(0x0000009cb2c00000,0x0000009cb2d00000)]
  0x00000278a7e1af20 JavaThread "Cache worker for kotlin-dsl (C:\Users\ASUS\.gradle\caches\7.4\kotlin-dsl)" [_thread_blocked, id=3460, stack(0x0000009cb2e00000,0x0000009cb2f00000)]
  0x00000278a7e19ff0 JavaThread "jar transforms" [_thread_blocked, id=27076, stack(0x0000009cb3000000,0x0000009cb3100000)]
  0x00000278a7e195d0 JavaThread "Cache worker for dependencies-accessors (D:\OneDrive - University of Westminster\Documents\GitHub\ViMusic\.gradle\7.4\dependencies-accessors)" [_thread_blocked, id=33592, stack(0x0000009cb3100000,0x0000009cb3200000)]
  0x00000278a7e17c80 JavaThread "Cache worker for Build Output Cleanup Cache (D:\OneDrive - University of Westminster\Documents\GitHub\ViMusic\.gradle\buildOutputCleanup)" [_thread_blocked, id=36188, stack(0x0000009cb2f00000,0x0000009cb3000000)]
  0x00000278a7e1a500 JavaThread "jar transforms Thread 2" [_thread_blocked, id=34700, stack(0x0000009cb3200000,0x0000009cb3300000)]
  0x00000278a7e19ae0 JavaThread "Unconstrained build operations" [_thread_blocked, id=34828, stack(0x0000009cb3300000,0x0000009cb3400000)]
  0x00000278a7e17770 JavaThread "Unconstrained build operations Thread 2" [_thread_blocked, id=15956, stack(0x0000009cb3400000,0x0000009cb3500000)]
  0x00000278a7e1cd80 JavaThread "Unconstrained build operations Thread 3" [_thread_blocked, id=8344, stack(0x0000009cb3500000,0x0000009cb3600000)]
  0x00000278a7e1dcb0 JavaThread "Unconstrained build operations Thread 4" [_thread_blocked, id=436, stack(0x0000009cb3600000,0x0000009cb3700000)]
  0x00000278a7e1e1c0 JavaThread "Unconstrained build operations Thread 5" [_thread_blocked, id=14576, stack(0x0000009cb3700000,0x0000009cb3800000)]
  0x00000278a7e1d290 JavaThread "Unconstrained build operations Thread 6" [_thread_blocked, id=5932, stack(0x0000009cb3800000,0x0000009cb3900000)]
  0x00000278a7e1b940 JavaThread "Unconstrained build operations Thread 7" [_thread_blocked, id=11004, stack(0x0000009cb3900000,0x0000009cb3a00000)]
  0x00000278a7e1be50 JavaThread "Unconstrained build operations Thread 8" [_thread_blocked, id=8732, stack(0x0000009cb3a00000,0x0000009cb3b00000)]
  0x00000278a7e1e6d0 JavaThread "Unconstrained build operations Thread 9" [_thread_blocked, id=35980, stack(0x0000009cb3b00000,0x0000009cb3c00000)]
  0x00000278a7e1ebe0 JavaThread "Unconstrained build operations Thread 10" [_thread_blocked, id=23728, stack(0x0000009cb3c00000,0x0000009cb3d00000)]
  0x00000278a7e1b430 JavaThread "Unconstrained build operations Thread 11" [_thread_blocked, id=18012, stack(0x0000009cb3d00000,0x0000009cb3e00000)]
  0x00000278a7e1f0f0 JavaThread "Unconstrained build operations Thread 12" [_thread_blocked, id=16776, stack(0x0000009cb3e00000,0x0000009cb3f00000)]
  0x00000278a7e1d7a0 JavaThread "Unconstrained build operations Thread 13" [_thread_blocked, id=28564, stack(0x0000009cb3f00000,0x0000009cb4000000)]
  0x00000278a7e1c360 JavaThread "Unconstrained build operations Thread 14" [_thread_blocked, id=36604, stack(0x0000009cb4000000,0x0000009cb4100000)]
  0x00000278a7e1c870 JavaThread "Unconstrained build operations Thread 15" [_thread_blocked, id=23712, stack(0x0000009cb4100000,0x0000009cb4200000)]
  0x00000278a77ca910 JavaThread "Unconstrained build operations Thread 16" [_thread_blocked, id=32388, stack(0x0000009cb4200000,0x0000009cb4300000)]
  0x00000278a77c8fc0 JavaThread "Unconstrained build operations Thread 17" [_thread_blocked, id=25000, stack(0x0000009cb4300000,0x0000009cb4400000)]
  0x00000278a77c8ab0 JavaThread "Unconstrained build operations Thread 18" [_thread_blocked, id=24364, stack(0x0000009cb4400000,0x0000009cb4500000)]
  0x00000278a77c94d0 JavaThread "Unconstrained build operations Thread 19" [_thread_blocked, id=19452, stack(0x0000009cb4500000,0x0000009cb4600000)]
  0x00000278a77cae20 JavaThread "Unconstrained build operations Thread 20" [_thread_blocked, id=4556, stack(0x0000009cb4600000,0x0000009cb4700000)]
  0x00000278a77c9ef0 JavaThread "Unconstrained build operations Thread 21" [_thread_blocked, id=33700, stack(0x0000009cb4700000,0x0000009cb4800000)]
  0x00000278a77c7670 JavaThread "Unconstrained build operations Thread 22" [_thread_blocked, id=34040, stack(0x0000009cb4800000,0x0000009cb4900000)]
  0x00000278a77c99e0 JavaThread "Unconstrained build operations Thread 23" [_thread_blocked, id=14168, stack(0x0000009cb4900000,0x0000009cb4a00000)]
  0x00000278a77ca400 JavaThread "Unconstrained build operations Thread 24" [_thread_blocked, id=30452, stack(0x0000009cb4a00000,0x0000009cb4b00000)]
  0x00000278a77cb330 JavaThread "Unconstrained build operations Thread 25" [_thread_blocked, id=25552, stack(0x0000009cb4b00000,0x0000009cb4c00000)]
  0x00000278a77c7b80 JavaThread "Unconstrained build operations Thread 26" [_thread_blocked, id=26820, stack(0x0000009cb4c00000,0x0000009cb4d00000)]
  0x00000278a77cb840 JavaThread "Unconstrained build operations Thread 27" [_thread_blocked, id=25480, stack(0x0000009cb4d00000,0x0000009cb4e00000)]
  0x00000278a77c85a0 JavaThread "Unconstrained build operations Thread 28" [_thread_blocked, id=12492, stack(0x0000009cb4e00000,0x0000009cb4f00000)]
  0x00000278a77c8090 JavaThread "Unconstrained build operations Thread 29" [_thread_blocked, id=29024, stack(0x0000009cb4f00000,0x0000009cb5000000)]
  0x00000278a77ceff0 JavaThread "Unconstrained build operations Thread 30" [_thread_blocked, id=31924, stack(0x0000009cb5000000,0x0000009cb5100000)]
  0x00000278a77cd6a0 JavaThread "Unconstrained build operations Thread 31" [_thread_blocked, id=5684, stack(0x0000009cb5100000,0x0000009cb5200000)]
  0x00000278a77ce5d0 JavaThread "Unconstrained build operations Thread 32" [_thread_blocked, id=3160, stack(0x0000009cb5200000,0x0000009cb5300000)]
  0x00000278a77cc260 JavaThread "Unconstrained build operations Thread 33" [_thread_blocked, id=32488, stack(0x0000009cb5300000,0x0000009cb5400000)]
  0x00000278a77cbd50 JavaThread "Unconstrained build operations Thread 34" [_thread_blocked, id=23780, stack(0x0000009cb5400000,0x0000009cb5500000)]
  0x00000278a77cdbb0 JavaThread "Unconstrained build operations Thread 35" [_thread_blocked, id=31388, stack(0x0000009cb5500000,0x0000009cb5600000)]
  0x00000278a77cc770 JavaThread "Unconstrained build operations Thread 36" [_thread_blocked, id=31212, stack(0x0000009cb5600000,0x0000009cb5700000)]
  0x00000278a77ce0c0 JavaThread "Unconstrained build operations Thread 37" [_thread_blocked, id=23668, stack(0x0000009cb5700000,0x0000009cb5800000)]
  0x00000278a77ceae0 JavaThread "Unconstrained build operations Thread 38" [_thread_blocked, id=30476, stack(0x0000009cb5800000,0x0000009cb5900000)]
  0x00000278a77ccc80 JavaThread "Unconstrained build operations Thread 39" [_thread_blocked, id=34532, stack(0x0000009cb5900000,0x0000009cb5a00000)]
  0x00000278a77cd190 JavaThread "Unconstrained build operations Thread 40" [_thread_blocked, id=7856, stack(0x0000009cb5a00000,0x0000009cb5b00000)]
  0x00000278a8038e30 JavaThread "Unconstrained build operations Thread 41" [_thread_blocked, id=30328, stack(0x0000009cb5b00000,0x0000009cb5c00000)]
  0x00000278a8039340 JavaThread "Unconstrained build operations Thread 42" [_thread_blocked, id=12616, stack(0x0000009cb5c00000,0x0000009cb5d00000)]
  0x00000278a80365b0 JavaThread "Unconstrained build operations Thread 43" [_thread_blocked, id=26756, stack(0x0000009cb5d00000,0x0000009cb5e00000)]
  0x00000278a8036ac0 JavaThread "Unconstrained build operations Thread 44" [_thread_blocked, id=11968, stack(0x0000009cb5e00000,0x0000009cb5f00000)]
  0x00000278a8036fd0 JavaThread "Unconstrained build operations Thread 45" [_thread_blocked, id=24100, stack(0x0000009cb5f00000,0x0000009cb6000000)]
  0x00000278a80374e0 JavaThread "Unconstrained build operations Thread 46" [_thread_blocked, id=34768, stack(0x0000009cb6000000,0x0000009cb6100000)]
  0x00000278a80379f0 JavaThread "Unconstrained build operations Thread 47" [_thread_blocked, id=32336, stack(0x0000009cb6100000,0x0000009cb6200000)]
  0x00000278a8039850 JavaThread "Unconstrained build operations Thread 48" [_thread_blocked, id=28608, stack(0x0000009cb6200000,0x0000009cb6300000)]
  0x00000278a80360a0 JavaThread "Unconstrained build operations Thread 49" [_thread_blocked, id=35440, stack(0x0000009cb6300000,0x0000009cb6400000)]
  0x00000278a803b6b0 JavaThread "Unconstrained build operations Thread 50" [_thread_blocked, id=36312, stack(0x0000009cb6400000,0x0000009cb6500000)]
  0x00000278a803ac90 JavaThread "Unconstrained build operations Thread 51" [_thread_blocked, id=31712, stack(0x0000009cb6500000,0x0000009cb6600000)]
  0x00000278a8037f00 JavaThread "Unconstrained build operations Thread 52" [_thread_blocked, id=12248, stack(0x0000009cb6600000,0x0000009cb6700000)]
  0x00000278a803b1a0 JavaThread "Unconstrained build operations Thread 53" [_thread_blocked, id=20792, stack(0x0000009cb6700000,0x0000009cb6800000)]
  0x00000278a8039d60 JavaThread "Unconstrained build operations Thread 54" [_thread_blocked, id=31604, stack(0x0000009cb6800000,0x0000009cb6900000)]
  0x00000278a803bbc0 JavaThread "Unconstrained build operations Thread 55" [_thread_blocked, id=33428, stack(0x0000009cb6900000,0x0000009cb6a00000)]
  0x00000278a803a270 JavaThread "Unconstrained build operations Thread 56" [_thread_blocked, id=12924, stack(0x0000009cb6a00000,0x0000009cb6b00000)]
  0x00000278a803a780 JavaThread "Unconstrained build operations Thread 57" [_thread_blocked, id=23328, stack(0x0000009cb6b00000,0x0000009cb6c00000)]
  0x00000278a8038920 JavaThread "Unconstrained build operations Thread 58" [_thread_blocked, id=9072, stack(0x0000009cb6c00000,0x0000009cb6d00000)]
  0x00000278a8038410 JavaThread "Unconstrained build operations Thread 59" [_thread_blocked, id=35600, stack(0x0000009cb6d00000,0x0000009cb6e00000)]
  0x00000278a803c0d0 JavaThread "Unconstrained build operations Thread 60" [_thread_blocked, id=31024, stack(0x0000009cb6e00000,0x0000009cb6f00000)]
  0x00000278a803d510 JavaThread "Unconstrained build operations Thread 61" [_thread_blocked, id=3036, stack(0x0000009cb6f00000,0x0000009cb7000000)]
  0x00000278a803c5e0 JavaThread "Unconstrained build operations Thread 62" [_thread_blocked, id=23572, stack(0x0000009cb7000000,0x0000009cb7100000)]
  0x00000278a803caf0 JavaThread "Unconstrained build operations Thread 63" [_thread_blocked, id=12780, stack(0x0000009cb7100000,0x0000009cb7200000)]
  0x00000278a803da20 JavaThread "Unconstrained build operations Thread 64" [_thread_blocked, id=19036, stack(0x0000009cb7200000,0x0000009cb7300000)]
  0x00000278a803d000 JavaThread "Unconstrained build operations Thread 65" [_thread_blocked, id=4864, stack(0x0000009cb7300000,0x0000009cb7400000)]
  0x00000278a5ba1330 JavaThread "Unconstrained build operations Thread 66" [_thread_blocked, id=9908, stack(0x0000009cb7400000,0x0000009cb7500000)]
  0x00000278a5b9efc0 JavaThread "Unconstrained build operations Thread 67" [_thread_blocked, id=27220, stack(0x0000009cb7500000,0x0000009cb7600000)]
  0x00000278a5ba1840 JavaThread "Unconstrained build operations Thread 68" [_thread_blocked, id=31004, stack(0x0000009cb7600000,0x0000009cb7700000)]
  0x00000278a5ba0910 JavaThread "Unconstrained build operations Thread 69" [_thread_blocked, id=22492, stack(0x0000009cb7700000,0x0000009cb7800000)]
  0x00000278a5b9eab0 JavaThread "Unconstrained build operations Thread 70" [_thread_blocked, id=25560, stack(0x0000009cb7800000,0x0000009cb7900000)]
  0x00000278a5ba1d50 JavaThread "Unconstrained build operations Thread 71" [_thread_blocked, id=12568, stack(0x0000009cb7900000,0x0000009cb7a00000)]
  0x00000278a5ba0e20 JavaThread "Unconstrained build operations Thread 72" [_thread_blocked, id=33772, stack(0x0000009cb7a00000,0x0000009cb7b00000)]
  0x00000278a5ba0400 JavaThread "Unconstrained build operations Thread 73" [_thread_blocked, id=2524, stack(0x0000009cb7b00000,0x0000009cb7c00000)]
  0x00000278a5b9fef0 JavaThread "Unconstrained build operations Thread 74" [_thread_blocked, id=9080, stack(0x0000009cb7c00000,0x0000009cb7d00000)]
  0x00000278a5ba2c80 JavaThread "Unconstrained build operations Thread 75" [_thread_blocked, id=34524, stack(0x0000009cb7d00000,0x0000009cb7e00000)]
  0x00000278a5ba2260 JavaThread "Unconstrained build operations Thread 76" [_thread_blocked, id=27860, stack(0x0000009cb7e00000,0x0000009cb7f00000)]
  0x00000278a5ba2770 JavaThread "Unconstrained build operations Thread 77" [_thread_blocked, id=30952, stack(0x0000009cb7f00000,0x0000009cb8000000)]
  0x00000278a5b9f4d0 JavaThread "Unconstrained build operations Thread 78" [_thread_blocked, id=4152, stack(0x0000009cb8000000,0x0000009cb8100000)]
  0x00000278a5ba3190 JavaThread "Unconstrained build operations Thread 79" [_thread_blocked, id=25308, stack(0x0000009cb8100000,0x0000009cb8200000)]
  0x00000278a5b9f9e0 JavaThread "Unconstrained build operations Thread 80" [_thread_blocked, id=36120, stack(0x0000009cb8200000,0x0000009cb8300000)]
  0x00000278a5ba36a0 JavaThread "Unconstrained build operations Thread 81" [_thread_blocked, id=34704, stack(0x0000009cb8300000,0x0000009cb8400000)]
  0x00000278a5ba5500 JavaThread "Unconstrained build operations Thread 82" [_thread_blocked, id=26980, stack(0x0000009cb8400000,0x0000009cb8500000)]
  0x00000278a5ba3bb0 JavaThread "Unconstrained build operations Thread 83" [_thread_blocked, id=11312, stack(0x0000009cb8500000,0x0000009cb8600000)]
  0x00000278a5ba5a10 JavaThread "Unconstrained build operations Thread 84" [_thread_blocked, id=35416, stack(0x0000009cb8600000,0x0000009cb8700000)]
  0x00000278a5ba40c0 JavaThread "Unconstrained build operations Thread 85" [_thread_blocked, id=18484, stack(0x0000009cb8700000,0x0000009cb8800000)]
  0x00000278a5ba45d0 JavaThread "Unconstrained build operations Thread 86" [_thread_blocked, id=25824, stack(0x0000009cb8800000,0x0000009cb8900000)]
  0x00000278a5ba4ae0 JavaThread "Unconstrained build operations Thread 87" [_thread_blocked, id=35552, stack(0x0000009cb8900000,0x0000009cb8a00000)]
  0x00000278a5ba4ff0 JavaThread "Unconstrained build operations Thread 88" [_thread_blocked, id=11484, stack(0x0000009cb8a00000,0x0000009cb8b00000)]
  0x00000278a5ba5f20 JavaThread "Unconstrained build operations Thread 89" [_thread_blocked, id=14116, stack(0x0000009cb8b00000,0x0000009cb8c00000)]
  0x00000278a5ba6430 JavaThread "Unconstrained build operations Thread 90" [_thread_blocked, id=10108, stack(0x0000009cb8c00000,0x0000009cb8d00000)]
  0x00000278aa73b640 JavaThread "Unconstrained build operations Thread 91" [_thread_blocked, id=14776, stack(0x0000009cb8d00000,0x0000009cb8e00000)]
  0x00000278aa73bb50 JavaThread "Unconstrained build operations Thread 92" [_thread_blocked, id=22968, stack(0x0000009cb8e00000,0x0000009cb8f00000)]
  0x00000278aa73a200 JavaThread "Unconstrained build operations Thread 93" [_thread_blocked, id=18248, stack(0x0000009cb8f00000,0x0000009cb9000000)]
  0x00000278aa739cf0 JavaThread "Unconstrained build operations Thread 94" [_thread_blocked, id=22100, stack(0x0000009cb9000000,0x0000009cb9100000)]
  0x00000278aa73c060 JavaThread "Unconstrained build operations Thread 95" [_thread_blocked, id=23548, stack(0x0000009cb9100000,0x0000009cb9200000)]
  0x00000278aa73cf90 JavaThread "Unconstrained build operations Thread 96" [_thread_blocked, id=25208, stack(0x0000009cb9200000,0x0000009cb9300000)]
  0x00000278aa7397e0 JavaThread "Unconstrained build operations Thread 97" [_thread_blocked, id=19812, stack(0x0000009cb9300000,0x0000009cb9400000)]
  0x00000278aa73c570 JavaThread "Unconstrained build operations Thread 98" [_thread_blocked, id=8200, stack(0x0000009cb9400000,0x0000009cb9500000)]
  0x00000278aa73ca80 JavaThread "Unconstrained build operations Thread 99" [_thread_blocked, id=4908, stack(0x0000009cb9500000,0x0000009cb9600000)]
  0x00000278aa73dec0 JavaThread "Unconstrained build operations Thread 100" [_thread_blocked, id=24872, stack(0x0000009cb9600000,0x0000009cb9700000)]
  0x00000278aa73d4a0 JavaThread "Unconstrained build operations Thread 101" [_thread_blocked, id=28132, stack(0x0000009cb9700000,0x0000009cb9800000)]
  0x00000278aa73a710 JavaThread "Unconstrained build operations Thread 102" [_thread_blocked, id=25064, stack(0x0000009cb9800000,0x0000009cb9900000)]
  0x00000278aa73d9b0 JavaThread "Unconstrained build operations Thread 103" [_thread_blocked, id=25540, stack(0x0000009cb9900000,0x0000009cb9a00000)]
  0x00000278aa73ac20 JavaThread "Unconstrained build operations Thread 104" [_thread_blocked, id=31480, stack(0x0000009cb9a00000,0x0000009cb9b00000)]
  0x00000278aa73e3d0 JavaThread "Unconstrained build operations Thread 105" [_thread_blocked, id=33948, stack(0x0000009cb9b00000,0x0000009cb9c00000)]
  0x00000278aa73e8e0 JavaThread "Unconstrained build operations Thread 106" [_thread_blocked, id=13540, stack(0x0000009cb9c00000,0x0000009cb9d00000)]
  0x00000278aa73b130 JavaThread "Unconstrained build operations Thread 107" [_thread_blocked, id=20800, stack(0x0000009cb9d00000,0x0000009cb9e00000)]
  0x00000278aa740c50 JavaThread "Unconstrained build operations Thread 108" [_thread_blocked, id=34388, stack(0x0000009cb9e00000,0x0000009cb9f00000)]
  0x00000278aa73f810 JavaThread "Unconstrained build operations Thread 109" [_thread_blocked, id=29028, stack(0x0000009cb9f00000,0x0000009cba000000)]
  0x00000278aa73f300 JavaThread "Unconstrained build operations Thread 110" [_thread_blocked, id=29148, stack(0x0000009cba000000,0x0000009cba100000)]
  0x00000278aa73edf0 JavaThread "Unconstrained build operations Thread 111" [_thread_blocked, id=20644, stack(0x0000009cba100000,0x0000009cba200000)]
  0x00000278aa73fd20 JavaThread "Unconstrained build operations Thread 112" [_thread_blocked, id=31740, stack(0x0000009cba200000,0x0000009cba300000)]
  0x00000278aa741160 JavaThread "Unconstrained build operations Thread 113" [_thread_blocked, id=29400, stack(0x0000009cba300000,0x0000009cba400000)]
  0x00000278aa740230 JavaThread "Unconstrained build operations Thread 114" [_thread_blocked, id=33004, stack(0x0000009cba400000,0x0000009cba500000)]
  0x00000278aa740740 JavaThread "Unconstrained build operations Thread 115" [_thread_blocked, id=25232, stack(0x0000009cba500000,0x0000009cba600000)]
  0x00000278a83f6ca0 JavaThread "Unconstrained build operations Thread 116" [_thread_blocked, id=30696, stack(0x0000009cba600000,0x0000009cba700000)]
  0x00000278a83f3a00 JavaThread "Unconstrained build operations Thread 117" [_thread_blocked, id=12892, stack(0x0000009cba700000,0x0000009cba800000)]
  0x00000278a83f6790 JavaThread "Unconstrained build operations Thread 118" [_thread_blocked, id=36364, stack(0x0000009cba800000,0x0000009cba900000)]
  0x00000278a83f4e40 JavaThread "Unconstrained build operations Thread 119" [_thread_blocked, id=30540, stack(0x0000009cba900000,0x0000009cbaa00000)]
  0x00000278a83f5d70 JavaThread "Unconstrained build operations Thread 120" [_thread_blocked, id=32152, stack(0x0000009cbaa00000,0x0000009cbab00000)]
  0x00000278a83f5860 JavaThread "Unconstrained build operations Thread 121" [_thread_blocked, id=24144, stack(0x0000009cbab00000,0x0000009cbac00000)]
  0x00000278a83f6280 JavaThread "Unconstrained build operations Thread 122" [_thread_blocked, id=36464, stack(0x0000009cbac00000,0x0000009cbad00000)]
  0x00000278a83f34f0 JavaThread "Unconstrained build operations Thread 123" [_thread_blocked, id=18788, stack(0x0000009cbad00000,0x0000009cbae00000)]
  0x00000278a83f4420 JavaThread "Unconstrained build operations Thread 124" [_thread_blocked, id=35772, stack(0x0000009cbae00000,0x0000009cbaf00000)]
  0x00000278a83f76c0 JavaThread "Unconstrained build operations Thread 125" [_thread_blocked, id=23300, stack(0x0000009cbaf00000,0x0000009cbb000000)]
  0x00000278a83f71b0 JavaThread "Unconstrained build operations Thread 126" [_thread_blocked, id=34732, stack(0x0000009cbb000000,0x0000009cbb100000)]
  0x00000278a83f4930 JavaThread "Unconstrained build operations Thread 127" [_thread_blocked, id=428, stack(0x0000009cbb100000,0x0000009cbb200000)]
  0x00000278a83f3f10 JavaThread "Unconstrained build operations Thread 128" [_thread_blocked, id=34784, stack(0x0000009cbb200000,0x0000009cbb300000)]
  0x00000278a83f8b00 JavaThread "Unconstrained build operations Thread 129" [_thread_blocked, id=15796, stack(0x0000009cbb300000,0x0000009cbb400000)]
  0x00000278a83f5350 JavaThread "Unconstrained build operations Thread 130" [_thread_blocked, id=27168, stack(0x0000009cbb400000,0x0000009cbb500000)]
  0x00000278a83f7bd0 JavaThread "Unconstrained build operations Thread 131" [_thread_blocked, id=25868, stack(0x0000009cbb500000,0x0000009cbb600000)]
  0x00000278a83fa960 JavaThread "Unconstrained build operations Thread 132" [_thread_blocked, id=35044, stack(0x0000009cbb600000,0x0000009cbb700000)]
  0x00000278a83fae70 JavaThread "Unconstrained build operations Thread 133" [_thread_blocked, id=21576, stack(0x0000009cbb700000,0x0000009cbb800000)]
  0x00000278a83f9010 JavaThread "Unconstrained build operations Thread 134" [_thread_blocked, id=2868, stack(0x0000009cbb800000,0x0000009cbb900000)]
  0x00000278a83f80e0 JavaThread "Unconstrained build operations Thread 135" [_thread_blocked, id=32564, stack(0x0000009cbb900000,0x0000009cbba00000)]
  0x00000278a83f85f0 JavaThread "Unconstrained build operations Thread 136" [_thread_blocked, id=33624, stack(0x0000009cbba00000,0x0000009cbbb00000)]
  0x00000278a83f9520 JavaThread "Unconstrained build operations Thread 137" [_thread_blocked, id=27344, stack(0x0000009cbbb00000,0x0000009cbbc00000)]
  0x00000278a83f9a30 JavaThread "Unconstrained build operations Thread 138" [_thread_blocked, id=8032, stack(0x0000009cbbc00000,0x0000009cbbd00000)]
  0x00000278a83f9f40 JavaThread "Unconstrained build operations Thread 139" [_thread_blocked, id=22876, stack(0x0000009cbbd00000,0x0000009cbbe00000)]
  0x00000278a83fa450 JavaThread "Unconstrained build operations Thread 140" [_thread_blocked, id=2340, stack(0x0000009cbbe00000,0x0000009cbbf00000)]
  0x000002785e7c0380 JavaThread "Unconstrained build operations Thread 141" [_thread_blocked, id=16760, stack(0x0000009cbbf00000,0x0000009cbc000000)]
  0x000002785e7c21e0 JavaThread "Unconstrained build operations Thread 142" [_thread_blocked, id=7440, stack(0x0000009cbc000000,0x0000009cbc100000)]
  0x000002785e7c12b0 JavaThread "Unconstrained build operations Thread 143" [_thread_blocked, id=33696, stack(0x0000009cbc100000,0x0000009cbc200000)]
  0x000002785e7c0890 JavaThread "Unconstrained build operations Thread 144" [_thread_blocked, id=6528, stack(0x0000009cbc200000,0x0000009cbc300000)]
  0x000002785e7c26f0 JavaThread "Unconstrained build operations Thread 145" [_thread_blocked, id=23520, stack(0x0000009cbc300000,0x0000009cbc400000)]
  0x000002785e7bfe70 JavaThread "Unconstrained build operations Thread 146" [_thread_blocked, id=31120, stack(0x0000009cbc400000,0x0000009cbc500000)]
  0x000002785e7bf960 JavaThread "Unconstrained build operations Thread 147" [_thread_blocked, id=36224, stack(0x0000009cbc500000,0x0000009cbc600000)]
  0x000002785e7c1cd0 JavaThread "jar transforms Thread 3" [_thread_blocked, id=7660, stack(0x0000009cbc600000,0x0000009cbc700000)]
  0x000002785e7c0da0 JavaThread "jar transforms Thread 4" [_thread_blocked, id=14060, stack(0x0000009cbc700000,0x0000009cbc800000)]
  0x000002785e7c17c0 JavaThread "jar transforms Thread 5" [_thread_blocked, id=34124, stack(0x0000009cbc800000,0x0000009cbc900000)]
  0x000002785e7c2c00 JavaThread "jar transforms Thread 6" [_thread_blocked, id=33668, stack(0x0000009cbc900000,0x0000009cbca00000)]
  0x000002785e7bf450 JavaThread "jar transforms Thread 7" [_thread_blocked, id=2892, stack(0x0000009cbca00000,0x0000009cbcb00000)]
  0x000002785e7c4f70 JavaThread "jar transforms Thread 8" [_thread_blocked, id=16492, stack(0x0000009cbcb00000,0x0000009cbcc00000)]
  0x000002785e7c5990 JavaThread "jar transforms Thread 9" [_thread_blocked, id=33360, stack(0x0000009cbcc00000,0x0000009cbcd00000)]
  0x000002785e7c68c0 JavaThread "jar transforms Thread 10" [_thread_blocked, id=27240, stack(0x0000009cbcd00000,0x0000009cbce00000)]
  0x000002785e7c5480 JavaThread "jar transforms Thread 11" [_thread_blocked, id=3524, stack(0x0000009cbce00000,0x0000009cbcf00000)]
  0x000002785e7c3620 JavaThread "jar transforms Thread 12" [_thread_blocked, id=9636, stack(0x0000009cbcf00000,0x0000009cbd000000)]
  0x000002785e7c5ea0 JavaThread "jar transforms Thread 13" [_thread_blocked, id=29404, stack(0x0000009cbd000000,0x0000009cbd100000)]
  0x000002785e7c3b30 JavaThread "jar transforms Thread 14" [_thread_blocked, id=36148, stack(0x0000009cbd100000,0x0000009cbd200000)]
  0x000002785e7c4040 JavaThread "jar transforms Thread 15" [_thread_blocked, id=28828, stack(0x0000009cbd200000,0x0000009cbd300000)]
  0x000002785e7c4550 JavaThread "jar transforms Thread 16" [_thread_blocked, id=34300, stack(0x0000009cbd300000,0x0000009cbd400000)]
  0x000002785e7c63b0 JavaThread "Cache worker for file content cache (C:\Users\ASUS\.gradle\caches\7.4\fileContent)" [_thread_blocked, id=23120, stack(0x0000009cb1c00000,0x0000009cb1d00000)]
  0x000002785e7c3110 JavaThread "Memory manager" [_thread_blocked, id=35988, stack(0x0000009cbd400000,0x0000009cbd500000)]
  0x00000278a4b73430 JavaThread "Unconstrained build operations Thread 148" [_thread_blocked, id=32440, stack(0x0000009cbd900000,0x0000009cbda00000)]
  0x00000278a4b74d80 JavaThread "Unconstrained build operations Thread 149" [_thread_blocked, id=18416, stack(0x0000009cbda00000,0x0000009cbdb00000)]
  0x00000278a4b715d0 JavaThread "Unconstrained build operations Thread 150" [_thread_blocked, id=23744, stack(0x0000009cbdb00000,0x0000009cbdc00000)]
  0x00000278a4b757a0 JavaThread "Unconstrained build operations Thread 151" [_thread_blocked, id=23704, stack(0x0000009cbdc00000,0x0000009cbdd00000)]
  0x00000278a4b74870 JavaThread "Unconstrained build operations Thread 152" [_thread_blocked, id=29460, stack(0x0000009cbdd00000,0x0000009cbde00000)]
  0x00000278a4b75cb0 JavaThread "Unconstrained build operations Thread 153" [_thread_blocked, id=21332, stack(0x0000009cbde00000,0x0000009cbdf00000)]
  0x00000278a4b761c0 JavaThread "pool-3-thread-1" [_thread_blocked, id=25776, stack(0x0000009cbd700000,0x0000009cbd800000)]
  0x00000278a4b766d0 JavaThread "build event listener" [_thread_blocked, id=29336, stack(0x0000009cbe200000,0x0000009cbe300000)]
  0x00000278a4b76be0 JavaThread "included builds" [_thread_blocked, id=34324, stack(0x0000009cbd600000,0x0000009cbd700000)]
  0x00000278a4b770f0 JavaThread "Execution worker for ':'" [_thread_blocked, id=28596, stack(0x0000009cbe300000,0x0000009cbe400000)]
  0x00000278a4b73940 JavaThread "Execution worker for ':' Thread 2" [_thread_blocked, id=2896, stack(0x0000009cbe400000,0x0000009cbe500000)]
  0x00000278a4b77600 JavaThread "Execution worker for ':' Thread 3" [_thread_blocked, id=13988, stack(0x0000009cbe500000,0x0000009cbe600000)]
  0x00000278a4b73e50 JavaThread "Execution worker for ':' Thread 4" [_thread_blocked, id=32552, stack(0x0000009cbe600000,0x0000009cbe700000)]
  0x00000278a4b77b10 JavaThread "Execution worker for ':' Thread 5" [_thread_blocked, id=18520, stack(0x0000009cbe700000,0x0000009cbe800000)]
  0x00000278a4b78020 JavaThread "Execution worker for ':' Thread 6" [_thread_blocked, id=18360, stack(0x0000009cbe800000,0x0000009cbe900000)]
  0x00000278a4b78530 JavaThread "Execution worker for ':' Thread 7" [_thread_blocked, id=8368, stack(0x0000009cbe900000,0x0000009cbea00000)]
  0x000002785e4cd0c0 JavaThread "Execution worker for ':' Thread 8" [_thread_blocked, id=33324, stack(0x0000009cbd500000,0x0000009cbd600000)]
  0x000002785e4ce500 JavaThread "Execution worker for ':' Thread 9" [_thread_blocked, id=19004, stack(0x0000009cbea00000,0x0000009cbeb00000)]
  0x000002785e4cb770 JavaThread "Execution worker for ':' Thread 10" [_thread_blocked, id=33300, stack(0x0000009cbeb00000,0x0000009cbec00000)]
  0x000002785e4cc190 JavaThread "Execution worker for ':' Thread 11" [_thread_blocked, id=23180, stack(0x0000009cbec00000,0x0000009cbed00000)]
  0x000002785e4cbc80 JavaThread "Execution worker for ':' Thread 12" [_thread_blocked, id=36784, stack(0x0000009cbed00000,0x0000009cbee00000)]
  0x000002785e4cb260 JavaThread "Execution worker for ':' Thread 13" [_thread_blocked, id=8584, stack(0x0000009cbf000000,0x0000009cbf100000)]
  0x000002785e4cd5d0 JavaThread "Execution worker for ':' Thread 14" [_thread_blocked, id=34896, stack(0x0000009cbf100000,0x0000009cbf200000)]
  0x000002785e4ccbb0 JavaThread "Execution worker for ':' Thread 15" [_thread_blocked, id=11804, stack(0x0000009cbf200000,0x0000009cbf300000)]
  0x00000278ae8dcf00 JavaThread "Cache worker for execution history cache (D:\OneDrive - University of Westminster\Documents\GitHub\ViMusic\.gradle\7.4\executionHistory)" [_thread_blocked, id=4088, stack(0x0000009cbf300000,0x0000009cbf400000)]
  0x00000278ae8dd410 JavaThread "Unconstrained build operations Thread 154" [_thread_blocked, id=27004, stack(0x0000009cbf400000,0x0000009cbf500000)]
  0x00000278ae8de340 JavaThread "Unconstrained build operations Thread 155" [_thread_blocked, id=32304, stack(0x0000009cbf500000,0x0000009cbf600000)]
  0x00000278ae8dd920 JavaThread "Unconstrained build operations Thread 156" [_thread_blocked, id=3060, stack(0x0000009cbf600000,0x0000009cbf700000)]
  0x00000278ae8dde30 JavaThread "Unconstrained build operations Thread 157" [_thread_blocked, id=11876, stack(0x0000009cbf700000,0x0000009cbf800000)]
  0x00000278ae8dc9f0 JavaThread "Unconstrained build operations Thread 158" [_thread_blocked, id=21568, stack(0x0000009cbf800000,0x0000009cbf900000)]
  0x00000278a9be2a00 JavaThread "Unconstrained build operations Thread 159" [_thread_blocked, id=35140, stack(0x0000009cbf900000,0x0000009cbfa00000)]
  0x00000278a9be1ad0 JavaThread "Unconstrained build operations Thread 160" [_thread_blocked, id=2576, stack(0x0000009cbfa00000,0x0000009cbfb00000)]
  0x00000278ae9e83a0 JavaThread "WorkerExecutor Queue" [_thread_blocked, id=31372, stack(0x0000009cbfe00000,0x0000009cbff00000)]
  0x00000278ae9e7980 JavaThread "WorkerExecutor Queue Thread 2" [_thread_blocked, id=12436, stack(0x0000009cbff00000,0x0000009cc0000000)]
  0x00000278aee34360 JavaThread "WorkerExecutor Queue Thread 3" [_thread_blocked, id=23368, stack(0x0000009cc0100000,0x0000009cc0200000)]
  0x00000278a9be2f10 JavaThread "pool-4-thread-1" [_thread_blocked, id=24104, stack(0x0000009cc0200000,0x0000009cc0300000)]
  0x00000278a9be3e40 JavaThread "stderr" [_thread_in_native, id=14564, stack(0x0000009cc0300000,0x0000009cc0400000)]
  0x00000278a9be4350 JavaThread "stdout" [_thread_in_native, id=13984, stack(0x0000009cc0400000,0x0000009cc0500000)]
  0x00000278ae9e7e90 JavaThread "WorkerExecutor Queue Thread 4" [_thread_blocked, id=35452, stack(0x0000009cb0600000,0x0000009cb0700000)]
  0x00000278a970ba00 JavaThread "WorkerExecutor Queue Thread 5" [_thread_blocked, id=33388, stack(0x0000009cb0200000,0x0000009cb0300000)]
  0x00000278aaca7c30 JavaThread "pool-6-thread-1" [_thread_blocked, id=9408, stack(0x0000009cb0700000,0x0000009cb0800000)]
  0x00000278aa196990 JavaThread "C1 CompilerThread1" daemon [_thread_blocked, id=33316, stack(0x0000009cb0a00000,0x0000009cb0b00000)]
  0x00000278aa198ec0 JavaThread "C1 CompilerThread2" daemon [_thread_blocked, id=34528, stack(0x0000009cb0b00000,0x0000009cb0c00000)]
  0x00000278aa199960 JavaThread "C1 CompilerThread3" daemon [_thread_blocked, id=34228, stack(0x0000009cb2d00000,0x0000009cb2e00000)]
  0x00000278acf471d0 JavaThread "File lock release action executor" [_thread_blocked, id=27272, stack(0x0000009cc0000000,0x0000009cc0100000)]
  0x00000278aef4d580 JavaThread "C2 CompilerThread1" daemon [_thread_in_native, id=24060, stack(0x0000009caef00000,0x0000009caf000000)]
  0x00000278af179f40 JavaThread "C2 CompilerThread2" daemon [_thread_in_native, id=9064, stack(0x0000009caf000000,0x0000009caf100000)]
  0x00000278b5551650 JavaThread "C2 CompilerThread3" daemon [_thread_blocked, id=31964, stack(0x0000009caf100000,0x0000009caf200000)]
  0x00000278aef4f560 JavaThread "C2 CompilerThread4" daemon [_thread_in_native, id=12664, stack(0x0000009cb1800000,0x0000009cb1900000)]
  0x00000278bc8835d0 JavaThread "C2 CompilerThread5" daemon [_thread_blocked, id=30488, stack(0x0000009cbfb00000,0x0000009cbfc00000)]
  0x00000278bc8825e0 JavaThread "C2 CompilerThread6" daemon [_thread_blocked, id=35604, stack(0x0000009cbfc00000,0x0000009cbfd00000)]
  0x00000278bc883080 JavaThread "C2 CompilerThread7" daemon [_thread_blocked, id=2544, stack(0x0000009cbfd00000,0x0000009cbfe00000)]

Other Threads:
=>0x000002785e22e420 VMThread "VM Thread" [stack: 0x0000009caf800000,0x0000009caf900000] [id=32056]
  0x000002783f50b070 WatcherThread [stack: 0x0000009cb0500000,0x0000009cb0600000] [id=5692]
  0x000002783f4ac3d0 GCTaskThread "GC Thread#0" [stack: 0x0000009caf300000,0x0000009caf400000] [id=34240]
  0x00000278a4b20600 GCTaskThread "GC Thread#1" [stack: 0x0000009cb0c00000,0x0000009cb0d00000] [id=33164]
  0x00000278a4b208c0 GCTaskThread "GC Thread#2" [stack: 0x0000009cb0d00000,0x0000009cb0e00000] [id=28152]
  0x00000278a4fcdb40 GCTaskThread "GC Thread#3" [stack: 0x0000009cb0e00000,0x0000009cb0f00000] [id=36824]
  0x00000278a4fcde00 GCTaskThread "GC Thread#4" [stack: 0x0000009cb0f00000,0x0000009cb1000000] [id=15732]
  0x00000278a4fce0c0 GCTaskThread "GC Thread#5" [stack: 0x0000009cb1000000,0x0000009cb1100000] [id=33788]
  0x00000278a99f8d10 GCTaskThread "GC Thread#6" [stack: 0x0000009cb2300000,0x0000009cb2400000] [id=14272]
  0x00000278a99fa050 GCTaskThread "GC Thread#7" [stack: 0x0000009cb2400000,0x0000009cb2500000] [id=12904]
  0x00000278a99f9550 GCTaskThread "GC Thread#8" [stack: 0x0000009cb2500000,0x0000009cb2600000] [id=12148]
  0x00000278a99f9290 GCTaskThread "GC Thread#9" [stack: 0x0000009cb2600000,0x0000009cb2700000] [id=4268]
  0x00000278a99f9810 GCTaskThread "GC Thread#10" [stack: 0x0000009cb2700000,0x0000009cb2800000] [id=15816]
  0x00000278a99f8fd0 GCTaskThread "GC Thread#11" [stack: 0x0000009cb2800000,0x0000009cb2900000] [id=21660]
  0x00000278a99f8a50 GCTaskThread "GC Thread#12" [stack: 0x0000009cb2900000,0x0000009cb2a00000] [id=24392]
  0x000002783f4fbb80 ConcurrentGCThread "G1 Main Marker" [stack: 0x0000009caf400000,0x0000009caf500000] [id=21172]
  0x000002783f4fcc40 ConcurrentGCThread "G1 Conc#0" [stack: 0x0000009caf500000,0x0000009caf600000] [id=31092]
  0x00000278a99f9ad0 ConcurrentGCThread "G1 Conc#1" [stack: 0x0000009cb2a00000,0x0000009cb2b00000] [id=36376]
  0x00000278a99f9d90 ConcurrentGCThread "G1 Conc#2" [stack: 0x0000009cb2b00000,0x0000009cb2c00000] [id=976]
  0x000002785e0e5850 ConcurrentGCThread "G1 Refine#0" [stack: 0x0000009caf600000,0x0000009caf700000] [id=29580]
  0x00000278a70a70c0 ConcurrentGCThread "G1 Refine#1" [stack: 0x0000009cbd800000,0x0000009cbd900000] [id=9608]
  0x00000278a70a5f20 ConcurrentGCThread "G1 Refine#2" [stack: 0x0000009cbdf00000,0x0000009cbe000000] [id=32260]
  0x00000278a70a6dd0 ConcurrentGCThread "G1 Refine#3" [stack: 0x0000009cbe000000,0x0000009cbe100000] [id=17292]
  0x00000278a70a7990 ConcurrentGCThread "G1 Refine#4" [stack: 0x0000009cbe100000,0x0000009cbe200000] [id=23616]
  0x000002785e0e7040 ConcurrentGCThread "G1 Service" [stack: 0x0000009caf700000,0x0000009caf800000] [id=1424]

Threads with active compile tasks:
C2 CompilerThread0   127085 58587       4       org.jetbrains.kotlin.backend.jvm.mapping.MethodSignatureMapper::forceBoxedReturnType (50 bytes)
C1 CompilerThread3   127085 58597       3       org.jetbrains.kotlin.codegen.inline.MethodInliner$doInline$lambdaInliner$1::visitMethodInsn (1600 bytes)
C2 CompilerThread1   127085 58465 %     4       org.jetbrains.kotlin.codegen.optimization.temporaryVals.TemporaryValsAnalyzer::analyze @ 184 (1271 bytes)
C2 CompilerThread2   127086 58467       4       org.jetbrains.kotlin.backend.jvm.mapping.MethodSignatureMapper::mapSignature (573 bytes)
C2 CompilerThread3   127086 58529       4       org.jetbrains.org.objectweb.asm.Frame::getAbstractTypeFromDescriptor (415 bytes)
C2 CompilerThread4   127086 58517       4       org.jetbrains.kotlin.codegen.signature.JvmSignatureWriter::writeAsmType (73 bytes)
C2 CompilerThread5   127086 58539       4       org.jetbrains.kotlin.codegen.optimization.temporaryVals.TemporaryVariablesEliminationTransformer::simplifyKnownSafeCallPatterns (810 bytes)
C2 CompilerThread6   127086 58538       4       org.jetbrains.kotlin.codegen.optimization.LabelNormalizationMethodTransformer$TransformerForMethod::rewriteNonLabelInstructions (113 bytes)
C2 CompilerThread7   127086 58546       4       org.jetbrains.kotlin.ir.PsiIrFileEntry::findPsiElement (74 bytes)

VM state: at safepoint (normal execution)

VM Mutex/Monitor currently owned by a thread:  ([mutex/lock_event])
[0x000002783d0d2490] Threads_lock - owner thread: 0x000002785e22e420
[0x000002783f44e720] Heap_lock - owner thread: 0x000002783f4fbb80

Heap address: 0x0000000080000000, size: 2048 MB, Compressed Oops mode: 32-bit

CDS archive(s) mapped at: [0x000002785f000000-0x000002785fbd0000-0x000002785fbd0000), size 12386304, SharedBaseAddress: 0x000002785f000000, ArchiveRelocationMode: 1.
Compressed class space mapped at: 0x0000027860000000-0x00000278a0000000, reserved size: 1073741824
Narrow klass base: 0x000002785f000000, Narrow klass shift: 0, Narrow klass range: 0x100000000

GC Precious Log:
 CPUs: 16 total, 16 available
 Memory: 16202M
 Large Page Support: Disabled
 NUMA Support: Disabled
 Compressed Oops: Enabled (32-bit)
 Heap Region Size: 1M
 Heap Min Capacity: 8M
 Heap Initial Capacity: 254M
 Heap Max Capacity: 2G
 Pre-touch: Disabled
 Parallel Workers: 13
 Concurrent Workers: 3
 Concurrent Refinement Workers: 13
 Periodic GC: Disabled

Heap:
 garbage-first heap   total 555008K, used 498384K [0x0000000080000000, 0x0000000100000000)
  region size 1024K, 15 young (15360K), 3 survivors (3072K)
 Metaspace       used 249130K, committed 250432K, reserved 1310720K
  class space    used 29269K, committed 29952K, reserved 1048576K

Heap Regions: E=young(eden), S=young(survivor), O=old, HS=humongous(starts), HC=humongous(continues), CS=collection set, F=free, OA=open archive, CA=closed archive, TAMS=top-at-mark-start (previous, next)
|   0|0x0000000080000000, 0x0000000080100000, 0x0000000080100000|100%| O|  |TAMS 0x0000000080100000, 0x0000000080000000| Untracked 
|   1|0x0000000080100000, 0x0000000080200000, 0x0000000080200000|100%| O|  |TAMS 0x0000000080200000, 0x0000000080100000| Untracked 
|   2|0x0000000080200000, 0x0000000080300000, 0x0000000080300000|100%| O|  |TAMS 0x0000000080300000, 0x0000000080200000| Untracked 
|   3|0x0000000080300000, 0x0000000080400000, 0x0000000080400000|100%|HS|  |TAMS 0x0000000080400000, 0x0000000080300000| Complete 
|   4|0x0000000080400000, 0x0000000080500000, 0x0000000080500000|100%|HC|  |TAMS 0x0000000080500000, 0x0000000080400000| Complete 
|   5|0x0000000080500000, 0x0000000080600000, 0x0000000080600000|100%|HC|  |TAMS 0x0000000080600000, 0x0000000080500000| Complete 
|   6|0x0000000080600000, 0x0000000080700000, 0x0000000080700000|100%| O|  |TAMS 0x0000000080700000, 0x0000000080600000| Updating 
|   7|0x0000000080700000, 0x0000000080800000, 0x0000000080800000|100%| O|  |TAMS 0x0000000080800000, 0x0000000080700000| Untracked 
|   8|0x0000000080800000, 0x0000000080900000, 0x0000000080900000|100%| O|  |TAMS 0x0000000080900000, 0x0000000080800000| Untracked 
|   9|0x0000000080900000, 0x0000000080a00000, 0x0000000080a00000|100%| O|  |TAMS 0x0000000080a00000, 0x0000000080900000| Untracked 
|  10|0x0000000080a00000, 0x0000000080b00000, 0x0000000080b00000|100%| O|  |TAMS 0x0000000080b00000, 0x0000000080a00000| Untracked 
|  11|0x0000000080b00000, 0x0000000080c00000, 0x0000000080c00000|100%| O|  |TAMS 0x0000000080c00000, 0x0000000080b00000| Untracked 
|  12|0x0000000080c00000, 0x0000000080d00000, 0x0000000080d00000|100%| O|  |TAMS 0x0000000080d00000, 0x0000000080c00000| Updating 
|  13|0x0000000080d00000, 0x0000000080e00000, 0x0000000080e00000|100%| O|  |TAMS 0x0000000080e00000, 0x0000000080d00000| Untracked 
|  14|0x0000000080e00000, 0x0000000080f00000, 0x0000000080f00000|100%| O|  |TAMS 0x0000000080f00000, 0x0000000080e00000| Untracked 
|  15|0x0000000080f00000, 0x0000000081000000, 0x0000000081000000|100%| O|  |TAMS 0x0000000081000000, 0x0000000080f00000| Untracked 
|  16|0x0000000081000000, 0x0000000081100000, 0x0000000081100000|100%| O|  |TAMS 0x0000000081100000, 0x0000000081000000| Untracked 
|  17|0x0000000081100000, 0x0000000081200000, 0x0000000081200000|100%| O|  |TAMS 0x0000000081200000, 0x0000000081100000| Untracked 
|  18|0x0000000081200000, 0x0000000081300000, 0x0000000081300000|100%| O|  |TAMS 0x0000000081300000, 0x0000000081200000| Untracked 
|  19|0x0000000081300000, 0x0000000081400000, 0x0000000081400000|100%| O|  |TAMS 0x0000000081400000, 0x0000000081300000| Untracked 
|  20|0x0000000081400000, 0x0000000081500000, 0x0000000081500000|100%| O|  |TAMS 0x0000000081500000, 0x0000000081400000| Untracked 
|  21|0x0000000081500000, 0x0000000081600000, 0x0000000081600000|100%| O|  |TAMS 0x0000000081600000, 0x0000000081500000| Untracked 
|  22|0x0000000081600000, 0x0000000081700000, 0x0000000081700000|100%| O|  |TAMS 0x0000000081700000, 0x0000000081600000| Untracked 
|  23|0x0000000081700000, 0x0000000081800000, 0x0000000081800000|100%| O|  |TAMS 0x0000000081800000, 0x0000000081700000| Untracked 
|  24|0x0000000081800000, 0x0000000081900000, 0x0000000081900000|100%| O|  |TAMS 0x0000000081900000, 0x0000000081800000| Untracked 
|  25|0x0000000081900000, 0x0000000081a00000, 0x0000000081a00000|100%| O|  |TAMS 0x0000000081a00000, 0x0000000081900000| Updating 
|  26|0x0000000081a00000, 0x0000000081b00000, 0x0000000081b00000|100%| O|  |TAMS 0x0000000081b00000, 0x0000000081a00000| Updating 
|  27|0x0000000081b00000, 0x0000000081c00000, 0x0000000081c00000|100%| O|  |TAMS 0x0000000081c00000, 0x0000000081b00000| Updating 
|  28|0x0000000081c00000, 0x0000000081d00000, 0x0000000081d00000|100%| O|  |TAMS 0x0000000081d00000, 0x0000000081c00000| Updating 
|  29|0x0000000081d00000, 0x0000000081e00000, 0x0000000081e00000|100%| O|  |TAMS 0x0000000081e00000, 0x0000000081d00000| Updating 
|  30|0x0000000081e00000, 0x0000000081f00000, 0x0000000081f00000|100%| O|  |TAMS 0x0000000081f00000, 0x0000000081e00000| Updating 
|  31|0x0000000081f00000, 0x0000000082000000, 0x0000000082000000|100%| O|  |TAMS 0x0000000082000000, 0x0000000081f00000| Updating 
|  32|0x0000000082000000, 0x0000000082100000, 0x0000000082100000|100%| O|  |TAMS 0x0000000082100000, 0x0000000082000000| Updating 
|  33|0x0000000082100000, 0x0000000082200000, 0x0000000082200000|100%| O|  |TAMS 0x0000000082200000, 0x0000000082100000| Updating 
|  34|0x0000000082200000, 0x0000000082300000, 0x0000000082300000|100%| O|  |TAMS 0x0000000082300000, 0x0000000082200000| Updating 
|  35|0x0000000082300000, 0x0000000082400000, 0x0000000082400000|100%| O|  |TAMS 0x0000000082400000, 0x0000000082300000| Updating 
|  36|0x0000000082400000, 0x0000000082500000, 0x0000000082500000|100%|HS|  |TAMS 0x0000000082500000, 0x0000000082400000| Complete 
|  37|0x0000000082500000, 0x0000000082600000, 0x0000000082600000|100%|HS|  |TAMS 0x0000000082600000, 0x0000000082500000| Complete 
|  38|0x0000000082600000, 0x0000000082700000, 0x0000000082700000|100%|HS|  |TAMS 0x0000000082700000, 0x0000000082600000| Complete 
|  39|0x0000000082700000, 0x0000000082800000, 0x0000000082800000|100%|HS|  |TAMS 0x0000000082800000, 0x0000000082700000| Complete 
|  40|0x0000000082800000, 0x0000000082900000, 0x0000000082900000|100%|HC|  |TAMS 0x0000000082900000, 0x0000000082800000| Complete 
|  41|0x0000000082900000, 0x0000000082a00000, 0x0000000082a00000|100%|HC|  |TAMS 0x0000000082a00000, 0x0000000082900000| Complete 
|  42|0x0000000082a00000, 0x0000000082b00000, 0x0000000082b00000|100%|HC|  |TAMS 0x0000000082b00000, 0x0000000082a00000| Complete 
|  43|0x0000000082b00000, 0x0000000082c00000, 0x0000000082c00000|100%| O|  |TAMS 0x0000000082c00000, 0x0000000082b00000| Updating 
|  44|0x0000000082c00000, 0x0000000082d00000, 0x0000000082d00000|100%| O|  |TAMS 0x0000000082d00000, 0x0000000082c00000| Untracked 
|  45|0x0000000082d00000, 0x0000000082e00000, 0x0000000082e00000|100%| O|  |TAMS 0x0000000082e00000, 0x0000000082d00000| Updating 
|  46|0x0000000082e00000, 0x0000000082f00000, 0x0000000082f00000|100%| O|  |TAMS 0x0000000082f00000, 0x0000000082e00000| Untracked 
|  47|0x0000000082f00000, 0x0000000083000000, 0x0000000083000000|100%| O|  |TAMS 0x0000000083000000, 0x0000000082f00000| Untracked 
|  48|0x0000000083000000, 0x0000000083100000, 0x0000000083100000|100%| O|  |TAMS 0x0000000083100000, 0x0000000083000000| Updating 
|  49|0x0000000083100000, 0x0000000083200000, 0x0000000083200000|100%|HS|  |TAMS 0x0000000083200000, 0x0000000083100000| Complete 
|  50|0x0000000083200000, 0x0000000083300000, 0x0000000083300000|100%|HC|  |TAMS 0x0000000083300000, 0x0000000083200000| Complete 
|  51|0x0000000083300000, 0x0000000083400000, 0x0000000083400000|100%| O|  |TAMS 0x0000000083400000, 0x0000000083300000| Untracked 
|  52|0x0000000083400000, 0x0000000083500000, 0x0000000083500000|100%| O|  |TAMS 0x0000000083500000, 0x0000000083400000| Untracked 
|  53|0x0000000083500000, 0x0000000083600000, 0x0000000083600000|100%| O|  |TAMS 0x0000000083600000, 0x0000000083500000| Untracked 
|  54|0x0000000083600000, 0x0000000083700000, 0x0000000083700000|100%| O|  |TAMS 0x0000000083700000, 0x0000000083600000| Updating 
|  55|0x0000000083700000, 0x0000000083800000, 0x0000000083800000|100%| O|  |TAMS 0x0000000083800000, 0x0000000083700000| Untracked 
|  56|0x0000000083800000, 0x0000000083900000, 0x0000000083900000|100%| O|  |TAMS 0x0000000083900000, 0x0000000083800000| Untracked 
|  57|0x0000000083900000, 0x0000000083a00000, 0x0000000083a00000|100%| O|  |TAMS 0x0000000083a00000, 0x0000000083900000| Untracked 
|  58|0x0000000083a00000, 0x0000000083b00000, 0x0000000083b00000|100%| O|  |TAMS 0x0000000083b00000, 0x0000000083a00000| Untracked 
|  59|0x0000000083b00000, 0x0000000083c00000, 0x0000000083c00000|100%| O|  |TAMS 0x0000000083c00000, 0x0000000083b00000| Untracked 
|  60|0x0000000083c00000, 0x0000000083d00000, 0x0000000083d00000|100%| O|  |TAMS 0x0000000083d00000, 0x0000000083c00000| Untracked 
|  61|0x0000000083d00000, 0x0000000083e00000, 0x0000000083e00000|100%| O|  |TAMS 0x0000000083e00000, 0x0000000083d00000| Untracked 
|  62|0x0000000083e00000, 0x0000000083f00000, 0x0000000083f00000|100%| O|  |TAMS 0x0000000083f00000, 0x0000000083e00000| Updating 
|  63|0x0000000083f00000, 0x0000000084000000, 0x0000000084000000|100%| O|  |TAMS 0x0000000084000000, 0x0000000083f00000| Untracked 
|  64|0x0000000084000000, 0x0000000084100000, 0x0000000084100000|100%| O|  |TAMS 0x0000000084100000, 0x0000000084000000| Updating 
|  65|0x0000000084100000, 0x0000000084200000, 0x0000000084200000|100%| O|  |TAMS 0x0000000084200000, 0x0000000084100000| Updating 
|  66|0x0000000084200000, 0x0000000084300000, 0x0000000084300000|100%| O|  |TAMS 0x0000000084300000, 0x0000000084200000| Untracked 
|  67|0x0000000084300000, 0x0000000084400000, 0x0000000084400000|100%| O|  |TAMS 0x0000000084400000, 0x0000000084300000| Untracked 
|  68|0x0000000084400000, 0x0000000084500000, 0x0000000084500000|100%| O|  |TAMS 0x0000000084500000, 0x0000000084400000| Updating 
|  69|0x0000000084500000, 0x0000000084600000, 0x0000000084600000|100%| O|  |TAMS 0x0000000084600000, 0x0000000084500000| Untracked 
|  70|0x0000000084600000, 0x0000000084700000, 0x0000000084700000|100%| O|  |TAMS 0x0000000084700000, 0x0000000084600000| Untracked 
|  71|0x0000000084700000, 0x0000000084800000, 0x0000000084800000|100%| O|  |TAMS 0x0000000084800000, 0x0000000084700000| Untracked 
|  72|0x0000000084800000, 0x0000000084900000, 0x0000000084900000|100%| O|  |TAMS 0x0000000084900000, 0x0000000084800000| Untracked 
|  73|0x0000000084900000, 0x0000000084a00000, 0x0000000084a00000|100%| O|  |TAMS 0x0000000084a00000, 0x0000000084900000| Untracked 
|  74|0x0000000084a00000, 0x0000000084b00000, 0x0000000084b00000|100%| O|  |TAMS 0x0000000084b00000, 0x0000000084a00000| Untracked 
|  75|0x0000000084b00000, 0x0000000084c00000, 0x0000000084c00000|100%| O|  |TAMS 0x0000000084c00000, 0x0000000084b00000| Untracked 
|  76|0x0000000084c00000, 0x0000000084d00000, 0x0000000084d00000|100%| O|  |TAMS 0x0000000084d00000, 0x0000000084c00000| Untracked 
|  77|0x0000000084d00000, 0x0000000084e00000, 0x0000000084e00000|100%| O|  |TAMS 0x0000000084e00000, 0x0000000084d00000| Untracked 
|  78|0x0000000084e00000, 0x0000000084f00000, 0x0000000084f00000|100%| O|  |TAMS 0x0000000084f00000, 0x0000000084e00000| Untracked 
|  79|0x0000000084f00000, 0x0000000085000000, 0x0000000085000000|100%| O|  |TAMS 0x0000000085000000, 0x0000000084f00000| Updating 
|  80|0x0000000085000000, 0x0000000085100000, 0x0000000085100000|100%| O|  |TAMS 0x0000000085100000, 0x0000000085000000| Updating 
|  81|0x0000000085100000, 0x0000000085200000, 0x0000000085200000|100%| O|  |TAMS 0x0000000085200000, 0x0000000085100000| Untracked 
|  82|0x0000000085200000, 0x0000000085300000, 0x0000000085300000|100%| O|  |TAMS 0x0000000085300000, 0x0000000085200000| Updating 
|  83|0x0000000085300000, 0x0000000085400000, 0x0000000085400000|100%| O|  |TAMS 0x0000000085400000, 0x0000000085300000| Updating 
|  84|0x0000000085400000, 0x0000000085500000, 0x0000000085500000|100%| O|  |TAMS 0x0000000085500000, 0x0000000085400000| Updating 
|  85|0x0000000085500000, 0x0000000085600000, 0x0000000085600000|100%| O|  |TAMS 0x0000000085600000, 0x0000000085500000| Updating 
|  86|0x0000000085600000, 0x0000000085700000, 0x0000000085700000|100%| O|  |TAMS 0x0000000085700000, 0x0000000085600000| Updating 
|  87|0x0000000085700000, 0x0000000085800000, 0x0000000085800000|100%| O|  |TAMS 0x0000000085800000, 0x0000000085700000| Untracked 
|  88|0x0000000085800000, 0x0000000085900000, 0x0000000085900000|100%| O|  |TAMS 0x0000000085900000, 0x0000000085800000| Untracked 
|  89|0x0000000085900000, 0x0000000085a00000, 0x0000000085a00000|100%| O|  |TAMS 0x0000000085a00000, 0x0000000085900000| Untracked 
|  90|0x0000000085a00000, 0x0000000085b00000, 0x0000000085b00000|100%| O|  |TAMS 0x0000000085b00000, 0x0000000085a00000| Untracked 
|  91|0x0000000085b00000, 0x0000000085c00000, 0x0000000085c00000|100%| O|  |TAMS 0x0000000085c00000, 0x0000000085b00000| Untracked 
|  92|0x0000000085c00000, 0x0000000085d00000, 0x0000000085d00000|100%| O|  |TAMS 0x0000000085d00000, 0x0000000085c00000| Untracked 
|  93|0x0000000085d00000, 0x0000000085e00000, 0x0000000085e00000|100%| O|  |TAMS 0x0000000085e00000, 0x0000000085d00000| Untracked 
|  94|0x0000000085e00000, 0x0000000085f00000, 0x0000000085f00000|100%| O|  |TAMS 0x0000000085f00000, 0x0000000085e00000| Updating 
|  95|0x0000000085f00000, 0x0000000086000000, 0x0000000086000000|100%| O|  |TAMS 0x0000000086000000, 0x0000000085f00000| Untracked 
|  96|0x0000000086000000, 0x0000000086100000, 0x0000000086100000|100%| O|  |TAMS 0x0000000086100000, 0x0000000086000000| Updating 
|  97|0x0000000086100000, 0x0000000086200000, 0x0000000086200000|100%| O|  |TAMS 0x0000000086200000, 0x0000000086100000| Untracked 
|  98|0x0000000086200000, 0x0000000086300000, 0x0000000086300000|100%| O|  |TAMS 0x0000000086300000, 0x0000000086200000| Untracked 
|  99|0x0000000086300000, 0x0000000086400000, 0x0000000086400000|100%| O|  |TAMS 0x0000000086400000, 0x0000000086300000| Untracked 
| 100|0x0000000086400000, 0x0000000086500000, 0x0000000086500000|100%| O|  |TAMS 0x0000000086500000, 0x0000000086400000| Updating 
| 101|0x0000000086500000, 0x0000000086600000, 0x0000000086600000|100%| O|  |TAMS 0x0000000086600000, 0x0000000086500000| Untracked 
| 102|0x0000000086600000, 0x0000000086700000, 0x0000000086700000|100%| O|  |TAMS 0x0000000086700000, 0x0000000086600000| Updating 
| 103|0x0000000086700000, 0x0000000086800000, 0x0000000086800000|100%| O|  |TAMS 0x0000000086800000, 0x0000000086700000| Updating 
| 104|0x0000000086800000, 0x0000000086900000, 0x0000000086900000|100%| O|  |TAMS 0x0000000086900000, 0x0000000086800000| Untracked 
| 105|0x0000000086900000, 0x0000000086a00000, 0x0000000086a00000|100%| O|  |TAMS 0x0000000086a00000, 0x0000000086900000| Untracked 
| 106|0x0000000086a00000, 0x0000000086b00000, 0x0000000086b00000|100%| O|  |TAMS 0x0000000086b00000, 0x0000000086a00000| Untracked 
| 107|0x0000000086b00000, 0x0000000086c00000, 0x0000000086c00000|100%| O|  |TAMS 0x0000000086c00000, 0x0000000086b00000| Untracked 
| 108|0x0000000086c00000, 0x0000000086d00000, 0x0000000086d00000|100%| O|  |TAMS 0x0000000086d00000, 0x0000000086c00000| Untracked 
| 109|0x0000000086d00000, 0x0000000086e00000, 0x0000000086e00000|100%| O|  |TAMS 0x0000000086e00000, 0x0000000086d00000| Untracked 
| 110|0x0000000086e00000, 0x0000000086f00000, 0x0000000086f00000|100%| O|  |TAMS 0x0000000086f00000, 0x0000000086e00000| Untracked 
| 111|0x0000000086f00000, 0x0000000087000000, 0x0000000087000000|100%| O|  |TAMS 0x0000000087000000, 0x0000000086f00000| Updating 
| 112|0x0000000087000000, 0x0000000087100000, 0x0000000087100000|100%| O|  |TAMS 0x0000000087100000, 0x0000000087000000| Untracked 
| 113|0x0000000087100000, 0x0000000087200000, 0x0000000087200000|100%| O|  |TAMS 0x0000000087200000, 0x0000000087100000| Untracked 
| 114|0x0000000087200000, 0x0000000087300000, 0x0000000087300000|100%| O|  |TAMS 0x0000000087300000, 0x0000000087200000| Untracked 
| 115|0x0000000087300000, 0x0000000087400000, 0x0000000087400000|100%| O|  |TAMS 0x0000000087400000, 0x0000000087300000| Untracked 
| 116|0x0000000087400000, 0x0000000087500000, 0x0000000087500000|100%|HS|  |TAMS 0x0000000087500000, 0x0000000087400000| Complete 
| 117|0x0000000087500000, 0x0000000087600000, 0x0000000087600000|100%|HC|  |TAMS 0x0000000087600000, 0x0000000087500000| Complete 
| 118|0x0000000087600000, 0x0000000087700000, 0x0000000087700000|100%|HC|  |TAMS 0x0000000087700000, 0x0000000087600000| Complete 
| 119|0x0000000087700000, 0x0000000087800000, 0x0000000087800000|100%|HC|  |TAMS 0x0000000087800000, 0x0000000087700000| Complete 
| 120|0x0000000087800000, 0x0000000087900000, 0x0000000087900000|100%| O|  |TAMS 0x0000000087900000, 0x0000000087800000| Untracked 
| 121|0x0000000087900000, 0x0000000087a00000, 0x0000000087a00000|100%| O|  |TAMS 0x0000000087a00000, 0x0000000087900000| Updating 
| 122|0x0000000087a00000, 0x0000000087b00000, 0x0000000087b00000|100%| O|  |TAMS 0x0000000087b00000, 0x0000000087a00000| Untracked 
| 123|0x0000000087b00000, 0x0000000087c00000, 0x0000000087c00000|100%| O|  |TAMS 0x0000000087c00000, 0x0000000087b00000| Untracked 
| 124|0x0000000087c00000, 0x0000000087d00000, 0x0000000087d00000|100%| O|  |TAMS 0x0000000087d00000, 0x0000000087c00000| Untracked 
| 125|0x0000000087d00000, 0x0000000087e00000, 0x0000000087e00000|100%| O|  |TAMS 0x0000000087e00000, 0x0000000087d00000| Untracked 
| 126|0x0000000087e00000, 0x0000000087f00000, 0x0000000087f00000|100%| O|  |TAMS 0x0000000087f00000, 0x0000000087e00000| Untracked 
| 127|0x0000000087f00000, 0x0000000088000000, 0x0000000088000000|100%| O|  |TAMS 0x0000000088000000, 0x0000000087f00000| Updating 
| 128|0x0000000088000000, 0x0000000088100000, 0x0000000088100000|100%|HS|  |TAMS 0x0000000088100000, 0x0000000088000000| Complete 
| 129|0x0000000088100000, 0x0000000088200000, 0x0000000088200000|100%|HC|  |TAMS 0x0000000088200000, 0x0000000088100000| Complete 
| 130|0x0000000088200000, 0x0000000088300000, 0x0000000088300000|100%|HC|  |TAMS 0x0000000088300000, 0x0000000088200000| Complete 
| 131|0x0000000088300000, 0x0000000088400000, 0x0000000088400000|100%|HC|  |TAMS 0x0000000088400000, 0x0000000088300000| Complete 
| 132|0x0000000088400000, 0x0000000088500000, 0x0000000088500000|100%| O|  |TAMS 0x0000000088500000, 0x0000000088400000| Untracked 
| 133|0x0000000088500000, 0x0000000088600000, 0x0000000088600000|100%| O|  |TAMS 0x0000000088600000, 0x0000000088500000| Untracked 
| 134|0x0000000088600000, 0x0000000088700000, 0x0000000088700000|100%| O|  |TAMS 0x0000000088700000, 0x0000000088600000| Untracked 
| 135|0x0000000088700000, 0x0000000088800000, 0x0000000088800000|100%| O|  |TAMS 0x0000000088800000, 0x0000000088700000| Untracked 
| 136|0x0000000088800000, 0x0000000088900000, 0x0000000088900000|100%| O|  |TAMS 0x0000000088900000, 0x0000000088800000| Updating 
| 137|0x0000000088900000, 0x0000000088a00000, 0x0000000088a00000|100%| O|  |TAMS 0x0000000088a00000, 0x0000000088900000| Updating 
| 138|0x0000000088a00000, 0x0000000088b00000, 0x0000000088b00000|100%| O|  |TAMS 0x0000000088b00000, 0x0000000088a00000| Updating 
| 139|0x0000000088b00000, 0x0000000088c00000, 0x0000000088c00000|100%| O|  |TAMS 0x0000000088c00000, 0x0000000088b00000| Updating 
| 140|0x0000000088c00000, 0x0000000088d00000, 0x0000000088d00000|100%| O|  |TAMS 0x0000000088d00000, 0x0000000088c00000| Updating 
| 141|0x0000000088d00000, 0x0000000088e00000, 0x0000000088e00000|100%| O|  |TAMS 0x0000000088e00000, 0x0000000088d00000| Untracked 
| 142|0x0000000088e00000, 0x0000000088f00000, 0x0000000088f00000|100%| O|  |TAMS 0x0000000088f00000, 0x0000000088e00000| Untracked 
| 143|0x0000000088f00000, 0x0000000089000000, 0x0000000089000000|100%| O|  |TAMS 0x0000000089000000, 0x0000000088f00000| Untracked 
| 144|0x0000000089000000, 0x0000000089100000, 0x0000000089100000|100%| O|  |TAMS 0x0000000089100000, 0x0000000089000000| Updating 
| 145|0x0000000089100000, 0x0000000089200000, 0x0000000089200000|100%| O|  |TAMS 0x0000000089200000, 0x0000000089100000| Updating 
| 146|0x0000000089200000, 0x0000000089300000, 0x0000000089300000|100%| O|  |TAMS 0x0000000089300000, 0x0000000089200000| Updating 
| 147|0x0000000089300000, 0x0000000089400000, 0x0000000089400000|100%| O|  |TAMS 0x0000000089400000, 0x0000000089300000| Updating 
| 148|0x0000000089400000, 0x0000000089500000, 0x0000000089500000|100%| O|  |TAMS 0x0000000089500000, 0x0000000089400000| Updating 
| 149|0x0000000089500000, 0x0000000089600000, 0x0000000089600000|100%| O|  |TAMS 0x0000000089600000, 0x0000000089500000| Updating 
| 150|0x0000000089600000, 0x0000000089700000, 0x0000000089700000|100%| O|  |TAMS 0x0000000089700000, 0x0000000089600000| Updating 
| 151|0x0000000089700000, 0x0000000089800000, 0x0000000089800000|100%| O|  |TAMS 0x0000000089800000, 0x0000000089700000| Updating 
| 152|0x0000000089800000, 0x0000000089900000, 0x0000000089900000|100%| O|  |TAMS 0x0000000089900000, 0x0000000089800000| Updating 
| 153|0x0000000089900000, 0x0000000089a00000, 0x0000000089a00000|100%| O|  |TAMS 0x0000000089a00000, 0x0000000089900000| Updating 
| 154|0x0000000089a00000, 0x0000000089b00000, 0x0000000089b00000|100%| O|  |TAMS 0x0000000089b00000, 0x0000000089a00000| Updating 
| 155|0x0000000089b00000, 0x0000000089c00000, 0x0000000089c00000|100%| O|  |TAMS 0x0000000089c00000, 0x0000000089b00000| Updating 
| 156|0x0000000089c00000, 0x0000000089d00000, 0x0000000089d00000|100%| O|  |TAMS 0x0000000089d00000, 0x0000000089c00000| Updating 
| 157|0x0000000089d00000, 0x0000000089e00000, 0x0000000089e00000|100%| O|  |TAMS 0x0000000089e00000, 0x0000000089d00000| Updating 
| 158|0x0000000089e00000, 0x0000000089f00000, 0x0000000089f00000|100%| O|  |TAMS 0x0000000089f00000, 0x0000000089e00000| Updating 
| 159|0x0000000089f00000, 0x000000008a000000, 0x000000008a000000|100%| O|  |TAMS 0x000000008a000000, 0x0000000089f00000| Untracked 
| 160|0x000000008a000000, 0x000000008a100000, 0x000000008a100000|100%| O|  |TAMS 0x000000008a100000, 0x000000008a000000| Untracked 
| 161|0x000000008a100000, 0x000000008a200000, 0x000000008a200000|100%| O|  |TAMS 0x000000008a200000, 0x000000008a100000| Updating 
| 162|0x000000008a200000, 0x000000008a300000, 0x000000008a300000|100%| O|  |TAMS 0x000000008a300000, 0x000000008a200000| Updating 
| 163|0x000000008a300000, 0x000000008a400000, 0x000000008a400000|100%| O|  |TAMS 0x000000008a400000, 0x000000008a300000| Updating 
| 164|0x000000008a400000, 0x000000008a500000, 0x000000008a500000|100%| O|  |TAMS 0x000000008a500000, 0x000000008a400000| Updating 
| 165|0x000000008a500000, 0x000000008a600000, 0x000000008a600000|100%| O|  |TAMS 0x000000008a600000, 0x000000008a500000| Updating 
| 166|0x000000008a600000, 0x000000008a700000, 0x000000008a700000|100%| O|  |TAMS 0x000000008a700000, 0x000000008a600000| Untracked 
| 167|0x000000008a700000, 0x000000008a800000, 0x000000008a800000|100%| O|  |TAMS 0x000000008a800000, 0x000000008a700000| Updating 
| 168|0x000000008a800000, 0x000000008a900000, 0x000000008a900000|100%| O|  |TAMS 0x000000008a900000, 0x000000008a800000| Updating 
| 169|0x000000008a900000, 0x000000008aa00000, 0x000000008aa00000|100%| O|  |TAMS 0x000000008aa00000, 0x000000008a900000| Updating 
| 170|0x000000008aa00000, 0x000000008aa00000, 0x000000008ab00000|  0%| F|  |TAMS 0x000000008aa00000, 0x000000008aa00000| Untracked 
| 171|0x000000008ab00000, 0x000000008ab00000, 0x000000008ac00000|  0%| F|  |TAMS 0x000000008ab00000, 0x000000008ab00000| Untracked 
| 172|0x000000008ac00000, 0x000000008ac00000, 0x000000008ad00000|  0%| F|  |TAMS 0x000000008ac00000, 0x000000008ac00000| Untracked 
| 173|0x000000008ad00000, 0x000000008ad00000, 0x000000008ae00000|  0%| F|  |TAMS 0x000000008ad00000, 0x000000008ad00000| Untracked 
| 174|0x000000008ae00000, 0x000000008ae00000, 0x000000008af00000|  0%| F|  |TAMS 0x000000008ae00000, 0x000000008ae00000| Untracked 
| 175|0x000000008af00000, 0x000000008af00000, 0x000000008b000000|  0%| F|  |TAMS 0x000000008af00000, 0x000000008af00000| Untracked 
| 176|0x000000008b000000, 0x000000008b000000, 0x000000008b100000|  0%| F|  |TAMS 0x000000008b000000, 0x000000008b000000| Untracked 
| 177|0x000000008b100000, 0x000000008b100000, 0x000000008b200000|  0%| F|  |TAMS 0x000000008b100000, 0x000000008b100000| Untracked 
| 178|0x000000008b200000, 0x000000008b200000, 0x000000008b300000|  0%| F|  |TAMS 0x000000008b200000, 0x000000008b200000| Untracked 
| 179|0x000000008b300000, 0x000000008b400000, 0x000000008b400000|100%| O|  |TAMS 0x000000008b400000, 0x000000008b300000| Updating 
| 180|0x000000008b400000, 0x000000008b500000, 0x000000008b500000|100%| O|  |TAMS 0x000000008b500000, 0x000000008b400000| Updating 
| 181|0x000000008b500000, 0x000000008b600000, 0x000000008b600000|100%| O|  |TAMS 0x000000008b600000, 0x000000008b500000| Updating 
| 182|0x000000008b600000, 0x000000008b700000, 0x000000008b700000|100%| O|  |TAMS 0x000000008b700000, 0x000000008b600000| Updating 
| 183|0x000000008b700000, 0x000000008b800000, 0x000000008b800000|100%| O|  |TAMS 0x000000008b800000, 0x000000008b700000| Updating 
| 184|0x000000008b800000, 0x000000008b900000, 0x000000008b900000|100%| O|  |TAMS 0x000000008b900000, 0x000000008b800000| Untracked 
| 185|0x000000008b900000, 0x000000008ba00000, 0x000000008ba00000|100%| O|  |TAMS 0x000000008ba00000, 0x000000008b900000| Untracked 
| 186|0x000000008ba00000, 0x000000008bb00000, 0x000000008bb00000|100%| O|  |TAMS 0x000000008bb00000, 0x000000008ba00000| Untracked 
| 187|0x000000008bb00000, 0x000000008bc00000, 0x000000008bc00000|100%| O|  |TAMS 0x000000008bc00000, 0x000000008bb00000| Updating 
| 188|0x000000008bc00000, 0x000000008bd00000, 0x000000008bd00000|100%| O|  |TAMS 0x000000008bd00000, 0x000000008bc00000| Updating 
| 189|0x000000008bd00000, 0x000000008be00000, 0x000000008be00000|100%| O|  |TAMS 0x000000008be00000, 0x000000008bd00000| Updating 
| 190|0x000000008be00000, 0x000000008bf00000, 0x000000008bf00000|100%| O|  |TAMS 0x000000008bf00000, 0x000000008be00000| Updating 
| 191|0x000000008bf00000, 0x000000008c000000, 0x000000008c000000|100%| O|  |TAMS 0x000000008c000000, 0x000000008bf00000| Updating 
| 192|0x000000008c000000, 0x000000008c100000, 0x000000008c100000|100%| O|  |TAMS 0x000000008c100000, 0x000000008c000000| Updating 
| 193|0x000000008c100000, 0x000000008c200000, 0x000000008c200000|100%| O|  |TAMS 0x000000008c200000, 0x000000008c100000| Updating 
| 194|0x000000008c200000, 0x000000008c300000, 0x000000008c300000|100%| O|  |TAMS 0x000000008c300000, 0x000000008c200000| Updating 
| 195|0x000000008c300000, 0x000000008c400000, 0x000000008c400000|100%| O|  |TAMS 0x000000008c400000, 0x000000008c300000| Updating 
| 196|0x000000008c400000, 0x000000008c500000, 0x000000008c500000|100%| O|  |TAMS 0x000000008c500000, 0x000000008c400000| Updating 
| 197|0x000000008c500000, 0x000000008c600000, 0x000000008c600000|100%| O|  |TAMS 0x000000008c600000, 0x000000008c500000| Updating 
| 198|0x000000008c600000, 0x000000008c700000, 0x000000008c700000|100%| O|  |TAMS 0x000000008c700000, 0x000000008c600000| Updating 
| 199|0x000000008c700000, 0x000000008c800000, 0x000000008c800000|100%| O|  |TAMS 0x000000008c800000, 0x000000008c700000| Untracked 
| 200|0x000000008c800000, 0x000000008c900000, 0x000000008c900000|100%| O|  |TAMS 0x000000008c900000, 0x000000008c800000| Updating 
| 201|0x000000008c900000, 0x000000008ca00000, 0x000000008ca00000|100%| O|  |TAMS 0x000000008ca00000, 0x000000008c900000| Updating 
| 202|0x000000008ca00000, 0x000000008cb00000, 0x000000008cb00000|100%| O|  |TAMS 0x000000008cb00000, 0x000000008ca00000| Updating 
| 203|0x000000008cb00000, 0x000000008cc00000, 0x000000008cc00000|100%| O|  |TAMS 0x000000008cc00000, 0x000000008cb00000| Updating 
| 204|0x000000008cc00000, 0x000000008cd00000, 0x000000008cd00000|100%| O|  |TAMS 0x000000008cd00000, 0x000000008cc00000| Updating 
| 205|0x000000008cd00000, 0x000000008ce00000, 0x000000008ce00000|100%| O|  |TAMS 0x000000008ce00000, 0x000000008cd00000| Updating 
| 206|0x000000008ce00000, 0x000000008cf00000, 0x000000008cf00000|100%| O|  |TAMS 0x000000008cf00000, 0x000000008ce00000| Updating 
| 207|0x000000008cf00000, 0x000000008d000000, 0x000000008d000000|100%| O|  |TAMS 0x000000008d000000, 0x000000008cf00000| Updating 
| 208|0x000000008d000000, 0x000000008d100000, 0x000000008d100000|100%| O|  |TAMS 0x000000008d100000, 0x000000008d000000| Updating 
| 209|0x000000008d100000, 0x000000008d200000, 0x000000008d200000|100%| O|  |TAMS 0x000000008d200000, 0x000000008d100000| Updating 
| 210|0x000000008d200000, 0x000000008d300000, 0x000000008d300000|100%| O|  |TAMS 0x000000008d300000, 0x000000008d200000| Updating 
| 211|0x000000008d300000, 0x000000008d400000, 0x000000008d400000|100%| O|  |TAMS 0x000000008d400000, 0x000000008d300000| Updating 
| 212|0x000000008d400000, 0x000000008d500000, 0x000000008d500000|100%| O|  |TAMS 0x000000008d500000, 0x000000008d400000| Updating 
| 213|0x000000008d500000, 0x000000008d600000, 0x000000008d600000|100%| O|  |TAMS 0x000000008d600000, 0x000000008d500000| Untracked 
| 214|0x000000008d600000, 0x000000008d700000, 0x000000008d700000|100%| O|  |TAMS 0x000000008d700000, 0x000000008d600000| Untracked 
| 215|0x000000008d700000, 0x000000008d800000, 0x000000008d800000|100%| O|  |TAMS 0x000000008d800000, 0x000000008d700000| Updating 
| 216|0x000000008d800000, 0x000000008d900000, 0x000000008d900000|100%|HS|  |TAMS 0x000000008d900000, 0x000000008d800000| Complete 
| 217|0x000000008d900000, 0x000000008da00000, 0x000000008da00000|100%|HC|  |TAMS 0x000000008da00000, 0x000000008d900000| Complete 
| 218|0x000000008da00000, 0x000000008db00000, 0x000000008db00000|100%|HC|  |TAMS 0x000000008db00000, 0x000000008da00000| Complete 
| 219|0x000000008db00000, 0x000000008dc00000, 0x000000008dc00000|100%|HC|  |TAMS 0x000000008dc00000, 0x000000008db00000| Complete 
| 220|0x000000008dc00000, 0x000000008dd00000, 0x000000008dd00000|100%| O|  |TAMS 0x000000008dd00000, 0x000000008dc00000| Updating 
| 221|0x000000008dd00000, 0x000000008de00000, 0x000000008de00000|100%| O|  |TAMS 0x000000008de00000, 0x000000008dd00000| Updating 
| 222|0x000000008de00000, 0x000000008df00000, 0x000000008df00000|100%| O|  |TAMS 0x000000008df00000, 0x000000008de00000| Updating 
| 223|0x000000008df00000, 0x000000008e000000, 0x000000008e000000|100%| O|  |TAMS 0x000000008e000000, 0x000000008df00000| Updating 
| 224|0x000000008e000000, 0x000000008e100000, 0x000000008e100000|100%| O|  |TAMS 0x000000008e100000, 0x000000008e000000| Updating 
| 225|0x000000008e100000, 0x000000008e200000, 0x000000008e200000|100%| O|  |TAMS 0x000000008e200000, 0x000000008e100000| Untracked 
| 226|0x000000008e200000, 0x000000008e300000, 0x000000008e300000|100%| O|  |TAMS 0x000000008e300000, 0x000000008e200000| Untracked 
| 227|0x000000008e300000, 0x000000008e400000, 0x000000008e400000|100%| O|  |TAMS 0x000000008e400000, 0x000000008e300000| Untracked 
| 228|0x000000008e400000, 0x000000008e500000, 0x000000008e500000|100%| O|  |TAMS 0x000000008e500000, 0x000000008e400000| Untracked 
| 229|0x000000008e500000, 0x000000008e600000, 0x000000008e600000|100%| O|  |TAMS 0x000000008e600000, 0x000000008e500000| Untracked 
| 230|0x000000008e600000, 0x000000008e700000, 0x000000008e700000|100%| O|  |TAMS 0x000000008e700000, 0x000000008e600000| Untracked 
| 231|0x000000008e700000, 0x000000008e800000, 0x000000008e800000|100%| O|  |TAMS 0x000000008e800000, 0x000000008e700000| Untracked 
| 232|0x000000008e800000, 0x000000008e900000, 0x000000008e900000|100%| O|  |TAMS 0x000000008e900000, 0x000000008e800000| Untracked 
| 233|0x000000008e900000, 0x000000008ea00000, 0x000000008ea00000|100%| O|  |TAMS 0x000000008ea00000, 0x000000008e900000| Untracked 
| 234|0x000000008ea00000, 0x000000008eb00000, 0x000000008eb00000|100%| O|  |TAMS 0x000000008eb00000, 0x000000008ea00000| Untracked 
| 235|0x000000008eb00000, 0x000000008ec00000, 0x000000008ec00000|100%| O|  |TAMS 0x000000008ec00000, 0x000000008eb00000| Untracked 
| 236|0x000000008ec00000, 0x000000008ed00000, 0x000000008ed00000|100%| O|  |TAMS 0x000000008ed00000, 0x000000008ec00000| Untracked 
| 237|0x000000008ed00000, 0x000000008ee00000, 0x000000008ee00000|100%| O|  |TAMS 0x000000008ee00000, 0x000000008ed00000| Untracked 
| 238|0x000000008ee00000, 0x000000008ef00000, 0x000000008ef00000|100%| O|  |TAMS 0x000000008ef00000, 0x000000008ee00000| Updating 
| 239|0x000000008ef00000, 0x000000008f000000, 0x000000008f000000|100%|HS|  |TAMS 0x000000008f000000, 0x000000008ef00000| Complete 
| 240|0x000000008f000000, 0x000000008f100000, 0x000000008f100000|100%|HC|  |TAMS 0x000000008f100000, 0x000000008f000000| Complete 
| 241|0x000000008f100000, 0x000000008f200000, 0x000000008f200000|100%| O|  |TAMS 0x000000008f200000, 0x000000008f100000| Untracked 
| 242|0x000000008f200000, 0x000000008f300000, 0x000000008f300000|100%| O|  |TAMS 0x000000008f300000, 0x000000008f200000| Untracked 
| 243|0x000000008f300000, 0x000000008f400000, 0x000000008f400000|100%| O|  |TAMS 0x000000008f400000, 0x000000008f300000| Updating 
| 244|0x000000008f400000, 0x000000008f500000, 0x000000008f500000|100%| O|  |TAMS 0x000000008f500000, 0x000000008f400000| Untracked 
| 245|0x000000008f500000, 0x000000008f600000, 0x000000008f600000|100%| O|  |TAMS 0x000000008f600000, 0x000000008f500000| Untracked 
| 246|0x000000008f600000, 0x000000008f700000, 0x000000008f700000|100%| O|  |TAMS 0x000000008f700000, 0x000000008f600000| Untracked 
| 247|0x000000008f700000, 0x000000008f800000, 0x000000008f800000|100%| O|  |TAMS 0x000000008f800000, 0x000000008f700000| Updating 
| 248|0x000000008f800000, 0x000000008f900000, 0x000000008f900000|100%| O|  |TAMS 0x000000008f900000, 0x000000008f800000| Updating 
| 249|0x000000008f900000, 0x000000008f900000, 0x000000008fa00000|  0%| F|  |TAMS 0x000000008f900000, 0x000000008f900000| Untracked 
| 250|0x000000008fa00000, 0x000000008fa00000, 0x000000008fb00000|  0%| F|  |TAMS 0x000000008fa00000, 0x000000008fa00000| Untracked 
| 251|0x000000008fb00000, 0x000000008fc00000, 0x000000008fc00000|100%| O|  |TAMS 0x000000008fc00000, 0x000000008fb00000| Untracked 
| 252|0x000000008fc00000, 0x000000008fd00000, 0x000000008fd00000|100%| O|  |TAMS 0x000000008fd00000, 0x000000008fc00000| Untracked 
| 253|0x000000008fd00000, 0x000000008fe00000, 0x000000008fe00000|100%| O|  |TAMS 0x000000008fe00000, 0x000000008fd00000| Untracked 
| 254|0x000000008fe00000, 0x000000008ff00000, 0x000000008ff00000|100%| O|  |TAMS 0x000000008ff00000, 0x000000008fe00000| Updating 
| 255|0x000000008ff00000, 0x0000000090000000, 0x0000000090000000|100%| O|  |TAMS 0x0000000090000000, 0x000000008ff00000| Updating 
| 256|0x0000000090000000, 0x0000000090100000, 0x0000000090100000|100%| O|  |TAMS 0x0000000090100000, 0x0000000090000000| Untracked 
| 257|0x0000000090100000, 0x0000000090200000, 0x0000000090200000|100%| O|  |TAMS 0x0000000090200000, 0x0000000090100000| Updating 
| 258|0x0000000090200000, 0x0000000090300000, 0x0000000090300000|100%| O|  |TAMS 0x0000000090300000, 0x0000000090200000| Updating 
| 259|0x0000000090300000, 0x0000000090400000, 0x0000000090400000|100%| O|  |TAMS 0x0000000090400000, 0x0000000090300000| Updating 
| 260|0x0000000090400000, 0x0000000090500000, 0x0000000090500000|100%| O|  |TAMS 0x0000000090500000, 0x0000000090400000| Updating 
| 261|0x0000000090500000, 0x0000000090600000, 0x0000000090600000|100%| O|  |TAMS 0x0000000090600000, 0x0000000090500000| Untracked 
| 262|0x0000000090600000, 0x0000000090700000, 0x0000000090700000|100%| O|  |TAMS 0x0000000090700000, 0x0000000090600000| Untracked 
| 263|0x0000000090700000, 0x0000000090800000, 0x0000000090800000|100%| O|  |TAMS 0x0000000090800000, 0x0000000090700000| Untracked 
| 264|0x0000000090800000, 0x0000000090900000, 0x0000000090900000|100%| O|  |TAMS 0x0000000090900000, 0x0000000090800000| Untracked 
| 265|0x0000000090900000, 0x0000000090a00000, 0x0000000090a00000|100%| O|  |TAMS 0x0000000090a00000, 0x0000000090900000| Untracked 
| 266|0x0000000090a00000, 0x0000000090b00000, 0x0000000090b00000|100%| O|  |TAMS 0x0000000090b00000, 0x0000000090a00000| Untracked 
| 267|0x0000000090b00000, 0x0000000090c00000, 0x0000000090c00000|100%| O|  |TAMS 0x0000000090c00000, 0x0000000090b00000| Untracked 
| 268|0x0000000090c00000, 0x0000000090d00000, 0x0000000090d00000|100%| O|  |TAMS 0x0000000090d00000, 0x0000000090c00000| Updating 
| 269|0x0000000090d00000, 0x0000000090e00000, 0x0000000090e00000|100%| O|  |TAMS 0x0000000090e00000, 0x0000000090d00000| Updating 
| 270|0x0000000090e00000, 0x0000000090f00000, 0x0000000090f00000|100%| O|  |TAMS 0x0000000090f00000, 0x0000000090e00000| Updating 
| 271|0x0000000090f00000, 0x0000000091000000, 0x0000000091000000|100%| O|  |TAMS 0x0000000091000000, 0x0000000090f00000| Untracked 
| 272|0x0000000091000000, 0x0000000091100000, 0x0000000091100000|100%| O|  |TAMS 0x0000000091100000, 0x0000000091000000| Untracked 
| 273|0x0000000091100000, 0x0000000091200000, 0x0000000091200000|100%| O|  |TAMS 0x0000000091200000, 0x0000000091100000| Untracked 
| 274|0x0000000091200000, 0x0000000091300000, 0x0000000091300000|100%| O|  |TAMS 0x0000000091300000, 0x0000000091200000| Untracked 
| 275|0x0000000091300000, 0x0000000091400000, 0x0000000091400000|100%| O|  |TAMS 0x0000000091400000, 0x0000000091300000| Untracked 
| 276|0x0000000091400000, 0x0000000091500000, 0x0000000091500000|100%| O|  |TAMS 0x0000000091500000, 0x0000000091400000| Updating 
| 277|0x0000000091500000, 0x0000000091600000, 0x0000000091600000|100%| O|  |TAMS 0x0000000091600000, 0x0000000091500000| Untracked 
| 278|0x0000000091600000, 0x0000000091700000, 0x0000000091700000|100%| O|  |TAMS 0x0000000091700000, 0x0000000091600000| Updating 
| 279|0x0000000091700000, 0x0000000091800000, 0x0000000091800000|100%| O|  |TAMS 0x0000000091800000, 0x0000000091700000| Updating 
| 280|0x0000000091800000, 0x0000000091900000, 0x0000000091900000|100%| O|  |TAMS 0x0000000091900000, 0x0000000091800000| Updating 
| 281|0x0000000091900000, 0x0000000091a00000, 0x0000000091a00000|100%| O|  |TAMS 0x0000000091a00000, 0x0000000091900000| Updating 
| 282|0x0000000091a00000, 0x0000000091b00000, 0x0000000091b00000|100%| O|  |TAMS 0x0000000091b00000, 0x0000000091a00000| Updating 
| 283|0x0000000091b00000, 0x0000000091c00000, 0x0000000091c00000|100%| O|  |TAMS 0x0000000091c00000, 0x0000000091b00000| Updating 
| 284|0x0000000091c00000, 0x0000000091d00000, 0x0000000091d00000|100%| O|  |TAMS 0x0000000091d00000, 0x0000000091c00000| Untracked 
| 285|0x0000000091d00000, 0x0000000091e00000, 0x0000000091e00000|100%| O|  |TAMS 0x0000000091e00000, 0x0000000091d00000| Updating 
| 286|0x0000000091e00000, 0x0000000091f00000, 0x0000000091f00000|100%| O|  |TAMS 0x0000000091f00000, 0x0000000091e00000| Updating 
| 287|0x0000000091f00000, 0x0000000092000000, 0x0000000092000000|100%| O|  |TAMS 0x0000000092000000, 0x0000000091f00000| Updating 
| 288|0x0000000092000000, 0x0000000092100000, 0x0000000092100000|100%| O|  |TAMS 0x0000000092100000, 0x0000000092000000| Updating 
| 289|0x0000000092100000, 0x0000000092200000, 0x0000000092200000|100%| O|  |TAMS 0x0000000092200000, 0x0000000092100000| Updating 
| 290|0x0000000092200000, 0x0000000092300000, 0x0000000092300000|100%| O|  |TAMS 0x0000000092300000, 0x0000000092200000| Updating 
| 291|0x0000000092300000, 0x0000000092400000, 0x0000000092400000|100%| O|  |TAMS 0x0000000092400000, 0x0000000092300000| Updating 
| 292|0x0000000092400000, 0x0000000092500000, 0x0000000092500000|100%| O|  |TAMS 0x0000000092500000, 0x0000000092400000| Untracked 
| 293|0x0000000092500000, 0x0000000092600000, 0x0000000092600000|100%| O|  |TAMS 0x0000000092600000, 0x0000000092500000| Updating 
| 294|0x0000000092600000, 0x0000000092700000, 0x0000000092700000|100%| O|  |TAMS 0x0000000092700000, 0x0000000092600000| Untracked 
| 295|0x0000000092700000, 0x0000000092800000, 0x0000000092800000|100%| O|  |TAMS 0x0000000092800000, 0x0000000092700000| Updating 
| 296|0x0000000092800000, 0x0000000092900000, 0x0000000092900000|100%| O|  |TAMS 0x0000000092900000, 0x0000000092800000| Updating 
| 297|0x0000000092900000, 0x0000000092a00000, 0x0000000092a00000|100%| O|  |TAMS 0x0000000092a00000, 0x0000000092900000| Updating 
| 298|0x0000000092a00000, 0x0000000092b00000, 0x0000000092b00000|100%| O|  |TAMS 0x0000000092b00000, 0x0000000092a00000| Untracked 
| 299|0x0000000092b00000, 0x0000000092c00000, 0x0000000092c00000|100%| O|  |TAMS 0x0000000092c00000, 0x0000000092b00000| Updating 
| 300|0x0000000092c00000, 0x0000000092d00000, 0x0000000092d00000|100%| O|  |TAMS 0x0000000092d00000, 0x0000000092c00000| Updating 
| 301|0x0000000092d00000, 0x0000000092e00000, 0x0000000092e00000|100%| O|  |TAMS 0x0000000092e00000, 0x0000000092d00000| Updating 
| 302|0x0000000092e00000, 0x0000000092f00000, 0x0000000092f00000|100%| O|  |TAMS 0x0000000092f00000, 0x0000000092e00000| Updating 
| 303|0x0000000092f00000, 0x0000000093000000, 0x0000000093000000|100%| O|  |TAMS 0x0000000093000000, 0x0000000092f00000| Updating 
| 304|0x0000000093000000, 0x0000000093100000, 0x0000000093100000|100%| O|  |TAMS 0x0000000093100000, 0x0000000093000000| Updating 
| 305|0x0000000093100000, 0x0000000093200000, 0x0000000093200000|100%| O|  |TAMS 0x0000000093200000, 0x0000000093100000| Untracked 
| 306|0x0000000093200000, 0x0000000093300000, 0x0000000093300000|100%| O|  |TAMS 0x0000000093300000, 0x0000000093200000| Untracked 
| 307|0x0000000093300000, 0x0000000093400000, 0x0000000093400000|100%| O|  |TAMS 0x0000000093400000, 0x0000000093300000| Updating 
| 308|0x0000000093400000, 0x0000000093500000, 0x0000000093500000|100%| O|  |TAMS 0x0000000093500000, 0x0000000093400000| Updating 
| 309|0x0000000093500000, 0x0000000093600000, 0x0000000093600000|100%| O|  |TAMS 0x0000000093600000, 0x0000000093500000| Updating 
| 310|0x0000000093600000, 0x0000000093700000, 0x0000000093700000|100%| O|  |TAMS 0x0000000093700000, 0x0000000093600000| Updating 
| 311|0x0000000093700000, 0x0000000093800000, 0x0000000093800000|100%| O|  |TAMS 0x0000000093800000, 0x0000000093700000| Updating 
| 312|0x0000000093800000, 0x0000000093900000, 0x0000000093900000|100%| O|  |TAMS 0x0000000093900000, 0x0000000093800000| Untracked 
| 313|0x0000000093900000, 0x0000000093a00000, 0x0000000093a00000|100%| O|  |TAMS 0x0000000093a00000, 0x0000000093900000| Updating 
| 314|0x0000000093a00000, 0x0000000093b00000, 0x0000000093b00000|100%| O|  |TAMS 0x0000000093b00000, 0x0000000093a00000| Updating 
| 315|0x0000000093b00000, 0x0000000093c00000, 0x0000000093c00000|100%| O|  |TAMS 0x0000000093c00000, 0x0000000093b00000| Updating 
| 316|0x0000000093c00000, 0x0000000093d00000, 0x0000000093d00000|100%| O|  |TAMS 0x0000000093d00000, 0x0000000093c00000| Updating 
| 317|0x0000000093d00000, 0x0000000093e00000, 0x0000000093e00000|100%| O|  |TAMS 0x0000000093e00000, 0x0000000093d00000| Updating 
| 318|0x0000000093e00000, 0x0000000093f00000, 0x0000000093f00000|100%| O|  |TAMS 0x0000000093f00000, 0x0000000093e00000| Updating 
| 319|0x0000000093f00000, 0x0000000094000000, 0x0000000094000000|100%| O|  |TAMS 0x0000000094000000, 0x0000000093f00000| Updating 
| 320|0x0000000094000000, 0x0000000094100000, 0x0000000094100000|100%| O|  |TAMS 0x0000000094100000, 0x0000000094000000| Updating 
| 321|0x0000000094100000, 0x0000000094200000, 0x0000000094200000|100%| O|  |TAMS 0x0000000094200000, 0x0000000094100000| Untracked 
| 322|0x0000000094200000, 0x0000000094300000, 0x0000000094300000|100%| O|  |TAMS 0x0000000094300000, 0x0000000094200000| Untracked 
| 323|0x0000000094300000, 0x0000000094400000, 0x0000000094400000|100%| O|  |TAMS 0x0000000094400000, 0x0000000094300000| Untracked 
| 324|0x0000000094400000, 0x0000000094500000, 0x0000000094500000|100%| O|  |TAMS 0x0000000094500000, 0x0000000094400000| Untracked 
| 325|0x0000000094500000, 0x0000000094600000, 0x0000000094600000|100%| O|  |TAMS 0x0000000094600000, 0x0000000094500000| Untracked 
| 326|0x0000000094600000, 0x0000000094700000, 0x0000000094700000|100%| O|  |TAMS 0x0000000094700000, 0x0000000094600000| Untracked 
| 327|0x0000000094700000, 0x0000000094800000, 0x0000000094800000|100%| O|  |TAMS 0x0000000094800000, 0x0000000094700000| Untracked 
| 328|0x0000000094800000, 0x0000000094900000, 0x0000000094900000|100%| O|  |TAMS 0x0000000094900000, 0x0000000094800000| Untracked 
| 329|0x0000000094900000, 0x0000000094a00000, 0x0000000094a00000|100%| O|  |TAMS 0x0000000094a00000, 0x0000000094900000| Untracked 
| 330|0x0000000094a00000, 0x0000000094b00000, 0x0000000094b00000|100%| O|  |TAMS 0x0000000094b00000, 0x0000000094a00000| Updating 
| 331|0x0000000094b00000, 0x0000000094c00000, 0x0000000094c00000|100%| O|  |TAMS 0x0000000094c00000, 0x0000000094b00000| Updating 
| 332|0x0000000094c00000, 0x0000000094d00000, 0x0000000094d00000|100%| O|  |TAMS 0x0000000094d00000, 0x0000000094c00000| Updating 
| 333|0x0000000094d00000, 0x0000000094e00000, 0x0000000094e00000|100%| O|  |TAMS 0x0000000094e00000, 0x0000000094d00000| Untracked 
| 334|0x0000000094e00000, 0x0000000094f00000, 0x0000000094f00000|100%| O|  |TAMS 0x0000000094f00000, 0x0000000094e00000| Untracked 
| 335|0x0000000094f00000, 0x0000000095000000, 0x0000000095000000|100%| O|  |TAMS 0x0000000095000000, 0x0000000094f00000| Untracked 
| 336|0x0000000095000000, 0x0000000095100000, 0x0000000095100000|100%| O|  |TAMS 0x0000000095100000, 0x0000000095000000| Untracked 
| 337|0x0000000095100000, 0x0000000095200000, 0x0000000095200000|100%| O|  |TAMS 0x0000000095200000, 0x0000000095100000| Untracked 
| 338|0x0000000095200000, 0x0000000095300000, 0x0000000095300000|100%| O|  |TAMS 0x0000000095300000, 0x0000000095200000| Untracked 
| 339|0x0000000095300000, 0x0000000095400000, 0x0000000095400000|100%| O|  |TAMS 0x0000000095400000, 0x0000000095300000| Untracked 
| 340|0x0000000095400000, 0x0000000095500000, 0x0000000095500000|100%| O|  |TAMS 0x0000000095500000, 0x0000000095400000| Untracked 
| 341|0x0000000095500000, 0x0000000095600000, 0x0000000095600000|100%| O|  |TAMS 0x0000000095600000, 0x0000000095500000| Untracked 
| 342|0x0000000095600000, 0x0000000095700000, 0x0000000095700000|100%| O|  |TAMS 0x0000000095700000, 0x0000000095600000| Untracked 
| 343|0x0000000095700000, 0x0000000095800000, 0x0000000095800000|100%| O|  |TAMS 0x0000000095800000, 0x0000000095700000| Untracked 
| 344|0x0000000095800000, 0x0000000095900000, 0x0000000095900000|100%| O|  |TAMS 0x0000000095900000, 0x0000000095800000| Untracked 
| 345|0x0000000095900000, 0x0000000095a00000, 0x0000000095a00000|100%| O|  |TAMS 0x0000000095a00000, 0x0000000095900000| Untracked 
| 346|0x0000000095a00000, 0x0000000095b00000, 0x0000000095b00000|100%| O|  |TAMS 0x0000000095b00000, 0x0000000095a00000| Untracked 
| 347|0x0000000095b00000, 0x0000000095c00000, 0x0000000095c00000|100%| O|  |TAMS 0x0000000095c00000, 0x0000000095b00000| Untracked 
| 348|0x0000000095c00000, 0x0000000095d00000, 0x0000000095d00000|100%| O|  |TAMS 0x0000000095d00000, 0x0000000095c00000| Untracked 
| 349|0x0000000095d00000, 0x0000000095e00000, 0x0000000095e00000|100%| O|  |TAMS 0x0000000095e00000, 0x0000000095d00000| Untracked 
| 350|0x0000000095e00000, 0x0000000095f00000, 0x0000000095f00000|100%| O|  |TAMS 0x0000000095f00000, 0x0000000095e00000| Untracked 
| 351|0x0000000095f00000, 0x0000000096000000, 0x0000000096000000|100%| O|  |TAMS 0x0000000096000000, 0x0000000095f00000| Updating 
| 352|0x0000000096000000, 0x0000000096100000, 0x0000000096100000|100%| O|  |TAMS 0x0000000096100000, 0x0000000096000000| Untracked 
| 353|0x0000000096100000, 0x0000000096200000, 0x0000000096200000|100%| O|  |TAMS 0x0000000096200000, 0x0000000096100000| Updating 
| 354|0x0000000096200000, 0x0000000096300000, 0x0000000096300000|100%| O|  |TAMS 0x0000000096300000, 0x0000000096200000| Updating 
| 355|0x0000000096300000, 0x0000000096400000, 0x0000000096400000|100%| O|  |TAMS 0x0000000096400000, 0x0000000096300000| Updating 
| 356|0x0000000096400000, 0x0000000096500000, 0x0000000096500000|100%| O|  |TAMS 0x0000000096500000, 0x0000000096400000| Untracked 
| 357|0x0000000096500000, 0x0000000096600000, 0x0000000096600000|100%| O|  |TAMS 0x0000000096600000, 0x0000000096500000| Updating 
| 358|0x0000000096600000, 0x0000000096700000, 0x0000000096700000|100%| O|  |TAMS 0x0000000096700000, 0x0000000096600000| Updating 
| 359|0x0000000096700000, 0x0000000096800000, 0x0000000096800000|100%| O|  |TAMS 0x0000000096800000, 0x0000000096700000| Updating 
| 360|0x0000000096800000, 0x0000000096900000, 0x0000000096900000|100%| O|  |TAMS 0x0000000096900000, 0x0000000096800000| Updating 
| 361|0x0000000096900000, 0x0000000096a00000, 0x0000000096a00000|100%| O|  |TAMS 0x0000000096a00000, 0x0000000096900000| Updating 
| 362|0x0000000096a00000, 0x0000000096b00000, 0x0000000096b00000|100%| O|  |TAMS 0x0000000096b00000, 0x0000000096a00000| Updating 
| 363|0x0000000096b00000, 0x0000000096c00000, 0x0000000096c00000|100%| O|  |TAMS 0x0000000096c00000, 0x0000000096b00000| Updating 
| 364|0x0000000096c00000, 0x0000000096d00000, 0x0000000096d00000|100%| O|  |TAMS 0x0000000096d00000, 0x0000000096c00000| Updating 
| 365|0x0000000096d00000, 0x0000000096e00000, 0x0000000096e00000|100%| O|  |TAMS 0x0000000096e00000, 0x0000000096d00000| Updating 
| 366|0x0000000096e00000, 0x0000000096f00000, 0x0000000096f00000|100%| O|  |TAMS 0x0000000096f00000, 0x0000000096e00000| Updating 
| 367|0x0000000096f00000, 0x0000000097000000, 0x0000000097000000|100%| O|  |TAMS 0x0000000097000000, 0x0000000096f00000| Updating 
| 368|0x0000000097000000, 0x0000000097100000, 0x0000000097100000|100%| O|  |TAMS 0x0000000097100000, 0x0000000097000000| Updating 
| 369|0x0000000097100000, 0x0000000097200000, 0x0000000097200000|100%| O|  |TAMS 0x0000000097200000, 0x0000000097100000| Updating 
| 370|0x0000000097200000, 0x0000000097300000, 0x0000000097300000|100%| O|  |TAMS 0x0000000097300000, 0x0000000097200000| Updating 
| 371|0x0000000097300000, 0x0000000097400000, 0x0000000097400000|100%| O|  |TAMS 0x0000000097400000, 0x0000000097300000| Updating 
| 372|0x0000000097400000, 0x0000000097500000, 0x0000000097500000|100%| O|  |TAMS 0x0000000097500000, 0x0000000097400000| Updating 
| 373|0x0000000097500000, 0x0000000097600000, 0x0000000097600000|100%| O|  |TAMS 0x0000000097600000, 0x0000000097500000| Untracked 
| 374|0x0000000097600000, 0x0000000097700000, 0x0000000097700000|100%| O|  |TAMS 0x0000000097700000, 0x0000000097600000| Untracked 
| 375|0x0000000097700000, 0x0000000097800000, 0x0000000097800000|100%| O|  |TAMS 0x0000000097800000, 0x0000000097700000| Untracked 
| 376|0x0000000097800000, 0x0000000097900000, 0x0000000097900000|100%| O|  |TAMS 0x0000000097900000, 0x0000000097800000| Untracked 
| 377|0x0000000097900000, 0x0000000097a00000, 0x0000000097a00000|100%| O|  |TAMS 0x0000000097a00000, 0x0000000097900000| Untracked 
| 378|0x0000000097a00000, 0x0000000097b00000, 0x0000000097b00000|100%| O|  |TAMS 0x0000000097b00000, 0x0000000097a00000| Updating 
| 379|0x0000000097b00000, 0x0000000097c00000, 0x0000000097c00000|100%| O|  |TAMS 0x0000000097c00000, 0x0000000097b00000| Untracked 
| 380|0x0000000097c00000, 0x0000000097d00000, 0x0000000097d00000|100%| O|  |TAMS 0x0000000097d00000, 0x0000000097c00000| Untracked 
| 381|0x0000000097d00000, 0x0000000097e00000, 0x0000000097e00000|100%| O|  |TAMS 0x0000000097e00000, 0x0000000097d00000| Untracked 
| 382|0x0000000097e00000, 0x0000000097f00000, 0x0000000097f00000|100%| O|  |TAMS 0x0000000097f00000, 0x0000000097e00000| Untracked 
| 383|0x0000000097f00000, 0x0000000098000000, 0x0000000098000000|100%| O|  |TAMS 0x0000000098000000, 0x0000000097f00000| Untracked 
| 384|0x0000000098000000, 0x0000000098100000, 0x0000000098100000|100%| O|  |TAMS 0x0000000098100000, 0x0000000098000000| Updating 
| 385|0x0000000098100000, 0x0000000098200000, 0x0000000098200000|100%| O|  |TAMS 0x0000000098200000, 0x0000000098100000| Untracked 
| 386|0x0000000098200000, 0x0000000098300000, 0x0000000098300000|100%| O|  |TAMS 0x0000000098300000, 0x0000000098200000| Untracked 
| 387|0x0000000098300000, 0x0000000098400000, 0x0000000098400000|100%| O|  |TAMS 0x0000000098400000, 0x0000000098300000| Untracked 
| 388|0x0000000098400000, 0x0000000098500000, 0x0000000098500000|100%| O|  |TAMS 0x0000000098500000, 0x0000000098400000| Untracked 
| 389|0x0000000098500000, 0x0000000098600000, 0x0000000098600000|100%| O|  |TAMS 0x0000000098600000, 0x0000000098500000| Untracked 
| 390|0x0000000098600000, 0x0000000098700000, 0x0000000098700000|100%| O|  |TAMS 0x0000000098700000, 0x0000000098600000| Untracked 
| 391|0x0000000098700000, 0x0000000098800000, 0x0000000098800000|100%| O|  |TAMS 0x0000000098800000, 0x0000000098700000| Untracked 
| 392|0x0000000098800000, 0x0000000098900000, 0x0000000098900000|100%| O|  |TAMS 0x0000000098900000, 0x0000000098800000| Untracked 
| 393|0x0000000098900000, 0x0000000098a00000, 0x0000000098a00000|100%| O|  |TAMS 0x0000000098a00000, 0x0000000098900000| Untracked 
| 394|0x0000000098a00000, 0x0000000098b00000, 0x0000000098b00000|100%| O|  |TAMS 0x0000000098b00000, 0x0000000098a00000| Untracked 
| 395|0x0000000098b00000, 0x0000000098c00000, 0x0000000098c00000|100%| O|  |TAMS 0x0000000098c00000, 0x0000000098b00000| Untracked 
| 396|0x0000000098c00000, 0x0000000098d00000, 0x0000000098d00000|100%| O|  |TAMS 0x0000000098d00000, 0x0000000098c00000| Untracked 
| 397|0x0000000098d00000, 0x0000000098e00000, 0x0000000098e00000|100%| O|  |TAMS 0x0000000098e00000, 0x0000000098d00000| Untracked 
| 398|0x0000000098e00000, 0x0000000098f00000, 0x0000000098f00000|100%| O|  |TAMS 0x0000000098f00000, 0x0000000098e00000| Untracked 
| 399|0x0000000098f00000, 0x0000000099000000, 0x0000000099000000|100%| O|  |TAMS 0x0000000099000000, 0x0000000098f00000| Untracked 
| 400|0x0000000099000000, 0x0000000099100000, 0x0000000099100000|100%| O|  |TAMS 0x0000000099100000, 0x0000000099000000| Untracked 
| 401|0x0000000099100000, 0x0000000099200000, 0x0000000099200000|100%| O|  |TAMS 0x0000000099200000, 0x0000000099100000| Untracked 
| 402|0x0000000099200000, 0x0000000099300000, 0x0000000099300000|100%| O|  |TAMS 0x0000000099300000, 0x0000000099200000| Untracked 
| 403|0x0000000099300000, 0x0000000099400000, 0x0000000099400000|100%| O|  |TAMS 0x0000000099400000, 0x0000000099300000| Untracked 
| 404|0x0000000099400000, 0x0000000099500000, 0x0000000099500000|100%| O|  |TAMS 0x0000000099500000, 0x0000000099400000| Untracked 
| 405|0x0000000099500000, 0x0000000099600000, 0x0000000099600000|100%| O|  |TAMS 0x0000000099600000, 0x0000000099500000| Updating 
| 406|0x0000000099600000, 0x0000000099700000, 0x0000000099700000|100%| O|  |TAMS 0x0000000099700000, 0x0000000099600000| Updating 
| 407|0x0000000099700000, 0x0000000099800000, 0x0000000099800000|100%| O|  |TAMS 0x0000000099800000, 0x0000000099700000| Updating 
| 408|0x0000000099800000, 0x0000000099900000, 0x0000000099900000|100%| O|  |TAMS 0x0000000099900000, 0x0000000099800000| Updating 
| 409|0x0000000099900000, 0x0000000099a00000, 0x0000000099a00000|100%| O|  |TAMS 0x0000000099a00000, 0x0000000099900000| Updating 
| 410|0x0000000099a00000, 0x0000000099b00000, 0x0000000099b00000|100%| O|  |TAMS 0x0000000099b00000, 0x0000000099a00000| Updating 
| 411|0x0000000099b00000, 0x0000000099c00000, 0x0000000099c00000|100%| O|  |TAMS 0x0000000099c00000, 0x0000000099b00000| Untracked 
| 412|0x0000000099c00000, 0x0000000099d00000, 0x0000000099d00000|100%| O|  |TAMS 0x0000000099d00000, 0x0000000099c00000| Untracked 
| 413|0x0000000099d00000, 0x0000000099e00000, 0x0000000099e00000|100%| O|  |TAMS 0x0000000099e00000, 0x0000000099d00000| Untracked 
| 414|0x0000000099e00000, 0x0000000099f00000, 0x0000000099f00000|100%| O|  |TAMS 0x0000000099f00000, 0x0000000099e00000| Untracked 
| 415|0x0000000099f00000, 0x000000009a000000, 0x000000009a000000|100%| O|  |TAMS 0x000000009a000000, 0x0000000099f00000| Untracked 
| 416|0x000000009a000000, 0x000000009a100000, 0x000000009a100000|100%| O|  |TAMS 0x000000009a100000, 0x000000009a000000| Untracked 
| 417|0x000000009a100000, 0x000000009a200000, 0x000000009a200000|100%| O|  |TAMS 0x000000009a200000, 0x000000009a100000| Updating 
| 418|0x000000009a200000, 0x000000009a300000, 0x000000009a300000|100%| O|  |TAMS 0x000000009a300000, 0x000000009a200000| Untracked 
| 419|0x000000009a300000, 0x000000009a400000, 0x000000009a400000|100%| O|  |TAMS 0x000000009a400000, 0x000000009a300000| Untracked 
| 420|0x000000009a400000, 0x000000009a500000, 0x000000009a500000|100%| O|  |TAMS 0x000000009a500000, 0x000000009a400000| Untracked 
| 421|0x000000009a500000, 0x000000009a600000, 0x000000009a600000|100%| O|  |TAMS 0x000000009a600000, 0x000000009a500000| Untracked 
| 422|0x000000009a600000, 0x000000009a700000, 0x000000009a700000|100%| O|  |TAMS 0x000000009a700000, 0x000000009a600000| Updating 
| 423|0x000000009a700000, 0x000000009a800000, 0x000000009a800000|100%| O|  |TAMS 0x000000009a800000, 0x000000009a700000| Untracked 
| 424|0x000000009a800000, 0x000000009a900000, 0x000000009a900000|100%| O|  |TAMS 0x000000009a900000, 0x000000009a800000| Untracked 
| 425|0x000000009a900000, 0x000000009aa00000, 0x000000009aa00000|100%| O|  |TAMS 0x000000009aa00000, 0x000000009a900000| Untracked 
| 426|0x000000009aa00000, 0x000000009ab00000, 0x000000009ab00000|100%| O|  |TAMS 0x000000009ab00000, 0x000000009aa00000| Untracked 
| 427|0x000000009ab00000, 0x000000009ac00000, 0x000000009ac00000|100%| O|  |TAMS 0x000000009ac00000, 0x000000009ab00000| Untracked 
| 428|0x000000009ac00000, 0x000000009ad00000, 0x000000009ad00000|100%| O|  |TAMS 0x000000009ad00000, 0x000000009ac00000| Updating 
| 429|0x000000009ad00000, 0x000000009ae00000, 0x000000009ae00000|100%| O|  |TAMS 0x000000009ae00000, 0x000000009ad00000| Updating 
| 430|0x000000009ae00000, 0x000000009af00000, 0x000000009af00000|100%| O|  |TAMS 0x000000009af00000, 0x000000009ae00000| Updating 
| 431|0x000000009af00000, 0x000000009b000000, 0x000000009b000000|100%| O|  |TAMS 0x000000009b000000, 0x000000009af00000| Updating 
| 432|0x000000009b000000, 0x000000009b100000, 0x000000009b100000|100%| O|  |TAMS 0x000000009b100000, 0x000000009b000000| Updating 
| 433|0x000000009b100000, 0x000000009b200000, 0x000000009b200000|100%| O|  |TAMS 0x000000009b200000, 0x000000009b100000| Updating 
| 434|0x000000009b200000, 0x000000009b300000, 0x000000009b300000|100%| O|  |TAMS 0x000000009b300000, 0x000000009b200000| Updating 
| 435|0x000000009b300000, 0x000000009b400000, 0x000000009b400000|100%| O|  |TAMS 0x000000009b400000, 0x000000009b300000| Untracked 
| 436|0x000000009b400000, 0x000000009b500000, 0x000000009b500000|100%| O|  |TAMS 0x000000009b500000, 0x000000009b400000| Untracked 
| 437|0x000000009b500000, 0x000000009b600000, 0x000000009b600000|100%| O|  |TAMS 0x000000009b600000, 0x000000009b500000| Updating 
| 438|0x000000009b600000, 0x000000009b700000, 0x000000009b700000|100%| O|  |TAMS 0x000000009b700000, 0x000000009b600000| Updating 
| 439|0x000000009b700000, 0x000000009b800000, 0x000000009b800000|100%| O|  |TAMS 0x000000009b800000, 0x000000009b700000| Updating 
| 440|0x000000009b800000, 0x000000009b900000, 0x000000009b900000|100%| O|  |TAMS 0x000000009b900000, 0x000000009b800000| Updating 
| 441|0x000000009b900000, 0x000000009ba00000, 0x000000009ba00000|100%| O|  |TAMS 0x000000009ba00000, 0x000000009b900000| Updating 
| 442|0x000000009ba00000, 0x000000009bb00000, 0x000000009bb00000|100%| O|  |TAMS 0x000000009bb00000, 0x000000009ba00000| Updating 
| 443|0x000000009bb00000, 0x000000009bc00000, 0x000000009bc00000|100%| O|  |TAMS 0x000000009bc00000, 0x000000009bb00000| Untracked 
| 444|0x000000009bc00000, 0x000000009bd00000, 0x000000009bd00000|100%| O|  |TAMS 0x000000009bd00000, 0x000000009bc00000| Updating 
| 445|0x000000009bd00000, 0x000000009be00000, 0x000000009be00000|100%| O|  |TAMS 0x000000009be00000, 0x000000009bd00000| Untracked 
| 446|0x000000009be00000, 0x000000009bf00000, 0x000000009bf00000|100%| O|  |TAMS 0x000000009bf00000, 0x000000009be00000| Updating 
| 447|0x000000009bf00000, 0x000000009c000000, 0x000000009c000000|100%| O|  |TAMS 0x000000009c000000, 0x000000009bf00000| Updating 
| 448|0x000000009c000000, 0x000000009c100000, 0x000000009c100000|100%| O|  |TAMS 0x000000009c100000, 0x000000009c000000| Updating 
| 449|0x000000009c100000, 0x000000009c200000, 0x000000009c200000|100%| O|  |TAMS 0x000000009c200000, 0x000000009c100000| Updating 
| 450|0x000000009c200000, 0x000000009c300000, 0x000000009c300000|100%| O|  |TAMS 0x000000009c300000, 0x000000009c200000| Updating 
| 451|0x000000009c300000, 0x000000009c400000, 0x000000009c400000|100%| O|  |TAMS 0x000000009c400000, 0x000000009c300000| Untracked 
| 452|0x000000009c400000, 0x000000009c500000, 0x000000009c500000|100%| O|  |TAMS 0x000000009c500000, 0x000000009c400000| Untracked 
| 453|0x000000009c500000, 0x000000009c600000, 0x000000009c600000|100%| O|  |TAMS 0x000000009c600000, 0x000000009c500000| Untracked 
| 454|0x000000009c600000, 0x000000009c700000, 0x000000009c700000|100%| O|  |TAMS 0x000000009c700000, 0x000000009c600000| Untracked 
| 455|0x000000009c700000, 0x000000009c800000, 0x000000009c800000|100%| O|  |TAMS 0x000000009c800000, 0x000000009c700000| Updating 
| 456|0x000000009c800000, 0x000000009c900000, 0x000000009c900000|100%| O|  |TAMS 0x000000009c900000, 0x000000009c800000| Untracked 
| 457|0x000000009c900000, 0x000000009ca00000, 0x000000009ca00000|100%| O|  |TAMS 0x000000009ca00000, 0x000000009c900000| Untracked 
| 458|0x000000009ca00000, 0x000000009cb00000, 0x000000009cb00000|100%| O|  |TAMS 0x000000009cb00000, 0x000000009ca00000| Untracked 
| 459|0x000000009cb00000, 0x000000009cc00000, 0x000000009cc00000|100%| O|  |TAMS 0x000000009cc00000, 0x000000009cb00000| Untracked 
| 460|0x000000009cc00000, 0x000000009cd00000, 0x000000009cd00000|100%| O|  |TAMS 0x000000009cd00000, 0x000000009cc00000| Untracked 
| 461|0x000000009cd00000, 0x000000009ce00000, 0x000000009ce00000|100%| O|  |TAMS 0x000000009ce00000, 0x000000009cd00000| Untracked 
| 462|0x000000009ce00000, 0x000000009cf00000, 0x000000009cf00000|100%| O|  |TAMS 0x000000009cf00000, 0x000000009ce00000| Untracked 
| 463|0x000000009cf00000, 0x000000009d000000, 0x000000009d000000|100%| O|  |TAMS 0x000000009d000000, 0x000000009cf00000| Updating 
| 464|0x000000009d000000, 0x000000009d100000, 0x000000009d100000|100%| O|  |TAMS 0x000000009d100000, 0x000000009d000000| Updating 
| 465|0x000000009d100000, 0x000000009d200000, 0x000000009d200000|100%| O|  |TAMS 0x000000009d200000, 0x000000009d100000| Untracked 
| 466|0x000000009d200000, 0x000000009d300000, 0x000000009d300000|100%| O|  |TAMS 0x000000009d300000, 0x000000009d200000| Updating 
| 467|0x000000009d300000, 0x000000009d400000, 0x000000009d400000|100%| O|  |TAMS 0x000000009d400000, 0x000000009d300000| Untracked 
| 468|0x000000009d400000, 0x000000009d500000, 0x000000009d500000|100%| O|  |TAMS 0x000000009d500000, 0x000000009d400000| Untracked 
| 469|0x000000009d500000, 0x000000009d600000, 0x000000009d600000|100%| O|  |TAMS 0x000000009d600000, 0x000000009d500000| Untracked 
| 470|0x000000009d600000, 0x000000009d700000, 0x000000009d700000|100%| O|  |TAMS 0x000000009d700000, 0x000000009d600000| Updating 
| 471|0x000000009d700000, 0x000000009d800000, 0x000000009d800000|100%| O|  |TAMS 0x000000009d800000, 0x000000009d700000| Untracked 
| 472|0x000000009d800000, 0x000000009d900000, 0x000000009d900000|100%| O|  |TAMS 0x000000009d900000, 0x000000009d800000| Untracked 
| 473|0x000000009d900000, 0x000000009da00000, 0x000000009da00000|100%| O|  |TAMS 0x000000009da00000, 0x000000009d900000| Untracked 
| 474|0x000000009da00000, 0x000000009db00000, 0x000000009db00000|100%| O|  |TAMS 0x000000009db00000, 0x000000009da00000| Untracked 
| 475|0x000000009db00000, 0x000000009dc00000, 0x000000009dc00000|100%| O|  |TAMS 0x000000009dc00000, 0x000000009db00000| Untracked 
| 476|0x000000009dc00000, 0x000000009dd00000, 0x000000009dd00000|100%| O|  |TAMS 0x000000009dd00000, 0x000000009dc00000| Untracked 
| 477|0x000000009dd00000, 0x000000009de00000, 0x000000009de00000|100%| O|  |TAMS 0x000000009de00000, 0x000000009dd00000| Untracked 
| 478|0x000000009de00000, 0x000000009df00000, 0x000000009df00000|100%| O|  |TAMS 0x000000009df00000, 0x000000009de00000| Untracked 
| 479|0x000000009df00000, 0x000000009e000000, 0x000000009e000000|100%| O|  |TAMS 0x000000009e000000, 0x000000009df00000| Untracked 
| 480|0x000000009e000000, 0x000000009e100000, 0x000000009e100000|100%| O|  |TAMS 0x000000009e100000, 0x000000009e000000| Untracked 
| 481|0x000000009e100000, 0x000000009e200000, 0x000000009e200000|100%| O|  |TAMS 0x000000009e200000, 0x000000009e100000| Untracked 
| 482|0x000000009e200000, 0x000000009e300000, 0x000000009e300000|100%| O|  |TAMS 0x000000009e214800, 0x000000009e200000| Untracked 
| 483|0x000000009e300000, 0x000000009e400000, 0x000000009e400000|100%| O|  |TAMS 0x000000009e300000, 0x000000009e300000| Untracked 
| 484|0x000000009e400000, 0x000000009e40f400, 0x000000009e500000|  5%| O|  |TAMS 0x000000009e400000, 0x000000009e400000| Updating 
| 485|0x000000009e500000, 0x000000009e500000, 0x000000009e600000|  0%| F|  |TAMS 0x000000009e500000, 0x000000009e500000| Untracked 
| 486|0x000000009e600000, 0x000000009e600000, 0x000000009e700000|  0%| F|  |TAMS 0x000000009e600000, 0x000000009e600000| Untracked 
| 487|0x000000009e700000, 0x000000009e700000, 0x000000009e800000|  0%| F|  |TAMS 0x000000009e700000, 0x000000009e700000| Untracked 
| 488|0x000000009e800000, 0x000000009e800000, 0x000000009e900000|  0%| F|  |TAMS 0x000000009e800000, 0x000000009e800000| Untracked 
| 489|0x000000009e900000, 0x000000009e900000, 0x000000009ea00000|  0%| F|  |TAMS 0x000000009e900000, 0x000000009e900000| Untracked 
| 490|0x000000009ea00000, 0x000000009ea00000, 0x000000009eb00000|  0%| F|  |TAMS 0x000000009ea00000, 0x000000009ea00000| Untracked 
| 491|0x000000009eb00000, 0x000000009eb00000, 0x000000009ec00000|  0%| F|  |TAMS 0x000000009eb00000, 0x000000009eb00000| Untracked 
| 492|0x000000009ec00000, 0x000000009ec00000, 0x000000009ed00000|  0%| F|  |TAMS 0x000000009ec00000, 0x000000009ec00000| Untracked 
| 493|0x000000009ed00000, 0x000000009ed00000, 0x000000009ee00000|  0%| F|  |TAMS 0x000000009ed00000, 0x000000009ed00000| Untracked 
| 494|0x000000009ee00000, 0x000000009ee00000, 0x000000009ef00000|  0%| F|  |TAMS 0x000000009ee00000, 0x000000009ee00000| Untracked 
| 495|0x000000009ef00000, 0x000000009ef00000, 0x000000009f000000|  0%| F|  |TAMS 0x000000009ef00000, 0x000000009ef00000| Untracked 
| 496|0x000000009f000000, 0x000000009f000000, 0x000000009f100000|  0%| F|  |TAMS 0x000000009f000000, 0x000000009f000000| Untracked 
| 497|0x000000009f100000, 0x000000009f100000, 0x000000009f200000|  0%| F|  |TAMS 0x000000009f100000, 0x000000009f100000| Untracked 
| 498|0x000000009f200000, 0x000000009f200000, 0x000000009f300000|  0%| F|  |TAMS 0x000000009f200000, 0x000000009f200000| Untracked 
| 499|0x000000009f300000, 0x000000009f300000, 0x000000009f400000|  0%| F|  |TAMS 0x000000009f300000, 0x000000009f300000| Untracked 
| 500|0x000000009f400000, 0x000000009f400000, 0x000000009f500000|  0%| F|  |TAMS 0x000000009f400000, 0x000000009f400000| Untracked 
| 501|0x000000009f500000, 0x000000009f500000, 0x000000009f600000|  0%| F|  |TAMS 0x000000009f500000, 0x000000009f500000| Untracked 
| 502|0x000000009f600000, 0x000000009f600000, 0x000000009f700000|  0%| F|  |TAMS 0x000000009f600000, 0x000000009f600000| Untracked 
| 503|0x000000009f700000, 0x000000009f700000, 0x000000009f800000|  0%| F|  |TAMS 0x000000009f700000, 0x000000009f700000| Untracked 
| 504|0x000000009f800000, 0x000000009f800000, 0x000000009f900000|  0%| F|  |TAMS 0x000000009f800000, 0x000000009f800000| Untracked 
| 505|0x000000009f900000, 0x000000009f900000, 0x000000009fa00000|  0%| F|  |TAMS 0x000000009f900000, 0x000000009f900000| Untracked 
| 506|0x000000009fa00000, 0x000000009fa00000, 0x000000009fb00000|  0%| F|  |TAMS 0x000000009fa00000, 0x000000009fa00000| Untracked 
| 507|0x000000009fb00000, 0x000000009fb00000, 0x000000009fc00000|  0%| F|  |TAMS 0x000000009fb00000, 0x000000009fb00000| Untracked 
| 508|0x000000009fc00000, 0x000000009fc00000, 0x000000009fd00000|  0%| F|  |TAMS 0x000000009fc00000, 0x000000009fc00000| Untracked 
| 509|0x000000009fd00000, 0x000000009fd00000, 0x000000009fe00000|  0%| F|  |TAMS 0x000000009fd00000, 0x000000009fd00000| Untracked 
| 510|0x000000009fe00000, 0x000000009fe00000, 0x000000009ff00000|  0%| F|  |TAMS 0x000000009fe00000, 0x000000009fe00000| Untracked 
| 511|0x000000009ff00000, 0x000000009ff00000, 0x00000000a0000000|  0%| F|  |TAMS 0x000000009ff00000, 0x000000009ff00000| Untracked 
| 512|0x00000000a0000000, 0x00000000a0000000, 0x00000000a0100000|  0%| F|  |TAMS 0x00000000a0000000, 0x00000000a0000000| Untracked 
| 513|0x00000000a0100000, 0x00000000a0100000, 0x00000000a0200000|  0%| F|  |TAMS 0x00000000a0100000, 0x00000000a0100000| Untracked 
| 514|0x00000000a0200000, 0x00000000a0200000, 0x00000000a0300000|  0%| F|  |TAMS 0x00000000a0200000, 0x00000000a0200000| Untracked 
| 515|0x00000000a0300000, 0x00000000a03a4e20, 0x00000000a0400000| 64%| S|CS|TAMS 0x00000000a0300000, 0x00000000a0300000| Complete 
| 516|0x00000000a0400000, 0x00000000a0500000, 0x00000000a0500000|100%| S|CS|TAMS 0x00000000a0400000, 0x00000000a0400000| Complete 
| 517|0x00000000a0500000, 0x00000000a0600000, 0x00000000a0600000|100%| S|CS|TAMS 0x00000000a0500000, 0x00000000a0500000| Complete 
| 518|0x00000000a0600000, 0x00000000a0600000, 0x00000000a0700000|  0%| F|  |TAMS 0x00000000a0600000, 0x00000000a0600000| Untracked 
| 519|0x00000000a0700000, 0x00000000a0700000, 0x00000000a0800000|  0%| F|  |TAMS 0x00000000a0700000, 0x00000000a0700000| Untracked 
| 520|0x00000000a0800000, 0x00000000a0800000, 0x00000000a0900000|  0%| F|  |TAMS 0x00000000a0800000, 0x00000000a0800000| Untracked 
| 521|0x00000000a0900000, 0x00000000a0900000, 0x00000000a0a00000|  0%| F|  |TAMS 0x00000000a0900000, 0x00000000a0900000| Untracked 
| 522|0x00000000a0a00000, 0x00000000a0a00000, 0x00000000a0b00000|  0%| F|  |TAMS 0x00000000a0a00000, 0x00000000a0a00000| Untracked 
| 523|0x00000000a0b00000, 0x00000000a0b00000, 0x00000000a0c00000|  0%| F|  |TAMS 0x00000000a0b00000, 0x00000000a0b00000| Untracked 
| 524|0x00000000a0c00000, 0x00000000a0c00000, 0x00000000a0d00000|  0%| F|  |TAMS 0x00000000a0c00000, 0x00000000a0c00000| Untracked 
| 525|0x00000000a0d00000, 0x00000000a0d00000, 0x00000000a0e00000|  0%| F|  |TAMS 0x00000000a0d00000, 0x00000000a0d00000| Untracked 
| 526|0x00000000a0e00000, 0x00000000a0e00000, 0x00000000a0f00000|  0%| F|  |TAMS 0x00000000a0e00000, 0x00000000a0e00000| Untracked 
| 527|0x00000000a0f00000, 0x00000000a0f00000, 0x00000000a1000000|  0%| F|  |TAMS 0x00000000a0f00000, 0x00000000a0f00000| Untracked 
| 528|0x00000000a1000000, 0x00000000a1000000, 0x00000000a1100000|  0%| F|  |TAMS 0x00000000a1000000, 0x00000000a1000000| Untracked 
| 529|0x00000000a1100000, 0x00000000a1100000, 0x00000000a1200000|  0%| F|  |TAMS 0x00000000a1100000, 0x00000000a1100000| Untracked 
| 530|0x00000000a1200000, 0x00000000a12f56f0, 0x00000000a1300000| 95%| E|  |TAMS 0x00000000a1200000, 0x00000000a1200000| Complete 
| 531|0x00000000a1300000, 0x00000000a1400000, 0x00000000a1400000|100%| E|CS|TAMS 0x00000000a1300000, 0x00000000a1300000| Complete 
| 532|0x00000000a1400000, 0x00000000a1500000, 0x00000000a1500000|100%| E|CS|TAMS 0x00000000a1400000, 0x00000000a1400000| Complete 
| 533|0x00000000a1500000, 0x00000000a1600000, 0x00000000a1600000|100%| E|CS|TAMS 0x00000000a1500000, 0x00000000a1500000| Complete 
| 534|0x00000000a1600000, 0x00000000a1700000, 0x00000000a1700000|100%| E|CS|TAMS 0x00000000a1600000, 0x00000000a1600000| Complete 
| 535|0x00000000a1700000, 0x00000000a1800000, 0x00000000a1800000|100%| E|CS|TAMS 0x00000000a1700000, 0x00000000a1700000| Complete 
| 536|0x00000000a1800000, 0x00000000a1900000, 0x00000000a1900000|100%| E|CS|TAMS 0x00000000a1800000, 0x00000000a1800000| Complete 
| 537|0x00000000a1900000, 0x00000000a1a00000, 0x00000000a1a00000|100%| E|CS|TAMS 0x00000000a1900000, 0x00000000a1900000| Complete 
| 538|0x00000000a1a00000, 0x00000000a1b00000, 0x00000000a1b00000|100%| E|CS|TAMS 0x00000000a1a00000, 0x00000000a1a00000| Complete 
| 539|0x00000000a1b00000, 0x00000000a1c00000, 0x00000000a1c00000|100%| E|CS|TAMS 0x00000000a1b00000, 0x00000000a1b00000| Complete 
| 540|0x00000000a1c00000, 0x00000000a1d00000, 0x00000000a1d00000|100%| E|CS|TAMS 0x00000000a1c00000, 0x00000000a1c00000| Complete 
| 541|0x00000000a1d00000, 0x00000000a1e00000, 0x00000000a1e00000|100%| E|CS|TAMS 0x00000000a1d00000, 0x00000000a1d00000| Complete 

Card table byte_map: [0x0000027856980000,0x0000027856d80000] _byte_map_base: 0x0000027856580000

Marking Bits (Prev, Next): (CMBitMap*) 0x000002783f4ac940, (CMBitMap*) 0x000002783f4ac900
 Prev Bits: [0x0000027859180000, 0x000002785b180000)
 Next Bits: [0x0000027857180000, 0x0000027859180000)

Polling page: 0x000002783d3f0000

Metaspace:

Usage:
  Non-class:    214.71 MB used.
      Class:     28.58 MB used.
       Both:    243.29 MB used.

Virtual space:
  Non-class space:      256.00 MB reserved,     215.31 MB ( 84%) committed,  4 nodes.
      Class space:        1.00 GB reserved,      29.25 MB (  3%) committed,  1 nodes.
             Both:        1.25 GB reserved,     244.56 MB ( 19%) committed. 

Chunk freelists:
   Non-Class:  8.02 MB
       Class:  2.61 MB
        Both:  10.62 MB

MaxMetaspaceSize: unlimited
CompressedClassSpaceSize: 1.00 GB
Initial GC threshold: 21.00 MB
Current GC threshold: 356.69 MB
CDS: on
MetaspaceReclaimPolicy: balanced
 - commit_granule_bytes: 65536.
 - commit_granule_words: 8192.
 - virtual_space_node_default_size: 8388608.
 - enlarge_chunks_in_place: 1.
 - new_chunks_are_fully_committed: 0.
 - uncommit_free_chunks: 1.
 - use_allocation_guard: 0.
 - handle_deallocations: 1.


Internal statistics:

num_allocs_failed_limit: 12.
num_arena_births: 2092.
num_arena_deaths: 30.
num_vsnodes_births: 5.
num_vsnodes_deaths: 0.
num_space_committed: 3909.
num_space_uncommitted: 0.
num_chunks_returned_to_freelist: 54.
num_chunks_taken_from_freelist: 12077.
num_chunk_merges: 32.
num_chunk_splits: 8840.
num_chunks_enlarged: 6692.
num_inconsistent_stats: 0.

CodeHeap 'non-profiled nmethods': size=119168Kb used=49589Kb max_used=49664Kb free=69578Kb
 bounds [0x000002784e8a0000, 0x0000027851940000, 0x0000027855d00000]
CodeHeap 'profiled nmethods': size=119104Kb used=118640Kb max_used=119047Kb free=463Kb
 bounds [0x0000027846d00000, 0x000002784e150000, 0x000002784e150000]
CodeHeap 'non-nmethods': size=7488Kb used=3609Kb max_used=3718Kb free=3878Kb
 bounds [0x000002784e150000, 0x000002784e500000, 0x000002784e8a0000]
 total_blobs=46826 nmethods=45792 adapters=937
 compilation: enabled
              stopped_count=0, restarted_count=0
 full_count=0

Compilation events (20 events):
Event: 126.916 Thread 0x00000278aa198ec0 58610       3       org.jetbrains.org.objectweb.asm.tree.analysis.BasicInterpreter::naryOperation (64 bytes)
Event: 126.916 Thread 0x00000278aa196990 nmethod 58609 0x000002784bc61510 code [0x000002784bc616c0, 0x000002784bc61a78]
Event: 126.918 Thread 0x00000278aa198ec0 nmethod 58610 0x000002784dd2c010 code [0x000002784dd2c2a0, 0x000002784dd2cf98]
Event: 126.920 Thread 0x00000278aa196990 58611       3       org.jetbrains.org.objectweb.asm.AnnotationVisitor::visitEnd (15 bytes)
Event: 126.920 Thread 0x00000278b5551650 nmethod 58607 0x000002785156d910 code [0x000002785156daa0, 0x000002785156dc58]
Event: 126.921 Thread 0x00000278aa196990 nmethod 58611 0x000002784be10010 code [0x000002784be101c0, 0x000002784be103c8]
Event: 126.921 Thread 0x00000278b5551650 58529       4       org.jetbrains.org.objectweb.asm.Frame::getAbstractTypeFromDescriptor (415 bytes)
Event: 126.925 Thread 0x000002785e268080 58612       3       org.jetbrains.kotlin.codegen.inline.MethodInliner$prepareNode$transformationVisitor$1::visitLineNumber (27 bytes)
Event: 126.927 Thread 0x000002785e268080 nmethod 58612 0x000002784ddfe190 code [0x000002784ddfe3c0, 0x000002784ddfeb88]
Event: 126.936 Thread 0x00000278aa196990 58613       3       org.jetbrains.kotlin.backend.jvm.codegen.ExpressionCodegen::markLineNumber (14 bytes)
Event: 126.937 Thread 0x000002785e268080 58614       3       org.jetbrains.kotlin.load.java.BuiltinSpecialProperties::getSPECIAL_SHORT_NAMES (4 bytes)
Event: 126.938 Thread 0x00000278aa196990 nmethod 58613 0x000002784dcb1610 code [0x000002784dcb1820, 0x000002784dcb1e28]
Event: 126.938 Thread 0x000002785e268080 nmethod 58614 0x00000278485a0f10 code [0x00000278485a10a0, 0x00000278485a11b8]
Event: 126.939 Thread 0x000002785e268080 58615   !   3       org.jetbrains.kotlin.codegen.inline.InplaceArgumentsMethodTransformer::parseMethodOrNull (124 bytes)
Event: 126.946 Thread 0x000002785e268080 nmethod 58615 0x000002784d85c190 code [0x000002784d85c6a0, 0x000002784d85eb58]
Event: 126.950 Thread 0x000002785e268080 58618       3       org.jetbrains.kotlin.codegen.inline.InlineCodegenUtilsKt::isSamWrapperConstructorCall (34 bytes)
Event: 126.951 Thread 0x00000278aa198ec0 58621       3       org.jetbrains.org.objectweb.asm.commons.LocalVariablesSorter::visitLocalVariable (26 bytes)
Event: 126.952 Thread 0x00000278aa198ec0 nmethod 58621 0x000002784c49b490 code [0x000002784c49b660, 0x000002784c49b9e8]
Event: 126.953 Thread 0x000002785e268080 nmethod 58618 0x000002784de4f690 code [0x000002784de4f940, 0x000002784de50538]
Event: 126.959 Thread 0x00000278aa199960 nmethod 58597 0x0000027851920090 code [0x0000027851921ea0, 0x0000027851934808]

GC Heap History (20 events):
Event: 121.049 GC heap before
{Heap before GC invocations=138 (full 0):
 garbage-first heap   total 555008K, used 509924K [0x0000000080000000, 0x0000000100000000)
  region size 1024K, 27 young (27648K), 3 survivors (3072K)
 Metaspace       used 243385K, committed 244672K, reserved 1310720K
  class space    used 28882K, committed 29504K, reserved 1048576K
}
Event: 121.053 GC heap after
{Heap after GC invocations=139 (full 0):
 garbage-first heap   total 555008K, used 486726K [0x0000000080000000, 0x0000000100000000)
  region size 1024K, 4 young (4096K), 4 survivors (4096K)
 Metaspace       used 243385K, committed 244672K, reserved 1310720K
  class space    used 28882K, committed 29504K, reserved 1048576K
}
Event: 121.352 GC heap before
{Heap before GC invocations=139 (full 0):
 garbage-first heap   total 555008K, used 510278K [0x0000000080000000, 0x0000000100000000)
  region size 1024K, 27 young (27648K), 4 survivors (4096K)
 Metaspace       used 243397K, committed 244672K, reserved 1310720K
  class space    used 28884K, committed 29504K, reserved 1048576K
}
Event: 121.356 GC heap after
{Heap after GC invocations=140 (full 0):
 garbage-first heap   total 555008K, used 487731K [0x0000000080000000, 0x0000000100000000)
  region size 1024K, 3 young (3072K), 3 survivors (3072K)
 Metaspace       used 243397K, committed 244672K, reserved 1310720K
  class space    used 28884K, committed 29504K, reserved 1048576K
}
Event: 121.701 GC heap before
{Heap before GC invocations=140 (full 0):
 garbage-first heap   total 555008K, used 512307K [0x0000000080000000, 0x0000000100000000)
  region size 1024K, 27 young (27648K), 3 survivors (3072K)
 Metaspace       used 243424K, committed 244736K, reserved 1310720K
  class space    used 28884K, committed 29568K, reserved 1048576K
}
Event: 121.705 GC heap after
{Heap after GC invocations=141 (full 0):
 garbage-first heap   total 555008K, used 489152K [0x0000000080000000, 0x0000000100000000)
  region size 1024K, 3 young (3072K), 3 survivors (3072K)
 Metaspace       used 243424K, committed 244736K, reserved 1310720K
  class space    used 28884K, committed 29568K, reserved 1048576K
}
Event: 121.999 GC heap before
{Heap before GC invocations=141 (full 0):
 garbage-first heap   total 555008K, used 512704K [0x0000000080000000, 0x0000000100000000)
  region size 1024K, 27 young (27648K), 3 survivors (3072K)
 Metaspace       used 243636K, committed 244928K, reserved 1310720K
  class space    used 28892K, committed 29568K, reserved 1048576K
}
Event: 122.003 GC heap after
{Heap after GC invocations=142 (full 0):
 garbage-first heap   total 555008K, used 489418K [0x0000000080000000, 0x0000000100000000)
  region size 1024K, 2 young (2048K), 2 survivors (2048K)
 Metaspace       used 243636K, committed 244928K, reserved 1310720K
  class space    used 28892K, committed 29568K, reserved 1048576K
}
Event: 122.995 GC heap before
{Heap before GC invocations=142 (full 0):
 garbage-first heap   total 555008K, used 513994K [0x0000000080000000, 0x0000000100000000)
  region size 1024K, 27 young (27648K), 2 survivors (2048K)
 Metaspace       used 247101K, committed 248384K, reserved 1310720K
  class space    used 29175K, committed 29824K, reserved 1048576K
}
Event: 122.998 GC heap after
{Heap after GC invocations=143 (full 0):
 garbage-first heap   total 555008K, used 490606K [0x0000000080000000, 0x0000000100000000)
  region size 1024K, 3 young (3072K), 3 survivors (3072K)
 Metaspace       used 247101K, committed 248384K, reserved 1310720K
  class space    used 29175K, committed 29824K, reserved 1048576K
}
Event: 124.030 GC heap before
{Heap before GC invocations=143 (full 0):
 garbage-first heap   total 555008K, used 515182K [0x0000000080000000, 0x0000000100000000)
  region size 1024K, 27 young (27648K), 3 survivors (3072K)
 Metaspace       used 247853K, committed 249152K, reserved 1310720K
  class space    used 29207K, committed 29888K, reserved 1048576K
}
Event: 124.035 GC heap after
{Heap after GC invocations=144 (full 0):
 garbage-first heap   total 555008K, used 492193K [0x0000000080000000, 0x0000000100000000)
  region size 1024K, 4 young (4096K), 4 survivors (4096K)
 Metaspace       used 247853K, committed 249152K, reserved 1310720K
  class space    used 29207K, committed 29888K, reserved 1048576K
}
Event: 124.775 GC heap before
{Heap before GC invocations=144 (full 0):
 garbage-first heap   total 555008K, used 515745K [0x0000000080000000, 0x0000000100000000)
  region size 1024K, 27 young (27648K), 4 survivors (4096K)
 Metaspace       used 248529K, committed 249792K, reserved 1310720K
  class space    used 29262K, committed 29888K, reserved 1048576K
}
Event: 124.784 GC heap after
{Heap after GC invocations=145 (full 0):
 garbage-first heap   total 555008K, used 493951K [0x0000000080000000, 0x0000000100000000)
  region size 1024K, 4 young (4096K), 4 survivors (4096K)
 Metaspace       used 248529K, committed 249792K, reserved 1310720K
  class space    used 29262K, committed 29888K, reserved 1048576K
}
Event: 125.317 GC heap before
{Heap before GC invocations=145 (full 0):
 garbage-first heap   total 555008K, used 517503K [0x0000000080000000, 0x0000000100000000)
  region size 1024K, 27 young (27648K), 4 survivors (4096K)
 Metaspace       used 248777K, committed 250048K, reserved 1310720K
  class space    used 29263K, committed 29888K, reserved 1048576K
}
Event: 125.321 GC heap after
{Heap after GC invocations=146 (full 0):
 garbage-first heap   total 555008K, used 495667K [0x0000000080000000, 0x0000000100000000)
  region size 1024K, 4 young (4096K), 4 survivors (4096K)
 Metaspace       used 248777K, committed 250048K, reserved 1310720K
  class space    used 29263K, committed 29888K, reserved 1048576K
}
Event: 125.976 GC heap before
{Heap before GC invocations=146 (full 0):
 garbage-first heap   total 555008K, used 519219K [0x0000000080000000, 0x0000000100000000)
  region size 1024K, 27 young (27648K), 4 survivors (4096K)
 Metaspace       used 248934K, committed 250176K, reserved 1310720K
  class space    used 29263K, committed 29888K, reserved 1048576K
}
Event: 125.979 GC heap after
{Heap after GC invocations=147 (full 0):
 garbage-first heap   total 555008K, used 497012K [0x0000000080000000, 0x0000000100000000)
  region size 1024K, 4 young (4096K), 4 survivors (4096K)
 Metaspace       used 248934K, committed 250176K, reserved 1310720K
  class space    used 29263K, committed 29888K, reserved 1048576K
}
Event: 126.587 GC heap before
{Heap before GC invocations=147 (full 0):
 garbage-first heap   total 555008K, used 520564K [0x0000000080000000, 0x0000000100000000)
  region size 1024K, 27 young (27648K), 4 survivors (4096K)
 Metaspace       used 249018K, committed 250304K, reserved 1310720K
  class space    used 29263K, committed 29888K, reserved 1048576K
}
Event: 126.590 GC heap after
{Heap after GC invocations=148 (full 0):
 garbage-first heap   total 555008K, used 498384K [0x0000000080000000, 0x0000000100000000)
  region size 1024K, 3 young (3072K), 3 survivors (3072K)
 Metaspace       used 249018K, committed 250304K, reserved 1310720K
  class space    used 29263K, committed 29888K, reserved 1048576K
}

Deoptimization events (20 events):
Event: 126.802 Thread 0x00000278aaca7c30 Uncommon trap: trap_request=0xffffff66 fr.pc=0x00000278517a4364 relative=0x00000000000018e4
Event: 126.802 Thread 0x00000278aaca7c30 Uncommon trap: reason=speculate_class_check action=maybe_recompile pc=0x00000278517a4364 method=org.jetbrains.kotlin.ir.util.AdditionalIrUtilsKt.isGetter(Lorg/jetbrains/kotlin/ir/declarations/IrDeclaration;)Z @ 18 c2
Event: 126.802 Thread 0x00000278aaca7c30 DEOPT PACKING pc=0x00000278517a4364 sp=0x0000009cb07fd280
Event: 126.802 Thread 0x00000278aaca7c30 DEOPT UNPACKING pc=0x000002784e1a23a3 sp=0x0000009cb07fd1d0 mode 2
Event: 126.802 Thread 0x00000278aaca7c30 Uncommon trap: trap_request=0xffffff66 fr.pc=0x00000278517a4364 relative=0x00000000000018e4
Event: 126.802 Thread 0x00000278aaca7c30 Uncommon trap: reason=speculate_class_check action=maybe_recompile pc=0x00000278517a4364 method=org.jetbrains.kotlin.ir.util.AdditionalIrUtilsKt.isGetter(Lorg/jetbrains/kotlin/ir/declarations/IrDeclaration;)Z @ 18 c2
Event: 126.803 Thread 0x00000278aaca7c30 DEOPT PACKING pc=0x00000278517a4364 sp=0x0000009cb07fd280
Event: 126.803 Thread 0x00000278aaca7c30 DEOPT UNPACKING pc=0x000002784e1a23a3 sp=0x0000009cb07fd1d0 mode 2
Event: 126.873 Thread 0x00000278aaca7c30 Uncommon trap: trap_request=0xffffff45 fr.pc=0x00000278517915bc relative=0x000000000000009c
Event: 126.873 Thread 0x00000278aaca7c30 Uncommon trap: reason=unstable_if action=reinterpret pc=0x00000278517915bc method=org.jetbrains.kotlin.codegen.optimization.ConstantConditionEliminationMethodTransformer.isIntConst(Lorg/jetbrains/org/objectweb/asm/tree/AbstractInsnNode;)Z @ 43 c2
Event: 126.873 Thread 0x00000278aaca7c30 DEOPT PACKING pc=0x00000278517915bc sp=0x0000009cb07fd000
Event: 126.874 Thread 0x00000278aaca7c30 DEOPT UNPACKING pc=0x000002784e1a23a3 sp=0x0000009cb07fcf80 mode 2
Event: 126.877 Thread 0x00000278aaca7c30 Uncommon trap: trap_request=0xffffff45 fr.pc=0x000002785119ceec relative=0x0000000000000c8c
Event: 126.877 Thread 0x00000278aaca7c30 Uncommon trap: reason=unstable_if action=reinterpret pc=0x000002785119ceec method=org.jetbrains.kotlin.backend.jvm.mapping.IrTypeMapper.writeGenericType(Lorg/jetbrains/kotlin/codegen/signature/JvmSignatureWriter;Lorg/jetbrains/kotlin/types/model/KotlinTyp
Event: 126.878 Thread 0x00000278aaca7c30 DEOPT PACKING pc=0x000002785119ceec sp=0x0000009cb07fcbe0
Event: 126.878 Thread 0x00000278aaca7c30 DEOPT UNPACKING pc=0x000002784e1a23a3 sp=0x0000009cb07fcae8 mode 2
Event: 126.925 Thread 0x00000278aaca7c30 Uncommon trap: trap_request=0xffffff45 fr.pc=0x00000278518b111c relative=0x000000000000097c
Event: 126.925 Thread 0x00000278aaca7c30 Uncommon trap: reason=unstable_if action=reinterpret pc=0x00000278518b111c method=org.jetbrains.kotlin.codegen.inline.InplaceArgumentsMethodTransformer.parseMethodOrNull(Lorg/jetbrains/org/objectweb/asm/tree/MethodNode;)Lorg/jetbrains/kotlin/codegen/inlin
Event: 126.925 Thread 0x00000278aaca7c30 DEOPT PACKING pc=0x00000278518b111c sp=0x0000009cb07f99c0
Event: 126.925 Thread 0x00000278aaca7c30 DEOPT UNPACKING pc=0x000002784e1a23a3 sp=0x0000009cb07f9978 mode 2

Classes unloaded (15 events):
Event: 23.817 Thread 0x000002785e22e420 Unloading class 0x0000027860c4bc00 'java/lang/invoke/LambdaForm$DMH+0x0000027860c4bc00'
Event: 23.817 Thread 0x000002785e22e420 Unloading class 0x0000027860c4b800 'java/lang/invoke/LambdaForm$DMH+0x0000027860c4b800'
Event: 23.817 Thread 0x000002785e22e420 Unloading class 0x0000027860c4b000 'java/lang/invoke/LambdaForm$DMH+0x0000027860c4b000'
Event: 23.817 Thread 0x000002785e22e420 Unloading class 0x0000027860c4b400 'java/lang/invoke/LambdaForm$DMH+0x0000027860c4b400'
Event: 23.817 Thread 0x000002785e22e420 Unloading class 0x0000027860c4ac00 'java/lang/invoke/LambdaForm$DMH+0x0000027860c4ac00'
Event: 23.817 Thread 0x000002785e22e420 Unloading class 0x0000027860c4a800 'java/lang/invoke/LambdaForm$DMH+0x0000027860c4a800'
Event: 23.817 Thread 0x000002785e22e420 Unloading class 0x0000027860c49800 'java/lang/invoke/LambdaForm$DMH+0x0000027860c49800'
Event: 23.817 Thread 0x000002785e22e420 Unloading class 0x0000027860c49c00 'java/lang/invoke/LambdaForm$DMH+0x0000027860c49c00'
Event: 23.817 Thread 0x000002785e22e420 Unloading class 0x0000027860c4a400 'java/lang/invoke/LambdaForm$DMH+0x0000027860c4a400'
Event: 23.817 Thread 0x000002785e22e420 Unloading class 0x0000027860c4a000 'java/lang/invoke/LambdaForm$DMH+0x0000027860c4a000'
Event: 23.817 Thread 0x000002785e22e420 Unloading class 0x0000027860c49400 'java/lang/invoke/LambdaForm$DMH+0x0000027860c49400'
Event: 23.817 Thread 0x000002785e22e420 Unloading class 0x0000027860c48c00 'java/lang/invoke/LambdaForm$DMH+0x0000027860c48c00'
Event: 23.817 Thread 0x000002785e22e420 Unloading class 0x0000027860c49000 'java/lang/invoke/LambdaForm$DMH+0x0000027860c49000'
Event: 23.817 Thread 0x000002785e22e420 Unloading class 0x0000027860c48800 'java/lang/invoke/LambdaForm$DMH+0x0000027860c48800'
Event: 23.817 Thread 0x000002785e22e420 Unloading class 0x0000027860c48400 'java/lang/invoke/LambdaForm$DMH+0x0000027860c48400'

Classes redefined (0 events):
No events

Internal exceptions (20 events):
Event: 99.215 Thread 0x00000278aaca7c30 Exception <a 'java/lang/NoSuchMethodError'{0x000000009c0996d0}: 'java.lang.Object java.lang.invoke.DirectMethodHandle$Holder.invokeSpecial(java.lang.Object, java.lang.Object, java.lang.Object, int, int, java.lang.Object, java.lang.Object, java.lang.Object)'> (0x000000009c0996d0) 
thrown [s\open\src\hotspot\share\interpreter\linkResolver.cpp, line 759]
Event: 99.242 Thread 0x00000278aaca7c30 Exception <a 'java/lang/NoSuchMethodError'{0x000000009be0a4f0}: 'java.lang.Object java.lang.invoke.DirectMethodHandle$Holder.invokeStatic(java.lang.Object, java.lang.Object, java.lang.Object, int, int, java.lang.Object, java.lang.Object, java.lang.Object, java.lang.Object)'> (0x000000009be0a4f0) 
thrown [s\open\src\hotspot\share\interpreter\linkResolver.cpp, line 759]
Event: 99.243 Thread 0x00000278aaca7c30 Exception <a 'java/lang/NoSuchMethodError'{0x000000009be142c0}: 'java.lang.Object java.lang.invoke.DirectMethodHandle$Holder.newInvokeSpecial(java.lang.Object, java.lang.Object, java.lang.Object, int, int, java.lang.Object)'> (0x000000009be142c0) 
thrown [s\open\src\hotspot\share\interpreter\linkResolver.cpp, line 759]
Event: 99.243 Thread 0x00000278aaca7c30 Exception <a 'java/lang/NoSuchMethodError'{0x000000009be1bbd0}: 'java.lang.Object java.lang.invoke.Invokers$Holder.linkToTargetMethod(java.lang.Object, java.lang.Object, int, int, java.lang.Object, java.lang.Object)'> (0x000000009be1bbd0) 
thrown [s\open\src\hotspot\share\interpreter\linkResolver.cpp, line 759]
Event: 99.761 Thread 0x00000278aaca7c30 Exception <a 'java/lang/NoSuchMethodError'{0x000000009b2df680}: 'java.lang.Object java.lang.invoke.DirectMethodHandle$Holder.newInvokeSpecial(java.lang.Object, int, int, java.lang.Object, java.lang.Object, java.lang.Object, java.lang.Object)'> (0x000000009b2df680) 
thrown [s\open\src\hotspot\share\interpreter\linkResolver.cpp, line 759]
Event: 99.762 Thread 0x00000278aaca7c30 Exception <a 'java/lang/NoSuchMethodError'{0x000000009b2e4770}: 'java.lang.Object java.lang.invoke.DirectMethodHandle$Holder.invokeSpecial(java.lang.Object, java.lang.Object, int, int, java.lang.Object, java.lang.Object, java.lang.Object, java.lang.Object)'> (0x000000009b2e4770) 
thrown [s\open\src\hotspot\share\interpreter\linkResolver.cpp, line 759]
Event: 99.763 Thread 0x00000278aaca7c30 Exception <a 'java/lang/NoSuchMethodError'{0x000000009b2e90b8}: 'java.lang.Object java.lang.invoke.Invokers$Holder.linkToTargetMethod(int, int, java.lang.Object, java.lang.Object, java.lang.Object, java.lang.Object, java.lang.Object)'> (0x000000009b2e90b8) 
thrown [s\open\src\hotspot\share\interpreter\linkResolver.cpp, line 759]
Event: 104.900 Thread 0x00000278aaca7c30 Implicit null exception at 0x00000278509e7737 to 0x00000278509e7bd4
Event: 106.093 Thread 0x00000278aaca7c30 Implicit null exception at 0x0000027850beffac to 0x0000027850bf03f8
Event: 106.903 Thread 0x00000278aaca7c30 Implicit null exception at 0x0000027850c3fba0 to 0x0000027850c443e8
Event: 109.144 Thread 0x00000278aaca7c30 Implicit null exception at 0x000002785006e7eb to 0x000002785006ed24
Event: 112.121 Thread 0x00000278aaca7c30 Implicit null exception at 0x0000027850bafa93 to 0x0000027850bafeac
Event: 112.774 Thread 0x00000278aaca7c30 Implicit null exception at 0x0000027850bb1502 to 0x0000027850bb18a8
Event: 112.871 Thread 0x00000278aaca7c30 Implicit null exception at 0x00000278507ab0e6 to 0x00000278507ab196
Event: 113.010 Thread 0x00000278aaca7c30 Implicit null exception at 0x0000027850b125a8 to 0x0000027850b13d6c
Event: 114.871 Thread 0x00000278aaca7c30 Implicit null exception at 0x0000027850ba2b8f to 0x0000027850ba31bc
Event: 114.882 Thread 0x00000278aaca7c30 Implicit null exception at 0x0000027850f0d9d2 to 0x0000027850f0e190
Event: 118.424 Thread 0x00000278aaca7c30 Implicit null exception at 0x0000027850fd0d3b to 0x0000027850fd16d0
Event: 120.736 Thread 0x00000278aaca7c30 Implicit null exception at 0x0000027850f669c4 to 0x0000027850f6bd40
Event: 124.056 Thread 0x00000278aaca7c30 Implicit null exception at 0x00000278514107a2 to 0x0000027851415574

VM Operations (20 events):
Event: 124.515 Executing VM operation: ICBufferFull done
Event: 124.775 Executing VM operation: G1CollectForAllocation
Event: 124.784 Executing VM operation: G1CollectForAllocation done
Event: 124.833 Executing VM operation: HandshakeAllThreads
Event: 124.835 Executing VM operation: HandshakeAllThreads done
Event: 124.842 Executing VM operation: HandshakeAllThreads
Event: 124.843 Executing VM operation: HandshakeAllThreads done
Event: 125.317 Executing VM operation: G1CollectForAllocation
Event: 125.321 Executing VM operation: G1CollectForAllocation done
Event: 125.926 Executing VM operation: HandshakeAllThreads
Event: 125.927 Executing VM operation: HandshakeAllThreads done
Event: 125.976 Executing VM operation: G1CollectForAllocation
Event: 125.979 Executing VM operation: G1CollectForAllocation done
Event: 126.392 Executing VM operation: ICBufferFull
Event: 126.393 Executing VM operation: ICBufferFull done
Event: 126.541 Executing VM operation: HandshakeAllThreads
Event: 126.542 Executing VM operation: HandshakeAllThreads done
Event: 126.586 Executing VM operation: G1CollectForAllocation
Event: 126.590 Executing VM operation: G1CollectForAllocation done
Event: 126.960 Executing VM operation: G1Concurrent

Events (20 events):
Event: 126.883 Thread 0x000002785e272db0 flushing nmethod 0x000002784dea6d90
Event: 126.883 Thread 0x000002785e272db0 flushing nmethod 0x000002784deabe90
Event: 126.883 Thread 0x000002785e272db0 flushing nmethod 0x000002784ded7590
Event: 126.884 Thread 0x000002785e272db0 flushing nmethod 0x000002784df10e90
Event: 126.884 Thread 0x000002785e272db0 flushing nmethod 0x000002784df14990
Event: 126.884 Thread 0x000002785e272db0 flushing nmethod 0x000002784df15410
Event: 126.884 Thread 0x000002785e272db0 flushing nmethod 0x000002784df52910
Event: 126.884 Thread 0x000002785e272db0 flushing nmethod 0x000002784df6b890
Event: 126.884 Thread 0x000002785e272db0 flushing nmethod 0x000002784df72490
Event: 126.884 Thread 0x000002785e272db0 flushing nmethod 0x000002784df76490
Event: 126.884 Thread 0x000002785e272db0 flushing nmethod 0x000002784df7b510
Event: 126.884 Thread 0x000002785e272db0 flushing nmethod 0x000002784df82010
Event: 126.885 Thread 0x000002785e272db0 flushing nmethod 0x000002784dfae190
Event: 126.885 Thread 0x000002785e272db0 flushing nmethod 0x000002784dfc1c90
Event: 126.885 Thread 0x000002785e272db0 flushing nmethod 0x000002784dfd0610
Event: 126.885 Thread 0x000002785e272db0 flushing nmethod 0x000002784dff0710
Event: 126.885 Thread 0x000002785e272db0 flushing nmethod 0x000002784dff3410
Event: 126.885 Thread 0x000002785e272db0 flushing nmethod 0x000002784dff6a10
Event: 126.886 Thread 0x000002785e272db0 flushing nmethod 0x000002784e0da910
Event: 126.887 Thread 0x000002785e272db0 flushing nmethod 0x000002784e100e90


Dynamic libraries:
0x00007ff6f83e0000 - 0x00007ff6f83f0000 	C:\Program Files\Java\jdk-17\bin\java.exe
0x00007ffd93b20000 - 0x00007ffd93d87000 	C:\WINDOWS\SYSTEM32\ntdll.dll
0x00007ffd92430000 - 0x00007ffd924fb000 	C:\WINDOWS\System32\KERNEL32.DLL
0x00007ffd91430000 - 0x00007ffd91832000 	C:\WINDOWS\System32\KERNELBASE.dll
0x00007ffd90f00000 - 0x00007ffd9104c000 	C:\WINDOWS\System32\ucrtbase.dll
0x00007ffd767f0000 - 0x00007ffd7680b000 	C:\Program Files\Java\jdk-17\bin\VCRUNTIME140.dll
0x00007ffd716b0000 - 0x00007ffd716c9000 	C:\Program Files\Java\jdk-17\bin\jli.dll
0x00007ffd91840000 - 0x00007ffd918fc000 	C:\WINDOWS\System32\ADVAPI32.dll
0x00007ffd91910000 - 0x00007ffd919b9000 	C:\WINDOWS\System32\msvcrt.dll
0x00007ffd91f50000 - 0x00007ffd91ff9000 	C:\WINDOWS\System32\sechost.dll
0x00007ffd93670000 - 0x00007ffd93788000 	C:\WINDOWS\System32\RPCRT4.dll
0x00007ffd93810000 - 0x00007ffd939df000 	C:\WINDOWS\System32\USER32.dll
0x00007ffd91400000 - 0x00007ffd91427000 	C:\WINDOWS\System32\win32u.dll
0x00007ffd75380000 - 0x00007ffd75610000 	C:\WINDOWS\WinSxS\amd64_microsoft.windows.common-controls_6595b64144ccf1df_6.0.26100.9278_none_3e0d1ba8e3303201\COMCTL32.dll
0x00007ffd92110000 - 0x00007ffd9213b000 	C:\WINDOWS\System32\GDI32.dll
0x00007ffd90d20000 - 0x00007ffd90e49000 	C:\WINDOWS\System32\gdi32full.dll
0x00007ffd90e50000 - 0x00007ffd90ef3000 	C:\WINDOWS\System32\msvcp_win.dll
0x00007ffd88f50000 - 0x00007ffd88f5b000 	C:\WINDOWS\SYSTEM32\VERSION.dll
0x00007ffd933c0000 - 0x00007ffd933f1000 	C:\WINDOWS\System32\IMM32.DLL
0x00007ffd88f20000 - 0x00007ffd88f2c000 	C:\Program Files\Java\jdk-17\bin\vcruntime140_1.dll
0x00007ffd23a20000 - 0x00007ffd23aae000 	C:\Program Files\Java\jdk-17\bin\msvcp140.dll
0x00007ffc8e9d0000 - 0x00007ffc8f5b0000 	C:\Program Files\Java\jdk-17\bin\server\jvm.dll
0x00007ffd91f40000 - 0x00007ffd91f48000 	C:\WINDOWS\System32\PSAPI.DLL
0x00007ffd826a0000 - 0x00007ffd826d6000 	C:\WINDOWS\SYSTEM32\WINMM.dll
0x00007ffd81220000 - 0x00007ffd8122a000 	C:\WINDOWS\SYSTEM32\WSOCK32.dll
0x00007ffd93a50000 - 0x00007ffd93ad0000 	C:\WINDOWS\System32\WS2_32.dll
0x00007ffd8f9b0000 - 0x00007ffd8f9cb000 	C:\WINDOWS\SYSTEM32\kernel.appcore.dll
0x00007ffd716a0000 - 0x00007ffd716aa000 	C:\Program Files\Java\jdk-17\bin\jimage.dll
0x00007ffd8e260000 - 0x00007ffd8e4ac000 	C:\WINDOWS\SYSTEM32\DBGHELP.DLL
0x00007ffd92e00000 - 0x00007ffd93185000 	C:\WINDOWS\System32\combase.dll
0x00007ffd93490000 - 0x00007ffd93569000 	C:\WINDOWS\System32\OLEAUT32.dll
0x00007ffd79ef0000 - 0x00007ffd79f2b000 	C:\WINDOWS\SYSTEM32\dbgcore.DLL
0x00007ffd910f0000 - 0x00007ffd9119c000 	C:\WINDOWS\System32\bcryptPrimitives.dll
0x00007ffd50ee0000 - 0x00007ffd50f05000 	C:\Program Files\Java\jdk-17\bin\java.dll
0x00007ffd23840000 - 0x00007ffd23917000 	C:\Program Files\Java\jdk-17\bin\jsvml.dll
0x00007ffd92660000 - 0x00007ffd92df8000 	C:\WINDOWS\System32\SHELL32.dll
0x00007ffd8e740000 - 0x00007ffd8efee000 	C:\WINDOWS\SYSTEM32\windows.storage.dll
0x00007ffd93570000 - 0x00007ffd9366b000 	C:\WINDOWS\System32\SHCORE.dll
0x00007ffd92340000 - 0x00007ffd923a6000 	C:\WINDOWS\System32\shlwapi.dll
0x00007ffd90c40000 - 0x00007ffd90c69000 	C:\WINDOWS\SYSTEM32\profapi.dll
0x00007ffd6ebe0000 - 0x00007ffd6ebf9000 	C:\Program Files\Java\jdk-17\bin\net.dll
0x00007ffd8ae00000 - 0x00007ffd8af2a000 	C:\WINDOWS\SYSTEM32\WINHTTP.dll
0x00007ffd8ff50000 - 0x00007ffd8ffbc000 	C:\WINDOWS\system32\mswsock.dll
0x00007ffd6ad80000 - 0x00007ffd6ad96000 	C:\Program Files\Java\jdk-17\bin\nio.dll
0x00007ffd62fa0000 - 0x00007ffd62fb8000 	C:\Program Files\Java\jdk-17\bin\zip.dll
0x00007ffd668b0000 - 0x00007ffd668c0000 	C:\Program Files\Java\jdk-17\bin\verify.dll
0x00007ffce9700000 - 0x00007ffce9727000 	C:\Users\ASUS\.gradle\native\e1d6ef7f7dcc3fd88c89a11ec53ec762bb8ba0a96d01ffa2cd45eb1d1d8dd5c5\windows-amd64\native-platform.dll
0x00007ffcf2a10000 - 0x00007ffcf2b54000 	C:\Users\ASUS\.gradle\native\0d407fdbe67a94daf76414ababcb853783967236a71b16ec16e742cd7a986fd3\windows-amd64\native-platform-file-events.dll
0x00007ffd5bad0000 - 0x00007ffd5bada000 	C:\Program Files\Java\jdk-17\bin\management.dll
0x00007ffd5bac0000 - 0x00007ffd5bacb000 	C:\Program Files\Java\jdk-17\bin\management_ext.dll
0x00007ffd90370000 - 0x00007ffd9038b000 	C:\WINDOWS\SYSTEM32\CRYPTSP.dll
0x00007ffd8f910000 - 0x00007ffd8f949000 	C:\WINDOWS\system32\rsaenh.dll
0x00007ffd90000000 - 0x00007ffd90034000 	C:\WINDOWS\SYSTEM32\USERENV.dll
0x00007ffd90c10000 - 0x00007ffd90c3a000 	C:\WINDOWS\SYSTEM32\bcrypt.dll
0x00007ffd901b0000 - 0x00007ffd901bc000 	C:\WINDOWS\SYSTEM32\CRYPTBASE.dll
0x00007ffd8f3b0000 - 0x00007ffd8f3e3000 	C:\WINDOWS\SYSTEM32\IPHLPAPI.DLL
0x00007ffd91f30000 - 0x00007ffd91f3a000 	C:\WINDOWS\System32\NSI.dll
0x00007ffd8b000000 - 0x00007ffd8b01d000 	C:\WINDOWS\SYSTEM32\dhcpcsvc6.DLL
0x00007ffd8afd0000 - 0x00007ffd8aff5000 	C:\WINDOWS\SYSTEM32\dhcpcsvc.DLL
0x00007ffd8f450000 - 0x00007ffd8f5a8000 	C:\WINDOWS\SYSTEM32\DNSAPI.dll
0x00007ffd8fd70000 - 0x00007ffd8fd7d000 	C:\WINDOWS\SYSTEM32\DSPARSE.dll
0x00007ffd55130000 - 0x00007ffd5513e000 	C:\Program Files\Java\jdk-17\bin\sunmscapi.dll
0x00007ffd911b0000 - 0x00007ffd9132e000 	C:\WINDOWS\System32\CRYPT32.dll
0x00007ffd904e0000 - 0x00007ffd90510000 	C:\WINDOWS\SYSTEM32\ncrypt.dll
0x00007ffd90490000 - 0x00007ffd904cf000 	C:\WINDOWS\SYSTEM32\NTASN1.dll
0x00007ffd777e0000 - 0x00007ffd777e8000 	C:\WINDOWS\system32\wshunix.dll

dbghelp: loaded successfully - version: 4.0.5 - missing functions: none
symbol engine: initialized successfully - sym options: 0x614 - pdb path: .;C:\Program Files\Java\jdk-17\bin;C:\WINDOWS\SYSTEM32;C:\WINDOWS\WinSxS\amd64_microsoft.windows.common-controls_6595b64144ccf1df_6.0.26100.9278_none_3e0d1ba8e3303201;C:\Program Files\Java\jdk-17\bin\server;C:\Users\ASUS\.gradle\native\e1d6ef7f7dcc3fd88c89a11ec53ec762bb8ba0a96d01ffa2cd45eb1d1d8dd5c5\windows-amd64;C:\Users\ASUS\.gradle\native\0d407fdbe67a94daf76414ababcb853783967236a71b16ec16e742cd7a986fd3\windows-amd64

VM Arguments:
jvm_args: --add-opens=jdk.compiler/com.sun.tools.javac.api=ALL-UNNAMED --add-opens=jdk.compiler/com.sun.tools.javac.code=ALL-UNNAMED --add-opens=jdk.compiler/com.sun.tools.javac.comp=ALL-UNNAMED --add-opens=jdk.compiler/com.sun.tools.javac.file=ALL-UNNAMED --add-opens=jdk.compiler/com.sun.tools.javac.jvm=ALL-UNNAMED --add-opens=jdk.compiler/com.sun.tools.javac.main=ALL-UNNAMED --add-opens=jdk.compiler/com.sun.tools.javac.model=ALL-UNNAMED --add-opens=jdk.compiler/com.sun.tools.javac.parser=ALL-UNNAMED --add-opens=jdk.compiler/com.sun.tools.javac.processing=ALL-UNNAMED --add-opens=jdk.compiler/com.sun.tools.javac.tree=ALL-UNNAMED --add-opens=jdk.compiler/com.sun.tools.javac.util=ALL-UNNAMED --add-opens=java.base/java.util=ALL-UNNAMED --add-opens=java.base/java.lang=ALL-UNNAMED --add-opens=java.base/java.lang.invoke=ALL-UNNAMED --add-opens=java.base/java.util=ALL-UNNAMED --add-opens=java.prefs/java.util.prefs=ALL-UNNAMED --add-opens=java.prefs/java.util.prefs=ALL-UNNAMED --add-opens=java.base/java.nio.charset=ALL-UNNAMED --add-opens=java.base/java.net=ALL-UNNAMED --add-opens=java.base/java.util.concurrent.atomic=ALL-UNNAMED -Xmx2048m -Dfile.encoding=UTF-8 -Duser.country=US -Duser.language=en -Duser.variant 
java_command: org.gradle.launcher.daemon.bootstrap.GradleDaemon 7.4
java_class_path (initial): C:\Users\ASUS\.gradle\wrapper\dists\gradle-7.4-bin\c0gwcg53nkjbqw7r0h0umtfvt\gradle-7.4\lib\gradle-launcher-7.4.jar
Launcher Type: SUN_STANDARD

[Global flags]
     intx CICompilerCount                          = 12                                        {product} {ergonomic}
     uint ConcGCThreads                            = 3                                         {product} {ergonomic}
     uint G1ConcRefinementThreads                  = 13                                        {product} {ergonomic}
   size_t G1HeapRegionSize                         = 1048576                                   {product} {ergonomic}
    uintx GCDrainStackTargetSize                   = 64                                        {product} {ergonomic}
   size_t InitialHeapSize                          = 266338304                                 {product} {ergonomic}
   size_t MarkStackSize                            = 4194304                                   {product} {ergonomic}
   size_t MaxHeapSize                              = 2147483648                                {product} {command line}
   size_t MaxNewSize                               = 1287651328                                {product} {ergonomic}
   size_t MinHeapDeltaBytes                        = 1048576                                   {product} {ergonomic}
   size_t MinHeapSize                              = 8388608                                   {product} {ergonomic}
    uintx NonNMethodCodeHeapSize                   = 7602480                                {pd product} {ergonomic}
    uintx NonProfiledCodeHeapSize                  = 122027880                              {pd product} {ergonomic}
    uintx ProfiledCodeHeapSize                     = 122027880                              {pd product} {ergonomic}
    uintx ReservedCodeCacheSize                    = 251658240                              {pd product} {ergonomic}
     bool SegmentedCodeCache                       = true                                      {product} {ergonomic}
   size_t SoftMaxHeapSize                          = 2147483648                             {manageable} {ergonomic}
     bool UseCompressedClassPointers               = true                           {product lp64_product} {ergonomic}
     bool UseCompressedOops                        = true                           {product lp64_product} {ergonomic}
     bool UseG1GC                                  = true                                      {product} {ergonomic}
     bool UseLargePagesIndividualAllocation        = false                                  {pd product} {ergonomic}

Logging:
Log output configuration:
 #0: stdout all=warning uptime,level,tags
 #1: stderr all=off uptime,level,tags

Environment Variables:
CLASSPATH=D:\OneDrive - University of Westminster\Documents\GitHub\ViMusic\\gradle\wrapper\gradle-wrapper.jar
PATH=C:\Program Files\Git\mingw64\bin;C:\Program Files\Git\usr\bin;C:\Users\ASUS\bin;C:\Program Files\NVIDIA GPU Computing Toolkit\CUDA\v12.6\bin;C:\Program Files\NVIDIA GPU Computing Toolkit\CUDA\v12.6\libnvvp;C:\Program Files\NVIDIA GPU Computing Toolkit\CUDA\v13.3\bin\x64;C:\Program Files\NVIDIA GPU Computing Toolkit\CUDA\v13.3\bin;c:\Users\ASUS\AppData\Local\Programs\cursor\resources\app\bin;C:\Program Files\Common Files\Oracle\Java\javapath;C:\WINDOWS\system32;C:\WINDOWS;C:\WINDOWS\System32\Wbem;C:\WINDOWS\System32\WindowsPowerShell\v1.0\;C:\WINDOWS\System32\OpenSSH\;C:\Program Files (x86)\NVIDIA Corporation\PhysX\Common;C:\Program Files\dotnet\;C:\Program Files\Java\jdk-17\bin;C:\Program Files\nodejs\;C:\Program Files\PostgreSQL\17\bin;C:\Program Files\Git\cmd;C:\Users\ASUS\AppData\Local\Programs\Python\Launcher\;C:\Users\ASUS\scoop\shims;C:\Users\ASUS\AppData\Local\Microsoft\WindowsApps;C:\Users\ASUS\AppData\Roaming\npm;C:\Users\ASUS\AppData\Local\Programs\Python\Python313;C:\Users\ASUS\AppData\Local\Programs\Python\Python313\Scripts;C:\Users\ASUS\AppData\Local\Programs\cursor\resources\app\bin;c:\Users\ASUS\AppData\Local\Programs\cursor\resources\app\bin;C:\Program Files\Git\cmd;C:\Program Files\NVIDIA Corporation\NVIDIA App\NvDLISR;C:\Program Files (x86)\BaseX\bin;C:\Program Files\Apache\apache-maven-3.9.12\bin;C:\Program Files\Docker\Docker\resources\bin;C:\tools\rtk-x86_64-pc-windows-msvc;C:\Program Files\NVIDIA Corporation\Nsight Compute 2024.3.0\;C:\Program Files\NVIDIA GPU Computing Toolkit\CUDA\v12.6\bin;C:\Program Files\NVIDIA GPU Computing Toolkit\CUDA\v12.6\libnvvp;C:\Program Files\NVIDIA GPU Computing Toolkit\CUDA\v13.3\bin\x64;C:\Program Files\NVIDIA GPU Computing Toolkit\CUDA\v13.3\bin;c:\Users\ASUS\AppData\Local\Programs\cursor\resources\app\bin;C:\Program Files\Common Files\Oracle\Java\javapath;C:\WINDOWS\system32;C:\WINDOWS;C:\WINDOWS\System32\Wbem;C:\WINDOWS\System32\WindowsPowerShell\v1.0\;C:\WINDOWS\System32\OpenSSH\;C:\Program Files (x86)\NV
USERNAME=ASUS
OS=Windows_NT
PROCESSOR_IDENTIFIER=AMD64 Family 25 Model 68 Stepping 1, AuthenticAMD



---------------  S Y S T E M  ---------------

OS:
 Windows 11 , 64 bit Build 26100 (10.0.26100.9444)
OS uptime: 0 days 2:54 hours
Hyper-V role detected

CPU: total 16 (initial active 16) (16 cores per cpu, 2 threads per core) family 25 model 68 stepping 1 microcode 0xa404107, cx8, cmov, fxsr, ht, mmx, 3dnowpref, sse, sse2, sse3, ssse3, sse4a, sse4.1, sse4.2, popcnt, lzcnt, tsc, tscinvbit, avx, avx2, aes, erms, clmul, bmi1, bmi2, adx, sha, fma, vzeroupper, clflush, clflushopt, hv

Memory: 4k page, system-wide physical 16202M (1900M free)
TotalPageFile size 24099M (AvailPageFile size 166M)
current process WorkingSet (physical memory assigned to process): 1292M, peak: 1298M
current process commit charge ("private bytes"): 1347M, peak: 1623M

vm_info: Java HotSpot(TM) 64-Bit Server VM (17.0.12+8-LTS-286) for windows-amd64 JRE (17.0.12+8-LTS-286), built on Jun  5 2024 06:46:59 by "mach5one" with MS VC++ 17.6 (VS2022)

END.
