#
# There is insufficient memory for the Java Runtime Environment to continue.
# Native memory allocation (malloc) failed to allocate 1152496 bytes for Chunk::new
# Possible reasons:
#   The system is out of physical RAM or swap space
#   The process is running with CompressedOops enabled, and the Java Heap may be blocking the growth of the native heap
# Possible solutions:
#   Reduce memory load on the system
#   Increase physical memory or swap space
#   Check if swap backing store is full
#   Decrease Java heap size (-Xmx/-Xms)
#   Decrease number of Java threads
#   Decrease Java thread stack sizes (-Xss)
#   Set larger code cache with -XX:ReservedCodeCacheSize=
#   JVM is running with Unscaled Compressed Oops mode in which the Java heap is
#     placed in the first 4GB address space. The Java Heap base address is the
#     maximum limit for the native heap growth. Please use -XX:HeapBaseMinAddress
#     to set the Java Heap base and to place the Java Heap above 4GB virtual address.
# This output file may be truncated or incomplete.
#
#  Out of Memory Error (arena.cpp:189), pid=3672, tid=16048
#
# JRE version: Java(TM) SE Runtime Environment (17.0.12+8) (build 17.0.12+8-LTS-286)
# Java VM: Java HotSpot(TM) 64-Bit Server VM (17.0.12+8-LTS-286, mixed mode, sharing, tiered, compressed oops, compressed class ptrs, g1 gc, windows-amd64)
# No core dump will be written. Minidumps are not enabled by default on client versions of Windows
#

---------------  S U M M A R Y ------------

Command Line: --add-opens=java.base/java.util=ALL-UNNAMED --add-opens=java.base/java.lang=ALL-UNNAMED --add-opens=java.base/java.lang.invoke=ALL-UNNAMED --add-opens=java.base/java.util=ALL-UNNAMED --add-opens=java.prefs/java.util.prefs=ALL-UNNAMED --add-opens=java.prefs/java.util.prefs=ALL-UNNAMED --add-opens=java.base/java.nio.charset=ALL-UNNAMED --add-opens=java.base/java.net=ALL-UNNAMED --add-opens=java.base/java.util.concurrent.atomic=ALL-UNNAMED -Xmx2048m -Dfile.encoding=UTF-8 -Duser.country=US -Duser.language=en -Duser.variant org.gradle.launcher.daemon.bootstrap.GradleDaemon 7.4

Host: AMD Ryzen 7 7435HS                             , 16 cores, 15G,  Windows 11 , 64 bit Build 26100 (10.0.26100.9444)
Time: Sun Sep 27 16:37:17 2026 Sri Lanka Standard Time elapsed time: 16.303971 seconds (0d 0h 0m 16s)

---------------  T H R E A D  ---------------

Current thread (0x000001b5dcab00f0):  JavaThread "C2 CompilerThread3" daemon [_thread_in_native, id=16048, stack(0x0000004c89400000,0x0000004c89500000)]


Current CompileTask:
C2:  16304 17530       4       com.android.tools.r8.internal.Pa::a (4413 bytes)

Stack: [0x0000004c89400000,0x0000004c89500000]
Native frames: (J=compiled Java code, j=interpreted, Vv=VM code, C=native code)
V  [jvm.dll+0x67a04a]
V  [jvm.dll+0x7da4ed]
V  [jvm.dll+0x7dbe33]
V  [jvm.dll+0x7dc4a3]
V  [jvm.dll+0x24508f]
V  [jvm.dll+0xab773]
V  [jvm.dll+0xabd3c]
V  [jvm.dll+0x361b9f]
V  [jvm.dll+0x1ba2d5]
V  [jvm.dll+0x216997]
V  [jvm.dll+0x215c6f]
V  [jvm.dll+0x1a2960]
V  [jvm.dll+0x22610b]
V  [jvm.dll+0x2242ab]
V  [jvm.dll+0x79075c]
V  [jvm.dll+0x78abea]
V  [jvm.dll+0x678f35]
C  [ucrtbase.dll+0x2cd30]
C  [KERNEL32.DLL+0x2cd87]
C  [ntdll.dll+0xacaec]


---------------  P R O C E S S  ---------------

Threads class SMR info:
_java_thread_list=0x000001b5da6e8de0, length=240, elements={
0x000001b5e92aa390, 0x000001b5d4043550, 0x000001b5fb242650, 0x000001b5d404d980,
0x000001b5d4050260, 0x000001b5d4050b30, 0x000001b5d4051a10, 0x000001b5d405e630,
0x000001b5d4084870, 0x000001b5d408f960, 0x000001b5d41aef40, 0x000001b5d41d8620,
0x000001b5d41d8b30, 0x000001b5d4361380, 0x000001b5d53a19a0, 0x000001b5d53a1ec0,
0x000001b5d41d9040, 0x000001b5d41d9f70, 0x000001b5d41d8110, 0x000001b5d41d9550,
0x000001b5d41d9a60, 0x000001b5d41d67c0, 0x000001b5d41d6cd0, 0x000001b5d41d71e0,
0x000001b5d41d7c00, 0x000001b5d41d76f0, 0x000001b5d6bba180, 0x000001b5d6bbb5c0,
0x000001b5d6bb8830, 0x000001b5d6bba690, 0x000001b5d6bb8d40, 0x000001b5d6bbaba0,
0x000001b5d6bbb0b0, 0x000001b5d6bb8320, 0x000001b5d6bb7e10, 0x000001b5d6bbbad0,
0x000001b5d6bbbfe0, 0x000001b5d6bbd420, 0x000001b5d6bbc4f0, 0x000001b5d6bb9c70,
0x000001b5d6bbe860, 0x000001b5d6bbde40, 0x000001b5d6bbf280, 0x000001b5d6bbed70,
0x000001b5d6bbe350, 0x000001b5d6bbf790, 0x000001b5d6bbcf10, 0x000001b5d6bbd930,
0x000001b5d9461300, 0x000001b5d9461810, 0x000001b5d945e060, 0x000001b5d94603d0,
0x000001b5d9461d20, 0x000001b5d945e570, 0x000001b5d945f4a0, 0x000001b5d9462230,
0x000001b5d945ea80, 0x000001b5d945f9b0, 0x000001b5d945fec0, 0x000001b5d94608e0,
0x000001b5d9460df0, 0x000001b5d9462740, 0x000001b5d945ef90, 0x000001b5d9463670,
0x000001b5d94654d0, 0x000001b5d9463b80, 0x000001b5d94659e0, 0x000001b5d9464090,
0x000001b5d9463160, 0x000001b5d94645a0, 0x000001b5d9464ab0, 0x000001b5d9462c50,
0x000001b5d9464fc0, 0x000001b5da4ed230, 0x000001b5da4eaec0, 0x000001b5da4ed740,
0x000001b5da4ecd20, 0x000001b5da4ea9b0, 0x000001b5da4edc50, 0x000001b5da4ec300,
0x000001b5da4ea4a0, 0x000001b5da4ee670, 0x000001b5da4eb8e0, 0x000001b5da4ebdf0,
0x000001b5da4ec810, 0x000001b5da4eeb80, 0x000001b5da4ee160, 0x000001b5da4eb3d0,
0x000001b5da4f09e0, 0x000001b5da4f0ef0, 0x000001b5da4ef5a0, 0x000001b5da4f1400,
0x000001b5da4ef090, 0x000001b5da4f1e20, 0x000001b5da4efab0, 0x000001b5da4effc0,
0x000001b5da4f04d0, 0x000001b5da4f1910, 0x000001b5d7025a30, 0x000001b5d7025f40,
0x000001b5d7025520, 0x000001b5d7025010, 0x000001b5d7027da0, 0x000001b5d7026960,
0x000001b5d70245f0, 0x000001b5d7026e70, 0x000001b5d7027380, 0x000001b5d7027890,
0x000001b5d7026450, 0x000001b5d70282b0, 0x000001b5d7024b00, 0x000001b5d702b040,
0x000001b5d7028cd0, 0x000001b5d702a620, 0x000001b5d7029c00, 0x000001b5d702bf70,
0x000001b5d702ab30, 0x000001b5d702b550, 0x000001b5d70287c0, 0x000001b5d702ba60,
0x000001b5d70291e0, 0x000001b5d70296f0, 0x000001b5d702a110, 0x000001b5da312fa0,
0x000001b5da310720, 0x000001b5da30fd00, 0x000001b5da3134b0, 0x000001b5da310210,
0x000001b5da310c30, 0x000001b5da311140, 0x000001b5da312070, 0x000001b5da312580,
0x000001b5da311650, 0x000001b5da312a90, 0x000001b5da311b60, 0x000001b5da5e8ee0,
0x000001b5da5ea830, 0x000001b5da5e93f0, 0x000001b5da5ead40, 0x000001b5da5ebc70,
0x000001b5da5e84c0, 0x000001b5da5ec180, 0x000001b5da5e89d0, 0x000001b5da5ec690,
0x000001b5da5ed0b0, 0x000001b5da5eb760, 0x000001b5da5ecba0, 0x000001b5da5e9900,
0x000001b5da5eb250, 0x000001b5da5ed5c0, 0x000001b5da5edad0, 0x000001b5da5e9e10,
0x000001b5da5ea320, 0x000001b5da5ee4f0, 0x000001b5da5edfe0, 0x000001b5da5eea00,
0x000001b5da5eef10, 0x000001b5da5ef420, 0x000001b5da5ef930, 0x000001b5da5efe40,
0x000001b5d71938f0, 0x000001b5d7194d30, 0x000001b5d7195240, 0x000001b5d7195c60,
0x000001b5d7196680, 0x000001b5d71933e0, 0x000001b5d7193e00, 0x000001b5d7195750,
0x000001b5d7196170, 0x000001b5d7194820, 0x000001b5d7194310, 0x000001b5d7192ed0,
0x000001b5d71989f0, 0x000001b5d7198f00, 0x000001b5d7197fd0, 0x000001b5d71975b0,
0x000001b5d7199410, 0x000001b5d7197ac0, 0x000001b5d71984e0, 0x000001b5d7199920,
0x000001b5d719a340, 0x000001b5d7196b90, 0x000001b5d7199e30, 0x000001b5d719a850,
0x000001b5d71970a0, 0x000001b5d70f92a0, 0x000001b5d70fabf0, 0x000001b5d70fc540,
0x000001b5d70f97b0, 0x000001b5d70f8d90, 0x000001b5d70fca50, 0x000001b5d70fbb20,
0x000001b5d70fa1d0, 0x000001b5d70fc030, 0x000001b5d70fcf60, 0x000001b5d70fb100,
0x000001b5d70f9cc0, 0x000001b5d70fd470, 0x000001b5d70fd980, 0x000001b5d70fde90,
0x000001b5d70fa6e0, 0x000001b5d70fe3a0, 0x000001b5d70fb610, 0x000001b5d70fe8b0,
0x000001b5d87d2880, 0x000001b5d87d2d90, 0x000001b5d87d0a20, 0x000001b5d87d1950,
0x000001b5d87d0f30, 0x000001b5d87d32a0, 0x000001b5dcab1b80, 0x000001b5dcab00f0,
0x000001b5d87d3cc0, 0x000001b5d87d0510, 0x000001b5d87d41d0, 0x000001b5d87d46e0,
0x000001b5d87d4bf0, 0x000001b5d87d1440, 0x000001b5d87d5100, 0x000001b5d87d6540,
0x000001b5d87d6a50, 0x000001b5d87d5610, 0x000001b5d87d6f60, 0x000001b5d87d5b20,
0x000001b5d87d6030, 0x000001b5dcc8c300, 0x000001b5dcc8aec0, 0x000001b5dcc8a9b0,
0x000001b5dcc8b3d0, 0x000001b5dcc8b8e0, 0x000001b5dcc8bdf0, 0x000001b5dacf5f10,
0x000001b5db198ed0, 0x000001b5db1998f0, 0x000001b5dcc484b0, 0x000001b5db199e00,
0x000001b5dcc47fa0, 0x000001b5dcc489c0, 0x000001b5dcc47070, 0x000001b5d87d7470
}

Java Threads: ( => current thread )
  0x000001b5e92aa390 JavaThread "main" [_thread_blocked, id=4328, stack(0x0000004cfaf00000,0x0000004cfb000000)]
  0x000001b5d4043550 JavaThread "Reference Handler" daemon [_thread_blocked, id=32372, stack(0x0000004cfb600000,0x0000004cfb700000)]
  0x000001b5fb242650 JavaThread "Finalizer" daemon [_thread_blocked, id=15120, stack(0x0000004cfb700000,0x0000004cfb800000)]
  0x000001b5d404d980 JavaThread "Signal Dispatcher" daemon [_thread_blocked, id=31316, stack(0x0000004cfb800000,0x0000004cfb900000)]
  0x000001b5d4050260 JavaThread "Attach Listener" daemon [_thread_blocked, id=4364, stack(0x0000004cfb900000,0x0000004cfba00000)]
  0x000001b5d4050b30 JavaThread "Service Thread" daemon [_thread_blocked, id=27448, stack(0x0000004cfba00000,0x0000004cfbb00000)]
  0x000001b5d4051a10 JavaThread "Monitor Deflation Thread" daemon [_thread_blocked, id=24652, stack(0x0000004cfbb00000,0x0000004cfbc00000)]
  0x000001b5d405e630 JavaThread "C2 CompilerThread0" daemon [_thread_in_native, id=3996, stack(0x0000004cfbc00000,0x0000004cfbd00000)]
  0x000001b5d4084870 JavaThread "C1 CompilerThread0" daemon [_thread_blocked, id=35276, stack(0x0000004cfbd00000,0x0000004cfbe00000)]
  0x000001b5d408f960 JavaThread "Sweeper thread" daemon [_thread_blocked, id=13624, stack(0x0000004cfbe00000,0x0000004cfbf00000)]
  0x000001b5d41aef40 JavaThread "C1 CompilerThread1" daemon [_thread_blocked, id=33848, stack(0x0000004cfbf00000,0x0000004cfc000000)]
  0x000001b5d41d8620 JavaThread "Common-Cleaner" daemon [_thread_blocked, id=9580, stack(0x0000004cfc000000,0x0000004cfc100000)]
  0x000001b5d41d8b30 JavaThread "Notification Thread" daemon [_thread_blocked, id=2196, stack(0x0000004cfc100000,0x0000004cfc200000)]
  0x000001b5d4361380 JavaThread "C2 CompilerThread1" daemon [_thread_in_native, id=5908, stack(0x0000004cfc300000,0x0000004cfc400000)]
  0x000001b5d53a19a0 JavaThread "C1 CompilerThread2" daemon [_thread_blocked, id=34324, stack(0x0000004cfc600000,0x0000004cfc700000)]
  0x000001b5d53a1ec0 JavaThread "C1 CompilerThread3" daemon [_thread_blocked, id=26140, stack(0x0000004cfc700000,0x0000004cfc800000)]
  0x000001b5d41d9040 JavaThread "Daemon health stats" [_thread_blocked, id=7292, stack(0x0000004cfcd00000,0x0000004cfce00000)]
  0x000001b5d41d9f70 JavaThread "Incoming local TCP Connector on port 50840" [_thread_in_native, id=12616, stack(0x0000004cfce00000,0x0000004cfcf00000)]
  0x000001b5d41d8110 JavaThread "Daemon periodic checks" [_thread_blocked, id=27532, stack(0x0000004cfcf00000,0x0000004cfd000000)]
  0x000001b5d41d9550 JavaThread "Daemon" [_thread_blocked, id=10020, stack(0x0000004cfd000000,0x0000004cfd100000)]
  0x000001b5d41d9a60 JavaThread "Handler for socket connection from /127.0.0.1:50840 to /127.0.0.1:50841" [_thread_in_native, id=6920, stack(0x0000004cfd100000,0x0000004cfd200000)]
  0x000001b5d41d67c0 JavaThread "Cancel handler" [_thread_blocked, id=27036, stack(0x0000004cfd200000,0x0000004cfd300000)]
  0x000001b5d41d6cd0 JavaThread "Daemon worker" [_thread_blocked, id=3480, stack(0x0000004cfd300000,0x0000004cfd400000)]
  0x000001b5d41d71e0 JavaThread "Asynchronous log dispatcher for DefaultDaemonConnection: socket connection from /127.0.0.1:50840 to /127.0.0.1:50841" [_thread_blocked, id=16352, stack(0x0000004cfd400000,0x0000004cfd500000)]
  0x000001b5d41d7c00 JavaThread "Stdin handler" [_thread_blocked, id=34776, stack(0x0000004cfd500000,0x0000004cfd600000)]
  0x000001b5d41d76f0 JavaThread "Daemon client event forwarder" [_thread_blocked, id=34368, stack(0x0000004cfd600000,0x0000004cfd700000)]
  0x000001b5d6bba180 JavaThread "Cache worker for journal cache (C:\Users\ASUS\.gradle\caches\journal-1)" [_thread_blocked, id=24036, stack(0x0000004cfd700000,0x0000004cfd800000)]
  0x000001b5d6bbb5c0 JavaThread "File lock request listener" [_thread_in_native, id=30984, stack(0x0000004cfd800000,0x0000004cfd900000)]
  0x000001b5d6bb8830 JavaThread "Cache worker for file hash cache (C:\Users\ASUS\.gradle\caches\7.4\fileHashes)" [_thread_blocked, id=23680, stack(0x0000004cfd900000,0x0000004cfda00000)]
  0x000001b5d6bba690 JavaThread "File watcher server" daemon [_thread_in_native, id=7352, stack(0x0000004cfc500000,0x0000004cfc600000)]
  0x000001b5d6bb8d40 JavaThread "File watcher consumer" daemon [_thread_blocked, id=5408, stack(0x0000004cfda00000,0x0000004cfdb00000)]
  0x000001b5d6bbaba0 JavaThread "Cache worker for checksums cache (D:\OneDrive - University of Westminster\Documents\GitHub\ViMusic\.gradle\7.4\checksums)" [_thread_blocked, id=32272, stack(0x0000004cfdb00000,0x0000004cfdc00000)]
  0x000001b5d6bbb0b0 JavaThread "Cache worker for cache directory md-rule (C:\Users\ASUS\.gradle\caches\7.4\md-rule)" [_thread_blocked, id=16996, stack(0x0000004cfdc00000,0x0000004cfdd00000)]
  0x000001b5d6bb8320 JavaThread "Cache worker for file hash cache (D:\OneDrive - University of Westminster\Documents\GitHub\ViMusic\.gradle\7.4\fileHashes)" [_thread_blocked, id=35756, stack(0x0000004cfdd00000,0x0000004cfde00000)]
  0x000001b5d6bb7e10 JavaThread "Cache worker for cache directory md-supplier (C:\Users\ASUS\.gradle\caches\7.4\md-supplier)" [_thread_blocked, id=33772, stack(0x0000004cfde00000,0x0000004cfdf00000)]
  0x000001b5d6bbbad0 JavaThread "Cache worker for execution history cache (C:\Users\ASUS\.gradle\caches\7.4\executionHistory)" [_thread_blocked, id=29720, stack(0x0000004cfe800000,0x0000004cfe900000)]
  0x000001b5d6bbbfe0 JavaThread "jar transforms" [_thread_blocked, id=32696, stack(0x0000004cfe900000,0x0000004cfea00000)]
  0x000001b5d6bbd420 JavaThread "jar transforms Thread 2" [_thread_blocked, id=27144, stack(0x0000004cfea00000,0x0000004cfeb00000)]
  0x000001b5d6bbc4f0 JavaThread "Cache worker for file content cache (C:\Users\ASUS\.gradle\caches\7.4\fileContent)" [_thread_blocked, id=26832, stack(0x0000004cfed00000,0x0000004cfee00000)]
  0x000001b5d6bb9c70 JavaThread "jar transforms Thread 3" [_thread_blocked, id=3864, stack(0x0000004cfee00000,0x0000004cfef00000)]
  0x000001b5d6bbe860 JavaThread "jar transforms Thread 4" [_thread_blocked, id=34568, stack(0x0000004cfef00000,0x0000004cff000000)]
  0x000001b5d6bbde40 JavaThread "jar transforms Thread 5" [_thread_blocked, id=26024, stack(0x0000004cff000000,0x0000004cff100000)]
  0x000001b5d6bbf280 JavaThread "jar transforms Thread 6" [_thread_blocked, id=9436, stack(0x0000004cff100000,0x0000004cff200000)]
  0x000001b5d6bbed70 JavaThread "jar transforms Thread 7" [_thread_blocked, id=27364, stack(0x0000004cff200000,0x0000004cff300000)]
  0x000001b5d6bbe350 JavaThread "jar transforms Thread 8" [_thread_blocked, id=35284, stack(0x0000004cff300000,0x0000004cff400000)]
  0x000001b5d6bbf790 JavaThread "jar transforms Thread 9" [_thread_blocked, id=4308, stack(0x0000004cff400000,0x0000004cff500000)]
  0x000001b5d6bbcf10 JavaThread "jar transforms Thread 10" [_thread_blocked, id=6816, stack(0x0000004cff500000,0x0000004cff600000)]
  0x000001b5d6bbd930 JavaThread "jar transforms Thread 11" [_thread_blocked, id=4436, stack(0x0000004cff600000,0x0000004cff700000)]
  0x000001b5d9461300 JavaThread "jar transforms Thread 12" [_thread_blocked, id=31008, stack(0x0000004cff700000,0x0000004cff800000)]
  0x000001b5d9461810 JavaThread "jar transforms Thread 13" [_thread_blocked, id=16368, stack(0x0000004cff800000,0x0000004cff900000)]
  0x000001b5d945e060 JavaThread "jar transforms Thread 14" [_thread_blocked, id=24972, stack(0x0000004cff900000,0x0000004cffa00000)]
  0x000001b5d94603d0 JavaThread "jar transforms Thread 15" [_thread_blocked, id=10656, stack(0x0000004cffa00000,0x0000004cffb00000)]
  0x000001b5d9461d20 JavaThread "jar transforms Thread 16" [_thread_blocked, id=13640, stack(0x0000004cffb00000,0x0000004cffc00000)]
  0x000001b5d945e570 JavaThread "Cache worker for kotlin-dsl (C:\Users\ASUS\.gradle\caches\7.4\kotlin-dsl)" [_thread_blocked, id=6376, stack(0x0000004cffc00000,0x0000004cffd00000)]
  0x000001b5d945f4a0 JavaThread "Cache worker for dependencies-accessors (D:\OneDrive - University of Westminster\Documents\GitHub\ViMusic\.gradle\7.4\dependencies-accessors)" [_thread_blocked, id=33680, stack(0x0000004cffd00000,0x0000004cffe00000)]
  0x000001b5d9462230 JavaThread "Cache worker for Build Output Cleanup Cache (D:\OneDrive - University of Westminster\Documents\GitHub\ViMusic\.gradle\buildOutputCleanup)" [_thread_blocked, id=33468, stack(0x0000004cffe00000,0x0000004cfff00000)]
  0x000001b5d945ea80 JavaThread "Unconstrained build operations" [_thread_blocked, id=14652, stack(0x0000004cfff00000,0x0000004d00000000)]
  0x000001b5d945f9b0 JavaThread "Unconstrained build operations Thread 2" [_thread_blocked, id=25980, stack(0x0000004c80000000,0x0000004c80100000)]
  0x000001b5d945fec0 JavaThread "Unconstrained build operations Thread 3" [_thread_blocked, id=34880, stack(0x0000004c80100000,0x0000004c80200000)]
  0x000001b5d94608e0 JavaThread "Unconstrained build operations Thread 4" [_thread_blocked, id=6140, stack(0x0000004c80200000,0x0000004c80300000)]
  0x000001b5d9460df0 JavaThread "Unconstrained build operations Thread 5" [_thread_blocked, id=7304, stack(0x0000004c80300000,0x0000004c80400000)]
  0x000001b5d9462740 JavaThread "Unconstrained build operations Thread 6" [_thread_blocked, id=29860, stack(0x0000004c80400000,0x0000004c80500000)]
  0x000001b5d945ef90 JavaThread "Unconstrained build operations Thread 7" [_thread_blocked, id=25536, stack(0x0000004c80500000,0x0000004c80600000)]
  0x000001b5d9463670 JavaThread "Unconstrained build operations Thread 8" [_thread_blocked, id=23072, stack(0x0000004c80600000,0x0000004c80700000)]
  0x000001b5d94654d0 JavaThread "Unconstrained build operations Thread 9" [_thread_blocked, id=32476, stack(0x0000004c80700000,0x0000004c80800000)]
  0x000001b5d9463b80 JavaThread "Unconstrained build operations Thread 10" [_thread_in_Java, id=27172, stack(0x0000004c80800000,0x0000004c80900000)]
  0x000001b5d94659e0 JavaThread "Unconstrained build operations Thread 11" [_thread_blocked, id=35028, stack(0x0000004c80900000,0x0000004c80a00000)]
  0x000001b5d9464090 JavaThread "Unconstrained build operations Thread 12" [_thread_blocked, id=25216, stack(0x0000004c80a00000,0x0000004c80b00000)]
  0x000001b5d9463160 JavaThread "Unconstrained build operations Thread 13" [_thread_blocked, id=31332, stack(0x0000004c80b00000,0x0000004c80c00000)]
  0x000001b5d94645a0 JavaThread "Unconstrained build operations Thread 14" [_thread_blocked, id=34276, stack(0x0000004c80c00000,0x0000004c80d00000)]
  0x000001b5d9464ab0 JavaThread "Unconstrained build operations Thread 15" [_thread_blocked, id=9180, stack(0x0000004c80d00000,0x0000004c80e00000)]
  0x000001b5d9462c50 JavaThread "Unconstrained build operations Thread 16" [_thread_blocked, id=3924, stack(0x0000004c80e00000,0x0000004c80f00000)]
  0x000001b5d9464fc0 JavaThread "Unconstrained build operations Thread 17" [_thread_blocked, id=31548, stack(0x0000004c80f00000,0x0000004c81000000)]
  0x000001b5da4ed230 JavaThread "Unconstrained build operations Thread 18" [_thread_blocked, id=33340, stack(0x0000004c81000000,0x0000004c81100000)]
  0x000001b5da4eaec0 JavaThread "Unconstrained build operations Thread 19" [_thread_blocked, id=28088, stack(0x0000004c81100000,0x0000004c81200000)]
  0x000001b5da4ed740 JavaThread "Unconstrained build operations Thread 20" [_thread_blocked, id=34824, stack(0x0000004c81200000,0x0000004c81300000)]
  0x000001b5da4ecd20 JavaThread "Unconstrained build operations Thread 21" [_thread_blocked, id=15060, stack(0x0000004c81300000,0x0000004c81400000)]
  0x000001b5da4ea9b0 JavaThread "Unconstrained build operations Thread 22" [_thread_blocked, id=19592, stack(0x0000004c81400000,0x0000004c81500000)]
  0x000001b5da4edc50 JavaThread "Unconstrained build operations Thread 23" [_thread_blocked, id=31968, stack(0x0000004c81500000,0x0000004c81600000)]
  0x000001b5da4ec300 JavaThread "Unconstrained build operations Thread 24" [_thread_blocked, id=30112, stack(0x0000004c81600000,0x0000004c81700000)]
  0x000001b5da4ea4a0 JavaThread "Unconstrained build operations Thread 25" [_thread_blocked, id=34916, stack(0x0000004c81700000,0x0000004c81800000)]
  0x000001b5da4ee670 JavaThread "Unconstrained build operations Thread 26" [_thread_blocked, id=33652, stack(0x0000004c81800000,0x0000004c81900000)]
  0x000001b5da4eb8e0 JavaThread "Unconstrained build operations Thread 27" [_thread_blocked, id=26736, stack(0x0000004c81900000,0x0000004c81a00000)]
  0x000001b5da4ebdf0 JavaThread "Unconstrained build operations Thread 28" [_thread_blocked, id=24332, stack(0x0000004c81a00000,0x0000004c81b00000)]
  0x000001b5da4ec810 JavaThread "Unconstrained build operations Thread 29" [_thread_blocked, id=19976, stack(0x0000004c81b00000,0x0000004c81c00000)]
  0x000001b5da4eeb80 JavaThread "Unconstrained build operations Thread 30" [_thread_blocked, id=23368, stack(0x0000004c81c00000,0x0000004c81d00000)]
  0x000001b5da4ee160 JavaThread "Unconstrained build operations Thread 31" [_thread_blocked, id=2324, stack(0x0000004c81d00000,0x0000004c81e00000)]
  0x000001b5da4eb3d0 JavaThread "Unconstrained build operations Thread 32" [_thread_blocked, id=30400, stack(0x0000004c81e00000,0x0000004c81f00000)]
  0x000001b5da4f09e0 JavaThread "Unconstrained build operations Thread 33" [_thread_blocked, id=11936, stack(0x0000004c81f00000,0x0000004c82000000)]
  0x000001b5da4f0ef0 JavaThread "Unconstrained build operations Thread 34" [_thread_in_Java, id=11736, stack(0x0000004c82000000,0x0000004c82100000)]
  0x000001b5da4ef5a0 JavaThread "Unconstrained build operations Thread 35" [_thread_blocked, id=21096, stack(0x0000004c82100000,0x0000004c82200000)]
  0x000001b5da4f1400 JavaThread "Unconstrained build operations Thread 36" [_thread_blocked, id=26912, stack(0x0000004c82200000,0x0000004c82300000)]
  0x000001b5da4ef090 JavaThread "Unconstrained build operations Thread 37" [_thread_blocked, id=34096, stack(0x0000004c82300000,0x0000004c82400000)]
  0x000001b5da4f1e20 JavaThread "Unconstrained build operations Thread 38" [_thread_blocked, id=34256, stack(0x0000004c82400000,0x0000004c82500000)]
  0x000001b5da4efab0 JavaThread "Unconstrained build operations Thread 39" [_thread_blocked, id=15620, stack(0x0000004c82500000,0x0000004c82600000)]
  0x000001b5da4effc0 JavaThread "Unconstrained build operations Thread 40" [_thread_blocked, id=15248, stack(0x0000004c82600000,0x0000004c82700000)]
  0x000001b5da4f04d0 JavaThread "Unconstrained build operations Thread 41" [_thread_blocked, id=33424, stack(0x0000004c82700000,0x0000004c82800000)]
  0x000001b5da4f1910 JavaThread "Unconstrained build operations Thread 42" [_thread_blocked, id=15512, stack(0x0000004c82800000,0x0000004c82900000)]
  0x000001b5d7025a30 JavaThread "Unconstrained build operations Thread 43" [_thread_blocked, id=22012, stack(0x0000004c82900000,0x0000004c82a00000)]
  0x000001b5d7025f40 JavaThread "Unconstrained build operations Thread 44" [_thread_blocked, id=30432, stack(0x0000004c82a00000,0x0000004c82b00000)]
  0x000001b5d7025520 JavaThread "Unconstrained build operations Thread 45" [_thread_blocked, id=4880, stack(0x0000004c82b00000,0x0000004c82c00000)]
  0x000001b5d7025010 JavaThread "Unconstrained build operations Thread 46" [_thread_blocked, id=23452, stack(0x0000004c82c00000,0x0000004c82d00000)]
  0x000001b5d7027da0 JavaThread "Unconstrained build operations Thread 47" [_thread_blocked, id=19944, stack(0x0000004c82d00000,0x0000004c82e00000)]
  0x000001b5d7026960 JavaThread "Unconstrained build operations Thread 48" [_thread_blocked, id=17392, stack(0x0000004c82e00000,0x0000004c82f00000)]
  0x000001b5d70245f0 JavaThread "Unconstrained build operations Thread 49" [_thread_blocked, id=19192, stack(0x0000004c82f00000,0x0000004c83000000)]
  0x000001b5d7026e70 JavaThread "Unconstrained build operations Thread 50" [_thread_blocked, id=34556, stack(0x0000004c83000000,0x0000004c83100000)]
  0x000001b5d7027380 JavaThread "Unconstrained build operations Thread 51" [_thread_blocked, id=7376, stack(0x0000004c83100000,0x0000004c83200000)]
  0x000001b5d7027890 JavaThread "Unconstrained build operations Thread 52" [_thread_blocked, id=34084, stack(0x0000004c83200000,0x0000004c83300000)]
  0x000001b5d7026450 JavaThread "Unconstrained build operations Thread 53" [_thread_blocked, id=31604, stack(0x0000004c83300000,0x0000004c83400000)]
  0x000001b5d70282b0 JavaThread "Unconstrained build operations Thread 54" [_thread_blocked, id=5936, stack(0x0000004c83400000,0x0000004c83500000)]
  0x000001b5d7024b00 JavaThread "Unconstrained build operations Thread 55" [_thread_blocked, id=23548, stack(0x0000004c83500000,0x0000004c83600000)]
  0x000001b5d702b040 JavaThread "Unconstrained build operations Thread 56" [_thread_blocked, id=34936, stack(0x0000004c83600000,0x0000004c83700000)]
  0x000001b5d7028cd0 JavaThread "Unconstrained build operations Thread 57" [_thread_blocked, id=14624, stack(0x0000004c83700000,0x0000004c83800000)]
  0x000001b5d702a620 JavaThread "Unconstrained build operations Thread 58" [_thread_blocked, id=23460, stack(0x0000004c83800000,0x0000004c83900000)]
  0x000001b5d7029c00 JavaThread "Unconstrained build operations Thread 59" [_thread_blocked, id=32524, stack(0x0000004c83900000,0x0000004c83a00000)]
  0x000001b5d702bf70 JavaThread "Unconstrained build operations Thread 60" [_thread_blocked, id=28412, stack(0x0000004c83a00000,0x0000004c83b00000)]
  0x000001b5d702ab30 JavaThread "Unconstrained build operations Thread 61" [_thread_blocked, id=21776, stack(0x0000004c83b00000,0x0000004c83c00000)]
  0x000001b5d702b550 JavaThread "Unconstrained build operations Thread 62" [_thread_blocked, id=1980, stack(0x0000004c83c00000,0x0000004c83d00000)]
  0x000001b5d70287c0 JavaThread "Unconstrained build operations Thread 63" [_thread_blocked, id=19980, stack(0x0000004c83d00000,0x0000004c83e00000)]
  0x000001b5d702ba60 JavaThread "Unconstrained build operations Thread 64" [_thread_blocked, id=35232, stack(0x0000004c83e00000,0x0000004c83f00000)]
  0x000001b5d70291e0 JavaThread "Unconstrained build operations Thread 65" [_thread_blocked, id=24056, stack(0x0000004c83f00000,0x0000004c84000000)]
  0x000001b5d70296f0 JavaThread "Unconstrained build operations Thread 66" [_thread_blocked, id=34072, stack(0x0000004c84000000,0x0000004c84100000)]
  0x000001b5d702a110 JavaThread "Unconstrained build operations Thread 67" [_thread_blocked, id=30568, stack(0x0000004c84100000,0x0000004c84200000)]
  0x000001b5da312fa0 JavaThread "Unconstrained build operations Thread 68" [_thread_blocked, id=7928, stack(0x0000004c84200000,0x0000004c84300000)]
  0x000001b5da310720 JavaThread "Unconstrained build operations Thread 69" [_thread_blocked, id=28444, stack(0x0000004c84300000,0x0000004c84400000)]
  0x000001b5da30fd00 JavaThread "Unconstrained build operations Thread 70" [_thread_blocked, id=19108, stack(0x0000004c84400000,0x0000004c84500000)]
  0x000001b5da3134b0 JavaThread "Unconstrained build operations Thread 71" [_thread_blocked, id=26848, stack(0x0000004c84500000,0x0000004c84600000)]
  0x000001b5da310210 JavaThread "Unconstrained build operations Thread 72" [_thread_blocked, id=17332, stack(0x0000004c84600000,0x0000004c84700000)]
  0x000001b5da310c30 JavaThread "Unconstrained build operations Thread 73" [_thread_blocked, id=11488, stack(0x0000004c84700000,0x0000004c84800000)]
  0x000001b5da311140 JavaThread "Unconstrained build operations Thread 74" [_thread_blocked, id=30872, stack(0x0000004c84800000,0x0000004c84900000)]
  0x000001b5da312070 JavaThread "Unconstrained build operations Thread 75" [_thread_blocked, id=33636, stack(0x0000004c84900000,0x0000004c84a00000)]
  0x000001b5da312580 JavaThread "Unconstrained build operations Thread 76" [_thread_blocked, id=34904, stack(0x0000004c84a00000,0x0000004c84b00000)]
  0x000001b5da311650 JavaThread "Unconstrained build operations Thread 77" [_thread_blocked, id=15032, stack(0x0000004c84b00000,0x0000004c84c00000)]
  0x000001b5da312a90 JavaThread "Unconstrained build operations Thread 78" [_thread_blocked, id=27212, stack(0x0000004c84c00000,0x0000004c84d00000)]
  0x000001b5da311b60 JavaThread "Unconstrained build operations Thread 79" [_thread_blocked, id=22020, stack(0x0000004c84d00000,0x0000004c84e00000)]
  0x000001b5da5e8ee0 JavaThread "Unconstrained build operations Thread 80" [_thread_blocked, id=28892, stack(0x0000004c84e00000,0x0000004c84f00000)]
  0x000001b5da5ea830 JavaThread "Unconstrained build operations Thread 81" [_thread_blocked, id=29460, stack(0x0000004c84f00000,0x0000004c85000000)]
  0x000001b5da5e93f0 JavaThread "Unconstrained build operations Thread 82" [_thread_blocked, id=8148, stack(0x0000004c85000000,0x0000004c85100000)]
  0x000001b5da5ead40 JavaThread "Unconstrained build operations Thread 83" [_thread_blocked, id=12800, stack(0x0000004c85100000,0x0000004c85200000)]
  0x000001b5da5ebc70 JavaThread "Unconstrained build operations Thread 84" [_thread_blocked, id=14208, stack(0x0000004c85200000,0x0000004c85300000)]
  0x000001b5da5e84c0 JavaThread "Unconstrained build operations Thread 85" [_thread_blocked, id=12320, stack(0x0000004c85300000,0x0000004c85400000)]
  0x000001b5da5ec180 JavaThread "Unconstrained build operations Thread 86" [_thread_blocked, id=12604, stack(0x0000004c85400000,0x0000004c85500000)]
  0x000001b5da5e89d0 JavaThread "Unconstrained build operations Thread 87" [_thread_blocked, id=8796, stack(0x0000004c85500000,0x0000004c85600000)]
  0x000001b5da5ec690 JavaThread "Unconstrained build operations Thread 88" [_thread_blocked, id=11932, stack(0x0000004c85600000,0x0000004c85700000)]
  0x000001b5da5ed0b0 JavaThread "Unconstrained build operations Thread 89" [_thread_blocked, id=34092, stack(0x0000004c85700000,0x0000004c85800000)]
  0x000001b5da5eb760 JavaThread "Unconstrained build operations Thread 90" [_thread_blocked, id=11244, stack(0x0000004c85800000,0x0000004c85900000)]
  0x000001b5da5ecba0 JavaThread "Unconstrained build operations Thread 91" [_thread_blocked, id=18316, stack(0x0000004c85900000,0x0000004c85a00000)]
  0x000001b5da5e9900 JavaThread "Unconstrained build operations Thread 92" [_thread_blocked, id=28792, stack(0x0000004c85a00000,0x0000004c85b00000)]
  0x000001b5da5eb250 JavaThread "Unconstrained build operations Thread 93" [_thread_in_native, id=34204, stack(0x0000004c85b00000,0x0000004c85c00000)]
  0x000001b5da5ed5c0 JavaThread "Unconstrained build operations Thread 94" [_thread_blocked, id=5700, stack(0x0000004c85c00000,0x0000004c85d00000)]
  0x000001b5da5edad0 JavaThread "Unconstrained build operations Thread 95" [_thread_blocked, id=35108, stack(0x0000004c85d00000,0x0000004c85e00000)]
  0x000001b5da5e9e10 JavaThread "Unconstrained build operations Thread 96" [_thread_blocked, id=32608, stack(0x0000004c85e00000,0x0000004c85f00000)]
  0x000001b5da5ea320 JavaThread "Unconstrained build operations Thread 97" [_thread_blocked, id=7620, stack(0x0000004c85f00000,0x0000004c86000000)]
  0x000001b5da5ee4f0 JavaThread "Unconstrained build operations Thread 98" [_thread_blocked, id=34840, stack(0x0000004c86000000,0x0000004c86100000)]
  0x000001b5da5edfe0 JavaThread "Unconstrained build operations Thread 99" [_thread_blocked, id=19668, stack(0x0000004c86100000,0x0000004c86200000)]
  0x000001b5da5eea00 JavaThread "Unconstrained build operations Thread 100" [_thread_blocked, id=4064, stack(0x0000004c86200000,0x0000004c86300000)]
  0x000001b5da5eef10 JavaThread "Unconstrained build operations Thread 101" [_thread_blocked, id=20636, stack(0x0000004c86300000,0x0000004c86400000)]
  0x000001b5da5ef420 JavaThread "Unconstrained build operations Thread 102" [_thread_blocked, id=32852, stack(0x0000004c86400000,0x0000004c86500000)]
  0x000001b5da5ef930 JavaThread "Unconstrained build operations Thread 103" [_thread_blocked, id=25516, stack(0x0000004c86500000,0x0000004c86600000)]
  0x000001b5da5efe40 JavaThread "Unconstrained build operations Thread 104" [_thread_blocked, id=31212, stack(0x0000004c86600000,0x0000004c86700000)]
  0x000001b5d71938f0 JavaThread "Unconstrained build operations Thread 105" [_thread_blocked, id=14168, stack(0x0000004c86700000,0x0000004c86800000)]
  0x000001b5d7194d30 JavaThread "Unconstrained build operations Thread 106" [_thread_blocked, id=25572, stack(0x0000004c86800000,0x0000004c86900000)]
  0x000001b5d7195240 JavaThread "Unconstrained build operations Thread 107" [_thread_blocked, id=20328, stack(0x0000004c86900000,0x0000004c86a00000)]
  0x000001b5d7195c60 JavaThread "Unconstrained build operations Thread 108" [_thread_blocked, id=23404, stack(0x0000004c86a00000,0x0000004c86b00000)]
  0x000001b5d7196680 JavaThread "Unconstrained build operations Thread 109" [_thread_blocked, id=28076, stack(0x0000004c86b00000,0x0000004c86c00000)]
  0x000001b5d71933e0 JavaThread "Unconstrained build operations Thread 110" [_thread_blocked, id=2776, stack(0x0000004c86c00000,0x0000004c86d00000)]
  0x000001b5d7193e00 JavaThread "Unconstrained build operations Thread 111" [_thread_blocked, id=34316, stack(0x0000004c86d00000,0x0000004c86e00000)]
  0x000001b5d7195750 JavaThread "Unconstrained build operations Thread 112" [_thread_blocked, id=11808, stack(0x0000004c86e00000,0x0000004c86f00000)]
  0x000001b5d7196170 JavaThread "Unconstrained build operations Thread 113" [_thread_blocked, id=2780, stack(0x0000004c86f00000,0x0000004c87000000)]
  0x000001b5d7194820 JavaThread "Unconstrained build operations Thread 114" [_thread_blocked, id=2900, stack(0x0000004c87000000,0x0000004c87100000)]
  0x000001b5d7194310 JavaThread "Unconstrained build operations Thread 115" [_thread_blocked, id=19476, stack(0x0000004c87100000,0x0000004c87200000)]
  0x000001b5d7192ed0 JavaThread "Unconstrained build operations Thread 116" [_thread_blocked, id=24076, stack(0x0000004c87200000,0x0000004c87300000)]
  0x000001b5d71989f0 JavaThread "Unconstrained build operations Thread 117" [_thread_blocked, id=7912, stack(0x0000004c87300000,0x0000004c87400000)]
  0x000001b5d7198f00 JavaThread "Unconstrained build operations Thread 118" [_thread_blocked, id=9484, stack(0x0000004c87400000,0x0000004c87500000)]
  0x000001b5d7197fd0 JavaThread "Unconstrained build operations Thread 119" [_thread_blocked, id=29016, stack(0x0000004c87500000,0x0000004c87600000)]
  0x000001b5d71975b0 JavaThread "Unconstrained build operations Thread 120" [_thread_blocked, id=17496, stack(0x0000004c87600000,0x0000004c87700000)]
  0x000001b5d7199410 JavaThread "Unconstrained build operations Thread 121" [_thread_blocked, id=9588, stack(0x0000004c87700000,0x0000004c87800000)]
  0x000001b5d7197ac0 JavaThread "Unconstrained build operations Thread 122" [_thread_blocked, id=2592, stack(0x0000004c87800000,0x0000004c87900000)]
  0x000001b5d71984e0 JavaThread "Unconstrained build operations Thread 123" [_thread_blocked, id=32672, stack(0x0000004c87900000,0x0000004c87a00000)]
  0x000001b5d7199920 JavaThread "Unconstrained build operations Thread 124" [_thread_blocked, id=33368, stack(0x0000004c87a00000,0x0000004c87b00000)]
  0x000001b5d719a340 JavaThread "Unconstrained build operations Thread 125" [_thread_blocked, id=5524, stack(0x0000004c87b00000,0x0000004c87c00000)]
  0x000001b5d7196b90 JavaThread "Unconstrained build operations Thread 126" [_thread_blocked, id=33668, stack(0x0000004c87c00000,0x0000004c87d00000)]
  0x000001b5d7199e30 JavaThread "Unconstrained build operations Thread 127" [_thread_blocked, id=26712, stack(0x0000004c87d00000,0x0000004c87e00000)]
  0x000001b5d719a850 JavaThread "Unconstrained build operations Thread 128" [_thread_blocked, id=5680, stack(0x0000004c87e00000,0x0000004c87f00000)]
  0x000001b5d71970a0 JavaThread "Unconstrained build operations Thread 129" [_thread_blocked, id=8424, stack(0x0000004c87f00000,0x0000004c88000000)]
  0x000001b5d70f92a0 JavaThread "Unconstrained build operations Thread 130" [_thread_blocked, id=31580, stack(0x0000004c88000000,0x0000004c88100000)]
  0x000001b5d70fabf0 JavaThread "Unconstrained build operations Thread 131" [_thread_blocked, id=13068, stack(0x0000004c88100000,0x0000004c88200000)]
  0x000001b5d70fc540 JavaThread "Unconstrained build operations Thread 132" [_thread_blocked, id=27164, stack(0x0000004c88200000,0x0000004c88300000)]
  0x000001b5d70f97b0 JavaThread "Unconstrained build operations Thread 133" [_thread_blocked, id=35816, stack(0x0000004c88300000,0x0000004c88400000)]
  0x000001b5d70f8d90 JavaThread "Unconstrained build operations Thread 134" [_thread_blocked, id=976, stack(0x0000004c88400000,0x0000004c88500000)]
  0x000001b5d70fca50 JavaThread "Unconstrained build operations Thread 135" [_thread_blocked, id=21660, stack(0x0000004c88500000,0x0000004c88600000)]
  0x000001b5d70fbb20 JavaThread "Unconstrained build operations Thread 136" [_thread_blocked, id=26768, stack(0x0000004c88600000,0x0000004c88700000)]
  0x000001b5d70fa1d0 JavaThread "Unconstrained build operations Thread 137" [_thread_blocked, id=30948, stack(0x0000004c88700000,0x0000004c88800000)]
  0x000001b5d70fc030 JavaThread "Unconstrained build operations Thread 138" [_thread_blocked, id=23724, stack(0x0000004c88800000,0x0000004c88900000)]
  0x000001b5d70fcf60 JavaThread "Unconstrained build operations Thread 139" [_thread_in_Java, id=20228, stack(0x0000004c88900000,0x0000004c88a00000)]
  0x000001b5d70fb100 JavaThread "Unconstrained build operations Thread 140" [_thread_blocked, id=17604, stack(0x0000004c88a00000,0x0000004c88b00000)]
  0x000001b5d70f9cc0 JavaThread "Unconstrained build operations Thread 141" [_thread_blocked, id=23196, stack(0x0000004c88b00000,0x0000004c88c00000)]
  0x000001b5d70fd470 JavaThread "Unconstrained build operations Thread 142" [_thread_blocked, id=35556, stack(0x0000004c88c00000,0x0000004c88d00000)]
  0x000001b5d70fd980 JavaThread "Unconstrained build operations Thread 143" [_thread_blocked, id=432, stack(0x0000004c88d00000,0x0000004c88e00000)]
  0x000001b5d70fde90 JavaThread "Unconstrained build operations Thread 144" [_thread_blocked, id=33892, stack(0x0000004c88e00000,0x0000004c88f00000)]
  0x000001b5d70fa6e0 JavaThread "Unconstrained build operations Thread 145" [_thread_blocked, id=22400, stack(0x0000004c88f00000,0x0000004c89000000)]
  0x000001b5d70fe3a0 JavaThread "Unconstrained build operations Thread 146" [_thread_blocked, id=25080, stack(0x0000004c89000000,0x0000004c89100000)]
  0x000001b5d70fb610 JavaThread "Unconstrained build operations Thread 147" [_thread_blocked, id=12752, stack(0x0000004c89100000,0x0000004c89200000)]
  0x000001b5d70fe8b0 JavaThread "Memory manager" [_thread_blocked, id=33068, stack(0x0000004c89300000,0x0000004c89400000)]
  0x000001b5d87d2880 JavaThread "Unconstrained build operations Thread 148" [_thread_blocked, id=14392, stack(0x0000004c89500000,0x0000004c89600000)]
  0x000001b5d87d2d90 JavaThread "Unconstrained build operations Thread 149" [_thread_blocked, id=17328, stack(0x0000004c89600000,0x0000004c89700000)]
  0x000001b5d87d0a20 JavaThread "Unconstrained build operations Thread 150" [_thread_blocked, id=14648, stack(0x0000004c89700000,0x0000004c89800000)]
  0x000001b5d87d1950 JavaThread "Unconstrained build operations Thread 151" [_thread_blocked, id=21544, stack(0x0000004c89800000,0x0000004c89900000)]
  0x000001b5d87d0f30 JavaThread "Unconstrained build operations Thread 152" [_thread_blocked, id=30820, stack(0x0000004c89900000,0x0000004c89a00000)]
  0x000001b5d87d32a0 JavaThread "Unconstrained build operations Thread 153" [_thread_blocked, id=24124, stack(0x0000004c89a00000,0x0000004c89b00000)]
  0x000001b5dcab1b80 JavaThread "C2 CompilerThread2" daemon [_thread_in_native, id=14476, stack(0x0000004c89200000,0x0000004c89300000)]
=>0x000001b5dcab00f0 JavaThread "C2 CompilerThread3" daemon [_thread_in_native, id=16048, stack(0x0000004c89400000,0x0000004c89500000)]
  0x000001b5d87d3cc0 JavaThread "build event listener" [_thread_blocked, id=32568, stack(0x0000004c89c00000,0x0000004c89d00000)]
  0x000001b5d87d0510 JavaThread "pool-3-thread-1" [_thread_blocked, id=13040, stack(0x0000004c89d00000,0x0000004c89e00000)]
  0x000001b5d87d41d0 JavaThread "build event listener" [_thread_blocked, id=3684, stack(0x0000004c89e00000,0x0000004c89f00000)]
  0x000001b5d87d46e0 JavaThread "included builds" [_thread_blocked, id=35328, stack(0x0000004c89f00000,0x0000004c8a000000)]
  0x000001b5d87d4bf0 JavaThread "Execution worker for ':'" [_thread_blocked, id=34224, stack(0x0000004c8a000000,0x0000004c8a100000)]
  0x000001b5d87d1440 JavaThread "Execution worker for ':' Thread 2" [_thread_blocked, id=14684, stack(0x0000004c8a100000,0x0000004c8a200000)]
  0x000001b5d87d5100 JavaThread "Execution worker for ':' Thread 3" [_thread_blocked, id=33192, stack(0x0000004c8a200000,0x0000004c8a300000)]
  0x000001b5d87d6540 JavaThread "Execution worker for ':' Thread 4" [_thread_blocked, id=26684, stack(0x0000004c8a300000,0x0000004c8a400000)]
  0x000001b5d87d6a50 JavaThread "Execution worker for ':' Thread 5" [_thread_blocked, id=2852, stack(0x0000004c8a400000,0x0000004c8a500000)]
  0x000001b5d87d5610 JavaThread "Execution worker for ':' Thread 6" [_thread_blocked, id=9736, stack(0x0000004c8a500000,0x0000004c8a600000)]
  0x000001b5d87d6f60 JavaThread "Execution worker for ':' Thread 7" [_thread_blocked, id=28936, stack(0x0000004c8a600000,0x0000004c8a700000)]
  0x000001b5d87d5b20 JavaThread "Execution worker for ':' Thread 8" [_thread_blocked, id=34796, stack(0x0000004c8a700000,0x0000004c8a800000)]
  0x000001b5d87d6030 JavaThread "Execution worker for ':' Thread 9" [_thread_blocked, id=8352, stack(0x0000004c8a800000,0x0000004c8a900000)]
  0x000001b5dcc8c300 JavaThread "Execution worker for ':' Thread 10" [_thread_blocked, id=26824, stack(0x0000004c8a900000,0x0000004c8aa00000)]
  0x000001b5dcc8aec0 JavaThread "Execution worker for ':' Thread 11" [_thread_blocked, id=10116, stack(0x0000004c8aa00000,0x0000004c8ab00000)]
  0x000001b5dcc8a9b0 JavaThread "Execution worker for ':' Thread 12" [_thread_blocked, id=33464, stack(0x0000004c8ab00000,0x0000004c8ac00000)]
  0x000001b5dcc8b3d0 JavaThread "Execution worker for ':' Thread 13" [_thread_blocked, id=6304, stack(0x0000004c8ac00000,0x0000004c8ad00000)]
  0x000001b5dcc8b8e0 JavaThread "Execution worker for ':' Thread 14" [_thread_blocked, id=31560, stack(0x0000004c8ad00000,0x0000004c8ae00000)]
  0x000001b5dcc8bdf0 JavaThread "Execution worker for ':' Thread 15" [_thread_blocked, id=21520, stack(0x0000004c8b000000,0x0000004c8b100000)]
  0x000001b5dacf5f10 JavaThread "Cache worker for execution history cache (D:\OneDrive - University of Westminster\Documents\GitHub\ViMusic\.gradle\7.4\executionHistory)" [_thread_blocked, id=6220, stack(0x0000004c8b100000,0x0000004c8b200000)]
  0x000001b5db198ed0 JavaThread "Unconstrained build operations Thread 154" [_thread_blocked, id=1104, stack(0x0000004c8b200000,0x0000004c8b300000)]
  0x000001b5db1998f0 JavaThread "Unconstrained build operations Thread 155" [_thread_blocked, id=2932, stack(0x0000004c8b300000,0x0000004c8b400000)]
  0x000001b5dcc484b0 JavaThread "Unconstrained build operations Thread 156" [_thread_blocked, id=10072, stack(0x0000004c8b400000,0x0000004c8b500000)]
  0x000001b5db199e00 JavaThread "Unconstrained build operations Thread 157" [_thread_blocked, id=35744, stack(0x0000004c8b500000,0x0000004c8b600000)]
  0x000001b5dcc47fa0 JavaThread "Unconstrained build operations Thread 158" [_thread_blocked, id=29636, stack(0x0000004c8b600000,0x0000004c8b700000)]
  0x000001b5dcc489c0 JavaThread "Unconstrained build operations Thread 159" [_thread_blocked, id=30876, stack(0x0000004c8b700000,0x0000004c8b800000)]
  0x000001b5dcc47070 JavaThread "Unconstrained build operations Thread 160" [_thread_blocked, id=2964, stack(0x0000004c8b800000,0x0000004c8b900000)]
  0x000001b5d87d7470 JavaThread "WorkerExecutor Queue" [_thread_in_Java, id=12528, stack(0x0000004c8b900000,0x0000004c8ba00000)]

Other Threads:
  0x000001b5d4042010 VMThread "VM Thread" [stack: 0x0000004cfb500000,0x0000004cfb600000] [id=22048]
  0x000001b5d41e5cc0 WatcherThread [stack: 0x0000004cfc200000,0x0000004cfc300000] [id=4024]
  0x000001b5e9596800 GCTaskThread "GC Thread#0" [stack: 0x0000004cfb000000,0x0000004cfb100000] [id=34136]
  0x000001b5d5255de0 GCTaskThread "GC Thread#1" [stack: 0x0000004cfc800000,0x0000004cfc900000] [id=25456]
  0x000001b5d52c5c70 GCTaskThread "GC Thread#2" [stack: 0x0000004cfc900000,0x0000004cfca00000] [id=7060]
  0x000001b5d52c4560 GCTaskThread "GC Thread#3" [stack: 0x0000004cfca00000,0x0000004cfcb00000] [id=24120]
  0x000001b5d5235da0 GCTaskThread "GC Thread#4" [stack: 0x0000004cfcb00000,0x0000004cfcc00000] [id=24568]
  0x000001b5d51d23d0 GCTaskThread "GC Thread#5" [stack: 0x0000004cfcc00000,0x0000004cfcd00000] [id=34948]
  0x000001b5d5a52420 GCTaskThread "GC Thread#6" [stack: 0x0000004cfdf00000,0x0000004cfe000000] [id=33152]
  0x000001b5d5a51660 GCTaskThread "GC Thread#7" [stack: 0x0000004cfe000000,0x0000004cfe100000] [id=33596]
  0x000001b5d5a51ea0 GCTaskThread "GC Thread#8" [stack: 0x0000004cfe100000,0x0000004cfe200000] [id=34900]
  0x000001b5d5a529a0 GCTaskThread "GC Thread#9" [stack: 0x0000004cfe200000,0x0000004cfe300000] [id=23272]
  0x000001b5d5a52c60 GCTaskThread "GC Thread#10" [stack: 0x0000004cfe300000,0x0000004cfe400000] [id=29512]
  0x000001b5d5a52160 GCTaskThread "GC Thread#11" [stack: 0x0000004cfe400000,0x0000004cfe500000] [id=6160]
  0x000001b5d5a52f20 GCTaskThread "GC Thread#12" [stack: 0x0000004cfe500000,0x0000004cfe600000] [id=10652]
  0x000001b5e95a7660 ConcurrentGCThread "G1 Main Marker" [stack: 0x0000004cfb100000,0x0000004cfb200000] [id=12736]
  0x000001b5e95a9c60 ConcurrentGCThread "G1 Conc#0" [stack: 0x0000004cfb200000,0x0000004cfb300000] [id=13484]
  0x000001b5d5a513a0 ConcurrentGCThread "G1 Conc#1" [stack: 0x0000004cfe600000,0x0000004cfe700000] [id=26852]
  0x000001b5d5a51920 ConcurrentGCThread "G1 Conc#2" [stack: 0x0000004cfe700000,0x0000004cfe800000] [id=14308]
  0x000001b5fb0f7a20 ConcurrentGCThread "G1 Refine#0" [stack: 0x0000004cfb300000,0x0000004cfb400000] [id=19808]
  0x000001b5d7ba0b00 ConcurrentGCThread "G1 Refine#1" [stack: 0x0000004c89b00000,0x0000004c89c00000] [id=35504]
  0x000001b5e262d9f0 ConcurrentGCThread "G1 Refine#2" [stack: 0x0000004c8ba00000,0x0000004c8bb00000] [id=15600]
  0x000001b5e262ade0 ConcurrentGCThread "G1 Refine#3" [stack: 0x0000004c8bb00000,0x0000004c8bc00000] [id=33952]
  0x000001b5e262b0d0 ConcurrentGCThread "G1 Refine#4" [stack: 0x0000004c8bc00000,0x0000004c8bd00000] [id=14428]
  0x000001b5e262b3c0 ConcurrentGCThread "G1 Refine#5" [stack: 0x0000004c8bd00000,0x0000004c8be00000] [id=14600]
  0x000001b5e262a510 ConcurrentGCThread "G1 Refine#6" [stack: 0x0000004c8be00000,0x0000004c8bf00000] [id=16756]
  0x000001b5fb0f9110 ConcurrentGCThread "G1 Service" [stack: 0x0000004cfb400000,0x0000004cfb500000] [id=5168]

Threads with active compile tasks:
C2 CompilerThread0    16366 18300 %     4       com.android.tools.r8.graph.y2::a @ 36 (136 bytes)
C1 CompilerThread1    16367 18674       2       java.util.ArrayDeque::<init> (14 bytes)
C2 CompilerThread1    16368 18327       4       com.android.tools.r8.internal.Ef::e (297 bytes)
C2 CompilerThread2    16369 18578       4       com.android.tools.r8.internal.As::a (990 bytes)
C2 CompilerThread3    16370 17530       4       com.android.tools.r8.internal.Pa::a (4413 bytes)

VM state: not at safepoint (normal execution)

VM Mutex/Monitor currently owned by a thread: None

Heap address: 0x0000000080000000, size: 2048 MB, Compressed Oops mode: 32-bit

CDS archive(s) mapped at: [0x000001b58f000000-0x000001b58fbd0000-0x000001b58fbd0000), size 12386304, SharedBaseAddress: 0x000001b58f000000, ArchiveRelocationMode: 1.
Compressed class space mapped at: 0x000001b590000000-0x000001b5d0000000, reserved size: 1073741824
Narrow klass base: 0x000001b58f000000, Narrow klass shift: 0, Narrow klass range: 0x100000000

GC Precious Log:
 CPUs: 16 total, 16 available
 Memory: 16202M
 Large Page Support: Disabled
 NUMA Support: Disabled
 Compressed Oops: Enabled (32-bit)
 Heap Region Size: 1M
 Heap Min Capacity: 8M
 Heap Initial Capacity: 254M
 Heap Max Capacity: 2G
 Pre-touch: Disabled
 Parallel Workers: 13
 Concurrent Workers: 3
 Concurrent Refinement Workers: 13
 Periodic GC: Disabled

Heap:
 garbage-first heap   total 704512K, used 430999K [0x0000000080000000, 0x0000000100000000)
  region size 1024K, 117 young (119808K), 25 survivors (25600K)
 Metaspace       used 108250K, committed 109248K, reserved 1179648K
  class space    used 15763K, committed 16192K, reserved 1048576K

Heap Regions: E=young(eden), S=young(survivor), O=old, HS=humongous(starts), HC=humongous(continues), CS=collection set, F=free, OA=open archive, CA=closed archive, TAMS=top-at-mark-start (previous, next)
|   0|0x0000000080000000, 0x0000000080100000, 0x0000000080100000|100%| O|  |TAMS 0x0000000080100000, 0x0000000080000000| Untracked 
|   1|0x0000000080100000, 0x0000000080200000, 0x0000000080200000|100%| O|  |TAMS 0x0000000080200000, 0x0000000080100000| Untracked 
|   2|0x0000000080200000, 0x0000000080300000, 0x0000000080300000|100%| O|  |TAMS 0x0000000080300000, 0x0000000080200000| Untracked 
|   3|0x0000000080300000, 0x0000000080400000, 0x0000000080400000|100%|HS|  |TAMS 0x0000000080400000, 0x0000000080300000| Complete 
|   4|0x0000000080400000, 0x0000000080500000, 0x0000000080500000|100%|HC|  |TAMS 0x0000000080500000, 0x0000000080400000| Complete 
|   5|0x0000000080500000, 0x0000000080600000, 0x0000000080600000|100%|HC|  |TAMS 0x0000000080600000, 0x0000000080500000| Complete 
|   6|0x0000000080600000, 0x0000000080700000, 0x0000000080700000|100%| O|  |TAMS 0x0000000080700000, 0x0000000080600000| Untracked 
|   7|0x0000000080700000, 0x0000000080800000, 0x0000000080800000|100%| O|  |TAMS 0x0000000080800000, 0x0000000080700000| Untracked 
|   8|0x0000000080800000, 0x0000000080900000, 0x0000000080900000|100%| O|  |TAMS 0x0000000080900000, 0x0000000080800000| Untracked 
|   9|0x0000000080900000, 0x0000000080a00000, 0x0000000080a00000|100%| O|  |TAMS 0x0000000080a00000, 0x0000000080900000| Untracked 
|  10|0x0000000080a00000, 0x0000000080b00000, 0x0000000080b00000|100%| O|  |TAMS 0x0000000080b00000, 0x0000000080a00000| Untracked 
|  11|0x0000000080b00000, 0x0000000080c00000, 0x0000000080c00000|100%| O|  |TAMS 0x0000000080c00000, 0x0000000080b00000| Untracked 
|  12|0x0000000080c00000, 0x0000000080d00000, 0x0000000080d00000|100%| O|  |TAMS 0x0000000080d00000, 0x0000000080c00000| Untracked 
|  13|0x0000000080d00000, 0x0000000080e00000, 0x0000000080e00000|100%| O|  |TAMS 0x0000000080e00000, 0x0000000080d00000| Untracked 
|  14|0x0000000080e00000, 0x0000000080f00000, 0x0000000080f00000|100%| O|  |TAMS 0x0000000080f00000, 0x0000000080e00000| Untracked 
|  15|0x0000000080f00000, 0x0000000081000000, 0x0000000081000000|100%| O|  |TAMS 0x0000000081000000, 0x0000000080f00000| Untracked 
|  16|0x0000000081000000, 0x0000000081100000, 0x0000000081100000|100%| O|  |TAMS 0x0000000081100000, 0x0000000081000000| Untracked 
|  17|0x0000000081100000, 0x0000000081200000, 0x0000000081200000|100%| O|  |TAMS 0x0000000081200000, 0x0000000081100000| Untracked 
|  18|0x0000000081200000, 0x0000000081300000, 0x0000000081300000|100%| O|  |TAMS 0x0000000081300000, 0x0000000081200000| Untracked 
|  19|0x0000000081300000, 0x0000000081400000, 0x0000000081400000|100%| O|  |TAMS 0x0000000081400000, 0x0000000081300000| Untracked 
|  20|0x0000000081400000, 0x0000000081500000, 0x0000000081500000|100%| O|  |TAMS 0x0000000081500000, 0x0000000081400000| Untracked 
|  21|0x0000000081500000, 0x0000000081600000, 0x0000000081600000|100%| O|  |TAMS 0x0000000081600000, 0x0000000081500000| Untracked 
|  22|0x0000000081600000, 0x0000000081700000, 0x0000000081700000|100%| O|  |TAMS 0x0000000081700000, 0x0000000081600000| Untracked 
|  23|0x0000000081700000, 0x0000000081800000, 0x0000000081800000|100%| O|  |TAMS 0x0000000081800000, 0x0000000081700000| Untracked 
|  24|0x0000000081800000, 0x0000000081900000, 0x0000000081900000|100%| O|  |TAMS 0x0000000081900000, 0x0000000081800000| Untracked 
|  25|0x0000000081900000, 0x0000000081a00000, 0x0000000081a00000|100%| O|  |TAMS 0x0000000081a00000, 0x0000000081900000| Untracked 
|  26|0x0000000081a00000, 0x0000000081b00000, 0x0000000081b00000|100%| O|  |TAMS 0x0000000081b00000, 0x0000000081a00000| Untracked 
|  27|0x0000000081b00000, 0x0000000081c00000, 0x0000000081c00000|100%| O|  |TAMS 0x0000000081c00000, 0x0000000081b00000| Untracked 
|  28|0x0000000081c00000, 0x0000000081d00000, 0x0000000081d00000|100%| O|  |TAMS 0x0000000081d00000, 0x0000000081c00000| Untracked 
|  29|0x0000000081d00000, 0x0000000081e00000, 0x0000000081e00000|100%| O|  |TAMS 0x0000000081e00000, 0x0000000081d00000| Untracked 
|  30|0x0000000081e00000, 0x0000000081f00000, 0x0000000081f00000|100%| O|  |TAMS 0x0000000081f00000, 0x0000000081e00000| Untracked 
|  31|0x0000000081f00000, 0x0000000082000000, 0x0000000082000000|100%| O|  |TAMS 0x0000000082000000, 0x0000000081f00000| Untracked 
|  32|0x0000000082000000, 0x0000000082100000, 0x0000000082100000|100%| O|  |TAMS 0x0000000082100000, 0x0000000082000000| Untracked 
|  33|0x0000000082100000, 0x0000000082200000, 0x0000000082200000|100%| O|  |TAMS 0x0000000082200000, 0x0000000082100000| Untracked 
|  34|0x0000000082200000, 0x0000000082300000, 0x0000000082300000|100%| O|  |TAMS 0x0000000082300000, 0x0000000082200000| Untracked 
|  35|0x0000000082300000, 0x0000000082400000, 0x0000000082400000|100%|HS|  |TAMS 0x0000000082400000, 0x0000000082300000| Complete 
|  36|0x0000000082400000, 0x0000000082500000, 0x0000000082500000|100%|HS|  |TAMS 0x0000000082500000, 0x0000000082400000| Complete 
|  37|0x0000000082500000, 0x0000000082600000, 0x0000000082600000|100%|HS|  |TAMS 0x0000000082600000, 0x0000000082500000| Complete 
|  38|0x0000000082600000, 0x0000000082700000, 0x0000000082700000|100%|HS|  |TAMS 0x0000000082700000, 0x0000000082600000| Complete 
|  39|0x0000000082700000, 0x0000000082800000, 0x0000000082800000|100%|HC|  |TAMS 0x0000000082800000, 0x0000000082700000| Complete 
|  40|0x0000000082800000, 0x0000000082900000, 0x0000000082900000|100%|HC|  |TAMS 0x0000000082900000, 0x0000000082800000| Complete 
|  41|0x0000000082900000, 0x0000000082a00000, 0x0000000082a00000|100%|HC|  |TAMS 0x0000000082a00000, 0x0000000082900000| Complete 
|  42|0x0000000082a00000, 0x0000000082b00000, 0x0000000082b00000|100%| O|  |TAMS 0x0000000082b00000, 0x0000000082a00000| Untracked 
|  43|0x0000000082b00000, 0x0000000082c00000, 0x0000000082c00000|100%| O|  |TAMS 0x0000000082c00000, 0x0000000082b00000| Untracked 
|  44|0x0000000082c00000, 0x0000000082d00000, 0x0000000082d00000|100%| O|  |TAMS 0x0000000082d00000, 0x0000000082c00000| Untracked 
|  45|0x0000000082d00000, 0x0000000082e00000, 0x0000000082e00000|100%| O|  |TAMS 0x0000000082e00000, 0x0000000082d00000| Untracked 
|  46|0x0000000082e00000, 0x0000000082f00000, 0x0000000082f00000|100%| O|  |TAMS 0x0000000082f00000, 0x0000000082e00000| Untracked 
|  47|0x0000000082f00000, 0x0000000083000000, 0x0000000083000000|100%| O|  |TAMS 0x0000000083000000, 0x0000000082f00000| Untracked 
|  48|0x0000000083000000, 0x0000000083100000, 0x0000000083100000|100%| O|  |TAMS 0x0000000083100000, 0x0000000083000000| Untracked 
|  49|0x0000000083100000, 0x0000000083200000, 0x0000000083200000|100%| O|  |TAMS 0x0000000083200000, 0x0000000083100000| Untracked 
|  50|0x0000000083200000, 0x0000000083300000, 0x0000000083300000|100%|HS|  |TAMS 0x0000000083300000, 0x0000000083200000| Complete 
|  51|0x0000000083300000, 0x0000000083400000, 0x0000000083400000|100%|HC|  |TAMS 0x0000000083400000, 0x0000000083300000| Complete 
|  52|0x0000000083400000, 0x0000000083500000, 0x0000000083500000|100%| O|  |TAMS 0x0000000083500000, 0x0000000083400000| Untracked 
|  53|0x0000000083500000, 0x0000000083600000, 0x0000000083600000|100%| O|  |TAMS 0x0000000083600000, 0x0000000083500000| Untracked 
|  54|0x0000000083600000, 0x0000000083700000, 0x0000000083700000|100%| O|  |TAMS 0x0000000083700000, 0x0000000083600000| Untracked 
|  55|0x0000000083700000, 0x0000000083800000, 0x0000000083800000|100%| O|  |TAMS 0x0000000083800000, 0x0000000083700000| Untracked 
|  56|0x0000000083800000, 0x0000000083900000, 0x0000000083900000|100%| O|  |TAMS 0x0000000083900000, 0x0000000083800000| Untracked 
|  57|0x0000000083900000, 0x0000000083a00000, 0x0000000083a00000|100%| O|  |TAMS 0x0000000083a00000, 0x0000000083900000| Untracked 
|  58|0x0000000083a00000, 0x0000000083b00000, 0x0000000083b00000|100%| O|  |TAMS 0x0000000083b00000, 0x0000000083a00000| Untracked 
|  59|0x0000000083b00000, 0x0000000083c00000, 0x0000000083c00000|100%| O|  |TAMS 0x0000000083c00000, 0x0000000083b00000| Untracked 
|  60|0x0000000083c00000, 0x0000000083d00000, 0x0000000083d00000|100%| O|  |TAMS 0x0000000083d00000, 0x0000000083c00000| Untracked 
|  61|0x0000000083d00000, 0x0000000083e00000, 0x0000000083e00000|100%| O|  |TAMS 0x0000000083e00000, 0x0000000083d00000| Untracked 
|  62|0x0000000083e00000, 0x0000000083f00000, 0x0000000083f00000|100%| O|  |TAMS 0x0000000083f00000, 0x0000000083e00000| Untracked 
|  63|0x0000000083f00000, 0x0000000084000000, 0x0000000084000000|100%| O|  |TAMS 0x0000000084000000, 0x0000000083f00000| Untracked 
|  64|0x0000000084000000, 0x0000000084100000, 0x0000000084100000|100%| O|  |TAMS 0x0000000084100000, 0x0000000084000000| Untracked 
|  65|0x0000000084100000, 0x0000000084200000, 0x0000000084200000|100%| O|  |TAMS 0x0000000084200000, 0x0000000084100000| Untracked 
|  66|0x0000000084200000, 0x0000000084300000, 0x0000000084300000|100%| O|  |TAMS 0x0000000084300000, 0x0000000084200000| Untracked 
|  67|0x0000000084300000, 0x0000000084400000, 0x0000000084400000|100%| O|  |TAMS 0x0000000084400000, 0x0000000084300000| Untracked 
|  68|0x0000000084400000, 0x0000000084500000, 0x0000000084500000|100%| O|  |TAMS 0x0000000084500000, 0x0000000084400000| Untracked 
|  69|0x0000000084500000, 0x0000000084600000, 0x0000000084600000|100%| O|  |TAMS 0x0000000084600000, 0x0000000084500000| Untracked 
|  70|0x0000000084600000, 0x0000000084700000, 0x0000000084700000|100%| O|  |TAMS 0x0000000084700000, 0x0000000084600000| Untracked 
|  71|0x0000000084700000, 0x0000000084800000, 0x0000000084800000|100%| O|  |TAMS 0x0000000084800000, 0x0000000084700000| Untracked 
|  72|0x0000000084800000, 0x0000000084900000, 0x0000000084900000|100%| O|  |TAMS 0x0000000084900000, 0x0000000084800000| Untracked 
|  73|0x0000000084900000, 0x0000000084a00000, 0x0000000084a00000|100%| O|  |TAMS 0x0000000084a00000, 0x0000000084900000| Untracked 
|  74|0x0000000084a00000, 0x0000000084b00000, 0x0000000084b00000|100%| O|  |TAMS 0x0000000084b00000, 0x0000000084a00000| Untracked 
|  75|0x0000000084b00000, 0x0000000084c00000, 0x0000000084c00000|100%| O|  |TAMS 0x0000000084c00000, 0x0000000084b00000| Untracked 
|  76|0x0000000084c00000, 0x0000000084d00000, 0x0000000084d00000|100%| O|  |TAMS 0x0000000084d00000, 0x0000000084c00000| Untracked 
|  77|0x0000000084d00000, 0x0000000084e00000, 0x0000000084e00000|100%| O|  |TAMS 0x0000000084e00000, 0x0000000084d00000| Untracked 
|  78|0x0000000084e00000, 0x0000000084f00000, 0x0000000084f00000|100%| O|  |TAMS 0x0000000084f00000, 0x0000000084e00000| Untracked 
|  79|0x0000000084f00000, 0x0000000085000000, 0x0000000085000000|100%| O|  |TAMS 0x0000000085000000, 0x0000000084f00000| Untracked 
|  80|0x0000000085000000, 0x0000000085100000, 0x0000000085100000|100%| O|  |TAMS 0x0000000085100000, 0x0000000085000000| Untracked 
|  81|0x0000000085100000, 0x0000000085200000, 0x0000000085200000|100%| O|  |TAMS 0x0000000085200000, 0x0000000085100000| Untracked 
|  82|0x0000000085200000, 0x0000000085300000, 0x0000000085300000|100%| O|  |TAMS 0x0000000085300000, 0x0000000085200000| Untracked 
|  83|0x0000000085300000, 0x0000000085400000, 0x0000000085400000|100%| O|  |TAMS 0x0000000085400000, 0x0000000085300000| Untracked 
|  84|0x0000000085400000, 0x0000000085500000, 0x0000000085500000|100%| O|  |TAMS 0x0000000085500000, 0x0000000085400000| Untracked 
|  85|0x0000000085500000, 0x0000000085600000, 0x0000000085600000|100%| O|  |TAMS 0x0000000085600000, 0x0000000085500000| Untracked 
|  86|0x0000000085600000, 0x0000000085700000, 0x0000000085700000|100%| O|  |TAMS 0x0000000085700000, 0x0000000085600000| Untracked 
|  87|0x0000000085700000, 0x0000000085800000, 0x0000000085800000|100%| O|  |TAMS 0x0000000085800000, 0x0000000085700000| Untracked 
|  88|0x0000000085800000, 0x0000000085900000, 0x0000000085900000|100%| O|  |TAMS 0x0000000085900000, 0x0000000085800000| Untracked 
|  89|0x0000000085900000, 0x0000000085a00000, 0x0000000085a00000|100%| O|  |TAMS 0x0000000085a00000, 0x0000000085900000| Untracked 
|  90|0x0000000085a00000, 0x0000000085b00000, 0x0000000085b00000|100%| O|  |TAMS 0x0000000085b00000, 0x0000000085a00000| Untracked 
|  91|0x0000000085b00000, 0x0000000085c00000, 0x0000000085c00000|100%| O|  |TAMS 0x0000000085c00000, 0x0000000085b00000| Untracked 
|  92|0x0000000085c00000, 0x0000000085d00000, 0x0000000085d00000|100%| O|  |TAMS 0x0000000085d00000, 0x0000000085c00000| Untracked 
|  93|0x0000000085d00000, 0x0000000085e00000, 0x0000000085e00000|100%| O|  |TAMS 0x0000000085e00000, 0x0000000085d00000| Untracked 
|  94|0x0000000085e00000, 0x0000000085f00000, 0x0000000085f00000|100%| O|  |TAMS 0x0000000085f00000, 0x0000000085e00000| Untracked 
|  95|0x0000000085f00000, 0x0000000086000000, 0x0000000086000000|100%| O|  |TAMS 0x0000000086000000, 0x0000000085f00000| Untracked 
|  96|0x0000000086000000, 0x0000000086100000, 0x0000000086100000|100%| O|  |TAMS 0x0000000086100000, 0x0000000086000000| Untracked 
|  97|0x0000000086100000, 0x0000000086200000, 0x0000000086200000|100%| O|  |TAMS 0x0000000086200000, 0x0000000086100000| Untracked 
|  98|0x0000000086200000, 0x0000000086300000, 0x0000000086300000|100%| O|  |TAMS 0x0000000086300000, 0x0000000086200000| Untracked 
|  99|0x0000000086300000, 0x0000000086400000, 0x0000000086400000|100%| O|  |TAMS 0x0000000086400000, 0x0000000086300000| Untracked 
| 100|0x0000000086400000, 0x0000000086500000, 0x0000000086500000|100%| O|  |TAMS 0x0000000086500000, 0x0000000086400000| Untracked 
| 101|0x0000000086500000, 0x0000000086600000, 0x0000000086600000|100%| O|  |TAMS 0x0000000086600000, 0x0000000086500000| Untracked 
| 102|0x0000000086600000, 0x0000000086700000, 0x0000000086700000|100%| O|  |TAMS 0x0000000086700000, 0x0000000086600000| Untracked 
| 103|0x0000000086700000, 0x0000000086800000, 0x0000000086800000|100%| O|  |TAMS 0x0000000086800000, 0x0000000086700000| Untracked 
| 104|0x0000000086800000, 0x0000000086900000, 0x0000000086900000|100%| O|  |TAMS 0x0000000086900000, 0x0000000086800000| Untracked 
| 105|0x0000000086900000, 0x0000000086a00000, 0x0000000086a00000|100%| O|  |TAMS 0x0000000086a00000, 0x0000000086900000| Untracked 
| 106|0x0000000086a00000, 0x0000000086b00000, 0x0000000086b00000|100%| O|  |TAMS 0x0000000086b00000, 0x0000000086a00000| Untracked 
| 107|0x0000000086b00000, 0x0000000086c00000, 0x0000000086c00000|100%| O|  |TAMS 0x0000000086c00000, 0x0000000086b00000| Untracked 
| 108|0x0000000086c00000, 0x0000000086d00000, 0x0000000086d00000|100%| O|  |TAMS 0x0000000086d00000, 0x0000000086c00000| Untracked 
| 109|0x0000000086d00000, 0x0000000086e00000, 0x0000000086e00000|100%| O|  |TAMS 0x0000000086e00000, 0x0000000086d00000| Untracked 
| 110|0x0000000086e00000, 0x0000000086f00000, 0x0000000086f00000|100%| O|  |TAMS 0x0000000086f00000, 0x0000000086e00000| Untracked 
| 111|0x0000000086f00000, 0x0000000087000000, 0x0000000087000000|100%| O|  |TAMS 0x0000000087000000, 0x0000000086f00000| Untracked 
| 112|0x0000000087000000, 0x0000000087100000, 0x0000000087100000|100%| O|  |TAMS 0x0000000087100000, 0x0000000087000000| Untracked 
| 113|0x0000000087100000, 0x0000000087200000, 0x0000000087200000|100%| O|  |TAMS 0x0000000087200000, 0x0000000087100000| Untracked 
| 114|0x0000000087200000, 0x0000000087300000, 0x0000000087300000|100%| O|  |TAMS 0x0000000087300000, 0x0000000087200000| Untracked 
| 115|0x0000000087300000, 0x0000000087400000, 0x0000000087400000|100%| O|  |TAMS 0x0000000087400000, 0x0000000087300000| Untracked 
| 116|0x0000000087400000, 0x0000000087500000, 0x0000000087500000|100%| O|  |TAMS 0x0000000087500000, 0x0000000087400000| Untracked 
| 117|0x0000000087500000, 0x0000000087600000, 0x0000000087600000|100%| O|  |TAMS 0x0000000087600000, 0x0000000087500000| Untracked 
| 118|0x0000000087600000, 0x0000000087700000, 0x0000000087700000|100%| O|  |TAMS 0x0000000087700000, 0x0000000087600000| Untracked 
| 119|0x0000000087700000, 0x0000000087800000, 0x0000000087800000|100%| O|  |TAMS 0x0000000087800000, 0x0000000087700000| Untracked 
| 120|0x0000000087800000, 0x0000000087900000, 0x0000000087900000|100%| O|  |TAMS 0x0000000087900000, 0x0000000087800000| Untracked 
| 121|0x0000000087900000, 0x0000000087a00000, 0x0000000087a00000|100%| O|  |TAMS 0x0000000087a00000, 0x0000000087900000| Untracked 
| 122|0x0000000087a00000, 0x0000000087b00000, 0x0000000087b00000|100%| O|  |TAMS 0x0000000087b00000, 0x0000000087a00000| Untracked 
| 123|0x0000000087b00000, 0x0000000087c00000, 0x0000000087c00000|100%| O|  |TAMS 0x0000000087c00000, 0x0000000087b00000| Untracked 
| 124|0x0000000087c00000, 0x0000000087d00000, 0x0000000087d00000|100%| O|  |TAMS 0x0000000087d00000, 0x0000000087c00000| Untracked 
| 125|0x0000000087d00000, 0x0000000087e00000, 0x0000000087e00000|100%| O|  |TAMS 0x0000000087e00000, 0x0000000087d00000| Untracked 
| 126|0x0000000087e00000, 0x0000000087f00000, 0x0000000087f00000|100%|HS|  |TAMS 0x0000000087f00000, 0x0000000087e00000| Complete 
| 127|0x0000000087f00000, 0x0000000088000000, 0x0000000088000000|100%|HC|  |TAMS 0x0000000088000000, 0x0000000087f00000| Complete 
| 128|0x0000000088000000, 0x0000000088100000, 0x0000000088100000|100%| O|  |TAMS 0x0000000088100000, 0x0000000088000000| Untracked 
| 129|0x0000000088100000, 0x0000000088200000, 0x0000000088200000|100%| O|  |TAMS 0x0000000088200000, 0x0000000088100000| Untracked 
| 130|0x0000000088200000, 0x0000000088300000, 0x0000000088300000|100%| O|  |TAMS 0x0000000088300000, 0x0000000088200000| Untracked 
| 131|0x0000000088300000, 0x0000000088400000, 0x0000000088400000|100%| O|  |TAMS 0x0000000088400000, 0x0000000088300000| Untracked 
| 132|0x0000000088400000, 0x0000000088500000, 0x0000000088500000|100%| O|  |TAMS 0x0000000088500000, 0x0000000088400000| Untracked 
| 133|0x0000000088500000, 0x0000000088600000, 0x0000000088600000|100%| O|  |TAMS 0x0000000088600000, 0x0000000088500000| Untracked 
| 134|0x0000000088600000, 0x0000000088700000, 0x0000000088700000|100%| O|  |TAMS 0x0000000088700000, 0x0000000088600000| Untracked 
| 135|0x0000000088700000, 0x0000000088800000, 0x0000000088800000|100%| O|  |TAMS 0x0000000088800000, 0x0000000088700000| Untracked 
| 136|0x0000000088800000, 0x0000000088900000, 0x0000000088900000|100%| O|  |TAMS 0x0000000088900000, 0x0000000088800000| Untracked 
| 137|0x0000000088900000, 0x0000000088a00000, 0x0000000088a00000|100%| O|  |TAMS 0x0000000088a00000, 0x0000000088900000| Untracked 
| 138|0x0000000088a00000, 0x0000000088b00000, 0x0000000088b00000|100%| O|  |TAMS 0x0000000088b00000, 0x0000000088a00000| Untracked 
| 139|0x0000000088b00000, 0x0000000088c00000, 0x0000000088c00000|100%| O|  |TAMS 0x0000000088c00000, 0x0000000088b00000| Untracked 
| 140|0x0000000088c00000, 0x0000000088d00000, 0x0000000088d00000|100%| O|  |TAMS 0x0000000088d00000, 0x0000000088c00000| Untracked 
| 141|0x0000000088d00000, 0x0000000088e00000, 0x0000000088e00000|100%| O|  |TAMS 0x0000000088e00000, 0x0000000088d00000| Untracked 
| 142|0x0000000088e00000, 0x0000000088f00000, 0x0000000088f00000|100%| O|  |TAMS 0x0000000088f00000, 0x0000000088e00000| Untracked 
| 143|0x0000000088f00000, 0x0000000089000000, 0x0000000089000000|100%| O|  |TAMS 0x0000000089000000, 0x0000000088f00000| Untracked 
| 144|0x0000000089000000, 0x0000000089100000, 0x0000000089100000|100%| O|  |TAMS 0x0000000089100000, 0x0000000089000000| Untracked 
| 145|0x0000000089100000, 0x0000000089200000, 0x0000000089200000|100%| O|  |TAMS 0x0000000089200000, 0x0000000089100000| Untracked 
| 146|0x0000000089200000, 0x0000000089300000, 0x0000000089300000|100%| O|  |TAMS 0x0000000089300000, 0x0000000089200000| Untracked 
| 147|0x0000000089300000, 0x0000000089400000, 0x0000000089400000|100%| O|  |TAMS 0x0000000089400000, 0x0000000089300000| Untracked 
| 148|0x0000000089400000, 0x0000000089500000, 0x0000000089500000|100%| O|  |TAMS 0x0000000089500000, 0x0000000089400000| Untracked 
| 149|0x0000000089500000, 0x0000000089600000, 0x0000000089600000|100%| O|  |TAMS 0x0000000089600000, 0x0000000089500000| Untracked 
| 150|0x0000000089600000, 0x0000000089700000, 0x0000000089700000|100%| O|  |TAMS 0x0000000089700000, 0x0000000089600000| Untracked 
| 151|0x0000000089700000, 0x0000000089800000, 0x0000000089800000|100%| O|  |TAMS 0x0000000089800000, 0x0000000089700000| Untracked 
| 152|0x0000000089800000, 0x0000000089900000, 0x0000000089900000|100%| O|  |TAMS 0x0000000089900000, 0x0000000089800000| Untracked 
| 153|0x0000000089900000, 0x0000000089a00000, 0x0000000089a00000|100%| O|  |TAMS 0x0000000089a00000, 0x0000000089900000| Untracked 
| 154|0x0000000089a00000, 0x0000000089b00000, 0x0000000089b00000|100%| O|  |TAMS 0x0000000089b00000, 0x0000000089a00000| Untracked 
| 155|0x0000000089b00000, 0x0000000089c00000, 0x0000000089c00000|100%| O|  |TAMS 0x0000000089c00000, 0x0000000089b00000| Untracked 
| 156|0x0000000089c00000, 0x0000000089d00000, 0x0000000089d00000|100%| O|  |TAMS 0x0000000089d00000, 0x0000000089c00000| Untracked 
| 157|0x0000000089d00000, 0x0000000089e00000, 0x0000000089e00000|100%| O|  |TAMS 0x0000000089e00000, 0x0000000089d00000| Untracked 
| 158|0x0000000089e00000, 0x0000000089f00000, 0x0000000089f00000|100%| O|  |TAMS 0x0000000089f00000, 0x0000000089e00000| Untracked 
| 159|0x0000000089f00000, 0x000000008a000000, 0x000000008a000000|100%| O|  |TAMS 0x000000008a000000, 0x0000000089f00000| Untracked 
| 160|0x000000008a000000, 0x000000008a100000, 0x000000008a100000|100%| O|  |TAMS 0x000000008a100000, 0x000000008a000000| Untracked 
| 161|0x000000008a100000, 0x000000008a200000, 0x000000008a200000|100%| O|  |TAMS 0x000000008a200000, 0x000000008a100000| Untracked 
| 162|0x000000008a200000, 0x000000008a300000, 0x000000008a300000|100%| O|  |TAMS 0x000000008a300000, 0x000000008a200000| Untracked 
| 163|0x000000008a300000, 0x000000008a400000, 0x000000008a400000|100%| O|  |TAMS 0x000000008a400000, 0x000000008a300000| Untracked 
| 164|0x000000008a400000, 0x000000008a500000, 0x000000008a500000|100%| O|  |TAMS 0x000000008a500000, 0x000000008a400000| Untracked 
| 165|0x000000008a500000, 0x000000008a600000, 0x000000008a600000|100%| O|  |TAMS 0x000000008a600000, 0x000000008a500000| Untracked 
| 166|0x000000008a600000, 0x000000008a700000, 0x000000008a700000|100%| O|  |TAMS 0x000000008a700000, 0x000000008a600000| Untracked 
| 167|0x000000008a700000, 0x000000008a800000, 0x000000008a800000|100%| O|  |TAMS 0x000000008a800000, 0x000000008a700000| Untracked 
| 168|0x000000008a800000, 0x000000008a900000, 0x000000008a900000|100%| O|  |TAMS 0x000000008a800000, 0x000000008a800000| Untracked 
| 169|0x000000008a900000, 0x000000008aa00000, 0x000000008aa00000|100%| O|  |TAMS 0x000000008aa00000, 0x000000008a900000| Untracked 
| 170|0x000000008aa00000, 0x000000008ab00000, 0x000000008ab00000|100%| O|  |TAMS 0x000000008aa00000, 0x000000008aa00000| Untracked 
| 171|0x000000008ab00000, 0x000000008ac00000, 0x000000008ac00000|100%| O|  |TAMS 0x000000008ac00000, 0x000000008ab00000| Untracked 
| 172|0x000000008ac00000, 0x000000008ad00000, 0x000000008ad00000|100%| O|  |TAMS 0x000000008ad00000, 0x000000008ac00000| Untracked 
| 173|0x000000008ad00000, 0x000000008ae00000, 0x000000008ae00000|100%| O|  |TAMS 0x000000008ad00000, 0x000000008ad00000| Untracked 
| 174|0x000000008ae00000, 0x000000008af00000, 0x000000008af00000|100%| O|  |TAMS 0x000000008ae00000, 0x000000008ae00000| Untracked 
| 175|0x000000008af00000, 0x000000008b000000, 0x000000008b000000|100%| O|  |TAMS 0x000000008b000000, 0x000000008af00000| Untracked 
| 176|0x000000008b000000, 0x000000008b100000, 0x000000008b100000|100%| O|  |TAMS 0x000000008b000000, 0x000000008b000000| Untracked 
| 177|0x000000008b100000, 0x000000008b200000, 0x000000008b200000|100%| O|  |TAMS 0x000000008b200000, 0x000000008b100000| Untracked 
| 178|0x000000008b200000, 0x000000008b300000, 0x000000008b300000|100%| O|  |TAMS 0x000000008b300000, 0x000000008b200000| Untracked 
| 179|0x000000008b300000, 0x000000008b400000, 0x000000008b400000|100%| O|  |TAMS 0x000000008b300000, 0x000000008b300000| Untracked 
| 180|0x000000008b400000, 0x000000008b500000, 0x000000008b500000|100%| O|  |TAMS 0x000000008b400000, 0x000000008b400000| Untracked 
| 181|0x000000008b500000, 0x000000008b600000, 0x000000008b600000|100%| O|  |TAMS 0x000000008b600000, 0x000000008b500000| Untracked 
| 182|0x000000008b600000, 0x000000008b700000, 0x000000008b700000|100%| O|  |TAMS 0x000000008b700000, 0x000000008b600000| Untracked 
| 183|0x000000008b700000, 0x000000008b800000, 0x000000008b800000|100%| O|  |TAMS 0x000000008b800000, 0x000000008b700000| Untracked 
| 184|0x000000008b800000, 0x000000008b900000, 0x000000008b900000|100%| O|  |TAMS 0x000000008b900000, 0x000000008b800000| Untracked 
| 185|0x000000008b900000, 0x000000008ba00000, 0x000000008ba00000|100%| O|  |TAMS 0x000000008ba00000, 0x000000008b900000| Untracked 
| 186|0x000000008ba00000, 0x000000008bb00000, 0x000000008bb00000|100%| O|  |TAMS 0x000000008bb00000, 0x000000008ba00000| Untracked 
| 187|0x000000008bb00000, 0x000000008bc00000, 0x000000008bc00000|100%| O|  |TAMS 0x000000008bc00000, 0x000000008bb00000| Untracked 
| 188|0x000000008bc00000, 0x000000008bd00000, 0x000000008bd00000|100%| O|  |TAMS 0x000000008bd00000, 0x000000008bc00000| Untracked 
| 189|0x000000008bd00000, 0x000000008be00000, 0x000000008be00000|100%| O|  |TAMS 0x000000008be00000, 0x000000008bd00000| Untracked 
| 190|0x000000008be00000, 0x000000008bf00000, 0x000000008bf00000|100%| O|  |TAMS 0x000000008bf00000, 0x000000008be00000| Untracked 
| 191|0x000000008bf00000, 0x000000008c000000, 0x000000008c000000|100%| O|  |TAMS 0x000000008c000000, 0x000000008bf00000| Untracked 
| 192|0x000000008c000000, 0x000000008c100000, 0x000000008c100000|100%| O|  |TAMS 0x000000008c100000, 0x000000008c000000| Untracked 
| 193|0x000000008c100000, 0x000000008c200000, 0x000000008c200000|100%| O|  |TAMS 0x000000008c200000, 0x000000008c100000| Untracked 
| 194|0x000000008c200000, 0x000000008c300000, 0x000000008c300000|100%| O|  |TAMS 0x000000008c300000, 0x000000008c200000| Untracked 
| 195|0x000000008c300000, 0x000000008c400000, 0x000000008c400000|100%| O|  |TAMS 0x000000008c400000, 0x000000008c300000| Untracked 
| 196|0x000000008c400000, 0x000000008c500000, 0x000000008c500000|100%| O|  |TAMS 0x000000008c500000, 0x000000008c400000| Untracked 
| 197|0x000000008c500000, 0x000000008c600000, 0x000000008c600000|100%| O|  |TAMS 0x000000008c600000, 0x000000008c500000| Untracked 
| 198|0x000000008c600000, 0x000000008c700000, 0x000000008c700000|100%| O|  |TAMS 0x000000008c700000, 0x000000008c600000| Untracked 
| 199|0x000000008c700000, 0x000000008c800000, 0x000000008c800000|100%| O|  |TAMS 0x000000008c800000, 0x000000008c700000| Untracked 
| 200|0x000000008c800000, 0x000000008c900000, 0x000000008c900000|100%| O|  |TAMS 0x000000008c900000, 0x000000008c800000| Untracked 
| 201|0x000000008c900000, 0x000000008ca00000, 0x000000008ca00000|100%| O|  |TAMS 0x000000008ca00000, 0x000000008c900000| Untracked 
| 202|0x000000008ca00000, 0x000000008cb00000, 0x000000008cb00000|100%| O|  |TAMS 0x000000008cb00000, 0x000000008ca00000| Untracked 
| 203|0x000000008cb00000, 0x000000008cc00000, 0x000000008cc00000|100%| O|  |TAMS 0x000000008cc00000, 0x000000008cb00000| Untracked 
| 204|0x000000008cc00000, 0x000000008cd00000, 0x000000008cd00000|100%| O|  |TAMS 0x000000008cd00000, 0x000000008cc00000| Untracked 
| 205|0x000000008cd00000, 0x000000008ce00000, 0x000000008ce00000|100%| O|  |TAMS 0x000000008ce00000, 0x000000008cd00000| Untracked 
| 206|0x000000008ce00000, 0x000000008cf00000, 0x000000008cf00000|100%| O|  |TAMS 0x000000008cf00000, 0x000000008ce00000| Untracked 
| 207|0x000000008cf00000, 0x000000008d000000, 0x000000008d000000|100%| O|  |TAMS 0x000000008d000000, 0x000000008cf00000| Untracked 
| 208|0x000000008d000000, 0x000000008d100000, 0x000000008d100000|100%| O|  |TAMS 0x000000008d100000, 0x000000008d000000| Untracked 
| 209|0x000000008d100000, 0x000000008d200000, 0x000000008d200000|100%| O|  |TAMS 0x000000008d200000, 0x000000008d100000| Untracked 
| 210|0x000000008d200000, 0x000000008d300000, 0x000000008d300000|100%| O|  |TAMS 0x000000008d300000, 0x000000008d200000| Untracked 
| 211|0x000000008d300000, 0x000000008d400000, 0x000000008d400000|100%| O|  |TAMS 0x000000008d400000, 0x000000008d300000| Untracked 
| 212|0x000000008d400000, 0x000000008d500000, 0x000000008d500000|100%| O|  |TAMS 0x000000008d500000, 0x000000008d400000| Untracked 
| 213|0x000000008d500000, 0x000000008d600000, 0x000000008d600000|100%| O|  |TAMS 0x000000008d600000, 0x000000008d500000| Untracked 
| 214|0x000000008d600000, 0x000000008d700000, 0x000000008d700000|100%| O|  |TAMS 0x000000008d700000, 0x000000008d600000| Untracked 
| 215|0x000000008d700000, 0x000000008d800000, 0x000000008d800000|100%| O|  |TAMS 0x000000008d800000, 0x000000008d700000| Untracked 
| 216|0x000000008d800000, 0x000000008d900000, 0x000000008d900000|100%| O|  |TAMS 0x000000008d900000, 0x000000008d800000| Untracked 
| 217|0x000000008d900000, 0x000000008da00000, 0x000000008da00000|100%| O|  |TAMS 0x000000008da00000, 0x000000008d900000| Untracked 
| 218|0x000000008da00000, 0x000000008db00000, 0x000000008db00000|100%| O|  |TAMS 0x000000008db00000, 0x000000008da00000| Untracked 
| 219|0x000000008db00000, 0x000000008dc00000, 0x000000008dc00000|100%| O|  |TAMS 0x000000008dc00000, 0x000000008db00000| Untracked 
| 220|0x000000008dc00000, 0x000000008dd00000, 0x000000008dd00000|100%| O|  |TAMS 0x000000008dd00000, 0x000000008dc00000| Untracked 
| 221|0x000000008dd00000, 0x000000008de00000, 0x000000008de00000|100%| O|  |TAMS 0x000000008de00000, 0x000000008dd00000| Untracked 
| 222|0x000000008de00000, 0x000000008df00000, 0x000000008df00000|100%| O|  |TAMS 0x000000008df00000, 0x000000008de00000| Untracked 
| 223|0x000000008df00000, 0x000000008e000000, 0x000000008e000000|100%| O|  |TAMS 0x000000008e000000, 0x000000008df00000| Untracked 
| 224|0x000000008e000000, 0x000000008e100000, 0x000000008e100000|100%| O|  |TAMS 0x000000008e100000, 0x000000008e000000| Untracked 
| 225|0x000000008e100000, 0x000000008e200000, 0x000000008e200000|100%| O|  |TAMS 0x000000008e200000, 0x000000008e100000| Untracked 
| 226|0x000000008e200000, 0x000000008e300000, 0x000000008e300000|100%| O|  |TAMS 0x000000008e300000, 0x000000008e200000| Untracked 
| 227|0x000000008e300000, 0x000000008e400000, 0x000000008e400000|100%| O|  |TAMS 0x000000008e378a00, 0x000000008e300000| Untracked 
| 228|0x000000008e400000, 0x000000008e500000, 0x000000008e500000|100%| O|  |TAMS 0x000000008e400000, 0x000000008e400000| Untracked 
| 229|0x000000008e500000, 0x000000008e600000, 0x000000008e600000|100%| O|  |TAMS 0x000000008e500000, 0x000000008e500000| Untracked 
| 230|0x000000008e600000, 0x000000008e700000, 0x000000008e700000|100%| O|  |TAMS 0x000000008e600000, 0x000000008e600000| Untracked 
| 231|0x000000008e700000, 0x000000008e800000, 0x000000008e800000|100%| O|  |TAMS 0x000000008e700000, 0x000000008e700000| Untracked 
| 232|0x000000008e800000, 0x000000008e900000, 0x000000008e900000|100%| O|  |TAMS 0x000000008e800000, 0x000000008e800000| Untracked 
| 233|0x000000008e900000, 0x000000008ea00000, 0x000000008ea00000|100%| O|  |TAMS 0x000000008e900000, 0x000000008e900000| Untracked 
| 234|0x000000008ea00000, 0x000000008eb00000, 0x000000008eb00000|100%| O|  |TAMS 0x000000008ea00000, 0x000000008ea00000| Untracked 
| 235|0x000000008eb00000, 0x000000008ec00000, 0x000000008ec00000|100%| O|  |TAMS 0x000000008eb00000, 0x000000008eb00000| Untracked 
| 236|0x000000008ec00000, 0x000000008ed00000, 0x000000008ed00000|100%| O|  |TAMS 0x000000008ec00000, 0x000000008ec00000| Untracked 
| 237|0x000000008ed00000, 0x000000008ee00000, 0x000000008ee00000|100%| O|  |TAMS 0x000000008ed00000, 0x000000008ed00000| Untracked 
| 238|0x000000008ee00000, 0x000000008ef00000, 0x000000008ef00000|100%| O|  |TAMS 0x000000008ee00000, 0x000000008ee00000| Untracked 
| 239|0x000000008ef00000, 0x000000008f000000, 0x000000008f000000|100%| O|  |TAMS 0x000000008ef00000, 0x000000008ef00000| Untracked 
| 240|0x000000008f000000, 0x000000008f100000, 0x000000008f100000|100%| O|  |TAMS 0x000000008f000000, 0x000000008f000000| Untracked 
| 241|0x000000008f100000, 0x000000008f200000, 0x000000008f200000|100%| O|  |TAMS 0x000000008f100000, 0x000000008f100000| Untracked 
| 242|0x000000008f200000, 0x000000008f300000, 0x000000008f300000|100%| O|  |TAMS 0x000000008f200000, 0x000000008f200000| Untracked 
| 243|0x000000008f300000, 0x000000008f400000, 0x000000008f400000|100%| O|  |TAMS 0x000000008f300000, 0x000000008f300000| Untracked 
| 244|0x000000008f400000, 0x000000008f500000, 0x000000008f500000|100%| O|  |TAMS 0x000000008f400000, 0x000000008f400000| Untracked 
| 245|0x000000008f500000, 0x000000008f600000, 0x000000008f600000|100%| O|  |TAMS 0x000000008f500000, 0x000000008f500000| Untracked 
| 246|0x000000008f600000, 0x000000008f700000, 0x000000008f700000|100%| O|  |TAMS 0x000000008f600000, 0x000000008f600000| Untracked 
| 247|0x000000008f700000, 0x000000008f800000, 0x000000008f800000|100%| O|  |TAMS 0x000000008f700000, 0x000000008f700000| Untracked 
| 248|0x000000008f800000, 0x000000008f900000, 0x000000008f900000|100%| O|  |TAMS 0x000000008f800000, 0x000000008f800000| Untracked 
| 249|0x000000008f900000, 0x000000008fa00000, 0x000000008fa00000|100%| O|  |TAMS 0x000000008f900000, 0x000000008f900000| Untracked 
| 250|0x000000008fa00000, 0x000000008fb00000, 0x000000008fb00000|100%| O|  |TAMS 0x000000008fa00000, 0x000000008fa00000| Untracked 
| 251|0x000000008fb00000, 0x000000008fc00000, 0x000000008fc00000|100%| O|  |TAMS 0x000000008fb00000, 0x000000008fb00000| Untracked 
| 252|0x000000008fc00000, 0x000000008fd00000, 0x000000008fd00000|100%| O|  |TAMS 0x000000008fc00000, 0x000000008fc00000| Untracked 
| 253|0x000000008fd00000, 0x000000008fe00000, 0x000000008fe00000|100%| O|  |TAMS 0x000000008fd00000, 0x000000008fd00000| Untracked 
| 254|0x000000008fe00000, 0x000000008ff00000, 0x000000008ff00000|100%| O|  |TAMS 0x000000008fe00000, 0x000000008fe00000| Untracked 
| 255|0x000000008ff00000, 0x0000000090000000, 0x0000000090000000|100%| O|  |TAMS 0x000000008ff00000, 0x000000008ff00000| Untracked 
| 256|0x0000000090000000, 0x0000000090100000, 0x0000000090100000|100%| O|  |TAMS 0x0000000090000000, 0x0000000090000000| Untracked 
| 257|0x0000000090100000, 0x0000000090200000, 0x0000000090200000|100%| O|  |TAMS 0x0000000090100000, 0x0000000090100000| Untracked 
| 258|0x0000000090200000, 0x0000000090300000, 0x0000000090300000|100%| O|  |TAMS 0x0000000090200000, 0x0000000090200000| Untracked 
| 259|0x0000000090300000, 0x0000000090400000, 0x0000000090400000|100%| O|  |TAMS 0x0000000090300000, 0x0000000090300000| Untracked 
| 260|0x0000000090400000, 0x0000000090500000, 0x0000000090500000|100%| O|  |TAMS 0x0000000090400000, 0x0000000090400000| Untracked 
| 261|0x0000000090500000, 0x0000000090600000, 0x0000000090600000|100%| O|  |TAMS 0x0000000090500000, 0x0000000090500000| Untracked 
| 262|0x0000000090600000, 0x0000000090700000, 0x0000000090700000|100%| O|  |TAMS 0x0000000090600000, 0x0000000090600000| Untracked 
| 263|0x0000000090700000, 0x0000000090800000, 0x0000000090800000|100%| O|  |TAMS 0x0000000090700000, 0x0000000090700000| Untracked 
| 264|0x0000000090800000, 0x0000000090900000, 0x0000000090900000|100%| O|  |TAMS 0x0000000090800000, 0x0000000090800000| Untracked 
| 265|0x0000000090900000, 0x0000000090a00000, 0x0000000090a00000|100%| O|  |TAMS 0x0000000090900000, 0x0000000090900000| Untracked 
| 266|0x0000000090a00000, 0x0000000090b00000, 0x0000000090b00000|100%| O|  |TAMS 0x0000000090a00000, 0x0000000090a00000| Untracked 
| 267|0x0000000090b00000, 0x0000000090c00000, 0x0000000090c00000|100%| O|  |TAMS 0x0000000090b00000, 0x0000000090b00000| Untracked 
| 268|0x0000000090c00000, 0x0000000090d00000, 0x0000000090d00000|100%| O|  |TAMS 0x0000000090c00000, 0x0000000090c00000| Untracked 
| 269|0x0000000090d00000, 0x0000000090e00000, 0x0000000090e00000|100%| O|  |TAMS 0x0000000090d00000, 0x0000000090d00000| Untracked 
| 270|0x0000000090e00000, 0x0000000090f00000, 0x0000000090f00000|100%| O|  |TAMS 0x0000000090e00000, 0x0000000090e00000| Untracked 
| 271|0x0000000090f00000, 0x0000000091000000, 0x0000000091000000|100%| O|  |TAMS 0x0000000090f00000, 0x0000000090f00000| Untracked 
| 272|0x0000000091000000, 0x0000000091100000, 0x0000000091100000|100%| O|  |TAMS 0x0000000091000000, 0x0000000091000000| Untracked 
| 273|0x0000000091100000, 0x0000000091200000, 0x0000000091200000|100%| O|  |TAMS 0x0000000091100000, 0x0000000091100000| Untracked 
| 274|0x0000000091200000, 0x0000000091300000, 0x0000000091300000|100%| O|  |TAMS 0x0000000091200000, 0x0000000091200000| Untracked 
| 275|0x0000000091300000, 0x0000000091400000, 0x0000000091400000|100%| O|  |TAMS 0x0000000091300000, 0x0000000091300000| Untracked 
| 276|0x0000000091400000, 0x0000000091500000, 0x0000000091500000|100%| O|  |TAMS 0x0000000091400000, 0x0000000091400000| Untracked 
| 277|0x0000000091500000, 0x0000000091600000, 0x0000000091600000|100%| O|  |TAMS 0x0000000091500000, 0x0000000091500000| Untracked 
| 278|0x0000000091600000, 0x0000000091700000, 0x0000000091700000|100%| O|  |TAMS 0x0000000091600000, 0x0000000091600000| Untracked 
| 279|0x0000000091700000, 0x0000000091800000, 0x0000000091800000|100%| O|  |TAMS 0x0000000091700000, 0x0000000091700000| Untracked 
| 280|0x0000000091800000, 0x0000000091900000, 0x0000000091900000|100%| O|  |TAMS 0x0000000091800000, 0x0000000091800000| Untracked 
| 281|0x0000000091900000, 0x0000000091a00000, 0x0000000091a00000|100%| O|  |TAMS 0x0000000091900000, 0x0000000091900000| Untracked 
| 282|0x0000000091a00000, 0x0000000091b00000, 0x0000000091b00000|100%| O|  |TAMS 0x0000000091a00000, 0x0000000091a00000| Untracked 
| 283|0x0000000091b00000, 0x0000000091c00000, 0x0000000091c00000|100%| O|  |TAMS 0x0000000091b00000, 0x0000000091b00000| Untracked 
| 284|0x0000000091c00000, 0x0000000091d00000, 0x0000000091d00000|100%| O|  |TAMS 0x0000000091c00000, 0x0000000091c00000| Untracked 
| 285|0x0000000091d00000, 0x0000000091e00000, 0x0000000091e00000|100%| O|  |TAMS 0x0000000091d00000, 0x0000000091d00000| Untracked 
| 286|0x0000000091e00000, 0x0000000091f00000, 0x0000000091f00000|100%| O|  |TAMS 0x0000000091e00000, 0x0000000091e00000| Untracked 
| 287|0x0000000091f00000, 0x0000000092000000, 0x0000000092000000|100%| O|  |TAMS 0x0000000091f00000, 0x0000000091f00000| Untracked 
| 288|0x0000000092000000, 0x0000000092100000, 0x0000000092100000|100%| O|  |TAMS 0x0000000092000000, 0x0000000092000000| Untracked 
| 289|0x0000000092100000, 0x0000000092200000, 0x0000000092200000|100%| O|  |TAMS 0x0000000092100000, 0x0000000092100000| Untracked 
| 290|0x0000000092200000, 0x0000000092300000, 0x0000000092300000|100%| O|  |TAMS 0x0000000092200000, 0x0000000092200000| Untracked 
| 291|0x0000000092300000, 0x0000000092400000, 0x0000000092400000|100%| O|  |TAMS 0x0000000092300000, 0x0000000092300000| Untracked 
| 292|0x0000000092400000, 0x0000000092500000, 0x0000000092500000|100%| O|  |TAMS 0x0000000092400000, 0x0000000092400000| Untracked 
| 293|0x0000000092500000, 0x0000000092600000, 0x0000000092600000|100%| O|  |TAMS 0x0000000092500000, 0x0000000092500000| Untracked 
| 294|0x0000000092600000, 0x0000000092700000, 0x0000000092700000|100%| O|  |TAMS 0x0000000092600000, 0x0000000092600000| Untracked 
| 295|0x0000000092700000, 0x0000000092800000, 0x0000000092800000|100%| O|  |TAMS 0x0000000092700000, 0x0000000092700000| Untracked 
| 296|0x0000000092800000, 0x0000000092900000, 0x0000000092900000|100%| O|  |TAMS 0x0000000092800000, 0x0000000092800000| Untracked 
| 297|0x0000000092900000, 0x0000000092a00000, 0x0000000092a00000|100%| O|  |TAMS 0x0000000092900000, 0x0000000092900000| Untracked 
| 298|0x0000000092a00000, 0x0000000092b00000, 0x0000000092b00000|100%| O|  |TAMS 0x0000000092a00000, 0x0000000092a00000| Untracked 
| 299|0x0000000092b00000, 0x0000000092c00000, 0x0000000092c00000|100%| O|  |TAMS 0x0000000092b00000, 0x0000000092b00000| Untracked 
| 300|0x0000000092c00000, 0x0000000092d00000, 0x0000000092d00000|100%| O|  |TAMS 0x0000000092c00000, 0x0000000092c00000| Untracked 
| 301|0x0000000092d00000, 0x0000000092e00000, 0x0000000092e00000|100%| O|  |TAMS 0x0000000092d00000, 0x0000000092d00000| Untracked 
| 302|0x0000000092e00000, 0x0000000092f00000, 0x0000000092f00000|100%| O|  |TAMS 0x0000000092e00000, 0x0000000092e00000| Untracked 
| 303|0x0000000092f00000, 0x0000000093000000, 0x0000000093000000|100%| O|  |TAMS 0x0000000092f00000, 0x0000000092f00000| Untracked 
| 304|0x0000000093000000, 0x00000000930e5e00, 0x0000000093100000| 89%| O|  |TAMS 0x0000000093000000, 0x0000000093000000| Untracked 
| 305|0x0000000093100000, 0x0000000093100000, 0x0000000093200000|  0%| F|  |TAMS 0x0000000093100000, 0x0000000093100000| Untracked 
| 306|0x0000000093200000, 0x0000000093200000, 0x0000000093300000|  0%| F|  |TAMS 0x0000000093200000, 0x0000000093200000| Untracked 
| 307|0x0000000093300000, 0x0000000093300000, 0x0000000093400000|  0%| F|  |TAMS 0x0000000093300000, 0x0000000093300000| Untracked 
| 308|0x0000000093400000, 0x0000000093400000, 0x0000000093500000|  0%| F|  |TAMS 0x0000000093400000, 0x0000000093400000| Untracked 
| 309|0x0000000093500000, 0x0000000093500000, 0x0000000093600000|  0%| F|  |TAMS 0x0000000093500000, 0x0000000093500000| Untracked 
| 310|0x0000000093600000, 0x0000000093600000, 0x0000000093700000|  0%| F|  |TAMS 0x0000000093600000, 0x0000000093600000| Untracked 
| 311|0x0000000093700000, 0x0000000093700000, 0x0000000093800000|  0%| F|  |TAMS 0x0000000093700000, 0x0000000093700000| Untracked 
| 312|0x0000000093800000, 0x0000000093800000, 0x0000000093900000|  0%| F|  |TAMS 0x0000000093800000, 0x0000000093800000| Untracked 
| 313|0x0000000093900000, 0x0000000093900000, 0x0000000093a00000|  0%| F|  |TAMS 0x0000000093900000, 0x0000000093900000| Untracked 
| 314|0x0000000093a00000, 0x0000000093a00000, 0x0000000093b00000|  0%| F|  |TAMS 0x0000000093a00000, 0x0000000093a00000| Untracked 
| 315|0x0000000093b00000, 0x0000000093b00000, 0x0000000093c00000|  0%| F|  |TAMS 0x0000000093b00000, 0x0000000093b00000| Untracked 
| 316|0x0000000093c00000, 0x0000000093c00000, 0x0000000093d00000|  0%| F|  |TAMS 0x0000000093c00000, 0x0000000093c00000| Untracked 
| 317|0x0000000093d00000, 0x0000000093d00000, 0x0000000093e00000|  0%| F|  |TAMS 0x0000000093d00000, 0x0000000093d00000| Untracked 
| 318|0x0000000093e00000, 0x0000000093e00000, 0x0000000093f00000|  0%| F|  |TAMS 0x0000000093e00000, 0x0000000093e00000| Untracked 
| 319|0x0000000093f00000, 0x0000000093f00000, 0x0000000094000000|  0%| F|  |TAMS 0x0000000093f00000, 0x0000000093f00000| Untracked 
| 320|0x0000000094000000, 0x0000000094000000, 0x0000000094100000|  0%| F|  |TAMS 0x0000000094000000, 0x0000000094000000| Untracked 
| 321|0x0000000094100000, 0x0000000094100000, 0x0000000094200000|  0%| F|  |TAMS 0x0000000094100000, 0x0000000094100000| Untracked 
| 322|0x0000000094200000, 0x0000000094200000, 0x0000000094300000|  0%| F|  |TAMS 0x0000000094200000, 0x0000000094200000| Untracked 
| 323|0x0000000094300000, 0x0000000094300000, 0x0000000094400000|  0%| F|  |TAMS 0x0000000094300000, 0x0000000094300000| Untracked 
| 324|0x0000000094400000, 0x0000000094400000, 0x0000000094500000|  0%| F|  |TAMS 0x0000000094400000, 0x0000000094400000| Untracked 
| 325|0x0000000094500000, 0x0000000094500000, 0x0000000094600000|  0%| F|  |TAMS 0x0000000094500000, 0x0000000094500000| Untracked 
| 326|0x0000000094600000, 0x0000000094600000, 0x0000000094700000|  0%| F|  |TAMS 0x0000000094600000, 0x0000000094600000| Untracked 
| 327|0x0000000094700000, 0x0000000094700000, 0x0000000094800000|  0%| F|  |TAMS 0x0000000094700000, 0x0000000094700000| Untracked 
| 328|0x0000000094800000, 0x0000000094800000, 0x0000000094900000|  0%| F|  |TAMS 0x0000000094800000, 0x0000000094800000| Untracked 
| 329|0x0000000094900000, 0x0000000094900000, 0x0000000094a00000|  0%| F|  |TAMS 0x0000000094900000, 0x0000000094900000| Untracked 
| 330|0x0000000094a00000, 0x0000000094a00000, 0x0000000094b00000|  0%| F|  |TAMS 0x0000000094a00000, 0x0000000094a00000| Untracked 
| 331|0x0000000094b00000, 0x0000000094b00000, 0x0000000094c00000|  0%| F|  |TAMS 0x0000000094b00000, 0x0000000094b00000| Untracked 
| 332|0x0000000094c00000, 0x0000000094c00000, 0x0000000094d00000|  0%| F|  |TAMS 0x0000000094c00000, 0x0000000094c00000| Untracked 
| 333|0x0000000094d00000, 0x0000000094d00000, 0x0000000094e00000|  0%| F|  |TAMS 0x0000000094d00000, 0x0000000094d00000| Untracked 
| 334|0x0000000094e00000, 0x0000000094e00000, 0x0000000094f00000|  0%| F|  |TAMS 0x0000000094e00000, 0x0000000094e00000| Untracked 
| 335|0x0000000094f00000, 0x0000000094f00000, 0x0000000095000000|  0%| F|  |TAMS 0x0000000094f00000, 0x0000000094f00000| Untracked 
| 336|0x0000000095000000, 0x0000000095000000, 0x0000000095100000|  0%| F|  |TAMS 0x0000000095000000, 0x0000000095000000| Untracked 
| 337|0x0000000095100000, 0x0000000095100000, 0x0000000095200000|  0%| F|  |TAMS 0x0000000095100000, 0x0000000095100000| Untracked 
| 338|0x0000000095200000, 0x0000000095200000, 0x0000000095300000|  0%| F|  |TAMS 0x0000000095200000, 0x0000000095200000| Untracked 
| 339|0x0000000095300000, 0x0000000095300000, 0x0000000095400000|  0%| F|  |TAMS 0x0000000095300000, 0x0000000095300000| Untracked 
| 340|0x0000000095400000, 0x0000000095400000, 0x0000000095500000|  0%| F|  |TAMS 0x0000000095400000, 0x0000000095400000| Untracked 
| 341|0x0000000095500000, 0x0000000095500000, 0x0000000095600000|  0%| F|  |TAMS 0x0000000095500000, 0x0000000095500000| Untracked 
| 342|0x0000000095600000, 0x0000000095600000, 0x0000000095700000|  0%| F|  |TAMS 0x0000000095600000, 0x0000000095600000| Untracked 
| 343|0x0000000095700000, 0x0000000095700000, 0x0000000095800000|  0%| F|  |TAMS 0x0000000095700000, 0x0000000095700000| Untracked 
| 344|0x0000000095800000, 0x0000000095800000, 0x0000000095900000|  0%| F|  |TAMS 0x0000000095800000, 0x0000000095800000| Untracked 
| 345|0x0000000095900000, 0x0000000095900000, 0x0000000095a00000|  0%| F|  |TAMS 0x0000000095900000, 0x0000000095900000| Untracked 
| 346|0x0000000095a00000, 0x0000000095a00000, 0x0000000095b00000|  0%| F|  |TAMS 0x0000000095a00000, 0x0000000095a00000| Untracked 
| 347|0x0000000095b00000, 0x0000000095b00000, 0x0000000095c00000|  0%| F|  |TAMS 0x0000000095b00000, 0x0000000095b00000| Untracked 
| 348|0x0000000095c00000, 0x0000000095c00000, 0x0000000095d00000|  0%| F|  |TAMS 0x0000000095c00000, 0x0000000095c00000| Untracked 
| 349|0x0000000095d00000, 0x0000000095d00000, 0x0000000095e00000|  0%| F|  |TAMS 0x0000000095d00000, 0x0000000095d00000| Untracked 
| 350|0x0000000095e00000, 0x0000000095e00000, 0x0000000095f00000|  0%| F|  |TAMS 0x0000000095e00000, 0x0000000095e00000| Untracked 
| 351|0x0000000095f00000, 0x0000000095f00000, 0x0000000096000000|  0%| F|  |TAMS 0x0000000095f00000, 0x0000000095f00000| Untracked 
| 352|0x0000000096000000, 0x0000000096000000, 0x0000000096100000|  0%| F|  |TAMS 0x0000000096000000, 0x0000000096000000| Untracked 
| 353|0x0000000096100000, 0x0000000096100000, 0x0000000096200000|  0%| F|  |TAMS 0x0000000096100000, 0x0000000096100000| Untracked 
| 354|0x0000000096200000, 0x0000000096200000, 0x0000000096300000|  0%| F|  |TAMS 0x0000000096200000, 0x0000000096200000| Untracked 
| 355|0x0000000096300000, 0x0000000096300000, 0x0000000096400000|  0%| F|  |TAMS 0x0000000096300000, 0x0000000096300000| Untracked 
| 356|0x0000000096400000, 0x0000000096400000, 0x0000000096500000|  0%| F|  |TAMS 0x0000000096400000, 0x0000000096400000| Untracked 
| 357|0x0000000096500000, 0x0000000096500000, 0x0000000096600000|  0%| F|  |TAMS 0x0000000096500000, 0x0000000096500000| Untracked 
| 358|0x0000000096600000, 0x0000000096600000, 0x0000000096700000|  0%| F|  |TAMS 0x0000000096600000, 0x0000000096600000| Untracked 
| 359|0x0000000096700000, 0x0000000096700000, 0x0000000096800000|  0%| F|  |TAMS 0x0000000096700000, 0x0000000096700000| Untracked 
| 360|0x0000000096800000, 0x0000000096800000, 0x0000000096900000|  0%| F|  |TAMS 0x0000000096800000, 0x0000000096800000| Untracked 
| 361|0x0000000096900000, 0x0000000096900000, 0x0000000096a00000|  0%| F|  |TAMS 0x0000000096900000, 0x0000000096900000| Untracked 
| 362|0x0000000096a00000, 0x0000000096a00000, 0x0000000096b00000|  0%| F|  |TAMS 0x0000000096a00000, 0x0000000096a00000| Untracked 
| 363|0x0000000096b00000, 0x0000000096b00000, 0x0000000096c00000|  0%| F|  |TAMS 0x0000000096b00000, 0x0000000096b00000| Untracked 
| 364|0x0000000096c00000, 0x0000000096c00000, 0x0000000096d00000|  0%| F|  |TAMS 0x0000000096c00000, 0x0000000096c00000| Untracked 
| 365|0x0000000096d00000, 0x0000000096d00000, 0x0000000096e00000|  0%| F|  |TAMS 0x0000000096d00000, 0x0000000096d00000| Untracked 
| 366|0x0000000096e00000, 0x0000000096e00000, 0x0000000096f00000|  0%| F|  |TAMS 0x0000000096e00000, 0x0000000096e00000| Untracked 
| 367|0x0000000096f00000, 0x0000000096f00000, 0x0000000097000000|  0%| F|  |TAMS 0x0000000096f00000, 0x0000000096f00000| Untracked 
| 368|0x0000000097000000, 0x0000000097000000, 0x0000000097100000|  0%| F|  |TAMS 0x0000000097000000, 0x0000000097000000| Untracked 
| 369|0x0000000097100000, 0x0000000097100000, 0x0000000097200000|  0%| F|  |TAMS 0x0000000097100000, 0x0000000097100000| Untracked 
| 370|0x0000000097200000, 0x0000000097200000, 0x0000000097300000|  0%| F|  |TAMS 0x0000000097200000, 0x0000000097200000| Untracked 
| 371|0x0000000097300000, 0x0000000097300000, 0x0000000097400000|  0%| F|  |TAMS 0x0000000097300000, 0x0000000097300000| Untracked 
| 372|0x0000000097400000, 0x0000000097400000, 0x0000000097500000|  0%| F|  |TAMS 0x0000000097400000, 0x0000000097400000| Untracked 
| 373|0x0000000097500000, 0x0000000097500000, 0x0000000097600000|  0%| F|  |TAMS 0x0000000097500000, 0x0000000097500000| Untracked 
| 374|0x0000000097600000, 0x0000000097600000, 0x0000000097700000|  0%| F|  |TAMS 0x0000000097600000, 0x0000000097600000| Untracked 
| 375|0x0000000097700000, 0x0000000097700000, 0x0000000097800000|  0%| F|  |TAMS 0x0000000097700000, 0x0000000097700000| Untracked 
| 376|0x0000000097800000, 0x0000000097800000, 0x0000000097900000|  0%| F|  |TAMS 0x0000000097800000, 0x0000000097800000| Untracked 
| 377|0x0000000097900000, 0x0000000097900000, 0x0000000097a00000|  0%| F|  |TAMS 0x0000000097900000, 0x0000000097900000| Untracked 
| 378|0x0000000097a00000, 0x0000000097a00000, 0x0000000097b00000|  0%| F|  |TAMS 0x0000000097a00000, 0x0000000097a00000| Untracked 
| 379|0x0000000097b00000, 0x0000000097b00000, 0x0000000097c00000|  0%| F|  |TAMS 0x0000000097b00000, 0x0000000097b00000| Untracked 
| 380|0x0000000097c00000, 0x0000000097c00000, 0x0000000097d00000|  0%| F|  |TAMS 0x0000000097c00000, 0x0000000097c00000| Untracked 
| 381|0x0000000097d00000, 0x0000000097d00000, 0x0000000097e00000|  0%| F|  |TAMS 0x0000000097d00000, 0x0000000097d00000| Untracked 
| 382|0x0000000097e00000, 0x0000000097e00000, 0x0000000097f00000|  0%| F|  |TAMS 0x0000000097e00000, 0x0000000097e00000| Untracked 
| 383|0x0000000097f00000, 0x0000000097f00000, 0x0000000098000000|  0%| F|  |TAMS 0x0000000097f00000, 0x0000000097f00000| Untracked 
| 384|0x0000000098000000, 0x0000000098000000, 0x0000000098100000|  0%| F|  |TAMS 0x0000000098000000, 0x0000000098000000| Untracked 
| 385|0x0000000098100000, 0x0000000098100000, 0x0000000098200000|  0%| F|  |TAMS 0x0000000098100000, 0x0000000098100000| Untracked 
| 386|0x0000000098200000, 0x0000000098200000, 0x0000000098300000|  0%| F|  |TAMS 0x0000000098200000, 0x0000000098200000| Untracked 
| 387|0x0000000098300000, 0x0000000098300000, 0x0000000098400000|  0%| F|  |TAMS 0x0000000098300000, 0x0000000098300000| Untracked 
| 388|0x0000000098400000, 0x0000000098400000, 0x0000000098500000|  0%| F|  |TAMS 0x0000000098400000, 0x0000000098400000| Untracked 
| 389|0x0000000098500000, 0x0000000098500000, 0x0000000098600000|  0%| F|  |TAMS 0x0000000098500000, 0x0000000098500000| Untracked 
| 390|0x0000000098600000, 0x0000000098600000, 0x0000000098700000|  0%| F|  |TAMS 0x0000000098600000, 0x0000000098600000| Untracked 
| 391|0x0000000098700000, 0x0000000098700000, 0x0000000098800000|  0%| F|  |TAMS 0x0000000098700000, 0x0000000098700000| Untracked 
| 392|0x0000000098800000, 0x0000000098800000, 0x0000000098900000|  0%| F|  |TAMS 0x0000000098800000, 0x0000000098800000| Untracked 
| 393|0x0000000098900000, 0x0000000098900000, 0x0000000098a00000|  0%| F|  |TAMS 0x0000000098900000, 0x0000000098900000| Untracked 
| 394|0x0000000098a00000, 0x0000000098a00000, 0x0000000098b00000|  0%| F|  |TAMS 0x0000000098a00000, 0x0000000098a00000| Untracked 
| 395|0x0000000098b00000, 0x0000000098b00000, 0x0000000098c00000|  0%| F|  |TAMS 0x0000000098b00000, 0x0000000098b00000| Untracked 
| 396|0x0000000098c00000, 0x0000000098c00000, 0x0000000098d00000|  0%| F|  |TAMS 0x0000000098c00000, 0x0000000098c00000| Untracked 
| 397|0x0000000098d00000, 0x0000000098d00000, 0x0000000098e00000|  0%| F|  |TAMS 0x0000000098d00000, 0x0000000098d00000| Untracked 
| 398|0x0000000098e00000, 0x0000000098e00000, 0x0000000098f00000|  0%| F|  |TAMS 0x0000000098e00000, 0x0000000098e00000| Untracked 
| 399|0x0000000098f00000, 0x0000000098f00000, 0x0000000099000000|  0%| F|  |TAMS 0x0000000098f00000, 0x0000000098f00000| Untracked 
| 400|0x0000000099000000, 0x0000000099000000, 0x0000000099100000|  0%| F|  |TAMS 0x0000000099000000, 0x0000000099000000| Untracked 
| 401|0x0000000099100000, 0x0000000099100000, 0x0000000099200000|  0%| F|  |TAMS 0x0000000099100000, 0x0000000099100000| Untracked 
| 402|0x0000000099200000, 0x0000000099200000, 0x0000000099300000|  0%| F|  |TAMS 0x0000000099200000, 0x0000000099200000| Untracked 
| 403|0x0000000099300000, 0x0000000099300000, 0x0000000099400000|  0%| F|  |TAMS 0x0000000099300000, 0x0000000099300000| Untracked 
| 404|0x0000000099400000, 0x0000000099400000, 0x0000000099500000|  0%| F|  |TAMS 0x0000000099400000, 0x0000000099400000| Untracked 
| 405|0x0000000099500000, 0x0000000099500000, 0x0000000099600000|  0%| F|  |TAMS 0x0000000099500000, 0x0000000099500000| Untracked 
| 406|0x0000000099600000, 0x0000000099600000, 0x0000000099700000|  0%| F|  |TAMS 0x0000000099600000, 0x0000000099600000| Untracked 
| 407|0x0000000099700000, 0x0000000099700000, 0x0000000099800000|  0%| F|  |TAMS 0x0000000099700000, 0x0000000099700000| Untracked 
| 408|0x0000000099800000, 0x0000000099800000, 0x0000000099900000|  0%| F|  |TAMS 0x0000000099800000, 0x0000000099800000| Untracked 
| 409|0x0000000099900000, 0x0000000099900000, 0x0000000099a00000|  0%| F|  |TAMS 0x0000000099900000, 0x0000000099900000| Untracked 
| 410|0x0000000099a00000, 0x0000000099a00000, 0x0000000099b00000|  0%| F|  |TAMS 0x0000000099a00000, 0x0000000099a00000| Untracked 
| 411|0x0000000099b00000, 0x0000000099b00000, 0x0000000099c00000|  0%| F|  |TAMS 0x0000000099b00000, 0x0000000099b00000| Untracked 
| 412|0x0000000099c00000, 0x0000000099c00000, 0x0000000099d00000|  0%| F|  |TAMS 0x0000000099c00000, 0x0000000099c00000| Untracked 
| 413|0x0000000099d00000, 0x0000000099d00000, 0x0000000099e00000|  0%| F|  |TAMS 0x0000000099d00000, 0x0000000099d00000| Untracked 
| 414|0x0000000099e00000, 0x0000000099e00000, 0x0000000099f00000|  0%| F|  |TAMS 0x0000000099e00000, 0x0000000099e00000| Untracked 
| 415|0x0000000099f00000, 0x0000000099f00000, 0x000000009a000000|  0%| F|  |TAMS 0x0000000099f00000, 0x0000000099f00000| Untracked 
| 416|0x000000009a000000, 0x000000009a000000, 0x000000009a100000|  0%| F|  |TAMS 0x000000009a000000, 0x000000009a000000| Untracked 
| 417|0x000000009a100000, 0x000000009a100000, 0x000000009a200000|  0%| F|  |TAMS 0x000000009a100000, 0x000000009a100000| Untracked 
| 418|0x000000009a200000, 0x000000009a200000, 0x000000009a300000|  0%| F|  |TAMS 0x000000009a200000, 0x000000009a200000| Untracked 
| 419|0x000000009a300000, 0x000000009a300000, 0x000000009a400000|  0%| F|  |TAMS 0x000000009a300000, 0x000000009a300000| Untracked 
| 420|0x000000009a400000, 0x000000009a400000, 0x000000009a500000|  0%| F|  |TAMS 0x000000009a400000, 0x000000009a400000| Untracked 
| 421|0x000000009a500000, 0x000000009a500000, 0x000000009a600000|  0%| F|  |TAMS 0x000000009a500000, 0x000000009a500000| Untracked 
| 422|0x000000009a600000, 0x000000009a600000, 0x000000009a700000|  0%| F|  |TAMS 0x000000009a600000, 0x000000009a600000| Untracked 
| 423|0x000000009a700000, 0x000000009a700000, 0x000000009a800000|  0%| F|  |TAMS 0x000000009a700000, 0x000000009a700000| Untracked 
| 424|0x000000009a800000, 0x000000009a800000, 0x000000009a900000|  0%| F|  |TAMS 0x000000009a800000, 0x000000009a800000| Untracked 
| 425|0x000000009a900000, 0x000000009a900000, 0x000000009aa00000|  0%| F|  |TAMS 0x000000009a900000, 0x000000009a900000| Untracked 
| 426|0x000000009aa00000, 0x000000009aa00000, 0x000000009ab00000|  0%| F|  |TAMS 0x000000009aa00000, 0x000000009aa00000| Untracked 
| 427|0x000000009ab00000, 0x000000009ab00000, 0x000000009ac00000|  0%| F|  |TAMS 0x000000009ab00000, 0x000000009ab00000| Untracked 
| 428|0x000000009ac00000, 0x000000009ac00000, 0x000000009ad00000|  0%| F|  |TAMS 0x000000009ac00000, 0x000000009ac00000| Untracked 
| 429|0x000000009ad00000, 0x000000009ad00000, 0x000000009ae00000|  0%| F|  |TAMS 0x000000009ad00000, 0x000000009ad00000| Untracked 
| 430|0x000000009ae00000, 0x000000009ae00000, 0x000000009af00000|  0%| F|  |TAMS 0x000000009ae00000, 0x000000009ae00000| Untracked 
| 431|0x000000009af00000, 0x000000009af00000, 0x000000009b000000|  0%| F|  |TAMS 0x000000009af00000, 0x000000009af00000| Untracked 
| 432|0x000000009b000000, 0x000000009b000000, 0x000000009b100000|  0%| F|  |TAMS 0x000000009b000000, 0x000000009b000000| Untracked 
| 433|0x000000009b100000, 0x000000009b100000, 0x000000009b200000|  0%| F|  |TAMS 0x000000009b100000, 0x000000009b100000| Untracked 
| 434|0x000000009b200000, 0x000000009b200000, 0x000000009b300000|  0%| F|  |TAMS 0x000000009b200000, 0x000000009b200000| Untracked 
| 435|0x000000009b300000, 0x000000009b300000, 0x000000009b400000|  0%| F|  |TAMS 0x000000009b300000, 0x000000009b300000| Untracked 
| 436|0x000000009b400000, 0x000000009b400000, 0x000000009b500000|  0%| F|  |TAMS 0x000000009b400000, 0x000000009b400000| Untracked 
| 437|0x000000009b500000, 0x000000009b500000, 0x000000009b600000|  0%| F|  |TAMS 0x000000009b500000, 0x000000009b500000| Untracked 
| 438|0x000000009b600000, 0x000000009b600000, 0x000000009b700000|  0%| F|  |TAMS 0x000000009b600000, 0x000000009b600000| Untracked 
| 439|0x000000009b700000, 0x000000009b700000, 0x000000009b800000|  0%| F|  |TAMS 0x000000009b700000, 0x000000009b700000| Untracked 
| 440|0x000000009b800000, 0x000000009b800000, 0x000000009b900000|  0%| F|  |TAMS 0x000000009b800000, 0x000000009b800000| Untracked 
| 441|0x000000009b900000, 0x000000009b900000, 0x000000009ba00000|  0%| F|  |TAMS 0x000000009b900000, 0x000000009b900000| Untracked 
| 442|0x000000009ba00000, 0x000000009ba00000, 0x000000009bb00000|  0%| F|  |TAMS 0x000000009ba00000, 0x000000009ba00000| Untracked 
| 443|0x000000009bb00000, 0x000000009bb00000, 0x000000009bc00000|  0%| F|  |TAMS 0x000000009bb00000, 0x000000009bb00000| Untracked 
| 444|0x000000009bc00000, 0x000000009bc00000, 0x000000009bd00000|  0%| F|  |TAMS 0x000000009bc00000, 0x000000009bc00000| Untracked 
| 445|0x000000009bd00000, 0x000000009bd00000, 0x000000009be00000|  0%| F|  |TAMS 0x000000009bd00000, 0x000000009bd00000| Untracked 
| 446|0x000000009be00000, 0x000000009be00000, 0x000000009bf00000|  0%| F|  |TAMS 0x000000009be00000, 0x000000009be00000| Untracked 
| 447|0x000000009bf00000, 0x000000009bf00000, 0x000000009c000000|  0%| F|  |TAMS 0x000000009bf00000, 0x000000009bf00000| Untracked 
| 448|0x000000009c000000, 0x000000009c000000, 0x000000009c100000|  0%| F|  |TAMS 0x000000009c000000, 0x000000009c000000| Untracked 
| 449|0x000000009c100000, 0x000000009c100000, 0x000000009c200000|  0%| F|  |TAMS 0x000000009c100000, 0x000000009c100000| Untracked 
| 450|0x000000009c200000, 0x000000009c200000, 0x000000009c300000|  0%| F|  |TAMS 0x000000009c200000, 0x000000009c200000| Untracked 
| 451|0x000000009c300000, 0x000000009c300000, 0x000000009c400000|  0%| F|  |TAMS 0x000000009c300000, 0x000000009c300000| Untracked 
| 452|0x000000009c400000, 0x000000009c400000, 0x000000009c500000|  0%| F|  |TAMS 0x000000009c400000, 0x000000009c400000| Untracked 
| 453|0x000000009c500000, 0x000000009c500000, 0x000000009c600000|  0%| F|  |TAMS 0x000000009c500000, 0x000000009c500000| Untracked 
| 454|0x000000009c600000, 0x000000009c600000, 0x000000009c700000|  0%| F|  |TAMS 0x000000009c600000, 0x000000009c600000| Untracked 
| 455|0x000000009c700000, 0x000000009c700000, 0x000000009c800000|  0%| F|  |TAMS 0x000000009c700000, 0x000000009c700000| Untracked 
| 456|0x000000009c800000, 0x000000009c800000, 0x000000009c900000|  0%| F|  |TAMS 0x000000009c800000, 0x000000009c800000| Untracked 
| 457|0x000000009c900000, 0x000000009c900000, 0x000000009ca00000|  0%| F|  |TAMS 0x000000009c900000, 0x000000009c900000| Untracked 
| 458|0x000000009ca00000, 0x000000009ca00000, 0x000000009cb00000|  0%| F|  |TAMS 0x000000009ca00000, 0x000000009ca00000| Untracked 
| 459|0x000000009cb00000, 0x000000009cb00000, 0x000000009cc00000|  0%| F|  |TAMS 0x000000009cb00000, 0x000000009cb00000| Untracked 
| 460|0x000000009cc00000, 0x000000009cc00000, 0x000000009cd00000|  0%| F|  |TAMS 0x000000009cc00000, 0x000000009cc00000| Untracked 
| 461|0x000000009cd00000, 0x000000009cd00000, 0x000000009ce00000|  0%| F|  |TAMS 0x000000009cd00000, 0x000000009cd00000| Untracked 
| 462|0x000000009ce00000, 0x000000009ce00000, 0x000000009cf00000|  0%| F|  |TAMS 0x000000009ce00000, 0x000000009ce00000| Untracked 
| 463|0x000000009cf00000, 0x000000009cf00000, 0x000000009d000000|  0%| F|  |TAMS 0x000000009cf00000, 0x000000009cf00000| Untracked 
| 464|0x000000009d000000, 0x000000009d100000, 0x000000009d100000|100%| S|CS|TAMS 0x000000009d000000, 0x000000009d000000| Complete 
| 465|0x000000009d100000, 0x000000009d200000, 0x000000009d200000|100%| S|CS|TAMS 0x000000009d100000, 0x000000009d100000| Complete 
| 466|0x000000009d200000, 0x000000009d300000, 0x000000009d300000|100%| S|CS|TAMS 0x000000009d200000, 0x000000009d200000| Complete 
| 467|0x000000009d300000, 0x000000009d400000, 0x000000009d400000|100%| S|CS|TAMS 0x000000009d300000, 0x000000009d300000| Complete 
| 468|0x000000009d400000, 0x000000009d500000, 0x000000009d500000|100%| S|CS|TAMS 0x000000009d400000, 0x000000009d400000| Complete 
| 469|0x000000009d500000, 0x000000009d600000, 0x000000009d600000|100%| S|CS|TAMS 0x000000009d500000, 0x000000009d500000| Complete 
| 470|0x000000009d600000, 0x000000009d700000, 0x000000009d700000|100%| S|CS|TAMS 0x000000009d600000, 0x000000009d600000| Complete 
| 471|0x000000009d700000, 0x000000009d800000, 0x000000009d800000|100%| S|CS|TAMS 0x000000009d700000, 0x000000009d700000| Complete 
| 472|0x000000009d800000, 0x000000009d900000, 0x000000009d900000|100%| S|CS|TAMS 0x000000009d800000, 0x000000009d800000| Complete 
| 473|0x000000009d900000, 0x000000009da00000, 0x000000009da00000|100%| S|CS|TAMS 0x000000009d900000, 0x000000009d900000| Complete 
| 474|0x000000009da00000, 0x000000009db00000, 0x000000009db00000|100%| S|CS|TAMS 0x000000009da00000, 0x000000009da00000| Complete 
| 475|0x000000009db00000, 0x000000009dc00000, 0x000000009dc00000|100%| S|CS|TAMS 0x000000009db00000, 0x000000009db00000| Complete 
| 476|0x000000009dc00000, 0x000000009dd00000, 0x000000009dd00000|100%| S|CS|TAMS 0x000000009dc00000, 0x000000009dc00000| Complete 
| 477|0x000000009dd00000, 0x000000009de00000, 0x000000009de00000|100%| S|CS|TAMS 0x000000009dd00000, 0x000000009dd00000| Complete 
| 478|0x000000009de00000, 0x000000009df00000, 0x000000009df00000|100%| S|CS|TAMS 0x000000009de00000, 0x000000009de00000| Complete 
| 479|0x000000009df00000, 0x000000009e000000, 0x000000009e000000|100%| S|CS|TAMS 0x000000009df00000, 0x000000009df00000| Complete 
| 480|0x000000009e000000, 0x000000009e100000, 0x000000009e100000|100%| S|CS|TAMS 0x000000009e000000, 0x000000009e000000| Complete 
| 481|0x000000009e100000, 0x000000009e200000, 0x000000009e200000|100%| S|CS|TAMS 0x000000009e100000, 0x000000009e100000| Complete 
| 482|0x000000009e200000, 0x000000009e300000, 0x000000009e300000|100%| S|CS|TAMS 0x000000009e200000, 0x000000009e200000| Complete 
| 483|0x000000009e300000, 0x000000009e400000, 0x000000009e400000|100%| S|CS|TAMS 0x000000009e300000, 0x000000009e300000| Complete 
| 484|0x000000009e400000, 0x000000009e500000, 0x000000009e500000|100%| S|CS|TAMS 0x000000009e400000, 0x000000009e400000| Complete 
| 485|0x000000009e500000, 0x000000009e600000, 0x000000009e600000|100%| S|CS|TAMS 0x000000009e500000, 0x000000009e500000| Complete 
| 486|0x000000009e600000, 0x000000009e700000, 0x000000009e700000|100%| S|CS|TAMS 0x000000009e600000, 0x000000009e600000| Complete 
| 487|0x000000009e700000, 0x000000009e800000, 0x000000009e800000|100%| S|CS|TAMS 0x000000009e700000, 0x000000009e700000| Complete 
| 488|0x000000009e800000, 0x000000009e900000, 0x000000009e900000|100%| S|CS|TAMS 0x000000009e800000, 0x000000009e800000| Complete 
| 489|0x000000009e900000, 0x000000009e900000, 0x000000009ea00000|  0%| F|  |TAMS 0x000000009e900000, 0x000000009e900000| Untracked 
| 490|0x000000009ea00000, 0x000000009ea00000, 0x000000009eb00000|  0%| F|  |TAMS 0x000000009ea00000, 0x000000009ea00000| Untracked 
| 491|0x000000009eb00000, 0x000000009eb00000, 0x000000009ec00000|  0%| F|  |TAMS 0x000000009eb00000, 0x000000009eb00000| Untracked 
| 492|0x000000009ec00000, 0x000000009ec00000, 0x000000009ed00000|  0%| F|  |TAMS 0x000000009ec00000, 0x000000009ec00000| Untracked 
| 493|0x000000009ed00000, 0x000000009ed00000, 0x000000009ee00000|  0%| F|  |TAMS 0x000000009ed00000, 0x000000009ed00000| Untracked 
| 494|0x000000009ee00000, 0x000000009ee00000, 0x000000009ef00000|  0%| F|  |TAMS 0x000000009ee00000, 0x000000009ee00000| Untracked 
| 495|0x000000009ef00000, 0x000000009ef00000, 0x000000009f000000|  0%| F|  |TAMS 0x000000009ef00000, 0x000000009ef00000| Untracked 
| 496|0x000000009f000000, 0x000000009f000000, 0x000000009f100000|  0%| F|  |TAMS 0x000000009f000000, 0x000000009f000000| Untracked 
| 497|0x000000009f100000, 0x000000009f100000, 0x000000009f200000|  0%| F|  |TAMS 0x000000009f100000, 0x000000009f100000| Untracked 
| 498|0x000000009f200000, 0x000000009f200000, 0x000000009f300000|  0%| F|  |TAMS 0x000000009f200000, 0x000000009f200000| Untracked 
| 499|0x000000009f300000, 0x000000009f300000, 0x000000009f400000|  0%| F|  |TAMS 0x000000009f300000, 0x000000009f300000| Untracked 
| 500|0x000000009f400000, 0x000000009f400000, 0x000000009f500000|  0%| F|  |TAMS 0x000000009f400000, 0x000000009f400000| Untracked 
| 501|0x000000009f500000, 0x000000009f500000, 0x000000009f600000|  0%| F|  |TAMS 0x000000009f500000, 0x000000009f500000| Untracked 
| 502|0x000000009f600000, 0x000000009f600000, 0x000000009f700000|  0%| F|  |TAMS 0x000000009f600000, 0x000000009f600000| Untracked 
| 503|0x000000009f700000, 0x000000009f700000, 0x000000009f800000|  0%| F|  |TAMS 0x000000009f700000, 0x000000009f700000| Untracked 
| 504|0x000000009f800000, 0x000000009f800000, 0x000000009f900000|  0%| F|  |TAMS 0x000000009f800000, 0x000000009f800000| Untracked 
| 505|0x000000009f900000, 0x000000009f900000, 0x000000009fa00000|  0%| F|  |TAMS 0x000000009f900000, 0x000000009f900000| Untracked 
| 506|0x000000009fa00000, 0x000000009fa00000, 0x000000009fb00000|  0%| F|  |TAMS 0x000000009fa00000, 0x000000009fa00000| Untracked 
| 507|0x000000009fb00000, 0x000000009fb00000, 0x000000009fc00000|  0%| F|  |TAMS 0x000000009fb00000, 0x000000009fb00000| Untracked 
| 508|0x000000009fc00000, 0x000000009fc00000, 0x000000009fd00000|  0%| F|  |TAMS 0x000000009fc00000, 0x000000009fc00000| Untracked 
| 509|0x000000009fd00000, 0x000000009fd00000, 0x000000009fe00000|  0%| F|  |TAMS 0x000000009fd00000, 0x000000009fd00000| Untracked 
| 510|0x000000009fe00000, 0x000000009fe00000, 0x000000009ff00000|  0%| F|  |TAMS 0x000000009fe00000, 0x000000009fe00000| Untracked 
| 511|0x000000009ff00000, 0x000000009ff00000, 0x00000000a0000000|  0%| F|  |TAMS 0x000000009ff00000, 0x000000009ff00000| Untracked 
| 512|0x00000000a0000000, 0x00000000a0000000, 0x00000000a0100000|  0%| F|  |TAMS 0x00000000a0000000, 0x00000000a0000000| Untracked 
| 513|0x00000000a0100000, 0x00000000a0100000, 0x00000000a0200000|  0%| F|  |TAMS 0x00000000a0100000, 0x00000000a0100000| Untracked 
| 514|0x00000000a0200000, 0x00000000a0200000, 0x00000000a0300000|  0%| F|  |TAMS 0x00000000a0200000, 0x00000000a0200000| Untracked 
| 515|0x00000000a0300000, 0x00000000a0300000, 0x00000000a0400000|  0%| F|  |TAMS 0x00000000a0300000, 0x00000000a0300000| Untracked 
| 516|0x00000000a0400000, 0x00000000a0400000, 0x00000000a0500000|  0%| F|  |TAMS 0x00000000a0400000, 0x00000000a0400000| Untracked 
| 517|0x00000000a0500000, 0x00000000a0500000, 0x00000000a0600000|  0%| F|  |TAMS 0x00000000a0500000, 0x00000000a0500000| Untracked 
| 518|0x00000000a0600000, 0x00000000a0600000, 0x00000000a0700000|  0%| F|  |TAMS 0x00000000a0600000, 0x00000000a0600000| Untracked 
| 519|0x00000000a0700000, 0x00000000a0700000, 0x00000000a0800000|  0%| F|  |TAMS 0x00000000a0700000, 0x00000000a0700000| Untracked 
| 520|0x00000000a0800000, 0x00000000a0800000, 0x00000000a0900000|  0%| F|  |TAMS 0x00000000a0800000, 0x00000000a0800000| Untracked 
| 521|0x00000000a0900000, 0x00000000a0900000, 0x00000000a0a00000|  0%| F|  |TAMS 0x00000000a0900000, 0x00000000a0900000| Untracked 
| 522|0x00000000a0a00000, 0x00000000a0a00000, 0x00000000a0b00000|  0%| F|  |TAMS 0x00000000a0a00000, 0x00000000a0a00000| Untracked 
| 523|0x00000000a0b00000, 0x00000000a0b00000, 0x00000000a0c00000|  0%| F|  |TAMS 0x00000000a0b00000, 0x00000000a0b00000| Untracked 
| 524|0x00000000a0c00000, 0x00000000a0c00000, 0x00000000a0d00000|  0%| F|  |TAMS 0x00000000a0c00000, 0x00000000a0c00000| Untracked 
| 525|0x00000000a0d00000, 0x00000000a0d00000, 0x00000000a0e00000|  0%| F|  |TAMS 0x00000000a0d00000, 0x00000000a0d00000| Untracked 
| 526|0x00000000a0e00000, 0x00000000a0e00000, 0x00000000a0f00000|  0%| F|  |TAMS 0x00000000a0e00000, 0x00000000a0e00000| Untracked 
| 527|0x00000000a0f00000, 0x00000000a0f00000, 0x00000000a1000000|  0%| F|  |TAMS 0x00000000a0f00000, 0x00000000a0f00000| Untracked 
| 528|0x00000000a1000000, 0x00000000a1000000, 0x00000000a1100000|  0%| F|  |TAMS 0x00000000a1000000, 0x00000000a1000000| Untracked 
| 529|0x00000000a1100000, 0x00000000a1100000, 0x00000000a1200000|  0%| F|  |TAMS 0x00000000a1100000, 0x00000000a1100000| Untracked 
| 530|0x00000000a1200000, 0x00000000a1200000, 0x00000000a1300000|  0%| F|  |TAMS 0x00000000a1200000, 0x00000000a1200000| Untracked 
| 531|0x00000000a1300000, 0x00000000a1300000, 0x00000000a1400000|  0%| F|  |TAMS 0x00000000a1300000, 0x00000000a1300000| Untracked 
| 532|0x00000000a1400000, 0x00000000a1400000, 0x00000000a1500000|  0%| F|  |TAMS 0x00000000a1400000, 0x00000000a1400000| Untracked 
| 533|0x00000000a1500000, 0x00000000a1500000, 0x00000000a1600000|  0%| F|  |TAMS 0x00000000a1500000, 0x00000000a1500000| Untracked 
| 534|0x00000000a1600000, 0x00000000a1600000, 0x00000000a1700000|  0%| F|  |TAMS 0x00000000a1600000, 0x00000000a1600000| Untracked 
| 535|0x00000000a1700000, 0x00000000a1700000, 0x00000000a1800000|  0%| F|  |TAMS 0x00000000a1700000, 0x00000000a1700000| Untracked 
| 536|0x00000000a1800000, 0x00000000a1800000, 0x00000000a1900000|  0%| F|  |TAMS 0x00000000a1800000, 0x00000000a1800000| Untracked 
| 537|0x00000000a1900000, 0x00000000a1900000, 0x00000000a1a00000|  0%| F|  |TAMS 0x00000000a1900000, 0x00000000a1900000| Untracked 
| 538|0x00000000a1a00000, 0x00000000a1a00000, 0x00000000a1b00000|  0%| F|  |TAMS 0x00000000a1a00000, 0x00000000a1a00000| Untracked 
| 539|0x00000000a1b00000, 0x00000000a1b00000, 0x00000000a1c00000|  0%| F|  |TAMS 0x00000000a1b00000, 0x00000000a1b00000| Untracked 
| 540|0x00000000a1c00000, 0x00000000a1c00000, 0x00000000a1d00000|  0%| F|  |TAMS 0x00000000a1c00000, 0x00000000a1c00000| Untracked 
| 541|0x00000000a1d00000, 0x00000000a1d00000, 0x00000000a1e00000|  0%| F|  |TAMS 0x00000000a1d00000, 0x00000000a1d00000| Untracked 
| 542|0x00000000a1e00000, 0x00000000a1e00000, 0x00000000a1f00000|  0%| F|  |TAMS 0x00000000a1e00000, 0x00000000a1e00000| Untracked 
| 543|0x00000000a1f00000, 0x00000000a1f00000, 0x00000000a2000000|  0%| F|  |TAMS 0x00000000a1f00000, 0x00000000a1f00000| Untracked 
| 544|0x00000000a2000000, 0x00000000a2000000, 0x00000000a2100000|  0%| F|  |TAMS 0x00000000a2000000, 0x00000000a2000000| Untracked 
| 545|0x00000000a2100000, 0x00000000a2100000, 0x00000000a2200000|  0%| F|  |TAMS 0x00000000a2100000, 0x00000000a2100000| Untracked 
| 546|0x00000000a2200000, 0x00000000a2200000, 0x00000000a2300000|  0%| F|  |TAMS 0x00000000a2200000, 0x00000000a2200000| Untracked 
| 547|0x00000000a2300000, 0x00000000a2300000, 0x00000000a2400000|  0%| F|  |TAMS 0x00000000a2300000, 0x00000000a2300000| Untracked 
| 548|0x00000000a2400000, 0x00000000a2400000, 0x00000000a2500000|  0%| F|  |TAMS 0x00000000a2400000, 0x00000000a2400000| Untracked 
| 549|0x00000000a2500000, 0x00000000a2500000, 0x00000000a2600000|  0%| F|  |TAMS 0x00000000a2500000, 0x00000000a2500000| Untracked 
| 550|0x00000000a2600000, 0x00000000a2600000, 0x00000000a2700000|  0%| F|  |TAMS 0x00000000a2600000, 0x00000000a2600000| Untracked 
| 551|0x00000000a2700000, 0x00000000a2700000, 0x00000000a2800000|  0%| F|  |TAMS 0x00000000a2700000, 0x00000000a2700000| Untracked 
| 552|0x00000000a2800000, 0x00000000a2800000, 0x00000000a2900000|  0%| F|  |TAMS 0x00000000a2800000, 0x00000000a2800000| Untracked 
| 553|0x00000000a2900000, 0x00000000a2900000, 0x00000000a2a00000|  0%| F|  |TAMS 0x00000000a2900000, 0x00000000a2900000| Untracked 
| 554|0x00000000a2a00000, 0x00000000a2a00000, 0x00000000a2b00000|  0%| F|  |TAMS 0x00000000a2a00000, 0x00000000a2a00000| Untracked 
| 555|0x00000000a2b00000, 0x00000000a2b00000, 0x00000000a2c00000|  0%| F|  |TAMS 0x00000000a2b00000, 0x00000000a2b00000| Untracked 
| 556|0x00000000a2c00000, 0x00000000a2c00000, 0x00000000a2d00000|  0%| F|  |TAMS 0x00000000a2c00000, 0x00000000a2c00000| Untracked 
| 557|0x00000000a2d00000, 0x00000000a2d00000, 0x00000000a2e00000|  0%| F|  |TAMS 0x00000000a2d00000, 0x00000000a2d00000| Untracked 
| 558|0x00000000a2e00000, 0x00000000a2e00000, 0x00000000a2f00000|  0%| F|  |TAMS 0x00000000a2e00000, 0x00000000a2e00000| Untracked 
| 559|0x00000000a2f00000, 0x00000000a2f00000, 0x00000000a3000000|  0%| F|  |TAMS 0x00000000a2f00000, 0x00000000a2f00000| Untracked 
| 560|0x00000000a3000000, 0x00000000a3000000, 0x00000000a3100000|  0%| F|  |TAMS 0x00000000a3000000, 0x00000000a3000000| Untracked 
| 561|0x00000000a3100000, 0x00000000a3100000, 0x00000000a3200000|  0%| F|  |TAMS 0x00000000a3100000, 0x00000000a3100000| Untracked 
| 562|0x00000000a3200000, 0x00000000a3200000, 0x00000000a3300000|  0%| F|  |TAMS 0x00000000a3200000, 0x00000000a3200000| Untracked 
| 563|0x00000000a3300000, 0x00000000a3300000, 0x00000000a3400000|  0%| F|  |TAMS 0x00000000a3300000, 0x00000000a3300000| Untracked 
| 564|0x00000000a3400000, 0x00000000a3400000, 0x00000000a3500000|  0%| F|  |TAMS 0x00000000a3400000, 0x00000000a3400000| Untracked 
| 565|0x00000000a3500000, 0x00000000a3500000, 0x00000000a3600000|  0%| F|  |TAMS 0x00000000a3500000, 0x00000000a3500000| Untracked 
| 566|0x00000000a3600000, 0x00000000a3600000, 0x00000000a3700000|  0%| F|  |TAMS 0x00000000a3600000, 0x00000000a3600000| Untracked 
| 567|0x00000000a3700000, 0x00000000a3700000, 0x00000000a3800000|  0%| F|  |TAMS 0x00000000a3700000, 0x00000000a3700000| Untracked 
| 568|0x00000000a3800000, 0x00000000a3800000, 0x00000000a3900000|  0%| F|  |TAMS 0x00000000a3800000, 0x00000000a3800000| Untracked 
| 569|0x00000000a3900000, 0x00000000a3900000, 0x00000000a3a00000|  0%| F|  |TAMS 0x00000000a3900000, 0x00000000a3900000| Untracked 
| 570|0x00000000a3a00000, 0x00000000a3a00000, 0x00000000a3b00000|  0%| F|  |TAMS 0x00000000a3a00000, 0x00000000a3a00000| Untracked 
| 571|0x00000000a3b00000, 0x00000000a3b00000, 0x00000000a3c00000|  0%| F|  |TAMS 0x00000000a3b00000, 0x00000000a3b00000| Untracked 
| 572|0x00000000a3c00000, 0x00000000a3c00000, 0x00000000a3d00000|  0%| F|  |TAMS 0x00000000a3c00000, 0x00000000a3c00000| Untracked 
| 573|0x00000000a3d00000, 0x00000000a3d00000, 0x00000000a3e00000|  0%| F|  |TAMS 0x00000000a3d00000, 0x00000000a3d00000| Untracked 
| 574|0x00000000a3e00000, 0x00000000a3e00000, 0x00000000a3f00000|  0%| F|  |TAMS 0x00000000a3e00000, 0x00000000a3e00000| Untracked 
| 575|0x00000000a3f00000, 0x00000000a3f00000, 0x00000000a4000000|  0%| F|  |TAMS 0x00000000a3f00000, 0x00000000a3f00000| Untracked 
| 576|0x00000000a4000000, 0x00000000a4000000, 0x00000000a4100000|  0%| F|  |TAMS 0x00000000a4000000, 0x00000000a4000000| Untracked 
| 577|0x00000000a4100000, 0x00000000a4100000, 0x00000000a4200000|  0%| F|  |TAMS 0x00000000a4100000, 0x00000000a4100000| Untracked 
| 578|0x00000000a4200000, 0x00000000a4200000, 0x00000000a4300000|  0%| F|  |TAMS 0x00000000a4200000, 0x00000000a4200000| Untracked 
| 579|0x00000000a4300000, 0x00000000a4300000, 0x00000000a4400000|  0%| F|  |TAMS 0x00000000a4300000, 0x00000000a4300000| Untracked 
| 580|0x00000000a4400000, 0x00000000a4400000, 0x00000000a4500000|  0%| F|  |TAMS 0x00000000a4400000, 0x00000000a4400000| Untracked 
| 581|0x00000000a4500000, 0x00000000a4500000, 0x00000000a4600000|  0%| F|  |TAMS 0x00000000a4500000, 0x00000000a4500000| Untracked 
| 582|0x00000000a4600000, 0x00000000a4600000, 0x00000000a4700000|  0%| F|  |TAMS 0x00000000a4600000, 0x00000000a4600000| Untracked 
| 583|0x00000000a4700000, 0x00000000a4700000, 0x00000000a4800000|  0%| F|  |TAMS 0x00000000a4700000, 0x00000000a4700000| Untracked 
| 584|0x00000000a4800000, 0x00000000a4800000, 0x00000000a4900000|  0%| F|  |TAMS 0x00000000a4800000, 0x00000000a4800000| Untracked 
| 585|0x00000000a4900000, 0x00000000a496aa20, 0x00000000a4a00000| 41%| E|  |TAMS 0x00000000a4900000, 0x00000000a4900000| Complete 
| 586|0x00000000a4a00000, 0x00000000a4b00000, 0x00000000a4b00000|100%| E|CS|TAMS 0x00000000a4a00000, 0x00000000a4a00000| Complete 
| 587|0x00000000a4b00000, 0x00000000a4c00000, 0x00000000a4c00000|100%| E|CS|TAMS 0x00000000a4b00000, 0x00000000a4b00000| Complete 
| 588|0x00000000a4c00000, 0x00000000a4d00000, 0x00000000a4d00000|100%| E|CS|TAMS 0x00000000a4c00000, 0x00000000a4c00000| Complete 
| 589|0x00000000a4d00000, 0x00000000a4e00000, 0x00000000a4e00000|100%| E|CS|TAMS 0x00000000a4d00000, 0x00000000a4d00000| Complete 
| 590|0x00000000a4e00000, 0x00000000a4f00000, 0x00000000a4f00000|100%| E|CS|TAMS 0x00000000a4e00000, 0x00000000a4e00000| Complete 
| 591|0x00000000a4f00000, 0x00000000a5000000, 0x00000000a5000000|100%| E|CS|TAMS 0x00000000a4f00000, 0x00000000a4f00000| Complete 
| 592|0x00000000a5000000, 0x00000000a5100000, 0x00000000a5100000|100%| E|CS|TAMS 0x00000000a5000000, 0x00000000a5000000| Complete 
| 593|0x00000000a5100000, 0x00000000a5200000, 0x00000000a5200000|100%| E|CS|TAMS 0x00000000a5100000, 0x00000000a5100000| Complete 
| 594|0x00000000a5200000, 0x00000000a5300000, 0x00000000a5300000|100%| E|CS|TAMS 0x00000000a5200000, 0x00000000a5200000| Complete 
| 595|0x00000000a5300000, 0x00000000a5400000, 0x00000000a5400000|100%| E|CS|TAMS 0x00000000a5300000, 0x00000000a5300000| Complete 
| 596|0x00000000a5400000, 0x00000000a5500000, 0x00000000a5500000|100%| E|CS|TAMS 0x00000000a5400000, 0x00000000a5400000| Complete 
| 597|0x00000000a5500000, 0x00000000a5600000, 0x00000000a5600000|100%| E|CS|TAMS 0x00000000a5500000, 0x00000000a5500000| Complete 
| 598|0x00000000a5600000, 0x00000000a5700000, 0x00000000a5700000|100%| E|CS|TAMS 0x00000000a5600000, 0x00000000a5600000| Complete 
| 599|0x00000000a5700000, 0x00000000a5800000, 0x00000000a5800000|100%| E|CS|TAMS 0x00000000a5700000, 0x00000000a5700000| Complete 
| 600|0x00000000a5800000, 0x00000000a5900000, 0x00000000a5900000|100%| E|CS|TAMS 0x00000000a5800000, 0x00000000a5800000| Complete 
| 601|0x00000000a5900000, 0x00000000a5a00000, 0x00000000a5a00000|100%| E|CS|TAMS 0x00000000a5900000, 0x00000000a5900000| Complete 
| 602|0x00000000a5a00000, 0x00000000a5b00000, 0x00000000a5b00000|100%| E|CS|TAMS 0x00000000a5a00000, 0x00000000a5a00000| Complete 
| 603|0x00000000a5b00000, 0x00000000a5c00000, 0x00000000a5c00000|100%| E|CS|TAMS 0x00000000a5b00000, 0x00000000a5b00000| Complete 
| 604|0x00000000a5c00000, 0x00000000a5d00000, 0x00000000a5d00000|100%| E|CS|TAMS 0x00000000a5c00000, 0x00000000a5c00000| Complete 
| 605|0x00000000a5d00000, 0x00000000a5e00000, 0x00000000a5e00000|100%| E|CS|TAMS 0x00000000a5d00000, 0x00000000a5d00000| Complete 
| 606|0x00000000a5e00000, 0x00000000a5f00000, 0x00000000a5f00000|100%| E|CS|TAMS 0x00000000a5e00000, 0x00000000a5e00000| Complete 
| 607|0x00000000a5f00000, 0x00000000a6000000, 0x00000000a6000000|100%| E|CS|TAMS 0x00000000a5f00000, 0x00000000a5f00000| Complete 
| 608|0x00000000a6000000, 0x00000000a6100000, 0x00000000a6100000|100%| E|CS|TAMS 0x00000000a6000000, 0x00000000a6000000| Complete 
| 609|0x00000000a6100000, 0x00000000a6200000, 0x00000000a6200000|100%| E|CS|TAMS 0x00000000a6100000, 0x00000000a6100000| Complete 
| 610|0x00000000a6200000, 0x00000000a6300000, 0x00000000a6300000|100%| E|CS|TAMS 0x00000000a6200000, 0x00000000a6200000| Complete 
| 611|0x00000000a6300000, 0x00000000a6400000, 0x00000000a6400000|100%| E|CS|TAMS 0x00000000a6300000, 0x00000000a6300000| Complete 
| 612|0x00000000a6400000, 0x00000000a6500000, 0x00000000a6500000|100%| E|CS|TAMS 0x00000000a6400000, 0x00000000a6400000| Complete 
| 613|0x00000000a6500000, 0x00000000a6600000, 0x00000000a6600000|100%| E|CS|TAMS 0x00000000a6500000, 0x00000000a6500000| Complete 
| 614|0x00000000a6600000, 0x00000000a6700000, 0x00000000a6700000|100%| E|CS|TAMS 0x00000000a6600000, 0x00000000a6600000| Complete 
| 615|0x00000000a6700000, 0x00000000a6800000, 0x00000000a6800000|100%| E|CS|TAMS 0x00000000a6700000, 0x00000000a6700000| Complete 
| 616|0x00000000a6800000, 0x00000000a6900000, 0x00000000a6900000|100%| E|CS|TAMS 0x00000000a6800000, 0x00000000a6800000| Complete 
| 617|0x00000000a6900000, 0x00000000a6a00000, 0x00000000a6a00000|100%| E|CS|TAMS 0x00000000a6900000, 0x00000000a6900000| Complete 
| 618|0x00000000a6a00000, 0x00000000a6b00000, 0x00000000a6b00000|100%| E|CS|TAMS 0x00000000a6a00000, 0x00000000a6a00000| Complete 
| 619|0x00000000a6b00000, 0x00000000a6c00000, 0x00000000a6c00000|100%| E|CS|TAMS 0x00000000a6b00000, 0x00000000a6b00000| Complete 
| 620|0x00000000a6c00000, 0x00000000a6d00000, 0x00000000a6d00000|100%| E|CS|TAMS 0x00000000a6c00000, 0x00000000a6c00000| Complete 
| 621|0x00000000a6d00000, 0x00000000a6e00000, 0x00000000a6e00000|100%| E|CS|TAMS 0x00000000a6d00000, 0x00000000a6d00000| Complete 
| 622|0x00000000a6e00000, 0x00000000a6f00000, 0x00000000a6f00000|100%| E|CS|TAMS 0x00000000a6e00000, 0x00000000a6e00000| Complete 
| 623|0x00000000a6f00000, 0x00000000a7000000, 0x00000000a7000000|100%| E|CS|TAMS 0x00000000a6f00000, 0x00000000a6f00000| Complete 
| 624|0x00000000a7000000, 0x00000000a7100000, 0x00000000a7100000|100%| E|CS|TAMS 0x00000000a7000000, 0x00000000a7000000| Complete 
| 625|0x00000000a7100000, 0x00000000a7200000, 0x00000000a7200000|100%| E|CS|TAMS 0x00000000a7100000, 0x00000000a7100000| Complete 
| 626|0x00000000a7200000, 0x00000000a7300000, 0x00000000a7300000|100%| E|CS|TAMS 0x00000000a7200000, 0x00000000a7200000| Complete 
| 627|0x00000000a7300000, 0x00000000a7400000, 0x00000000a7400000|100%| E|CS|TAMS 0x00000000a7300000, 0x00000000a7300000| Complete 
| 628|0x00000000a7400000, 0x00000000a7500000, 0x00000000a7500000|100%| E|CS|TAMS 0x00000000a7400000, 0x00000000a7400000| Complete 
| 629|0x00000000a7500000, 0x00000000a7600000, 0x00000000a7600000|100%| E|CS|TAMS 0x00000000a7500000, 0x00000000a7500000| Complete 
| 630|0x00000000a7600000, 0x00000000a7700000, 0x00000000a7700000|100%| E|CS|TAMS 0x00000000a7600000, 0x00000000a7600000| Complete 
| 631|0x00000000a7700000, 0x00000000a7800000, 0x00000000a7800000|100%| E|CS|TAMS 0x00000000a7700000, 0x00000000a7700000| Complete 
| 632|0x00000000a7800000, 0x00000000a7900000, 0x00000000a7900000|100%| E|CS|TAMS 0x00000000a7800000, 0x00000000a7800000| Complete 
| 633|0x00000000a7900000, 0x00000000a7a00000, 0x00000000a7a00000|100%| E|CS|TAMS 0x00000000a7900000, 0x00000000a7900000| Complete 
| 634|0x00000000a7a00000, 0x00000000a7b00000, 0x00000000a7b00000|100%| E|CS|TAMS 0x00000000a7a00000, 0x00000000a7a00000| Complete 
| 635|0x00000000a7b00000, 0x00000000a7c00000, 0x00000000a7c00000|100%| E|CS|TAMS 0x00000000a7b00000, 0x00000000a7b00000| Complete 
| 636|0x00000000a7c00000, 0x00000000a7d00000, 0x00000000a7d00000|100%| E|CS|TAMS 0x00000000a7c00000, 0x00000000a7c00000| Complete 
| 637|0x00000000a7d00000, 0x00000000a7e00000, 0x00000000a7e00000|100%| E|CS|TAMS 0x00000000a7d00000, 0x00000000a7d00000| Complete 
| 638|0x00000000a7e00000, 0x00000000a7f00000, 0x00000000a7f00000|100%| E|CS|TAMS 0x00000000a7e00000, 0x00000000a7e00000| Complete 
| 639|0x00000000a7f00000, 0x00000000a8000000, 0x00000000a8000000|100%| E|CS|TAMS 0x00000000a7f00000, 0x00000000a7f00000| Complete 
| 640|0x00000000a8000000, 0x00000000a8100000, 0x00000000a8100000|100%| E|CS|TAMS 0x00000000a8000000, 0x00000000a8000000| Complete 
| 641|0x00000000a8100000, 0x00000000a8200000, 0x00000000a8200000|100%| E|CS|TAMS 0x00000000a8100000, 0x00000000a8100000| Complete 
| 642|0x00000000a8200000, 0x00000000a8300000, 0x00000000a8300000|100%| E|CS|TAMS 0x00000000a8200000, 0x00000000a8200000| Complete 
| 643|0x00000000a8300000, 0x00000000a8400000, 0x00000000a8400000|100%| E|CS|TAMS 0x00000000a8300000, 0x00000000a8300000| Complete 
| 644|0x00000000a8400000, 0x00000000a8500000, 0x00000000a8500000|100%| E|CS|TAMS 0x00000000a8400000, 0x00000000a8400000| Complete 
| 645|0x00000000a8500000, 0x00000000a8600000, 0x00000000a8600000|100%| E|CS|TAMS 0x00000000a8500000, 0x00000000a8500000| Complete 
| 646|0x00000000a8600000, 0x00000000a8700000, 0x00000000a8700000|100%| E|CS|TAMS 0x00000000a8600000, 0x00000000a8600000| Complete 
| 647|0x00000000a8700000, 0x00000000a8800000, 0x00000000a8800000|100%| E|CS|TAMS 0x00000000a8700000, 0x00000000a8700000| Complete 
| 648|0x00000000a8800000, 0x00000000a8900000, 0x00000000a8900000|100%| E|CS|TAMS 0x00000000a8800000, 0x00000000a8800000| Complete 
| 649|0x00000000a8900000, 0x00000000a8a00000, 0x00000000a8a00000|100%| E|CS|TAMS 0x00000000a8900000, 0x00000000a8900000| Complete 
| 650|0x00000000a8a00000, 0x00000000a8b00000, 0x00000000a8b00000|100%| E|CS|TAMS 0x00000000a8a00000, 0x00000000a8a00000| Complete 
| 651|0x00000000a8b00000, 0x00000000a8c00000, 0x00000000a8c00000|100%| E|CS|TAMS 0x00000000a8b00000, 0x00000000a8b00000| Complete 
| 652|0x00000000a8c00000, 0x00000000a8d00000, 0x00000000a8d00000|100%| E|CS|TAMS 0x00000000a8c00000, 0x00000000a8c00000| Complete 
| 653|0x00000000a8d00000, 0x00000000a8e00000, 0x00000000a8e00000|100%| E|CS|TAMS 0x00000000a8d00000, 0x00000000a8d00000| Complete 
| 654|0x00000000a8e00000, 0x00000000a8f00000, 0x00000000a8f00000|100%| E|CS|TAMS 0x00000000a8e00000, 0x00000000a8e00000| Complete 
| 655|0x00000000a8f00000, 0x00000000a9000000, 0x00000000a9000000|100%| E|CS|TAMS 0x00000000a8f00000, 0x00000000a8f00000| Complete 
| 656|0x00000000a9000000, 0x00000000a9100000, 0x00000000a9100000|100%| E|CS|TAMS 0x00000000a9000000, 0x00000000a9000000| Complete 
| 657|0x00000000a9100000, 0x00000000a9200000, 0x00000000a9200000|100%| E|CS|TAMS 0x00000000a9100000, 0x00000000a9100000| Complete 
| 658|0x00000000a9200000, 0x00000000a9300000, 0x00000000a9300000|100%| E|CS|TAMS 0x00000000a9200000, 0x00000000a9200000| Complete 
| 659|0x00000000a9300000, 0x00000000a9400000, 0x00000000a9400000|100%| E|CS|TAMS 0x00000000a9300000, 0x00000000a9300000| Complete 
| 660|0x00000000a9400000, 0x00000000a9500000, 0x00000000a9500000|100%| E|CS|TAMS 0x00000000a9400000, 0x00000000a9400000| Complete 
| 661|0x00000000a9500000, 0x00000000a9600000, 0x00000000a9600000|100%| E|CS|TAMS 0x00000000a9500000, 0x00000000a9500000| Complete 
| 662|0x00000000a9600000, 0x00000000a9700000, 0x00000000a9700000|100%| E|CS|TAMS 0x00000000a9600000, 0x00000000a9600000| Complete 
| 663|0x00000000a9700000, 0x00000000a9800000, 0x00000000a9800000|100%| E|CS|TAMS 0x00000000a9700000, 0x00000000a9700000| Complete 
| 664|0x00000000a9800000, 0x00000000a9900000, 0x00000000a9900000|100%| E|CS|TAMS 0x00000000a9800000, 0x00000000a9800000| Complete 
| 665|0x00000000a9900000, 0x00000000a9a00000, 0x00000000a9a00000|100%| E|CS|TAMS 0x00000000a9900000, 0x00000000a9900000| Complete 
| 666|0x00000000a9a00000, 0x00000000a9b00000, 0x00000000a9b00000|100%| E|CS|TAMS 0x00000000a9a00000, 0x00000000a9a00000| Complete 
| 667|0x00000000a9b00000, 0x00000000a9c00000, 0x00000000a9c00000|100%| E|CS|TAMS 0x00000000a9b00000, 0x00000000a9b00000| Complete 
| 668|0x00000000a9c00000, 0x00000000a9d00000, 0x00000000a9d00000|100%| E|CS|TAMS 0x00000000a9c00000, 0x00000000a9c00000| Complete 
| 669|0x00000000a9d00000, 0x00000000a9e00000, 0x00000000a9e00000|100%| E|CS|TAMS 0x00000000a9d00000, 0x00000000a9d00000| Complete 
| 670|0x00000000a9e00000, 0x00000000a9f00000, 0x00000000a9f00000|100%| E|CS|TAMS 0x00000000a9e00000, 0x00000000a9e00000| Complete 
| 671|0x00000000a9f00000, 0x00000000aa000000, 0x00000000aa000000|100%| E|CS|TAMS 0x00000000a9f00000, 0x00000000a9f00000| Complete 
| 672|0x00000000aa000000, 0x00000000aa100000, 0x00000000aa100000|100%| E|CS|TAMS 0x00000000aa000000, 0x00000000aa000000| Complete 
| 673|0x00000000aa100000, 0x00000000aa200000, 0x00000000aa200000|100%| E|CS|TAMS 0x00000000aa100000, 0x00000000aa100000| Complete 
| 674|0x00000000aa200000, 0x00000000aa300000, 0x00000000aa300000|100%| E|CS|TAMS 0x00000000aa200000, 0x00000000aa200000| Complete 
| 675|0x00000000aa300000, 0x00000000aa400000, 0x00000000aa400000|100%| E|CS|TAMS 0x00000000aa300000, 0x00000000aa300000| Complete 
| 676|0x00000000aa400000, 0x00000000aa500000, 0x00000000aa500000|100%| E|CS|TAMS 0x00000000aa400000, 0x00000000aa400000| Complete 
| 677|0x00000000aa500000, 0x00000000aa600000, 0x00000000aa600000|100%| E|CS|TAMS 0x00000000aa500000, 0x00000000aa500000| Complete 
| 678|0x00000000aa600000, 0x00000000aa700000, 0x00000000aa700000|100%| E|CS|TAMS 0x00000000aa600000, 0x00000000aa600000| Complete 
| 679|0x00000000aa700000, 0x00000000aa800000, 0x00000000aa800000|100%| E|CS|TAMS 0x00000000aa700000, 0x00000000aa700000| Complete 
| 680|0x00000000aa800000, 0x00000000aa900000, 0x00000000aa900000|100%| E|CS|TAMS 0x00000000aa800000, 0x00000000aa800000| Complete 
| 681|0x00000000aa900000, 0x00000000aaa00000, 0x00000000aaa00000|100%| E|CS|TAMS 0x00000000aa900000, 0x00000000aa900000| Complete 
| 682|0x00000000aaa00000, 0x00000000aab00000, 0x00000000aab00000|100%| E|CS|TAMS 0x00000000aaa00000, 0x00000000aaa00000| Complete 
| 683|0x00000000aab00000, 0x00000000aac00000, 0x00000000aac00000|100%| E|CS|TAMS 0x00000000aab00000, 0x00000000aab00000| Complete 
| 684|0x00000000aac00000, 0x00000000aad00000, 0x00000000aad00000|100%| E|CS|TAMS 0x00000000aac00000, 0x00000000aac00000| Complete 
| 685|0x00000000aad00000, 0x00000000aae00000, 0x00000000aae00000|100%| E|CS|TAMS 0x00000000aad00000, 0x00000000aad00000| Complete 
| 686|0x00000000aae00000, 0x00000000aaf00000, 0x00000000aaf00000|100%| E|CS|TAMS 0x00000000aae00000, 0x00000000aae00000| Complete 
| 687|0x00000000aaf00000, 0x00000000ab000000, 0x00000000ab000000|100%| E|CS|TAMS 0x00000000aaf00000, 0x00000000aaf00000| Complete 

Card table byte_map: [0x000001b5f3980000,0x000001b5f3d80000] _byte_map_base: 0x000001b5f3580000

Marking Bits (Prev, Next): (CMBitMap*) 0x000001b5e9596d30, (CMBitMap*) 0x000001b5e9596d70
 Prev Bits: [0x000001b5f4180000, 0x000001b5f6180000)
 Next Bits: [0x000001b5f6180000, 0x000001b5f8180000)

Polling page: 0x000001b5e9600000

Metaspace:

Usage:
  Non-class:     90.43 MB used.
      Class:     15.43 MB used.
       Both:    105.87 MB used.

Virtual space:
  Non-class space:      128.00 MB reserved,      90.94 MB ( 71%) committed,  2 nodes.
      Class space:        1.00 GB reserved,      15.88 MB (  2%) committed,  1 nodes.
             Both:        1.12 GB reserved,     106.81 MB (  9%) committed. 

Chunk freelists:
   Non-Class:  4.62 MB
       Class:  15.98 MB
        Both:  20.61 MB

MaxMetaspaceSize: unlimited
CompressedClassSpaceSize: 1.00 GB
Initial GC threshold: 21.00 MB
Current GC threshold: 164.31 MB
CDS: on
MetaspaceReclaimPolicy: balanced
 - commit_granule_bytes: 65536.
 - commit_granule_words: 8192.
 - virtual_space_node_default_size: 8388608.
 - enlarge_chunks_in_place: 1.
 - new_chunks_are_fully_committed: 0.
 - uncommit_free_chunks: 1.
 - use_allocation_guard: 0.
 - handle_deallocations: 1.


Internal statistics:

num_allocs_failed_limit: 6.
num_arena_births: 1402.
num_arena_deaths: 132.
num_vsnodes_births: 3.
num_vsnodes_deaths: 0.
num_space_committed: 1709.
num_space_uncommitted: 0.
num_chunks_returned_to_freelist: 200.
num_chunks_taken_from_freelist: 6084.
num_chunk_merges: 88.
num_chunk_splits: 3952.
num_chunks_enlarged: 2530.
num_inconsistent_stats: 0.

CodeHeap 'non-profiled nmethods': size=119168Kb used=7474Kb max_used=8137Kb free=111693Kb
 bounds [0x000001b587ba0000, 0x000001b5883a0000, 0x000001b58f000000]
CodeHeap 'profiled nmethods': size=119104Kb used=29738Kb max_used=30373Kb free=89366Kb
 bounds [0x000001b580000000, 0x000001b581dd0000, 0x000001b587450000]
CodeHeap 'non-nmethods': size=7488Kb used=4124Kb max_used=4203Kb free=3363Kb
 bounds [0x000001b587450000, 0x000001b587880000, 0x000001b587ba0000]
 total_blobs=16692 nmethods=15722 adapters=877
 compilation: enabled
              stopped_count=0, restarted_count=0
 full_count=0

Compilation events (20 events):
Event: 16.289 Thread 0x000001b5d53a1ec0 nmethod 18604 0x000001b587ca6f10 code [0x000001b587ca70a0, 0x000001b587ca7178]
Event: 16.291 Thread 0x000001b5d41aef40 18605       1       com.android.tools.r8.internal.UM::b (5 bytes)
Event: 16.292 Thread 0x000001b5d41aef40 nmethod 18605 0x000001b587ca6a10 code [0x000001b587ca6ba0, 0x000001b587ca6c78]
Event: 16.292 Thread 0x000001b5d53a1ec0 18606       2       com.android.tools.r8.internal.vY::a (16 bytes)
Event: 16.292 Thread 0x000001b5d4084870 18607       2       com.android.tools.r8.internal.vY$$Lambda$4821/0x000001b590f97368::test (9 bytes)
Event: 16.292 Thread 0x000001b5d41aef40 18608       2       com.android.tools.r8.internal.vY::h (12 bytes)
Event: 16.292 Thread 0x000001b5d53a19a0 18609       2       com.android.tools.r8.internal.vY$$Lambda$4821/0x000001b590f97368::<init> (10 bytes)
Event: 16.292 Thread 0x000001b5d53a1ec0 nmethod 18606 0x000001b581b2da90 code [0x000001b581b2dc20, 0x000001b581b2dd48]
Event: 16.292 Thread 0x000001b5d4084870 nmethod 18607 0x000001b581ade190 code [0x000001b581ade320, 0x000001b581ade468]
Event: 16.292 Thread 0x000001b5d53a1ec0 18610       1       com.android.tools.r8.internal.UM::e (5 bytes)
Event: 16.292 Thread 0x000001b5d53a19a0 nmethod 18609 0x000001b581adde10 code [0x000001b581addfa0, 0x000001b581ade0f8]
Event: 16.293 Thread 0x000001b5d41aef40 nmethod 18608 0x000001b581add910 code [0x000001b581addac0, 0x000001b581addc98]
Event: 16.293 Thread 0x000001b5d53a1ec0 nmethod 18610 0x000001b588116890 code [0x000001b588116a20, 0x000001b588116af8]
Event: 16.300 Thread 0x000001b5d53a1ec0 18611       2       com.android.tools.r8.internal.E4::hasNext (10 bytes)
Event: 16.300 Thread 0x000001b5d41aef40 18612       1       com.android.tools.r8.internal.Vq::f1 (2 bytes)
Event: 16.300 Thread 0x000001b5d4084870 18613       2       com.android.tools.r8.internal.E4::j (19 bytes)
Event: 16.300 Thread 0x000001b5d53a19a0 18614       2       com.android.tools.r8.internal.o00::e (16 bytes)
Event: 16.300 Thread 0x000001b5d41aef40 nmethod 18612 0x000001b588116590 code [0x000001b588116720, 0x000001b5881167f8]
Event: 16.300 Thread 0x000001b5d53a19a0 nmethod 18614 0x000001b581add490 code [0x000001b581add620, 0x000001b581add738]
Event: 16.300 Thread 0x000001b5d53a1ec0 nmethod 18611 0x000001b581cfeb10 code [0x000001b581cfeca0, 0x000001b581cfedc8]

GC Heap History (20 events):
Event: 14.274 GC heap before
{Heap before GC invocations=53 (full 0):
 garbage-first heap   total 245760K, used 202359K [0x0000000080000000, 0x0000000100000000)
  region size 1024K, 64 young (65536K), 9 survivors (9216K)
 Metaspace       used 94908K, committed 95872K, reserved 1179648K
  class space    used 12822K, committed 13248K, reserved 1048576K
}
Event: 14.280 GC heap after
{Heap after GC invocations=54 (full 0):
 garbage-first heap   total 245760K, used 154616K [0x0000000080000000, 0x0000000100000000)
  region size 1024K, 8 young (8192K), 8 survivors (8192K)
 Metaspace       used 94908K, committed 95872K, reserved 1179648K
  class space    used 12822K, committed 13248K, reserved 1048576K
}
Event: 14.330 GC heap before
{Heap before GC invocations=54 (full 0):
 garbage-first heap   total 245760K, used 203768K [0x0000000080000000, 0x0000000100000000)
  region size 1024K, 57 young (58368K), 8 survivors (8192K)
 Metaspace       used 95304K, committed 96256K, reserved 1179648K
  class space    used 12883K, committed 13312K, reserved 1048576K
}
Event: 14.337 GC heap after
{Heap after GC invocations=55 (full 0):
 garbage-first heap   total 355328K, used 167030K [0x0000000080000000, 0x0000000100000000)
  region size 1024K, 8 young (8192K), 8 survivors (8192K)
 Metaspace       used 95304K, committed 96256K, reserved 1179648K
  class space    used 12883K, committed 13312K, reserved 1048576K
}
Event: 14.481 GC heap before
{Heap before GC invocations=55 (full 0):
 garbage-first heap   total 355328K, used 275574K [0x0000000080000000, 0x0000000100000000)
  region size 1024K, 115 young (117760K), 8 survivors (8192K)
 Metaspace       used 95851K, committed 96768K, reserved 1179648K
  class space    used 12980K, committed 13376K, reserved 1048576K
}
Event: 14.489 GC heap after
{Heap after GC invocations=56 (full 0):
 garbage-first heap   total 355328K, used 198854K [0x0000000080000000, 0x0000000100000000)
  region size 1024K, 15 young (15360K), 15 survivors (15360K)
 Metaspace       used 95851K, committed 96768K, reserved 1179648K
  class space    used 12980K, committed 13376K, reserved 1048576K
}
Event: 14.835 GC heap before
{Heap before GC invocations=56 (full 0):
 garbage-first heap   total 355328K, used 275654K [0x0000000080000000, 0x0000000100000000)
  region size 1024K, 91 young (93184K), 15 survivors (15360K)
 Metaspace       used 99022K, committed 100032K, reserved 1179648K
  class space    used 13541K, committed 14016K, reserved 1048576K
}
Event: 14.843 GC heap after
{Heap after GC invocations=57 (full 0):
 garbage-first heap   total 355328K, used 212854K [0x0000000080000000, 0x0000000100000000)
  region size 1024K, 12 young (12288K), 12 survivors (12288K)
 Metaspace       used 99022K, committed 100032K, reserved 1179648K
  class space    used 13541K, committed 14016K, reserved 1048576K
}
Event: 14.926 GC heap before
{Heap before GC invocations=57 (full 0):
 garbage-first heap   total 355328K, used 281462K [0x0000000080000000, 0x0000000100000000)
  region size 1024K, 80 young (81920K), 12 survivors (12288K)
 Metaspace       used 99325K, committed 100288K, reserved 1179648K
  class space    used 13594K, committed 14016K, reserved 1048576K
}
Event: 14.936 GC heap after
{Heap after GC invocations=58 (full 0):
 garbage-first heap   total 355328K, used 227825K [0x0000000080000000, 0x0000000100000000)
  region size 1024K, 10 young (10240K), 10 survivors (10240K)
 Metaspace       used 99325K, committed 100288K, reserved 1179648K
  class space    used 13594K, committed 14016K, reserved 1048576K
}
Event: 14.985 GC heap before
{Heap before GC invocations=58 (full 0):
 garbage-first heap   total 355328K, used 285169K [0x0000000080000000, 0x0000000100000000)
  region size 1024K, 67 young (68608K), 10 survivors (10240K)
 Metaspace       used 99583K, committed 100544K, reserved 1179648K
  class space    used 13651K, committed 14080K, reserved 1048576K
}
Event: 14.996 GC heap after
{Heap after GC invocations=59 (full 0):
 garbage-first heap   total 355328K, used 242146K [0x0000000080000000, 0x0000000100000000)
  region size 1024K, 9 young (9216K), 9 survivors (9216K)
 Metaspace       used 99583K, committed 100544K, reserved 1179648K
  class space    used 13651K, committed 14080K, reserved 1048576K
}
Event: 15.038 GC heap before
{Heap before GC invocations=59 (full 0):
 garbage-first heap   total 355328K, used 290274K [0x0000000080000000, 0x0000000100000000)
  region size 1024K, 57 young (58368K), 9 survivors (9216K)
 Metaspace       used 99838K, committed 100800K, reserved 1179648K
  class space    used 13719K, committed 14144K, reserved 1048576K
}
Event: 15.049 GC heap after
{Heap after GC invocations=60 (full 0):
 garbage-first heap   total 704512K, used 252928K [0x0000000080000000, 0x0000000100000000)
  region size 1024K, 8 young (8192K), 8 survivors (8192K)
 Metaspace       used 99838K, committed 100800K, reserved 1179648K
  class space    used 13719K, committed 14144K, reserved 1048576K
}
Event: 15.659 GC heap before
{Heap before GC invocations=61 (full 0):
 garbage-first heap   total 704512K, used 497664K [0x0000000080000000, 0x0000000100000000)
  region size 1024K, 248 young (253952K), 8 survivors (8192K)
 Metaspace       used 103236K, committed 104128K, reserved 1179648K
  class space    used 14424K, committed 14848K, reserved 1048576K
}
Event: 15.693 GC heap after
{Heap after GC invocations=62 (full 0):
 garbage-first heap   total 704512K, used 307718K [0x0000000080000000, 0x0000000100000000)
  region size 1024K, 31 young (31744K), 31 survivors (31744K)
 Metaspace       used 103236K, committed 104128K, reserved 1179648K
  class space    used 14424K, committed 14848K, reserved 1048576K
}
Event: 15.703 GC heap before
{Heap before GC invocations=62 (full 0):
 garbage-first heap   total 704512K, used 310790K [0x0000000080000000, 0x0000000100000000)
  region size 1024K, 34 young (34816K), 31 survivors (31744K)
 Metaspace       used 103248K, committed 104128K, reserved 1179648K
  class space    used 14429K, committed 14848K, reserved 1048576K
}
Event: 15.722 GC heap after
{Heap after GC invocations=63 (full 0):
 garbage-first heap   total 704512K, used 307589K [0x0000000080000000, 0x0000000100000000)
  region size 1024K, 5 young (5120K), 5 survivors (5120K)
 Metaspace       used 103248K, committed 104128K, reserved 1179648K
  class space    used 14429K, committed 14848K, reserved 1048576K
}
Event: 16.165 GC heap before
{Heap before GC invocations=63 (full 0):
 garbage-first heap   total 704512K, used 505221K [0x0000000080000000, 0x0000000100000000)
  region size 1024K, 199 young (203776K), 5 survivors (5120K)
 Metaspace       used 106769K, committed 107712K, reserved 1179648K
  class space    used 15476K, committed 15872K, reserved 1048576K
}
Event: 16.183 GC heap after
{Heap after GC invocations=64 (full 0):
 garbage-first heap   total 704512K, used 337815K [0x0000000080000000, 0x0000000100000000)
  region size 1024K, 25 young (25600K), 25 survivors (25600K)
 Metaspace       used 106769K, committed 107712K, reserved 1179648K
  class space    used 15476K, committed 15872K, reserved 1048576K
}

Deoptimization events (20 events):
Event: 15.473 Thread 0x000001b5dcc8a9b0 DEOPT PACKING pc=0x000001b58838a4b0 sp=0x0000004c8abf2f20
Event: 15.473 Thread 0x000001b5dcc8a9b0 DEOPT UNPACKING pc=0x000001b5874a23a3 sp=0x0000004c8abf2d58 mode 2
Event: 15.474 Thread 0x000001b5d87d7470 Uncommon trap: trap_request=0xffffff45 fr.pc=0x000001b587ce61b4 relative=0x00000000000003f4
Event: 15.474 Thread 0x000001b5d87d7470 Uncommon trap: reason=unstable_if action=reinterpret pc=0x000001b587ce61b4 method=java.util.concurrent.ConcurrentHashMap.sumCount()J @ 41 c2
Event: 15.474 Thread 0x000001b5d87d7470 DEOPT PACKING pc=0x000001b587ce61b4 sp=0x0000004c8b9f7d90
Event: 15.474 Thread 0x000001b5d87d7470 DEOPT UNPACKING pc=0x000001b5874a23a3 sp=0x0000004c8b9f7c58 mode 2
Event: 15.606 Thread 0x000001b5d9463b80 DEOPT PACKING pc=0x000001b581b6f3c2 sp=0x0000004c808f9fe0
Event: 15.606 Thread 0x000001b5d9463b80 DEOPT UNPACKING pc=0x000001b5874a2b43 sp=0x0000004c808f9498 mode 0
Event: 16.018 Thread 0x000001b5da4ee670 Uncommon trap: trap_request=0xffffff45 fr.pc=0x000001b587ee8368 relative=0x0000000000005948
Event: 16.018 Thread 0x000001b5da4ee670 Uncommon trap: reason=unstable_if action=reinterpret pc=0x000001b587ee8368 method=com.android.tools.r8.internal.Ef.e(Ljava/lang/String;)[Ljava/lang/String; @ 149 c2
Event: 16.018 Thread 0x000001b5da4ee670 DEOPT PACKING pc=0x000001b587ee8368 sp=0x0000004c818f9570
Event: 16.018 Thread 0x000001b5da4ee670 DEOPT UNPACKING pc=0x000001b5874a23a3 sp=0x0000004c818f94f8 mode 2
Event: 16.018 Thread 0x000001b5da4ee670 Uncommon trap: trap_request=0xffffff45 fr.pc=0x000001b588377900 relative=0x0000000000002000
Event: 16.018 Thread 0x000001b5da4ee670 Uncommon trap: reason=unstable_if action=reinterpret pc=0x000001b588377900 method=com.android.tools.r8.internal.Ef.e(Ljava/lang/String;)[Ljava/lang/String; @ 149 c2
Event: 16.018 Thread 0x000001b5da4ee670 DEOPT PACKING pc=0x000001b588377900 sp=0x0000004c818f9940
Event: 16.018 Thread 0x000001b5da4ee670 DEOPT UNPACKING pc=0x000001b5874a23a3 sp=0x0000004c818f9930 mode 2
Event: 16.148 Thread 0x000001b5da4f0ef0 Uncommon trap: trap_request=0xffffff45 fr.pc=0x000001b5881146f0 relative=0x0000000000000db0
Event: 16.148 Thread 0x000001b5da4f0ef0 Uncommon trap: reason=unstable_if action=reinterpret pc=0x000001b5881146f0 method=com.android.tools.r8.internal.As.a(ILjava/lang/Object;)Ljava/lang/Object; @ 141 c2
Event: 16.148 Thread 0x000001b5da4f0ef0 DEOPT PACKING pc=0x000001b5881146f0 sp=0x0000004c820f9d30
Event: 16.148 Thread 0x000001b5da4f0ef0 DEOPT UNPACKING pc=0x000001b5874a23a3 sp=0x0000004c820f9cf8 mode 2

Classes unloaded (20 events):
Event: 15.169 Thread 0x000001b5d4042010 Unloading class 0x000001b590da6400 'java/lang/invoke/LambdaForm$DMH+0x000001b590da6400'
Event: 15.169 Thread 0x000001b5d4042010 Unloading class 0x000001b590da4400 'java/lang/invoke/LambdaForm$DMH+0x000001b590da4400'
Event: 15.169 Thread 0x000001b5d4042010 Unloading class 0x000001b590da7400 'java/lang/invoke/LambdaForm$DMH+0x000001b590da7400'
Event: 15.169 Thread 0x000001b5d4042010 Unloading class 0x000001b590da4800 'java/lang/invoke/LambdaForm$DMH+0x000001b590da4800'
Event: 15.169 Thread 0x000001b5d4042010 Unloading class 0x000001b590da5800 'java/lang/invoke/LambdaForm$DMH+0x000001b590da5800'
Event: 15.169 Thread 0x000001b5d4042010 Unloading class 0x000001b590da4c00 'java/lang/invoke/LambdaForm$DMH+0x000001b590da4c00'
Event: 15.169 Thread 0x000001b5d4042010 Unloading class 0x000001b590da4000 'java/lang/invoke/LambdaForm$DMH+0x000001b590da4000'
Event: 15.169 Thread 0x000001b5d4042010 Unloading class 0x000001b590da5000 'java/lang/invoke/LambdaForm$DMH+0x000001b590da5000'
Event: 15.169 Thread 0x000001b5d4042010 Unloading class 0x000001b590c88800 'java/lang/invoke/LambdaForm$DMH+0x000001b590c88800'
Event: 15.169 Thread 0x000001b5d4042010 Unloading class 0x000001b590c88000 'java/lang/invoke/LambdaForm$DMH+0x000001b590c88000'
Event: 15.169 Thread 0x000001b5d4042010 Unloading class 0x000001b590c88400 'java/lang/invoke/LambdaForm$DMH+0x000001b590c88400'
Event: 15.169 Thread 0x000001b5d4042010 Unloading class 0x000001b590c85c00 'java/lang/invoke/LambdaForm$DMH+0x000001b590c85c00'
Event: 15.169 Thread 0x000001b5d4042010 Unloading class 0x000001b590c85000 'java/lang/invoke/LambdaForm$DMH+0x000001b590c85000'
Event: 15.169 Thread 0x000001b5d4042010 Unloading class 0x000001b590c85800 'java/lang/invoke/LambdaForm$DMH+0x000001b590c85800'
Event: 15.169 Thread 0x000001b5d4042010 Unloading class 0x000001b590c85400 'java/lang/invoke/LambdaForm$DMH+0x000001b590c85400'
Event: 15.169 Thread 0x000001b5d4042010 Unloading class 0x000001b590c7c800 'java/lang/invoke/LambdaForm$DMH+0x000001b590c7c800'
Event: 15.169 Thread 0x000001b5d4042010 Unloading class 0x000001b590c7c000 'java/lang/invoke/LambdaForm$DMH+0x000001b590c7c000'
Event: 15.169 Thread 0x000001b5d4042010 Unloading class 0x000001b590c50c00 'java/lang/invoke/LambdaForm$DMH+0x000001b590c50c00'
Event: 15.169 Thread 0x000001b5d4042010 Unloading class 0x000001b590c50800 'java/lang/invoke/LambdaForm$DMH+0x000001b590c50800'
Event: 15.169 Thread 0x000001b5d4042010 Unloading class 0x000001b590c50000 'java/lang/invoke/LambdaForm$DMH+0x000001b590c50000'

Classes redefined (0 events):
No events

Internal exceptions (20 events):
Event: 15.758 Thread 0x000001b5dcc8a9b0 Exception <a 'java/lang/NoSuchMethodError'{0x00000000a9ed9210}: 'java.lang.Object java.lang.invoke.DirectMethodHandle$Holder.invokeStatic(java.lang.Object, int, java.lang.Object, java.lang.Object)'> (0x00000000a9ed9210) 
thrown [s\open\src\hotspot\share\interpreter\linkResolver.cpp, line 759]
Event: 15.758 Thread 0x000001b5da5e93f0 Exception <a 'java/lang/NoSuchMethodError'{0x00000000aad84388}: 'java.lang.Object java.lang.invoke.DirectMethodHandle$Holder.invokeStatic(java.lang.Object, int, java.lang.Object, java.lang.Object)'> (0x00000000aad84388) 
thrown [s\open\src\hotspot\share\interpreter\linkResolver.cpp, line 759]
Event: 15.757 Thread 0x000001b5d87d46e0 Exception <a 'java/lang/NoSuchMethodError'{0x00000000aa03b9e0}: 'java.lang.Object java.lang.invoke.DirectMethodHandle$Holder.invokeStatic(java.lang.Object, int, java.lang.Object, java.lang.Object)'> (0x00000000aa03b9e0) 
thrown [s\open\src\hotspot\share\interpreter\linkResolver.cpp, line 759]
Event: 15.757 Thread 0x000001b5da5eb250 Exception <a 'java/lang/NoSuchMethodError'{0x00000000a9c02a70}: 'java.lang.Object java.lang.invoke.DirectMethodHandle$Holder.invokeStatic(java.lang.Object, int, java.lang.Object, java.lang.Object)'> (0x00000000a9c02a70) 
thrown [s\open\src\hotspot\share\interpreter\linkResolver.cpp, line 759]
Event: 15.758 Thread 0x000001b5d70fcf60 Exception <a 'java/lang/NoSuchMethodError'{0x00000000aa7ae530}: 'java.lang.Object java.lang.invoke.DirectMethodHandle$Holder.invokeStatic(java.lang.Object, int, java.lang.Object, java.lang.Object)'> (0x00000000aa7ae530) 
thrown [s\open\src\hotspot\share\interpreter\linkResolver.cpp, line 759]
Event: 15.758 Thread 0x000001b5d70fabf0 Exception <a 'java/lang/NoSuchMethodError'{0x00000000a9e2cc58}: 'java.lang.Object java.lang.invoke.DirectMethodHandle$Holder.invokeStatic(java.lang.Object, int, java.lang.Object, java.lang.Object)'> (0x00000000a9e2cc58) 
thrown [s\open\src\hotspot\share\interpreter\linkResolver.cpp, line 759]
Event: 15.758 Thread 0x000001b5da4ee670 Exception <a 'java/lang/NoSuchMethodError'{0x00000000aaf3ec30}: 'java.lang.Object java.lang.invoke.DirectMethodHandle$Holder.invokeStatic(java.lang.Object, int, java.lang.Object, java.lang.Object)'> (0x00000000aaf3ec30) 
thrown [s\open\src\hotspot\share\interpreter\linkResolver.cpp, line 759]
Event: 15.758 Thread 0x000001b5d702bf70 Exception <a 'java/lang/NoSuchMethodError'{0x00000000aafca3c8}: 'java.lang.Object java.lang.invoke.DirectMethodHandle$Holder.invokeStatic(java.lang.Object, int, java.lang.Object, java.lang.Object)'> (0x00000000aafca3c8) 
thrown [s\open\src\hotspot\share\interpreter\linkResolver.cpp, line 759]
Event: 15.758 Thread 0x000001b5d945f9b0 Exception <a 'java/lang/NoSuchMethodError'{0x00000000a9db9878}: 'java.lang.Object java.lang.invoke.DirectMethodHandle$Holder.invokeStatic(java.lang.Object, int, java.lang.Object, java.lang.Object)'> (0x00000000a9db9878) 
thrown [s\open\src\hotspot\share\interpreter\linkResolver.cpp, line 759]
Event: 15.907 Thread 0x000001b5d9463b80 Exception <a 'java/lang/NoSuchMethodError'{0x00000000a8f3f190}: 'int java.lang.invoke.DirectMethodHandle$Holder.invokeSpecial(java.lang.Object, java.lang.Object, java.lang.Object, java.lang.Object, java.lang.Object, java.lang.Object)'> (0x00000000a8f3f190) 
thrown [s\open\src\hotspot\share\interpreter\linkResolver.cpp, line 759]
Event: 15.907 Thread 0x000001b5d87d46e0 Exception <a 'java/lang/NoSuchMethodError'{0x00000000a8e4fa50}: 'int java.lang.invoke.DirectMethodHandle$Holder.invokeSpecial(java.lang.Object, java.lang.Object, java.lang.Object, java.lang.Object, java.lang.Object, java.lang.Object)'> (0x00000000a8e4fa50) 
thrown [s\open\src\hotspot\share\interpreter\linkResolver.cpp, line 759]
Event: 15.907 Thread 0x000001b5da4eeb80 Exception <a 'java/lang/NoSuchMethodError'{0x00000000a8deaf28}: 'int java.lang.invoke.DirectMethodHandle$Holder.invokeSpecial(java.lang.Object, java.lang.Object, java.lang.Object, java.lang.Object, java.lang.Object, java.lang.Object)'> (0x00000000a8deaf28) 
thrown [s\open\src\hotspot\share\interpreter\linkResolver.cpp, line 759]
Event: 15.907 Thread 0x000001b5dcc8a9b0 Exception <a 'java/lang/NoSuchMethodError'{0x00000000a8eccac8}: 'int java.lang.invoke.DirectMethodHandle$Holder.invokeSpecial(java.lang.Object, java.lang.Object, java.lang.Object, java.lang.Object, java.lang.Object, java.lang.Object)'> (0x00000000a8eccac8) 
thrown [s\open\src\hotspot\share\interpreter\linkResolver.cpp, line 759]
Event: 15.907 Thread 0x000001b5d7025a30 Exception <a 'java/lang/NoSuchMethodError'{0x00000000a8d19970}: 'int java.lang.invoke.DirectMethodHandle$Holder.invokeSpecial(java.lang.Object, java.lang.Object, java.lang.Object, java.lang.Object, java.lang.Object, java.lang.Object)'> (0x00000000a8d19970) 
thrown [s\open\src\hotspot\share\interpreter\linkResolver.cpp, line 759]
Event: 15.907 Thread 0x000001b5da4f0ef0 Exception <a 'java/lang/NoSuchMethodError'{0x00000000a8fff870}: 'int java.lang.invoke.DirectMethodHandle$Holder.invokeSpecial(java.lang.Object, java.lang.Object, java.lang.Object, java.lang.Object, java.lang.Object, java.lang.Object)'> (0x00000000a8fff870) 
thrown [s\open\src\hotspot\share\interpreter\linkResolver.cpp, line 759]
Event: 15.907 Thread 0x000001b5d945f9b0 Exception <a 'java/lang/NoSuchMethodError'{0x00000000a8d0aeb8}: 'int java.lang.invoke.DirectMethodHandle$Holder.invokeSpecial(java.lang.Object, java.lang.Object, java.lang.Object, java.lang.Object, java.lang.Object, java.lang.Object)'> (0x00000000a8d0aeb8) 
thrown [s\open\src\hotspot\share\interpreter\linkResolver.cpp, line 759]
Event: 15.907 Thread 0x000001b5d70fabf0 Exception <a 'java/lang/NoSuchMethodError'{0x00000000a8d36960}: 'int java.lang.invoke.DirectMethodHandle$Holder.invokeSpecial(java.lang.Object, java.lang.Object, java.lang.Object, java.lang.Object, java.lang.Object, java.lang.Object)'> (0x00000000a8d36960) 
thrown [s\open\src\hotspot\share\interpreter\linkResolver.cpp, line 759]
Event: 16.275 Thread 0x000001b5da5eb250 Exception <a 'java/lang/NoSuchMethodError'{0x00000000aa80e028}: 'void java.lang.invoke.DirectMethodHandle$Holder.invokeSpecial(java.lang.Object, java.lang.Object, int, java.lang.Object)'> (0x00000000aa80e028) 
thrown [s\open\src\hotspot\share\interpreter\linkResolver.cpp, line 759]
Event: 16.275 Thread 0x000001b5d702bf70 Exception <a 'java/lang/NoSuchMethodError'{0x00000000aa734478}: 'void java.lang.invoke.DirectMethodHandle$Holder.invokeSpecial(java.lang.Object, java.lang.Object, int, java.lang.Object)'> (0x00000000aa734478) 
thrown [s\open\src\hotspot\share\interpreter\linkResolver.cpp, line 759]
Event: 16.275 Thread 0x000001b5d87d46e0 Exception <a 'java/lang/NoSuchMethodError'{0x00000000aa8a2318}: 'void java.lang.invoke.DirectMethodHandle$Holder.invokeSpecial(java.lang.Object, java.lang.Object, int, java.lang.Object)'> (0x00000000aa8a2318) 
thrown [s\open\src\hotspot\share\interpreter\linkResolver.cpp, line 759]

VM Operations (20 events):
Event: 15.658 Executing VM operation: G1CollectForAllocation
Event: 15.694 Executing VM operation: G1CollectForAllocation done
Event: 15.701 Executing VM operation: G1CollectForAllocation
Event: 15.722 Executing VM operation: G1CollectForAllocation done
Event: 15.954 Executing VM operation: HandshakeAllThreads
Event: 15.955 Executing VM operation: HandshakeAllThreads done
Event: 16.007 Executing VM operation: HandshakeAllThreads
Event: 16.008 Executing VM operation: HandshakeAllThreads done
Event: 16.008 Executing VM operation: HandshakeAllThreads
Event: 16.011 Executing VM operation: HandshakeAllThreads done
Event: 16.066 Executing VM operation: HandshakeAllThreads
Event: 16.069 Executing VM operation: HandshakeAllThreads done
Event: 16.096 Executing VM operation: HandshakeAllThreads
Event: 16.097 Executing VM operation: HandshakeAllThreads done
Event: 16.116 Executing VM operation: HandshakeAllThreads
Event: 16.117 Executing VM operation: HandshakeAllThreads done
Event: 16.158 Executing VM operation: ICBufferFull
Event: 16.158 Executing VM operation: ICBufferFull done
Event: 16.165 Executing VM operation: G1CollectForAllocation
Event: 16.183 Executing VM operation: G1CollectForAllocation done

Events (20 events):
Event: 16.070 Thread 0x000001b5d408f960 flushing nmethod 0x000001b581d4ed90
Event: 16.070 Thread 0x000001b5d408f960 flushing nmethod 0x000001b581d4f190
Event: 16.070 Thread 0x000001b5d408f960 flushing nmethod 0x000001b581d4f690
Event: 16.070 Thread 0x000001b5d408f960 flushing nmethod 0x000001b581d53990
Event: 16.070 Thread 0x000001b5d408f960 flushing nmethod 0x000001b581d55610
Event: 16.070 Thread 0x000001b5d408f960 flushing nmethod 0x000001b581d58590
Event: 16.070 Thread 0x000001b5d408f960 flushing nmethod 0x000001b581d5a510
Event: 16.070 Thread 0x000001b5d408f960 flushing nmethod 0x000001b581d5ae10
Event: 16.070 Thread 0x000001b5d408f960 flushing nmethod 0x000001b581d5b190
Event: 16.070 Thread 0x000001b5d408f960 flushing nmethod 0x000001b581d60c90
Event: 16.070 Thread 0x000001b5d408f960 flushing nmethod 0x000001b581d69010
Event: 16.070 Thread 0x000001b5d408f960 flushing nmethod 0x000001b581d69390
Event: 16.070 Thread 0x000001b5d408f960 flushing nmethod 0x000001b581d69890
Event: 16.070 Thread 0x000001b5d408f960 flushing nmethod 0x000001b581d6e710
Event: 16.070 Thread 0x000001b5d408f960 flushing nmethod 0x000001b581d6ec10
Event: 16.070 Thread 0x000001b5d408f960 flushing nmethod 0x000001b581d7b910
Event: 16.070 Thread 0x000001b5d408f960 flushing nmethod 0x000001b581d83e10
Event: 16.070 Thread 0x000001b5d408f960 flushing nmethod 0x000001b581d87610
Event: 16.070 Thread 0x000001b5d408f960 flushing nmethod 0x000001b581d87a90
Event: 16.070 Thread 0x000001b5d408f960 flushing nmethod 0x000001b581d88110


Dynamic libraries:
0x00007ff72ce90000 - 0x00007ff72cea0000 	C:\Program Files\Java\jdk-17\bin\java.exe
0x00007ffd93b20000 - 0x00007ffd93d87000 	C:\WINDOWS\SYSTEM32\ntdll.dll
0x00007ffd92430000 - 0x00007ffd924fb000 	C:\WINDOWS\System32\KERNEL32.DLL
0x00007ffd91430000 - 0x00007ffd91832000 	C:\WINDOWS\System32\KERNELBASE.dll
0x00007ffd90f00000 - 0x00007ffd9104c000 	C:\WINDOWS\System32\ucrtbase.dll
0x00007ffd8b8c0000 - 0x00007ffd8b8d9000 	C:\Program Files\Java\jdk-17\bin\jli.dll
0x00007ffd8b8e0000 - 0x00007ffd8b8fb000 	C:\Program Files\Java\jdk-17\bin\VCRUNTIME140.dll
0x00007ffd91840000 - 0x00007ffd918fc000 	C:\WINDOWS\System32\ADVAPI32.dll
0x00007ffd91910000 - 0x00007ffd919b9000 	C:\WINDOWS\System32\msvcrt.dll
0x00007ffd91f50000 - 0x00007ffd91ff9000 	C:\WINDOWS\System32\sechost.dll
0x00007ffd93670000 - 0x00007ffd93788000 	C:\WINDOWS\System32\RPCRT4.dll
0x00007ffd93810000 - 0x00007ffd939df000 	C:\WINDOWS\System32\USER32.dll
0x00007ffd91400000 - 0x00007ffd91427000 	C:\WINDOWS\System32\win32u.dll
0x00007ffd75380000 - 0x00007ffd75610000 	C:\WINDOWS\WinSxS\amd64_microsoft.windows.common-controls_6595b64144ccf1df_6.0.26100.9278_none_3e0d1ba8e3303201\COMCTL32.dll
0x00007ffd92110000 - 0x00007ffd9213b000 	C:\WINDOWS\System32\GDI32.dll
0x00007ffd90d20000 - 0x00007ffd90e49000 	C:\WINDOWS\System32\gdi32full.dll
0x00007ffd90e50000 - 0x00007ffd90ef3000 	C:\WINDOWS\System32\msvcp_win.dll
0x00007ffd88f50000 - 0x00007ffd88f5b000 	C:\WINDOWS\SYSTEM32\VERSION.dll
0x00007ffd933c0000 - 0x00007ffd933f1000 	C:\WINDOWS\System32\IMM32.DLL
0x00007ffd8b960000 - 0x00007ffd8b96c000 	C:\Program Files\Java\jdk-17\bin\vcruntime140_1.dll
0x00007ffd50ec0000 - 0x00007ffd50f4e000 	C:\Program Files\Java\jdk-17\bin\msvcp140.dll
0x00007ffd22f50000 - 0x00007ffd23b30000 	C:\Program Files\Java\jdk-17\bin\server\jvm.dll
0x00007ffd91f40000 - 0x00007ffd91f48000 	C:\WINDOWS\System32\PSAPI.DLL
0x00007ffd826a0000 - 0x00007ffd826d6000 	C:\WINDOWS\SYSTEM32\WINMM.dll
0x00007ffd81220000 - 0x00007ffd8122a000 	C:\WINDOWS\SYSTEM32\WSOCK32.dll
0x00007ffd93a50000 - 0x00007ffd93ad0000 	C:\WINDOWS\System32\WS2_32.dll
0x00007ffd8f9b0000 - 0x00007ffd8f9cb000 	C:\WINDOWS\SYSTEM32\kernel.appcore.dll
0x00007ffd8b8b0000 - 0x00007ffd8b8ba000 	C:\Program Files\Java\jdk-17\bin\jimage.dll
0x00007ffd8e260000 - 0x00007ffd8e4ac000 	C:\WINDOWS\SYSTEM32\DBGHELP.DLL
0x00007ffd92e00000 - 0x00007ffd93185000 	C:\WINDOWS\System32\combase.dll
0x00007ffd93490000 - 0x00007ffd93569000 	C:\WINDOWS\System32\OLEAUT32.dll
0x00007ffd79ef0000 - 0x00007ffd79f2b000 	C:\WINDOWS\SYSTEM32\dbgcore.DLL
0x00007ffd910f0000 - 0x00007ffd9119c000 	C:\WINDOWS\System32\bcryptPrimitives.dll
0x00007ffd8b880000 - 0x00007ffd8b8a5000 	C:\Program Files\Java\jdk-17\bin\java.dll
0x00007ffd22e70000 - 0x00007ffd22f47000 	C:\Program Files\Java\jdk-17\bin\jsvml.dll
0x00007ffd92660000 - 0x00007ffd92df8000 	C:\WINDOWS\System32\SHELL32.dll
0x00007ffd8e740000 - 0x00007ffd8efee000 	C:\WINDOWS\SYSTEM32\windows.storage.dll
0x00007ffd93570000 - 0x00007ffd9366b000 	C:\WINDOWS\System32\SHCORE.dll
0x00007ffd92340000 - 0x00007ffd923a6000 	C:\WINDOWS\System32\shlwapi.dll
0x00007ffd90c40000 - 0x00007ffd90c69000 	C:\WINDOWS\SYSTEM32\profapi.dll
0x00007ffd5ea10000 - 0x00007ffd5ea29000 	C:\Program Files\Java\jdk-17\bin\net.dll
0x00007ffd8ae00000 - 0x00007ffd8af2a000 	C:\WINDOWS\SYSTEM32\WINHTTP.dll
0x00007ffd8ff50000 - 0x00007ffd8ffbc000 	C:\WINDOWS\system32\mswsock.dll
0x00007ffd5bac0000 - 0x00007ffd5bad6000 	C:\Program Files\Java\jdk-17\bin\nio.dll
0x00007ffd55110000 - 0x00007ffd55128000 	C:\Program Files\Java\jdk-17\bin\zip.dll
0x00007ffd88f20000 - 0x00007ffd88f30000 	C:\Program Files\Java\jdk-17\bin\verify.dll
0x00007ffce9700000 - 0x00007ffce9727000 	C:\Users\ASUS\.gradle\native\e1d6ef7f7dcc3fd88c89a11ec53ec762bb8ba0a96d01ffa2cd45eb1d1d8dd5c5\windows-amd64\native-platform.dll
0x00007ffcf2a10000 - 0x00007ffcf2b54000 	C:\Users\ASUS\.gradle\native\0d407fdbe67a94daf76414ababcb853783967236a71b16ec16e742cd7a986fd3\windows-amd64\native-platform-file-events.dll
0x00007ffd668b0000 - 0x00007ffd668ba000 	C:\Program Files\Java\jdk-17\bin\management.dll
0x00007ffd5ea00000 - 0x00007ffd5ea0b000 	C:\Program Files\Java\jdk-17\bin\management_ext.dll
0x00007ffd90370000 - 0x00007ffd9038b000 	C:\WINDOWS\SYSTEM32\CRYPTSP.dll
0x00007ffd8f910000 - 0x00007ffd8f949000 	C:\WINDOWS\system32\rsaenh.dll
0x00007ffd90000000 - 0x00007ffd90034000 	C:\WINDOWS\SYSTEM32\USERENV.dll
0x00007ffd90c10000 - 0x00007ffd90c3a000 	C:\WINDOWS\SYSTEM32\bcrypt.dll
0x00007ffd901b0000 - 0x00007ffd901bc000 	C:\WINDOWS\SYSTEM32\CRYPTBASE.dll
0x00007ffd8f3b0000 - 0x00007ffd8f3e3000 	C:\WINDOWS\SYSTEM32\IPHLPAPI.DLL
0x00007ffd91f30000 - 0x00007ffd91f3a000 	C:\WINDOWS\System32\NSI.dll
0x00007ffd8b000000 - 0x00007ffd8b01d000 	C:\WINDOWS\SYSTEM32\dhcpcsvc6.DLL
0x00007ffd8afd0000 - 0x00007ffd8aff5000 	C:\WINDOWS\SYSTEM32\dhcpcsvc.DLL
0x00007ffd8f450000 - 0x00007ffd8f5a8000 	C:\WINDOWS\SYSTEM32\DNSAPI.dll
0x00007ffd8fd70000 - 0x00007ffd8fd7d000 	C:\WINDOWS\SYSTEM32\DSPARSE.dll
0x00007ffd551b0000 - 0x00007ffd551be000 	C:\Program Files\Java\jdk-17\bin\sunmscapi.dll
0x00007ffd911b0000 - 0x00007ffd9132e000 	C:\WINDOWS\System32\CRYPT32.dll
0x00007ffd904e0000 - 0x00007ffd90510000 	C:\WINDOWS\SYSTEM32\ncrypt.dll
0x00007ffd90490000 - 0x00007ffd904cf000 	C:\WINDOWS\SYSTEM32\NTASN1.dll
0x00007ffd777e0000 - 0x00007ffd777e8000 	C:\WINDOWS\system32\wshunix.dll

dbghelp: loaded successfully - version: 4.0.5 - missing functions: none
symbol engine: initialized successfully - sym options: 0x614 - pdb path: .;C:\Program Files\Java\jdk-17\bin;C:\WINDOWS\SYSTEM32;C:\WINDOWS\WinSxS\amd64_microsoft.windows.common-controls_6595b64144ccf1df_6.0.26100.9278_none_3e0d1ba8e3303201;C:\Program Files\Java\jdk-17\bin\server;C:\Users\ASUS\.gradle\native\e1d6ef7f7dcc3fd88c89a11ec53ec762bb8ba0a96d01ffa2cd45eb1d1d8dd5c5\windows-amd64;C:\Users\ASUS\.gradle\native\0d407fdbe67a94daf76414ababcb853783967236a71b16ec16e742cd7a986fd3\windows-amd64

VM Arguments:
jvm_args: --add-opens=java.base/java.util=ALL-UNNAMED --add-opens=java.base/java.lang=ALL-UNNAMED --add-opens=java.base/java.lang.invoke=ALL-UNNAMED --add-opens=java.base/java.util=ALL-UNNAMED --add-opens=java.prefs/java.util.prefs=ALL-UNNAMED --add-opens=java.prefs/java.util.prefs=ALL-UNNAMED --add-opens=java.base/java.nio.charset=ALL-UNNAMED --add-opens=java.base/java.net=ALL-UNNAMED --add-opens=java.base/java.util.concurrent.atomic=ALL-UNNAMED -Xmx2048m -Dfile.encoding=UTF-8 -Duser.country=US -Duser.language=en -Duser.variant 
java_command: org.gradle.launcher.daemon.bootstrap.GradleDaemon 7.4
java_class_path (initial): C:\Users\ASUS\.gradle\wrapper\dists\gradle-7.4-bin\c0gwcg53nkjbqw7r0h0umtfvt\gradle-7.4\lib\gradle-launcher-7.4.jar
Launcher Type: SUN_STANDARD

[Global flags]
     intx CICompilerCount                          = 12                                        {product} {ergonomic}
     uint ConcGCThreads                            = 3                                         {product} {ergonomic}
     uint G1ConcRefinementThreads                  = 13                                        {product} {ergonomic}
   size_t G1HeapRegionSize                         = 1048576                                   {product} {ergonomic}
    uintx GCDrainStackTargetSize                   = 64                                        {product} {ergonomic}
   size_t InitialHeapSize                          = 266338304                                 {product} {ergonomic}
   size_t MarkStackSize                            = 4194304                                   {product} {ergonomic}
   size_t MaxHeapSize                              = 2147483648                                {product} {command line}
   size_t MaxNewSize                               = 1287651328                                {product} {ergonomic}
   size_t MinHeapDeltaBytes                        = 1048576                                   {product} {ergonomic}
   size_t MinHeapSize                              = 8388608                                   {product} {ergonomic}
    uintx NonNMethodCodeHeapSize                   = 7602480                                {pd product} {ergonomic}
    uintx NonProfiledCodeHeapSize                  = 122027880                              {pd product} {ergonomic}
    uintx ProfiledCodeHeapSize                     = 122027880                              {pd product} {ergonomic}
    uintx ReservedCodeCacheSize                    = 251658240                              {pd product} {ergonomic}
     bool SegmentedCodeCache                       = true                                      {product} {ergonomic}
   size_t SoftMaxHeapSize                          = 2147483648                             {manageable} {ergonomic}
     bool UseCompressedClassPointers               = true                           {product lp64_product} {ergonomic}
     bool UseCompressedOops                        = true                           {product lp64_product} {ergonomic}
     bool UseG1GC                                  = true                                      {product} {ergonomic}
     bool UseLargePagesIndividualAllocation        = false                                  {pd product} {ergonomic}

Logging:
Log output configuration:
 #0: stdout all=warning uptime,level,tags
 #1: stderr all=off uptime,level,tags

Environment Variables:
PATH=C:\Program Files\NVIDIA GPU Computing Toolkit\CUDA\v12.6\bin;C:\Program Files\NVIDIA GPU Computing Toolkit\CUDA\v12.6\libnvvp;C:\Program Files\NVIDIA GPU Computing Toolkit\CUDA\v13.3\bin\x64;C:\Program Files\NVIDIA GPU Computing Toolkit\CUDA\v13.3\bin;c:\Users\ASUS\AppData\Local\Programs\cursor\resources\app\bin;C:\Program Files\Common Files\Oracle\Java\javapath;C:\WINDOWS\system32;C:\WINDOWS;C:\WINDOWS\System32\Wbem;C:\WINDOWS\System32\WindowsPowerShell\v1.0\;C:\WINDOWS\System32\OpenSSH\;C:\Program Files (x86)\NVIDIA Corporation\PhysX\Common;C:\Program Files\dotnet\;C:\Program Files\Java\jdk-17\bin;C:\Program Files\nodejs\;C:\Program Files\PostgreSQL\17\bin;C:\Program Files\Git\cmd;C:\Users\ASUS\AppData\Local\Programs\Python\Launcher\;C:\Users\ASUS\scoop\shims;C:\Users\ASUS\AppData\Local\Microsoft\WindowsApps;C:\Users\ASUS\AppData\Roaming\npm;C:\Users\ASUS\AppData\Local\Programs\Python\Python313;C:\Users\ASUS\AppData\Local\Programs\Python\Python313\Scripts;C:\Users\ASUS\AppData\Local\Programs\cursor\resources\app\bin;c:\Users\ASUS\AppData\Local\Programs\cursor\resources\app\bin;C:\Program Files\Git\cmd;C:\Program Files\NVIDIA Corporation\NVIDIA App\NvDLISR;C:\Program Files (x86)\BaseX\bin;C:\Program Files\Apache\apache-maven-3.9.12\bin;C:\Program Files\Docker\Docker\resources\bin;C:\tools\rtk-x86_64-pc-windows-msvc;C:\Program Files\NVIDIA Corporation\Nsight Compute 2024.3.0\;C:\Program Files\NVIDIA GPU Computing Toolkit\CUDA\v12.6\bin;C:\Program Files\NVIDIA GPU Computing Toolkit\CUDA\v12.6\libnvvp;C:\Program Files\NVIDIA GPU Computing Toolkit\CUDA\v13.3\bin\x64;C:\Program Files\NVIDIA GPU Computing Toolkit\CUDA\v13.3\bin;c:\Users\ASUS\AppData\Local\Programs\cursor\resources\app\bin;C:\Program Files\Common Files\Oracle\Java\javapath;C:\WINDOWS\system32;C:\WINDOWS;C:\WINDOWS\System32\Wbem;C:\WINDOWS\System32\WindowsPowerShell\v1.0\;C:\WINDOWS\System32\OpenSSH\;C:\Program Files (x86)\NVIDIA Corporation\PhysX\Common;C:\Program Files\dotnet\;C:\Program Files\Java\jdk
USERNAME=ASUS
OS=Windows_NT
PROCESSOR_IDENTIFIER=AMD64 Family 25 Model 68 Stepping 1, AuthenticAMD



---------------  S Y S T E M  ---------------

OS:
 Windows 11 , 64 bit Build 26100 (10.0.26100.9444)
OS uptime: 0 days 0:22 hours
Hyper-V role detected

CPU: total 16 (initial active 16) (16 cores per cpu, 2 threads per core) family 25 model 68 stepping 1 microcode 0xa404107, cx8, cmov, fxsr, ht, mmx, 3dnowpref, sse, sse2, sse3, ssse3, sse4a, sse4.1, sse4.2, popcnt, lzcnt, tsc, tscinvbit, avx, avx2, aes, erms, clmul, bmi1, bmi2, adx, sha, fma, vzeroupper, clflush, clflushopt, hv

Memory: 4k page, system-wide physical 16202M (237M free)
TotalPageFile size 24489M (AvailPageFile size 61M)
current process WorkingSet (physical memory assigned to process): 1065M, peak: 1071M
current process commit charge ("private bytes"): 1267M, peak: 1273M

vm_info: Java HotSpot(TM) 64-Bit Server VM (17.0.12+8-LTS-286) for windows-amd64 JRE (17.0.12+8-LTS-286), built on Jun  5 2024 06:46:59 by "mach5one" with MS VC++ 17.6 (VS2022)

END.
