#
# There is insufficient memory for the Java Runtime Environment to continue.
# Native memory allocation (mmap) failed to map 488636416 bytes for G1 virtual space
# Possible reasons:
#   The system is out of physical RAM or swap space
#   The process is running with CompressedOops enabled, and the Java Heap may be blocking the growth of the native heap
# Possible solutions:
#   Reduce memory load on the system
#   Increase physical memory or swap space
#   Check if swap backing store is full
#   Decrease Java heap size (-Xmx/-Xms)
#   Decrease number of Java threads
#   Decrease Java thread stack sizes (-Xss)
#   Set larger code cache with -XX:ReservedCodeCacheSize=
#   JVM is running with Unscaled Compressed Oops mode in which the Java heap is
#     placed in the first 4GB address space. The Java Heap base address is the
#     maximum limit for the native heap growth. Please use -XX:HeapBaseMinAddress
#     to set the Java Heap base and to place the Java Heap above 4GB virtual address.
# This output file may be truncated or incomplete.
#
#  Out of Memory Error (os_windows.cpp:3548), pid=31316, tid=4328
#
# JRE version: Java(TM) SE Runtime Environment (17.0.12+8) (build 17.0.12+8-LTS-286)
# Java VM: Java HotSpot(TM) 64-Bit Server VM (17.0.12+8-LTS-286, mixed mode, sharing, tiered, compressed oops, compressed class ptrs, g1 gc, windows-amd64)
# No core dump will be written. Minidumps are not enabled by default on client versions of Windows
#

---------------  S U M M A R Y ------------

Command Line: --add-opens=java.base/java.util=ALL-UNNAMED --add-opens=java.base/java.lang=ALL-UNNAMED --add-opens=java.base/java.lang.invoke=ALL-UNNAMED --add-opens=java.base/java.util=ALL-UNNAMED --add-opens=java.prefs/java.util.prefs=ALL-UNNAMED --add-opens=java.prefs/java.util.prefs=ALL-UNNAMED --add-opens=java.base/java.nio.charset=ALL-UNNAMED --add-opens=java.base/java.net=ALL-UNNAMED --add-opens=java.base/java.util.concurrent.atomic=ALL-UNNAMED -Xmx2048m -Dfile.encoding=UTF-8 -Duser.country=US -Duser.language=en -Duser.variant org.gradle.launcher.daemon.bootstrap.GradleDaemon 7.4

Host: AMD Ryzen 7 7435HS                             , 16 cores, 15G,  Windows 11 , 64 bit Build 26100 (10.0.26100.9444)
Time: Sun Sep 27 16:38:11 2026 Sri Lanka Standard Time elapsed time: 18.829729 seconds (0d 0h 0m 18s)

---------------  T H R E A D  ---------------

Current thread (0x00000232f4850080):  VMThread "VM Thread" [stack: 0x000000a1ef200000,0x000000a1ef300000] [id=4328]

Stack: [0x000000a1ef200000,0x000000a1ef300000]
Native frames: (J=compiled Java code, j=interpreted, Vv=VM code, C=native code)
V  [jvm.dll+0x67a04a]
V  [jvm.dll+0x7da4ed]
V  [jvm.dll+0x7dbe33]
V  [jvm.dll+0x7dc4a3]
V  [jvm.dll+0x24508f]
V  [jvm.dll+0x677089]
V  [jvm.dll+0x66bd32]
V  [jvm.dll+0x301fa6]
V  [jvm.dll+0x309546]
V  [jvm.dll+0x359d2e]
V  [jvm.dll+0x359f5f]
V  [jvm.dll+0x2d9078]
V  [jvm.dll+0x2d74ad]
V  [jvm.dll+0x2d6afc]
V  [jvm.dll+0x31a65b]
V  [jvm.dll+0x7e0d9b]
V  [jvm.dll+0x7e1ad4]
V  [jvm.dll+0x7e1fed]
V  [jvm.dll+0x7e23c4]
V  [jvm.dll+0x7e2490]
V  [jvm.dll+0x78abea]
V  [jvm.dll+0x678f35]
C  [ucrtbase.dll+0x2cd30]
C  [KERNEL32.DLL+0x2cd87]
C  [ntdll.dll+0xacaec]

VM_Operation (0x000000a1f74f9740): G1CollectForAllocation, mode: safepoint, requested by thread 0x00000232ff2d9660


---------------  P R O C E S S  ---------------

Threads class SMR info:
_java_thread_list=0x00000232c3d61a50, length=242, elements={
0x00000232d382ade0, 0x00000232f48516c0, 0x00000232f4852190, 0x00000232f484d260,
0x00000232f4868730, 0x00000232f4868c10, 0x00000232f48694e0, 0x00000232f48720f0,
0x00000232f48ab770, 0x00000232f48ae090, 0x00000232f49aff80, 0x00000232f49cbc20,
0x00000232f49f68d0, 0x00000232f49fb3d0, 0x00000232f9bbc030, 0x00000232fb17ea50,
0x00000232f9edbb70, 0x00000232fb1ef8a0, 0x00000232fa080a70, 0x00000232fa7b7b00,
0x00000232f9a53f50, 0x00000232f9a562c0, 0x00000232f9a55db0, 0x00000232f9a53020,
0x00000232f9a54e80, 0x00000232f9a55390, 0x00000232f9a53530, 0x00000232f9a54460,
0x00000232fb9483e0, 0x00000232fb9488f0, 0x00000232fb949820, 0x00000232fb946fa0,
0x00000232fb946a90, 0x00000232fb949310, 0x00000232fb946580, 0x00000232fb947ed0,
0x00000232fb24ed00, 0x00000232fb24ddd0, 0x00000232fb24c990, 0x00000232fb24e2e0,
0x00000232fb24bf70, 0x00000232fb24d8c0, 0x00000232fb24e7f0, 0x00000232fb24f210,
0x00000232fb24fc30, 0x00000232fb250140, 0x00000232fb250650, 0x00000232fb24cea0,
0x00000232fb2529c0, 0x00000232fb251fa0, 0x00000232fb250b60, 0x00000232fb251070,
0x00000232fb251580, 0x00000232fb251a90, 0x00000232fb2524b0, 0x00000232fb252ed0,
0x00000232fb2533e0, 0x00000232fb2538f0, 0x00000232feb73ab0, 0x00000232feb73090,
0x00000232feb71c50, 0x00000232feb72670, 0x00000232feb72160, 0x00000232feb72b80,
0x00000232feb735a0, 0x00000232feb73fc0, 0x00000232feb744d0, 0x00000232feb70d20,
0x00000232feb749e0, 0x00000232feb71230, 0x00000232feb74ef0, 0x00000232feb71740,
0x00000232feb77c80, 0x00000232feb76840, 0x00000232feb786a0, 0x00000232feb75910,
0x00000232feb75400, 0x00000232feb76d50, 0x00000232feb77260, 0x00000232feb78190,
0x00000232feb75e20, 0x00000232feb76330, 0x00000232feb77770, 0x00000232feac8910,
0x00000232feac74d0, 0x00000232feac9840, 0x00000232feaca260, 0x00000232feaca770,
0x00000232feac6fc0, 0x00000232feac8400, 0x00000232feac7ef0, 0x00000232feac79e0,
0x00000232feac8e20, 0x00000232feac9330, 0x00000232feac9d50, 0x00000232ff2d5eb0,
0x00000232ff2d63c0, 0x00000232ff2d72f0, 0x00000232ff2d68d0, 0x00000232ff2d7d10,
0x00000232ff2d8c40, 0x00000232ff2d6de0, 0x00000232ff2d7800, 0x00000232ff2d8220,
0x00000232ff2d8730, 0x00000232ff2d9150, 0x00000232ff2d59a0, 0x00000232ff2dafb0,
0x00000232ff2dc900, 0x00000232ff2dc3f0, 0x00000232ff2dce10, 0x00000232ff2d9660,
0x00000232ff2da080, 0x00000232ff2da590, 0x00000232ff2dbee0, 0x00000232ff2dd320,
0x00000232ff2d9b70, 0x00000232ff2db4c0, 0x00000232ff2daaa0, 0x00000232ff2db9d0,
0x00000232ff0816f0, 0x00000232ff081c00, 0x00000232ff083550, 0x00000232ff082620,
0x00000232ff082110, 0x00000232ff083040, 0x00000232ff084480, 0x00000232ff083a60,
0x00000232ff083f70, 0x00000232ff084990, 0x00000232ff0811e0, 0x00000232ff082b30,
0x00000232fdd2f1e0, 0x00000232fdd2e7c0, 0x00000232fdd2f6f0, 0x00000232fdd2fc00,
0x00000232fdd2c450, 0x00000232fdd2dda0, 0x00000232fdd2c960, 0x00000232fdd2e2b0,
0x00000232fdd30620, 0x00000232fdd2ce70, 0x00000232fdd2ecd0, 0x00000232fdd30110,
0x00000232fdd30b30, 0x00000232fdd2d380, 0x00000232fdd31040, 0x00000232fdd2d890,
0x00000232fdd32990, 0x00000232fdd31a60, 0x00000232fdd338c0, 0x00000232fdd31550,
0x00000232fdd32ea0, 0x00000232fdd333b0, 0x00000232fdd33dd0, 0x00000232fdd32480,
0x00000232fefe6070, 0x00000232fefe6a90, 0x00000232fefe6580, 0x00000232fefe79c0,
0x00000232fefe5140, 0x00000232fefe7ed0, 0x00000232fefe6fa0, 0x00000232fefe74b0,
0x00000232fefe4720, 0x00000232fefe83e0, 0x00000232fefe4c30, 0x00000232fefe88f0,
0x00000232fefe8e00, 0x00000232fefe5650, 0x00000232fefe9310, 0x00000232fefe5b60,
0x00000232fefe9820, 0x00000232fefebb90, 0x00000232fefe9d30, 0x00000232fefea240,
0x00000232fefea750, 0x00000232fefeac60, 0x00000232fefeb170, 0x00000232fefeb680,
0x00000232fefec0a0, 0x00000232fdd31f70, 0x00000232fef274c0, 0x00000232fef26080,
0x00000232fef24730, 0x00000232fef26fb0, 0x00000232fef283f0, 0x00000232fef26590,
0x00000232fef26aa0, 0x00000232fef279d0, 0x00000232fef27ee0, 0x00000232fef24c40,
0x00000232fef25150, 0x00000232fef28900, 0x00000232fef25660, 0x00000232fef25b70,
0x00000232fef2c0b0, 0x00000232fef29320, 0x00000232fef2ac70, 0x00000232fef2b690,
0x00000232fef29830, 0x00000232fef29d40, 0x00000232fef2a760, 0x00000232c1794a40,
0x00000232c17954e0, 0x00000232c1796f70, 0x00000232c17944f0, 0x00000232c228fb50,
0x00000232c22923d0, 0x00000232c2293810, 0x00000232c22928e0, 0x00000232c2292df0,
0x00000232c22919b0, 0x00000232c1795f80, 0x00000232c2294230, 0x00000232c22914a0,
0x00000232c2290a80, 0x00000232c2294740, 0x00000232c2290f90, 0x00000232c22965a0,
0x00000232c2294c50, 0x00000232c2295160, 0x00000232c2296ab0, 0x00000232c2296fc0,
0x00000232c2295670, 0x00000232c2295b80, 0x00000232c22974d0, 0x00000232c3e74ad0,
0x00000232c3e71d40, 0x00000232c3e75a00, 0x00000232c3e74fe0, 0x00000232c3e745c0,
0x00000232c3e72250, 0x00000232c3e754f0, 0x00000232c3657e10, 0x00000232c36573f0,
0x00000232c36569d0, 0x00000232c841bf10, 0x00000232c841ba00, 0x00000232c3657900,
0x00000232c80d01e0, 0x00000232c841c930
}

Java Threads: ( => current thread )
  0x00000232d382ade0 JavaThread "main" [_thread_blocked, id=25456, stack(0x000000a1eec00000,0x000000a1eed00000)]
  0x00000232f48516c0 JavaThread "Reference Handler" daemon [_thread_blocked, id=12616, stack(0x000000a1ef300000,0x000000a1ef400000)]
  0x00000232f4852190 JavaThread "Finalizer" daemon [_thread_blocked, id=27532, stack(0x000000a1ef400000,0x000000a1ef500000)]
  0x00000232f484d260 JavaThread "Signal Dispatcher" daemon [_thread_blocked, id=10020, stack(0x000000a1ef500000,0x000000a1ef600000)]
  0x00000232f4868730 JavaThread "Attach Listener" daemon [_thread_blocked, id=6920, stack(0x000000a1ef600000,0x000000a1ef700000)]
  0x00000232f4868c10 JavaThread "Service Thread" daemon [_thread_blocked, id=27036, stack(0x000000a1ef700000,0x000000a1ef800000)]
  0x00000232f48694e0 JavaThread "Monitor Deflation Thread" daemon [_thread_blocked, id=3480, stack(0x000000a1ef800000,0x000000a1ef900000)]
  0x00000232f48720f0 JavaThread "C2 CompilerThread0" daemon [_thread_blocked, id=34776, stack(0x000000a1ef900000,0x000000a1efa00000)]
  0x00000232f48ab770 JavaThread "C1 CompilerThread0" daemon [_thread_blocked, id=16352, stack(0x000000a1efa00000,0x000000a1efb00000)]
  0x00000232f48ae090 JavaThread "Sweeper thread" daemon [_thread_blocked, id=24036, stack(0x000000a1efb00000,0x000000a1efc00000)]
  0x00000232f49aff80 JavaThread "C1 CompilerThread1" daemon [_thread_blocked, id=30984, stack(0x000000a1efc00000,0x000000a1efd00000)]
  0x00000232f49cbc20 JavaThread "C1 CompilerThread2" daemon [_thread_blocked, id=23680, stack(0x000000a1efd00000,0x000000a1efe00000)]
  0x00000232f49f68d0 JavaThread "Common-Cleaner" daemon [_thread_blocked, id=7352, stack(0x000000a1efe00000,0x000000a1eff00000)]
  0x00000232f49fb3d0 JavaThread "Notification Thread" daemon [_thread_blocked, id=5408, stack(0x000000a1eff00000,0x000000a1f0000000)]
  0x00000232f9bbc030 JavaThread "C1 CompilerThread3" daemon [_thread_blocked, id=24332, stack(0x000000a1f0400000,0x000000a1f0500000)]
  0x00000232fb17ea50 JavaThread "Daemon health stats" [_thread_blocked, id=21776, stack(0x000000a1f0a00000,0x000000a1f0b00000)]
  0x00000232f9edbb70 JavaThread "Incoming local TCP Connector on port 64444" [_thread_in_native, id=1980, stack(0x000000a1f0300000,0x000000a1f0400000)]
  0x00000232fb1ef8a0 JavaThread "Daemon periodic checks" [_thread_blocked, id=35232, stack(0x000000a1f0b00000,0x000000a1f0c00000)]
  0x00000232fa080a70 JavaThread "Daemon" [_thread_blocked, id=24056, stack(0x000000a1f0c00000,0x000000a1f0d00000)]
  0x00000232fa7b7b00 JavaThread "Handler for socket connection from /127.0.0.1:64444 to /127.0.0.1:64445" [_thread_in_native, id=34072, stack(0x000000a1f0d00000,0x000000a1f0e00000)]
  0x00000232f9a53f50 JavaThread "Cancel handler" [_thread_blocked, id=30568, stack(0x000000a1f0e00000,0x000000a1f0f00000)]
  0x00000232f9a562c0 JavaThread "Daemon worker" [_thread_blocked, id=7928, stack(0x000000a1f0f00000,0x000000a1f1000000)]
  0x00000232f9a55db0 JavaThread "Asynchronous log dispatcher for DefaultDaemonConnection: socket connection from /127.0.0.1:64444 to /127.0.0.1:64445" [_thread_blocked, id=26848, stack(0x000000a1f1000000,0x000000a1f1100000)]
  0x00000232f9a53020 JavaThread "Stdin handler" [_thread_blocked, id=17332, stack(0x000000a1f1100000,0x000000a1f1200000)]
  0x00000232f9a54e80 JavaThread "Daemon client event forwarder" [_thread_blocked, id=11488, stack(0x000000a1f1200000,0x000000a1f1300000)]
  0x00000232f9a55390 JavaThread "Cache worker for journal cache (C:\Users\ASUS\.gradle\caches\journal-1)" [_thread_blocked, id=33636, stack(0x000000a1f1300000,0x000000a1f1400000)]
  0x00000232f9a53530 JavaThread "File lock request listener" [_thread_in_native, id=34904, stack(0x000000a1f1400000,0x000000a1f1500000)]
  0x00000232f9a54460 JavaThread "Cache worker for file hash cache (C:\Users\ASUS\.gradle\caches\7.4\fileHashes)" [_thread_blocked, id=15032, stack(0x000000a1f1500000,0x000000a1f1600000)]
  0x00000232fb9483e0 JavaThread "File watcher server" daemon [_thread_blocked, id=14208, stack(0x000000a1f1800000,0x000000a1f1900000)]
  0x00000232fb9488f0 JavaThread "File watcher consumer" daemon [_thread_blocked, id=12604, stack(0x000000a1f1900000,0x000000a1f1a00000)]
  0x00000232fb949820 JavaThread "Cache worker for checksums cache (D:\OneDrive - University of Westminster\Documents\GitHub\ViMusic\.gradle\7.4\checksums)" [_thread_blocked, id=18316, stack(0x000000a1f1a00000,0x000000a1f1b00000)]
  0x00000232fb946fa0 JavaThread "Cache worker for cache directory md-rule (C:\Users\ASUS\.gradle\caches\7.4\md-rule)" [_thread_blocked, id=28792, stack(0x000000a1f1b00000,0x000000a1f1c00000)]
  0x00000232fb946a90 JavaThread "Cache worker for file hash cache (D:\OneDrive - University of Westminster\Documents\GitHub\ViMusic\.gradle\7.4\fileHashes)" [_thread_blocked, id=34204, stack(0x000000a1f1c00000,0x000000a1f1d00000)]
  0x00000232fb949310 JavaThread "Cache worker for cache directory md-supplier (C:\Users\ASUS\.gradle\caches\7.4\md-supplier)" [_thread_blocked, id=5700, stack(0x000000a1f1d00000,0x000000a1f1e00000)]
  0x00000232fb946580 JavaThread "Cache worker for execution history cache (C:\Users\ASUS\.gradle\caches\7.4\executionHistory)" [_thread_blocked, id=28076, stack(0x000000a1f2700000,0x000000a1f2800000)]
  0x00000232fb947ed0 JavaThread "jar transforms" [_thread_blocked, id=2780, stack(0x000000a1f1700000,0x000000a1f1800000)]
  0x00000232fb24ed00 JavaThread "jar transforms Thread 2" [_thread_blocked, id=19476, stack(0x000000a1f2800000,0x000000a1f2900000)]
  0x00000232fb24ddd0 JavaThread "Cache worker for file content cache (C:\Users\ASUS\.gradle\caches\7.4\fileContent)" [_thread_blocked, id=17496, stack(0x000000a1f2b00000,0x000000a1f2c00000)]
  0x00000232fb24c990 JavaThread "jar transforms Thread 3" [_thread_blocked, id=9588, stack(0x000000a1f2c00000,0x000000a1f2d00000)]
  0x00000232fb24e2e0 JavaThread "jar transforms Thread 4" [_thread_blocked, id=2592, stack(0x000000a1f2d00000,0x000000a1f2e00000)]
  0x00000232fb24bf70 JavaThread "jar transforms Thread 5" [_thread_blocked, id=32672, stack(0x000000a1f2e00000,0x000000a1f2f00000)]
  0x00000232fb24d8c0 JavaThread "jar transforms Thread 6" [_thread_blocked, id=33368, stack(0x000000a1f2f00000,0x000000a1f3000000)]
  0x00000232fb24e7f0 JavaThread "jar transforms Thread 7" [_thread_blocked, id=5524, stack(0x000000a1f3000000,0x000000a1f3100000)]
  0x00000232fb24f210 JavaThread "jar transforms Thread 8" [_thread_blocked, id=33668, stack(0x000000a1f3100000,0x000000a1f3200000)]
  0x00000232fb24fc30 JavaThread "jar transforms Thread 9" [_thread_blocked, id=26712, stack(0x000000a1f3200000,0x000000a1f3300000)]
  0x00000232fb250140 JavaThread "jar transforms Thread 10" [_thread_blocked, id=5680, stack(0x000000a1f3300000,0x000000a1f3400000)]
  0x00000232fb250650 JavaThread "jar transforms Thread 11" [_thread_blocked, id=8424, stack(0x000000a1f3400000,0x000000a1f3500000)]
  0x00000232fb24cea0 JavaThread "jar transforms Thread 12" [_thread_blocked, id=31580, stack(0x000000a1f3500000,0x000000a1f3600000)]
  0x00000232fb2529c0 JavaThread "jar transforms Thread 13" [_thread_blocked, id=13068, stack(0x000000a1f3600000,0x000000a1f3700000)]
  0x00000232fb251fa0 JavaThread "jar transforms Thread 14" [_thread_blocked, id=27164, stack(0x000000a1f3700000,0x000000a1f3800000)]
  0x00000232fb250b60 JavaThread "jar transforms Thread 15" [_thread_blocked, id=35816, stack(0x000000a1f3800000,0x000000a1f3900000)]
  0x00000232fb251070 JavaThread "jar transforms Thread 16" [_thread_blocked, id=976, stack(0x000000a1f3900000,0x000000a1f3a00000)]
  0x00000232fb251580 JavaThread "Cache worker for kotlin-dsl (C:\Users\ASUS\.gradle\caches\7.4\kotlin-dsl)" [_thread_blocked, id=21660, stack(0x000000a1f3a00000,0x000000a1f3b00000)]
  0x00000232fb251a90 JavaThread "Cache worker for dependencies-accessors (D:\OneDrive - University of Westminster\Documents\GitHub\ViMusic\.gradle\7.4\dependencies-accessors)" [_thread_blocked, id=26768, stack(0x000000a1f2a00000,0x000000a1f2b00000)]
  0x00000232fb2524b0 JavaThread "Cache worker for Build Output Cleanup Cache (D:\OneDrive - University of Westminster\Documents\GitHub\ViMusic\.gradle\buildOutputCleanup)" [_thread_blocked, id=30948, stack(0x000000a1f3b00000,0x000000a1f3c00000)]
  0x00000232fb252ed0 JavaThread "Unconstrained build operations" [_thread_blocked, id=21544, stack(0x000000a1f3c00000,0x000000a1f3d00000)]
  0x00000232fb2533e0 JavaThread "Unconstrained build operations Thread 2" [_thread_blocked, id=30820, stack(0x000000a1f3d00000,0x000000a1f3e00000)]
  0x00000232fb2538f0 JavaThread "Unconstrained build operations Thread 3" [_thread_blocked, id=24124, stack(0x000000a1f3e00000,0x000000a1f3f00000)]
  0x00000232feb73ab0 JavaThread "Unconstrained build operations Thread 4" [_thread_blocked, id=14476, stack(0x000000a1f3f00000,0x000000a1f4000000)]
  0x00000232feb73090 JavaThread "Unconstrained build operations Thread 5" [_thread_blocked, id=34224, stack(0x000000a1f4000000,0x000000a1f4100000)]
  0x00000232feb71c50 JavaThread "Unconstrained build operations Thread 6" [_thread_blocked, id=35504, stack(0x000000a1f4100000,0x000000a1f4200000)]
  0x00000232feb72670 JavaThread "Unconstrained build operations Thread 7" [_thread_blocked, id=32568, stack(0x000000a1f4200000,0x000000a1f4300000)]
  0x00000232feb72160 JavaThread "Unconstrained build operations Thread 8" [_thread_blocked, id=13040, stack(0x000000a1f4300000,0x000000a1f4400000)]
  0x00000232feb72b80 JavaThread "Unconstrained build operations Thread 9" [_thread_blocked, id=3684, stack(0x000000a1f4400000,0x000000a1f4500000)]
  0x00000232feb735a0 JavaThread "Unconstrained build operations Thread 10" [_thread_blocked, id=14684, stack(0x000000a1f4500000,0x000000a1f4600000)]
  0x00000232feb73fc0 JavaThread "Unconstrained build operations Thread 11" [_thread_blocked, id=33192, stack(0x000000a1f4600000,0x000000a1f4700000)]
  0x00000232feb744d0 JavaThread "Unconstrained build operations Thread 12" [_thread_blocked, id=26684, stack(0x000000a1f4700000,0x000000a1f4800000)]
  0x00000232feb70d20 JavaThread "Unconstrained build operations Thread 13" [_thread_blocked, id=2852, stack(0x000000a1f4800000,0x000000a1f4900000)]
  0x00000232feb749e0 JavaThread "Unconstrained build operations Thread 14" [_thread_blocked, id=9736, stack(0x000000a1f4900000,0x000000a1f4a00000)]
  0x00000232feb71230 JavaThread "Unconstrained build operations Thread 15" [_thread_blocked, id=34796, stack(0x000000a1f4a00000,0x000000a1f4b00000)]
  0x00000232feb74ef0 JavaThread "Unconstrained build operations Thread 16" [_thread_blocked, id=8352, stack(0x000000a1f4b00000,0x000000a1f4c00000)]
  0x00000232feb71740 JavaThread "Unconstrained build operations Thread 17" [_thread_blocked, id=26824, stack(0x000000a1f4c00000,0x000000a1f4d00000)]
  0x00000232feb77c80 JavaThread "Unconstrained build operations Thread 18" [_thread_blocked, id=10116, stack(0x000000a1f4d00000,0x000000a1f4e00000)]
  0x00000232feb76840 JavaThread "Unconstrained build operations Thread 19" [_thread_blocked, id=33464, stack(0x000000a1f4e00000,0x000000a1f4f00000)]
  0x00000232feb786a0 JavaThread "Unconstrained build operations Thread 20" [_thread_blocked, id=6304, stack(0x000000a1f4f00000,0x000000a1f5000000)]
  0x00000232feb75910 JavaThread "Unconstrained build operations Thread 21" [_thread_blocked, id=31560, stack(0x000000a1f5000000,0x000000a1f5100000)]
  0x00000232feb75400 JavaThread "Unconstrained build operations Thread 22" [_thread_blocked, id=21520, stack(0x000000a1f5100000,0x000000a1f5200000)]
  0x00000232feb76d50 JavaThread "Unconstrained build operations Thread 23" [_thread_blocked, id=6220, stack(0x000000a1f5200000,0x000000a1f5300000)]
  0x00000232feb77260 JavaThread "Unconstrained build operations Thread 24" [_thread_blocked, id=35744, stack(0x000000a1f5300000,0x000000a1f5400000)]
  0x00000232feb78190 JavaThread "Unconstrained build operations Thread 25" [_thread_blocked, id=10072, stack(0x000000a1f5400000,0x000000a1f5500000)]
  0x00000232feb75e20 JavaThread "Unconstrained build operations Thread 26" [_thread_blocked, id=1104, stack(0x000000a1f5500000,0x000000a1f5600000)]
  0x00000232feb76330 JavaThread "Unconstrained build operations Thread 27" [_thread_blocked, id=2932, stack(0x000000a1f5600000,0x000000a1f5700000)]
  0x00000232feb77770 JavaThread "Unconstrained build operations Thread 28" [_thread_blocked, id=29636, stack(0x000000a1f5700000,0x000000a1f5800000)]
  0x00000232feac8910 JavaThread "Unconstrained build operations Thread 29" [_thread_blocked, id=30876, stack(0x000000a1f5800000,0x000000a1f5900000)]
  0x00000232feac74d0 JavaThread "Unconstrained build operations Thread 30" [_thread_blocked, id=2964, stack(0x000000a1f5900000,0x000000a1f5a00000)]
  0x00000232feac9840 JavaThread "Unconstrained build operations Thread 31" [_thread_blocked, id=12528, stack(0x000000a1f5a00000,0x000000a1f5b00000)]
  0x00000232feaca260 JavaThread "Unconstrained build operations Thread 32" [_thread_blocked, id=14600, stack(0x000000a1f5b00000,0x000000a1f5c00000)]
  0x00000232feaca770 JavaThread "Unconstrained build operations Thread 33" [_thread_blocked, id=33952, stack(0x000000a1f5c00000,0x000000a1f5d00000)]
  0x00000232feac6fc0 JavaThread "Unconstrained build operations Thread 34" [_thread_blocked, id=15600, stack(0x000000a1f5d00000,0x000000a1f5e00000)]
  0x00000232feac8400 JavaThread "Unconstrained build operations Thread 35" [_thread_blocked, id=14428, stack(0x000000a1f5e00000,0x000000a1f5f00000)]
  0x00000232feac7ef0 JavaThread "Unconstrained build operations Thread 36" [_thread_blocked, id=16756, stack(0x000000a1f5f00000,0x000000a1f6000000)]
  0x00000232feac79e0 JavaThread "Unconstrained build operations Thread 37" [_thread_blocked, id=15044, stack(0x000000a1f6000000,0x000000a1f6100000)]
  0x00000232feac8e20 JavaThread "Unconstrained build operations Thread 38" [_thread_blocked, id=9228, stack(0x000000a1f6100000,0x000000a1f6200000)]
  0x00000232feac9330 JavaThread "Unconstrained build operations Thread 39" [_thread_blocked, id=30680, stack(0x000000a1f6200000,0x000000a1f6300000)]
  0x00000232feac9d50 JavaThread "Unconstrained build operations Thread 40" [_thread_blocked, id=6440, stack(0x000000a1f6300000,0x000000a1f6400000)]
  0x00000232ff2d5eb0 JavaThread "Unconstrained build operations Thread 41" [_thread_blocked, id=34168, stack(0x000000a1f6400000,0x000000a1f6500000)]
  0x00000232ff2d63c0 JavaThread "Unconstrained build operations Thread 42" [_thread_blocked, id=29844, stack(0x000000a1f6500000,0x000000a1f6600000)]
  0x00000232ff2d72f0 JavaThread "Unconstrained build operations Thread 43" [_thread_blocked, id=27224, stack(0x000000a1f6600000,0x000000a1f6700000)]
  0x00000232ff2d68d0 JavaThread "Unconstrained build operations Thread 44" [_thread_blocked, id=32480, stack(0x000000a1f6700000,0x000000a1f6800000)]
  0x00000232ff2d7d10 JavaThread "Unconstrained build operations Thread 45" [_thread_blocked, id=1712, stack(0x000000a1f6800000,0x000000a1f6900000)]
  0x00000232ff2d8c40 JavaThread "Unconstrained build operations Thread 46" [_thread_blocked, id=31812, stack(0x000000a1f6900000,0x000000a1f6a00000)]
  0x00000232ff2d6de0 JavaThread "Unconstrained build operations Thread 47" [_thread_blocked, id=26592, stack(0x000000a1f6a00000,0x000000a1f6b00000)]
  0x00000232ff2d7800 JavaThread "Unconstrained build operations Thread 48" [_thread_blocked, id=6864, stack(0x000000a1f6b00000,0x000000a1f6c00000)]
  0x00000232ff2d8220 JavaThread "Unconstrained build operations Thread 49" [_thread_blocked, id=35196, stack(0x000000a1f6c00000,0x000000a1f6d00000)]
  0x00000232ff2d8730 JavaThread "Unconstrained build operations Thread 50" [_thread_blocked, id=8552, stack(0x000000a1f6d00000,0x000000a1f6e00000)]
  0x00000232ff2d9150 JavaThread "Unconstrained build operations Thread 51" [_thread_blocked, id=27136, stack(0x000000a1f6e00000,0x000000a1f6f00000)]
  0x00000232ff2d59a0 JavaThread "Unconstrained build operations Thread 52" [_thread_blocked, id=6020, stack(0x000000a1f6f00000,0x000000a1f7000000)]
  0x00000232ff2dafb0 JavaThread "Unconstrained build operations Thread 53" [_thread_blocked, id=22008, stack(0x000000a1f7000000,0x000000a1f7100000)]
  0x00000232ff2dc900 JavaThread "Unconstrained build operations Thread 54" [_thread_blocked, id=16048, stack(0x000000a1f7100000,0x000000a1f7200000)]
  0x00000232ff2dc3f0 JavaThread "Unconstrained build operations Thread 55" [_thread_blocked, id=28400, stack(0x000000a1f7200000,0x000000a1f7300000)]
  0x00000232ff2dce10 JavaThread "Unconstrained build operations Thread 56" [_thread_blocked, id=33124, stack(0x000000a1f7300000,0x000000a1f7400000)]
  0x00000232ff2d9660 JavaThread "Unconstrained build operations Thread 57" [_thread_blocked, id=23116, stack(0x000000a1f7400000,0x000000a1f7500000)]
  0x00000232ff2da080 JavaThread "Unconstrained build operations Thread 58" [_thread_blocked, id=9816, stack(0x000000a1f7500000,0x000000a1f7600000)]
  0x00000232ff2da590 JavaThread "Unconstrained build operations Thread 59" [_thread_blocked, id=29280, stack(0x000000a1f7600000,0x000000a1f7700000)]
  0x00000232ff2dbee0 JavaThread "Unconstrained build operations Thread 60" [_thread_blocked, id=33828, stack(0x000000a1f7700000,0x000000a1f7800000)]
  0x00000232ff2dd320 JavaThread "Unconstrained build operations Thread 61" [_thread_blocked, id=23924, stack(0x000000a1f7800000,0x000000a1f7900000)]
  0x00000232ff2d9b70 JavaThread "Unconstrained build operations Thread 62" [_thread_blocked, id=34032, stack(0x000000a1f7900000,0x000000a1f7a00000)]
  0x00000232ff2db4c0 JavaThread "Unconstrained build operations Thread 63" [_thread_blocked, id=2512, stack(0x000000a1f7a00000,0x000000a1f7b00000)]
  0x00000232ff2daaa0 JavaThread "Unconstrained build operations Thread 64" [_thread_blocked, id=3672, stack(0x000000a1f7b00000,0x000000a1f7c00000)]
  0x00000232ff2db9d0 JavaThread "Unconstrained build operations Thread 65" [_thread_blocked, id=33224, stack(0x000000a1f7c00000,0x000000a1f7d00000)]
  0x00000232ff0816f0 JavaThread "Unconstrained build operations Thread 66" [_thread_blocked, id=23244, stack(0x000000a1f7d00000,0x000000a1f7e00000)]
  0x00000232ff081c00 JavaThread "Unconstrained build operations Thread 67" [_thread_blocked, id=33564, stack(0x000000a1f7e00000,0x000000a1f7f00000)]
  0x00000232ff083550 JavaThread "Unconstrained build operations Thread 68" [_thread_blocked, id=29336, stack(0x000000a1f7f00000,0x000000a1f8000000)]
  0x00000232ff082620 JavaThread "Unconstrained build operations Thread 69" [_thread_blocked, id=3080, stack(0x000000a1f8000000,0x000000a1f8100000)]
  0x00000232ff082110 JavaThread "Unconstrained build operations Thread 70" [_thread_blocked, id=21272, stack(0x000000a1f8100000,0x000000a1f8200000)]
  0x00000232ff083040 JavaThread "Unconstrained build operations Thread 71" [_thread_blocked, id=29828, stack(0x000000a1f8200000,0x000000a1f8300000)]
  0x00000232ff084480 JavaThread "Unconstrained build operations Thread 72" [_thread_blocked, id=27668, stack(0x000000a1f8300000,0x000000a1f8400000)]
  0x00000232ff083a60 JavaThread "Unconstrained build operations Thread 73" [_thread_blocked, id=20364, stack(0x000000a1f8400000,0x000000a1f8500000)]
  0x00000232ff083f70 JavaThread "Unconstrained build operations Thread 74" [_thread_blocked, id=26856, stack(0x000000a1f8500000,0x000000a1f8600000)]
  0x00000232ff084990 JavaThread "Unconstrained build operations Thread 75" [_thread_blocked, id=35440, stack(0x000000a1f8600000,0x000000a1f8700000)]
  0x00000232ff0811e0 JavaThread "Unconstrained build operations Thread 76" [_thread_blocked, id=30080, stack(0x000000a1f8700000,0x000000a1f8800000)]
  0x00000232ff082b30 JavaThread "Unconstrained build operations Thread 77" [_thread_blocked, id=9148, stack(0x000000a1f8800000,0x000000a1f8900000)]
  0x00000232fdd2f1e0 JavaThread "Unconstrained build operations Thread 78" [_thread_blocked, id=11968, stack(0x000000a1f8900000,0x000000a1f8a00000)]
  0x00000232fdd2e7c0 JavaThread "Unconstrained build operations Thread 79" [_thread_blocked, id=21356, stack(0x000000a1f8a00000,0x000000a1f8b00000)]
  0x00000232fdd2f6f0 JavaThread "Unconstrained build operations Thread 80" [_thread_blocked, id=23988, stack(0x000000a1f8b00000,0x000000a1f8c00000)]
  0x00000232fdd2fc00 JavaThread "Unconstrained build operations Thread 81" [_thread_blocked, id=29484, stack(0x000000a1f8c00000,0x000000a1f8d00000)]
  0x00000232fdd2c450 JavaThread "Unconstrained build operations Thread 82" [_thread_blocked, id=27100, stack(0x000000a1f8d00000,0x000000a1f8e00000)]
  0x00000232fdd2dda0 JavaThread "Unconstrained build operations Thread 83" [_thread_blocked, id=4908, stack(0x000000a1f8e00000,0x000000a1f8f00000)]
  0x00000232fdd2c960 JavaThread "Unconstrained build operations Thread 84" [_thread_blocked, id=12596, stack(0x000000a1f8f00000,0x000000a1f9000000)]
  0x00000232fdd2e2b0 JavaThread "Unconstrained build operations Thread 85" [_thread_blocked, id=5904, stack(0x000000a1f9000000,0x000000a1f9100000)]
  0x00000232fdd30620 JavaThread "Unconstrained build operations Thread 86" [_thread_blocked, id=31552, stack(0x000000a1f9100000,0x000000a1f9200000)]
  0x00000232fdd2ce70 JavaThread "Unconstrained build operations Thread 87" [_thread_blocked, id=35796, stack(0x000000a1f9200000,0x000000a1f9300000)]
  0x00000232fdd2ecd0 JavaThread "Unconstrained build operations Thread 88" [_thread_blocked, id=3084, stack(0x000000a1f9300000,0x000000a1f9400000)]
  0x00000232fdd30110 JavaThread "Unconstrained build operations Thread 89" [_thread_blocked, id=22100, stack(0x000000a1f9400000,0x000000a1f9500000)]
  0x00000232fdd30b30 JavaThread "Unconstrained build operations Thread 90" [_thread_blocked, id=35116, stack(0x000000a1f9500000,0x000000a1f9600000)]
  0x00000232fdd2d380 JavaThread "Unconstrained build operations Thread 91" [_thread_blocked, id=9900, stack(0x000000a1f9600000,0x000000a1f9700000)]
  0x00000232fdd31040 JavaThread "Unconstrained build operations Thread 92" [_thread_blocked, id=33108, stack(0x000000a1f9700000,0x000000a1f9800000)]
  0x00000232fdd2d890 JavaThread "Unconstrained build operations Thread 93" [_thread_blocked, id=33540, stack(0x000000a1f9800000,0x000000a1f9900000)]
  0x00000232fdd32990 JavaThread "Unconstrained build operations Thread 94" [_thread_blocked, id=8608, stack(0x000000a1f9900000,0x000000a1f9a00000)]
  0x00000232fdd31a60 JavaThread "Unconstrained build operations Thread 95" [_thread_blocked, id=35408, stack(0x000000a1f9a00000,0x000000a1f9b00000)]
  0x00000232fdd338c0 JavaThread "Unconstrained build operations Thread 96" [_thread_blocked, id=26908, stack(0x000000a1f9b00000,0x000000a1f9c00000)]
  0x00000232fdd31550 JavaThread "Unconstrained build operations Thread 97" [_thread_blocked, id=13004, stack(0x000000a1f9c00000,0x000000a1f9d00000)]
  0x00000232fdd32ea0 JavaThread "Unconstrained build operations Thread 98" [_thread_blocked, id=7596, stack(0x000000a1f9d00000,0x000000a1f9e00000)]
  0x00000232fdd333b0 JavaThread "Unconstrained build operations Thread 99" [_thread_blocked, id=27272, stack(0x000000a1f9e00000,0x000000a1f9f00000)]
  0x00000232fdd33dd0 JavaThread "Unconstrained build operations Thread 100" [_thread_blocked, id=26876, stack(0x000000a1f9f00000,0x000000a1fa000000)]
  0x00000232fdd32480 JavaThread "Unconstrained build operations Thread 101" [_thread_blocked, id=28108, stack(0x000000a1fa000000,0x000000a1fa100000)]
  0x00000232fefe6070 JavaThread "Unconstrained build operations Thread 102" [_thread_blocked, id=35188, stack(0x000000a1fa100000,0x000000a1fa200000)]
  0x00000232fefe6a90 JavaThread "Unconstrained build operations Thread 103" [_thread_blocked, id=32544, stack(0x000000a1fa200000,0x000000a1fa300000)]
  0x00000232fefe6580 JavaThread "Unconstrained build operations Thread 104" [_thread_blocked, id=27128, stack(0x000000a1fa300000,0x000000a1fa400000)]
  0x00000232fefe79c0 JavaThread "Unconstrained build operations Thread 105" [_thread_blocked, id=21516, stack(0x000000a1fa400000,0x000000a1fa500000)]
  0x00000232fefe5140 JavaThread "Unconstrained build operations Thread 106" [_thread_blocked, id=34872, stack(0x000000a1fa500000,0x000000a1fa600000)]
  0x00000232fefe7ed0 JavaThread "Unconstrained build operations Thread 107" [_thread_blocked, id=6284, stack(0x000000a1fa600000,0x000000a1fa700000)]
  0x00000232fefe6fa0 JavaThread "Unconstrained build operations Thread 108" [_thread_blocked, id=3264, stack(0x000000a1fa700000,0x000000a1fa800000)]
  0x00000232fefe74b0 JavaThread "Unconstrained build operations Thread 109" [_thread_blocked, id=25040, stack(0x000000a1fa800000,0x000000a1fa900000)]
  0x00000232fefe4720 JavaThread "Unconstrained build operations Thread 110" [_thread_blocked, id=2404, stack(0x000000a1fa900000,0x000000a1faa00000)]
  0x00000232fefe83e0 JavaThread "Unconstrained build operations Thread 111" [_thread_blocked, id=35804, stack(0x000000a1faa00000,0x000000a1fab00000)]
  0x00000232fefe4c30 JavaThread "Unconstrained build operations Thread 112" [_thread_blocked, id=14304, stack(0x000000a1fab00000,0x000000a1fac00000)]
  0x00000232fefe88f0 JavaThread "Unconstrained build operations Thread 113" [_thread_blocked, id=8628, stack(0x000000a1fac00000,0x000000a1fad00000)]
  0x00000232fefe8e00 JavaThread "Unconstrained build operations Thread 114" [_thread_blocked, id=23060, stack(0x000000a1fad00000,0x000000a1fae00000)]
  0x00000232fefe5650 JavaThread "Unconstrained build operations Thread 115" [_thread_blocked, id=34252, stack(0x000000a1fae00000,0x000000a1faf00000)]
  0x00000232fefe9310 JavaThread "Unconstrained build operations Thread 116" [_thread_blocked, id=7268, stack(0x000000a1faf00000,0x000000a1fb000000)]
  0x00000232fefe5b60 JavaThread "Unconstrained build operations Thread 117" [_thread_blocked, id=35400, stack(0x000000a1fb000000,0x000000a1fb100000)]
  0x00000232fefe9820 JavaThread "Unconstrained build operations Thread 118" [_thread_blocked, id=6768, stack(0x000000a1fb100000,0x000000a1fb200000)]
  0x00000232fefebb90 JavaThread "Unconstrained build operations Thread 119" [_thread_blocked, id=12472, stack(0x000000a1fb200000,0x000000a1fb300000)]
  0x00000232fefe9d30 JavaThread "Unconstrained build operations Thread 120" [_thread_blocked, id=19564, stack(0x000000a1fb300000,0x000000a1fb400000)]
  0x00000232fefea240 JavaThread "Unconstrained build operations Thread 121" [_thread_blocked, id=18196, stack(0x000000a1fb400000,0x000000a1fb500000)]
  0x00000232fefea750 JavaThread "Unconstrained build operations Thread 122" [_thread_blocked, id=8300, stack(0x000000a1fb500000,0x000000a1fb600000)]
  0x00000232fefeac60 JavaThread "Unconstrained build operations Thread 123" [_thread_blocked, id=34864, stack(0x000000a1fb600000,0x000000a1fb700000)]
  0x00000232fefeb170 JavaThread "Unconstrained build operations Thread 124" [_thread_blocked, id=35084, stack(0x000000a1fb700000,0x000000a1fb800000)]
  0x00000232fefeb680 JavaThread "Unconstrained build operations Thread 125" [_thread_blocked, id=25144, stack(0x000000a1fb800000,0x000000a1fb900000)]
  0x00000232fefec0a0 JavaThread "Unconstrained build operations Thread 126" [_thread_blocked, id=30912, stack(0x000000a1fb900000,0x000000a1fba00000)]
  0x00000232fdd31f70 JavaThread "Unconstrained build operations Thread 127" [_thread_blocked, id=12608, stack(0x000000a1fba00000,0x000000a1fbb00000)]
  0x00000232fef274c0 JavaThread "Unconstrained build operations Thread 128" [_thread_blocked, id=33856, stack(0x000000a1fbb00000,0x000000a1fbc00000)]
  0x00000232fef26080 JavaThread "Unconstrained build operations Thread 129" [_thread_blocked, id=26988, stack(0x000000a1fbc00000,0x000000a1fbd00000)]
  0x00000232fef24730 JavaThread "Unconstrained build operations Thread 130" [_thread_blocked, id=32920, stack(0x000000a1fbd00000,0x000000a1fbe00000)]
  0x00000232fef26fb0 JavaThread "Unconstrained build operations Thread 131" [_thread_blocked, id=7484, stack(0x000000a1fbe00000,0x000000a1fbf00000)]
  0x00000232fef283f0 JavaThread "Unconstrained build operations Thread 132" [_thread_blocked, id=33800, stack(0x000000a1fbf00000,0x000000a1fc000000)]
  0x00000232fef26590 JavaThread "Unconstrained build operations Thread 133" [_thread_blocked, id=16848, stack(0x000000a1fc000000,0x000000a1fc100000)]
  0x00000232fef26aa0 JavaThread "Unconstrained build operations Thread 134" [_thread_blocked, id=18420, stack(0x000000a1fc100000,0x000000a1fc200000)]
  0x00000232fef279d0 JavaThread "Unconstrained build operations Thread 135" [_thread_blocked, id=28300, stack(0x000000a1fc200000,0x000000a1fc300000)]
  0x00000232fef27ee0 JavaThread "Unconstrained build operations Thread 136" [_thread_blocked, id=32044, stack(0x000000a1fc300000,0x000000a1fc400000)]
  0x00000232fef24c40 JavaThread "Unconstrained build operations Thread 137" [_thread_blocked, id=29248, stack(0x000000a1fc400000,0x000000a1fc500000)]
  0x00000232fef25150 JavaThread "Unconstrained build operations Thread 138" [_thread_blocked, id=16400, stack(0x000000a1fc500000,0x000000a1fc600000)]
  0x00000232fef28900 JavaThread "Unconstrained build operations Thread 139" [_thread_blocked, id=32304, stack(0x000000a1fc600000,0x000000a1fc700000)]
  0x00000232fef25660 JavaThread "Unconstrained build operations Thread 140" [_thread_blocked, id=31972, stack(0x000000a1fc700000,0x000000a1fc800000)]
  0x00000232fef25b70 JavaThread "Unconstrained build operations Thread 141" [_thread_blocked, id=32924, stack(0x000000a1fc800000,0x000000a1fc900000)]
  0x00000232fef2c0b0 JavaThread "Unconstrained build operations Thread 142" [_thread_blocked, id=33040, stack(0x000000a1fc900000,0x000000a1fca00000)]
  0x00000232fef29320 JavaThread "Unconstrained build operations Thread 143" [_thread_blocked, id=23544, stack(0x000000a1fca00000,0x000000a1fcb00000)]
  0x00000232fef2ac70 JavaThread "Unconstrained build operations Thread 144" [_thread_blocked, id=12220, stack(0x000000a1fcb00000,0x000000a1fcc00000)]
  0x00000232fef2b690 JavaThread "Unconstrained build operations Thread 145" [_thread_blocked, id=33496, stack(0x000000a1fcc00000,0x000000a1fcd00000)]
  0x00000232fef29830 JavaThread "Unconstrained build operations Thread 146" [_thread_blocked, id=35348, stack(0x000000a1fcd00000,0x000000a1fce00000)]
  0x00000232fef29d40 JavaThread "Unconstrained build operations Thread 147" [_thread_blocked, id=4204, stack(0x000000a1fce00000,0x000000a1fcf00000)]
  0x00000232fef2a760 JavaThread "Memory manager" [_thread_blocked, id=26868, stack(0x000000a1fcf00000,0x000000a1fd000000)]
  0x00000232c1794a40 JavaThread "C2 CompilerThread1" daemon [_thread_blocked, id=34240, stack(0x000000a1f0100000,0x000000a1f0200000)]
  0x00000232c17954e0 JavaThread "C2 CompilerThread2" daemon [_thread_blocked, id=23996, stack(0x000000a1f0200000,0x000000a1f0300000)]
  0x00000232c1796f70 JavaThread "C2 CompilerThread3" daemon [_thread_blocked, id=33112, stack(0x000000a1f1600000,0x000000a1f1700000)]
  0x00000232c17944f0 JavaThread "C2 CompilerThread4" daemon [_thread_blocked, id=34996, stack(0x000000a1f2900000,0x000000a1f2a00000)]
  0x00000232c228fb50 JavaThread "Unconstrained build operations Thread 148" [_thread_blocked, id=4960, stack(0x000000a1fd300000,0x000000a1fd400000)]
  0x00000232c22923d0 JavaThread "Unconstrained build operations Thread 149" [_thread_blocked, id=26904, stack(0x000000a1fd400000,0x000000a1fd500000)]
  0x00000232c2293810 JavaThread "Unconstrained build operations Thread 150" [_thread_blocked, id=12660, stack(0x000000a1fd500000,0x000000a1fd600000)]
  0x00000232c22928e0 JavaThread "Unconstrained build operations Thread 151" [_thread_blocked, id=26416, stack(0x000000a1fd600000,0x000000a1fd700000)]
  0x00000232c2292df0 JavaThread "Unconstrained build operations Thread 152" [_thread_blocked, id=34340, stack(0x000000a1fd700000,0x000000a1fd800000)]
  0x00000232c22919b0 JavaThread "Unconstrained build operations Thread 153" [_thread_blocked, id=33412, stack(0x000000a1fd800000,0x000000a1fd900000)]
  0x00000232c1795f80 JavaThread "C2 CompilerThread5" daemon [_thread_blocked, id=7024, stack(0x000000a1fd000000,0x000000a1fd100000)]
  0x00000232c2294230 JavaThread "build event listener" [_thread_blocked, id=33352, stack(0x000000a1fd900000,0x000000a1fda00000)]
  0x00000232c22914a0 JavaThread "pool-3-thread-1" [_thread_blocked, id=32492, stack(0x000000a1fda00000,0x000000a1fdb00000)]
  0x00000232c2290a80 JavaThread "build event listener" [_thread_blocked, id=32584, stack(0x000000a1fdb00000,0x000000a1fdc00000)]
  0x00000232c2294740 JavaThread "included builds" [_thread_blocked, id=18744, stack(0x000000a1fdc00000,0x000000a1fdd00000)]
  0x00000232c2290f90 JavaThread "Execution worker for ':'" [_thread_blocked, id=19240, stack(0x000000a1fdd00000,0x000000a1fde00000)]
  0x00000232c22965a0 JavaThread "Execution worker for ':' Thread 2" [_thread_blocked, id=32488, stack(0x000000a1fde00000,0x000000a1fdf00000)]
  0x00000232c2294c50 JavaThread "Execution worker for ':' Thread 3" [_thread_blocked, id=18284, stack(0x000000a1fdf00000,0x000000a1fe000000)]
  0x00000232c2295160 JavaThread "Execution worker for ':' Thread 4" [_thread_blocked, id=18688, stack(0x000000a1fe000000,0x000000a1fe100000)]
  0x00000232c2296ab0 JavaThread "Execution worker for ':' Thread 5" [_thread_blocked, id=35296, stack(0x000000a1fe100000,0x000000a1fe200000)]
  0x00000232c2296fc0 JavaThread "Execution worker for ':' Thread 6" [_thread_blocked, id=4312, stack(0x000000a1fe200000,0x000000a1fe300000)]
  0x00000232c2295670 JavaThread "Execution worker for ':' Thread 7" [_thread_blocked, id=34372, stack(0x000000a1fe300000,0x000000a1fe400000)]
  0x00000232c2295b80 JavaThread "Execution worker for ':' Thread 8" [_thread_blocked, id=31852, stack(0x000000a1fe400000,0x000000a1fe500000)]
  0x00000232c22974d0 JavaThread "Execution worker for ':' Thread 9" [_thread_blocked, id=32432, stack(0x000000a1fe500000,0x000000a1fe600000)]
  0x00000232c3e74ad0 JavaThread "Execution worker for ':' Thread 10" [_thread_blocked, id=12716, stack(0x000000a1fe600000,0x000000a1fe700000)]
  0x00000232c3e71d40 JavaThread "Execution worker for ':' Thread 11" [_thread_blocked, id=18204, stack(0x000000a1fe700000,0x000000a1fe800000)]
  0x00000232c3e75a00 JavaThread "Execution worker for ':' Thread 12" [_thread_blocked, id=27012, stack(0x000000a1fea00000,0x000000a1feb00000)]
  0x00000232c3e74fe0 JavaThread "Execution worker for ':' Thread 13" [_thread_blocked, id=3664, stack(0x000000a1feb00000,0x000000a1fec00000)]
  0x00000232c3e745c0 JavaThread "Execution worker for ':' Thread 14" [_thread_blocked, id=12312, stack(0x000000a1fec00000,0x000000a1fed00000)]
  0x00000232c3e72250 JavaThread "Execution worker for ':' Thread 15" [_thread_blocked, id=3024, stack(0x000000a1fed00000,0x000000a1fee00000)]
  0x00000232c3e754f0 JavaThread "Cache worker for execution history cache (D:\OneDrive - University of Westminster\Documents\GitHub\ViMusic\.gradle\7.4\executionHistory)" [_thread_blocked, id=7368, stack(0x000000a1fee00000,0x000000a1fef00000)]
  0x00000232c3657e10 JavaThread "Unconstrained build operations Thread 154" [_thread_blocked, id=35580, stack(0x000000a1fef00000,0x000000a1ff000000)]
  0x00000232c36573f0 JavaThread "Unconstrained build operations Thread 155" [_thread_blocked, id=33584, stack(0x000000a1ff000000,0x000000a1ff100000)]
  0x00000232c36569d0 JavaThread "Unconstrained build operations Thread 156" [_thread_blocked, id=2664, stack(0x000000a1ff100000,0x000000a1ff200000)]
  0x00000232c841bf10 JavaThread "Unconstrained build operations Thread 157" [_thread_blocked, id=23648, stack(0x000000a1ff200000,0x000000a1ff300000)]
  0x00000232c841ba00 JavaThread "Unconstrained build operations Thread 158" [_thread_blocked, id=14412, stack(0x000000a1ff300000,0x000000a1ff400000)]
  0x00000232c3657900 JavaThread "Unconstrained build operations Thread 159" [_thread_blocked, id=17740, stack(0x000000a1ff400000,0x000000a1ff500000)]
  0x00000232c80d01e0 JavaThread "Unconstrained build operations Thread 160" [_thread_blocked, id=15872, stack(0x000000a1ff500000,0x000000a1ff600000)]
  0x00000232c841c930 JavaThread "WorkerExecutor Queue" [_thread_blocked, id=2936, stack(0x000000a1ff600000,0x000000a1ff700000)]

Other Threads:
=>0x00000232f4850080 VMThread "VM Thread" [stack: 0x000000a1ef200000,0x000000a1ef300000] [id=4328]
  0x00000232f4a004f0 WatcherThread [stack: 0x000000a1f0000000,0x000000a1f0100000] [id=32272]
  0x00000232d5aa5ff0 GCTaskThread "GC Thread#0" [stack: 0x000000a1eed00000,0x000000a1eee00000] [id=7060]
  0x00000232f4af4830 GCTaskThread "GC Thread#1" [stack: 0x000000a1f0500000,0x000000a1f0600000] [id=23548]
  0x00000232f4af4af0 GCTaskThread "GC Thread#2" [stack: 0x000000a1f0600000,0x000000a1f0700000] [id=34936]
  0x00000232f4af5330 GCTaskThread "GC Thread#3" [stack: 0x000000a1f0700000,0x000000a1f0800000] [id=14624]
  0x00000232f4af37b0 GCTaskThread "GC Thread#4" [stack: 0x000000a1f0800000,0x000000a1f0900000] [id=23460]
  0x00000232f4af42b0 GCTaskThread "GC Thread#5" [stack: 0x000000a1f0900000,0x000000a1f0a00000] [id=32524]
  0x00000232fb808980 GCTaskThread "GC Thread#6" [stack: 0x000000a1f1e00000,0x000000a1f1f00000] [id=4064]
  0x00000232fb80a500 GCTaskThread "GC Thread#7" [stack: 0x000000a1f1f00000,0x000000a1f2000000] [id=20636]
  0x00000232fb80a240 GCTaskThread "GC Thread#8" [stack: 0x000000a1f2000000,0x000000a1f2100000] [id=32852]
  0x00000232fb807640 GCTaskThread "GC Thread#9" [stack: 0x000000a1f2100000,0x000000a1f2200000] [id=25516]
  0x00000232fb809740 GCTaskThread "GC Thread#10" [stack: 0x000000a1f2200000,0x000000a1f2300000] [id=31212]
  0x00000232fb808c40 GCTaskThread "GC Thread#11" [stack: 0x000000a1f2300000,0x000000a1f2400000] [id=14168]
  0x00000232fb80aa80 GCTaskThread "GC Thread#12" [stack: 0x000000a1f2400000,0x000000a1f2500000] [id=25572]
  0x00000232d5af5010 ConcurrentGCThread "G1 Main Marker" [stack: 0x000000a1eee00000,0x000000a1eef00000] [id=24120]
  0x00000232d5af7940 ConcurrentGCThread "G1 Conc#0" [stack: 0x000000a1eef00000,0x000000a1ef000000] [id=24568]
  0x00000232fb807900 ConcurrentGCThread "G1 Conc#1" [stack: 0x000000a1f2500000,0x000000a1f2600000] [id=20328]
  0x00000232fb8070c0 ConcurrentGCThread "G1 Conc#2" [stack: 0x000000a1f2600000,0x000000a1f2700000] [id=23404]
  0x00000232f4708300 ConcurrentGCThread "G1 Refine#0" [stack: 0x000000a1ef000000,0x000000a1ef100000] [id=34948]
  0x00000232faf61f60 ConcurrentGCThread "G1 Refine#1" [stack: 0x000000a1fd100000,0x000000a1fd200000] [id=6360]
  0x00000232faf5f060 ConcurrentGCThread "G1 Refine#2" [stack: 0x000000a1fd200000,0x000000a1fd300000] [id=3592]
  0x00000232c83ddea0 ConcurrentGCThread "G1 Refine#3" [stack: 0x000000a1ff700000,0x000000a1ff800000] [id=11720]
  0x00000232c83dfef0 ConcurrentGCThread "G1 Refine#4" [stack: 0x000000a1ff800000,0x000000a1ff900000] [id=27192]
  0x00000232c83df040 ConcurrentGCThread "G1 Refine#5" [stack: 0x000000a1ff900000,0x000000a1ffa00000] [id=3820]
  0x00000232c83de190 ConcurrentGCThread "G1 Refine#6" [stack: 0x000000a1ffa00000,0x000000a1ffb00000] [id=5548]
  0x00000232c83de770 ConcurrentGCThread "G1 Refine#7" [stack: 0x000000a1ffb00000,0x000000a1ffc00000] [id=17576]
  0x00000232f47089e0 ConcurrentGCThread "G1 Service" [stack: 0x000000a1ef100000,0x000000a1ef200000] [id=7292]

Threads with active compile tasks:
C2 CompilerThread0    18882 19265   !   4       com.android.tools.r8.internal.ta::b (116 bytes)
C1 CompilerThread0    18882 20040       3       com.android.tools.r8.internal.Ib::a (711 bytes)
C1 CompilerThread1    18882 20050       3       com.android.tools.r8.ir.regalloc.b::a (715 bytes)
C1 CompilerThread2    18882 20054       3       com.android.tools.r8.internal.B4::f (38 bytes)
C1 CompilerThread3    18882 20018       3       com.android.tools.r8.internal.Vq::a (989 bytes)
C2 CompilerThread1    18882 18132       4       com.android.tools.r8.graph.y2::a (2719 bytes)
C2 CompilerThread2    18882 19870       4       com.android.tools.r8.internal.bt::a (175 bytes)
C2 CompilerThread3    18882 19922   !   4       com.android.tools.r8.internal.sa::a (170 bytes)
C2 CompilerThread4    18883 19914       4       com.android.tools.r8.internal.sa::get (5 bytes)
C2 CompilerThread5    18883 19929       4       com.android.tools.r8.internal.Sn::next (111 bytes)

VM state: at safepoint (normal execution)

VM Mutex/Monitor currently owned by a thread:  ([mutex/lock_event])
[0x00000232d5a4a480] Threads_lock - owner thread: 0x00000232f4850080
[0x00000232d5a4a1b0] Heap_lock - owner thread: 0x00000232ff2d9660

Heap address: 0x0000000080000000, size: 2048 MB, Compressed Oops mode: 32-bit

CDS archive(s) mapped at: [0x0000023280000000-0x0000023280bd0000-0x0000023280bd0000), size 12386304, SharedBaseAddress: 0x0000023280000000, ArchiveRelocationMode: 1.
Compressed class space mapped at: 0x0000023281000000-0x00000232c1000000, reserved size: 1073741824
Narrow klass base: 0x0000023280000000, Narrow klass shift: 0, Narrow klass range: 0x100000000

GC Precious Log:
 CPUs: 16 total, 16 available
 Memory: 16202M
 Large Page Support: Disabled
 NUMA Support: Disabled
 Compressed Oops: Enabled (32-bit)
 Heap Region Size: 1M
 Heap Min Capacity: 8M
 Heap Initial Capacity: 254M
 Heap Max Capacity: 2G
 Pre-touch: Disabled
 Parallel Workers: 13
 Concurrent Workers: 3
 Concurrent Refinement Workers: 13
 Periodic GC: Disabled

Heap:
 garbage-first heap   total 646144K, used 376669K [0x0000000080000000, 0x0000000100000000)
  region size 1024K, 11 young (11264K), 11 survivors (11264K)
 Metaspace       used 111731K, committed 112768K, reserved 1179648K
  class space    used 16530K, committed 17024K, reserved 1048576K

Heap Regions: E=young(eden), S=young(survivor), O=old, HS=humongous(starts), HC=humongous(continues), CS=collection set, F=free, OA=open archive, CA=closed archive, TAMS=top-at-mark-start (previous, next)
|   0|0x0000000080000000, 0x0000000080100000, 0x0000000080100000|100%| O|  |TAMS 0x0000000080100000, 0x0000000080000000| Untracked 
|   1|0x0000000080100000, 0x0000000080200000, 0x0000000080200000|100%| O|  |TAMS 0x0000000080200000, 0x0000000080100000| Untracked 
|   2|0x0000000080200000, 0x0000000080300000, 0x0000000080300000|100%| O|  |TAMS 0x0000000080300000, 0x0000000080200000| Untracked 
|   3|0x0000000080300000, 0x0000000080400000, 0x0000000080400000|100%|HS|  |TAMS 0x0000000080400000, 0x0000000080300000| Complete 
|   4|0x0000000080400000, 0x0000000080500000, 0x0000000080500000|100%|HC|  |TAMS 0x0000000080500000, 0x0000000080400000| Complete 
|   5|0x0000000080500000, 0x0000000080600000, 0x0000000080600000|100%|HC|  |TAMS 0x0000000080600000, 0x0000000080500000| Complete 
|   6|0x0000000080600000, 0x0000000080700000, 0x0000000080700000|100%| O|  |TAMS 0x0000000080700000, 0x0000000080600000| Untracked 
|   7|0x0000000080700000, 0x0000000080800000, 0x0000000080800000|100%| O|  |TAMS 0x0000000080800000, 0x0000000080700000| Untracked 
|   8|0x0000000080800000, 0x0000000080900000, 0x0000000080900000|100%| O|  |TAMS 0x0000000080900000, 0x0000000080800000| Untracked 
|   9|0x0000000080900000, 0x0000000080a00000, 0x0000000080a00000|100%| O|  |TAMS 0x0000000080a00000, 0x0000000080900000| Untracked 
|  10|0x0000000080a00000, 0x0000000080b00000, 0x0000000080b00000|100%| O|  |TAMS 0x0000000080b00000, 0x0000000080a00000| Untracked 
|  11|0x0000000080b00000, 0x0000000080c00000, 0x0000000080c00000|100%| O|  |TAMS 0x0000000080c00000, 0x0000000080b00000| Untracked 
|  12|0x0000000080c00000, 0x0000000080d00000, 0x0000000080d00000|100%| O|  |TAMS 0x0000000080d00000, 0x0000000080c00000| Untracked 
|  13|0x0000000080d00000, 0x0000000080e00000, 0x0000000080e00000|100%| O|  |TAMS 0x0000000080e00000, 0x0000000080d00000| Untracked 
|  14|0x0000000080e00000, 0x0000000080f00000, 0x0000000080f00000|100%| O|  |TAMS 0x0000000080f00000, 0x0000000080e00000| Untracked 
|  15|0x0000000080f00000, 0x0000000081000000, 0x0000000081000000|100%| O|  |TAMS 0x0000000081000000, 0x0000000080f00000| Untracked 
|  16|0x0000000081000000, 0x0000000081100000, 0x0000000081100000|100%| O|  |TAMS 0x0000000081100000, 0x0000000081000000| Untracked 
|  17|0x0000000081100000, 0x0000000081200000, 0x0000000081200000|100%| O|  |TAMS 0x0000000081200000, 0x0000000081100000| Untracked 
|  18|0x0000000081200000, 0x0000000081300000, 0x0000000081300000|100%| O|  |TAMS 0x0000000081300000, 0x0000000081200000| Untracked 
|  19|0x0000000081300000, 0x0000000081400000, 0x0000000081400000|100%| O|  |TAMS 0x0000000081400000, 0x0000000081300000| Untracked 
|  20|0x0000000081400000, 0x0000000081500000, 0x0000000081500000|100%| O|  |TAMS 0x0000000081500000, 0x0000000081400000| Untracked 
|  21|0x0000000081500000, 0x0000000081600000, 0x0000000081600000|100%| O|  |TAMS 0x0000000081600000, 0x0000000081500000| Untracked 
|  22|0x0000000081600000, 0x0000000081700000, 0x0000000081700000|100%| O|  |TAMS 0x0000000081700000, 0x0000000081600000| Untracked 
|  23|0x0000000081700000, 0x0000000081800000, 0x0000000081800000|100%| O|  |TAMS 0x0000000081800000, 0x0000000081700000| Untracked 
|  24|0x0000000081800000, 0x0000000081900000, 0x0000000081900000|100%| O|  |TAMS 0x0000000081900000, 0x0000000081800000| Untracked 
|  25|0x0000000081900000, 0x0000000081a00000, 0x0000000081a00000|100%| O|  |TAMS 0x0000000081a00000, 0x0000000081900000| Untracked 
|  26|0x0000000081a00000, 0x0000000081b00000, 0x0000000081b00000|100%| O|  |TAMS 0x0000000081b00000, 0x0000000081a00000| Untracked 
|  27|0x0000000081b00000, 0x0000000081c00000, 0x0000000081c00000|100%| O|  |TAMS 0x0000000081c00000, 0x0000000081b00000| Untracked 
|  28|0x0000000081c00000, 0x0000000081d00000, 0x0000000081d00000|100%| O|  |TAMS 0x0000000081d00000, 0x0000000081c00000| Untracked 
|  29|0x0000000081d00000, 0x0000000081e00000, 0x0000000081e00000|100%| O|  |TAMS 0x0000000081e00000, 0x0000000081d00000| Untracked 
|  30|0x0000000081e00000, 0x0000000081f00000, 0x0000000081f00000|100%| O|  |TAMS 0x0000000081f00000, 0x0000000081e00000| Untracked 
|  31|0x0000000081f00000, 0x0000000082000000, 0x0000000082000000|100%| O|  |TAMS 0x0000000082000000, 0x0000000081f00000| Untracked 
|  32|0x0000000082000000, 0x0000000082100000, 0x0000000082100000|100%| O|  |TAMS 0x0000000082100000, 0x0000000082000000| Untracked 
|  33|0x0000000082100000, 0x0000000082200000, 0x0000000082200000|100%| O|  |TAMS 0x0000000082200000, 0x0000000082100000| Untracked 
|  34|0x0000000082200000, 0x0000000082300000, 0x0000000082300000|100%| O|  |TAMS 0x0000000082300000, 0x0000000082200000| Untracked 
|  35|0x0000000082300000, 0x0000000082400000, 0x0000000082400000|100%| O|  |TAMS 0x0000000082400000, 0x0000000082300000| Untracked 
|  36|0x0000000082400000, 0x0000000082500000, 0x0000000082500000|100%| O|  |TAMS 0x0000000082500000, 0x0000000082400000| Untracked 
|  37|0x0000000082500000, 0x0000000082600000, 0x0000000082600000|100%| O|  |TAMS 0x0000000082600000, 0x0000000082500000| Untracked 
|  38|0x0000000082600000, 0x0000000082700000, 0x0000000082700000|100%| O|  |TAMS 0x0000000082700000, 0x0000000082600000| Untracked 
|  39|0x0000000082700000, 0x0000000082800000, 0x0000000082800000|100%|HS|  |TAMS 0x0000000082800000, 0x0000000082700000| Complete 
|  40|0x0000000082800000, 0x0000000082900000, 0x0000000082900000|100%|HS|  |TAMS 0x0000000082900000, 0x0000000082800000| Complete 
|  41|0x0000000082900000, 0x0000000082a00000, 0x0000000082a00000|100%|HS|  |TAMS 0x0000000082a00000, 0x0000000082900000| Complete 
|  42|0x0000000082a00000, 0x0000000082b00000, 0x0000000082b00000|100%| O|  |TAMS 0x0000000082b00000, 0x0000000082a00000| Untracked 
|  43|0x0000000082b00000, 0x0000000082c00000, 0x0000000082c00000|100%|HS|  |TAMS 0x0000000082c00000, 0x0000000082b00000| Complete 
|  44|0x0000000082c00000, 0x0000000082d00000, 0x0000000082d00000|100%|HC|  |TAMS 0x0000000082d00000, 0x0000000082c00000| Complete 
|  45|0x0000000082d00000, 0x0000000082e00000, 0x0000000082e00000|100%|HC|  |TAMS 0x0000000082e00000, 0x0000000082d00000| Complete 
|  46|0x0000000082e00000, 0x0000000082f00000, 0x0000000082f00000|100%|HC|  |TAMS 0x0000000082f00000, 0x0000000082e00000| Complete 
|  47|0x0000000082f00000, 0x0000000083000000, 0x0000000083000000|100%| O|  |TAMS 0x0000000083000000, 0x0000000082f00000| Untracked 
|  48|0x0000000083000000, 0x0000000083100000, 0x0000000083100000|100%|HS|  |TAMS 0x0000000083100000, 0x0000000083000000| Complete 
|  49|0x0000000083100000, 0x0000000083200000, 0x0000000083200000|100%|HC|  |TAMS 0x0000000083200000, 0x0000000083100000| Complete 
|  50|0x0000000083200000, 0x0000000083300000, 0x0000000083300000|100%| O|  |TAMS 0x0000000083300000, 0x0000000083200000| Untracked 
|  51|0x0000000083300000, 0x0000000083400000, 0x0000000083400000|100%| O|  |TAMS 0x0000000083400000, 0x0000000083300000| Untracked 
|  52|0x0000000083400000, 0x0000000083500000, 0x0000000083500000|100%| O|  |TAMS 0x0000000083500000, 0x0000000083400000| Untracked 
|  53|0x0000000083500000, 0x0000000083600000, 0x0000000083600000|100%| O|  |TAMS 0x0000000083600000, 0x0000000083500000| Untracked 
|  54|0x0000000083600000, 0x0000000083700000, 0x0000000083700000|100%| O|  |TAMS 0x0000000083700000, 0x0000000083600000| Untracked 
|  55|0x0000000083700000, 0x0000000083800000, 0x0000000083800000|100%| O|  |TAMS 0x0000000083800000, 0x0000000083700000| Untracked 
|  56|0x0000000083800000, 0x0000000083900000, 0x0000000083900000|100%| O|  |TAMS 0x0000000083900000, 0x0000000083800000| Untracked 
|  57|0x0000000083900000, 0x0000000083a00000, 0x0000000083a00000|100%| O|  |TAMS 0x0000000083a00000, 0x0000000083900000| Untracked 
|  58|0x0000000083a00000, 0x0000000083b00000, 0x0000000083b00000|100%| O|  |TAMS 0x0000000083b00000, 0x0000000083a00000| Untracked 
|  59|0x0000000083b00000, 0x0000000083c00000, 0x0000000083c00000|100%| O|  |TAMS 0x0000000083c00000, 0x0000000083b00000| Untracked 
|  60|0x0000000083c00000, 0x0000000083d00000, 0x0000000083d00000|100%| O|  |TAMS 0x0000000083d00000, 0x0000000083c00000| Untracked 
|  61|0x0000000083d00000, 0x0000000083e00000, 0x0000000083e00000|100%| O|  |TAMS 0x0000000083e00000, 0x0000000083d00000| Untracked 
|  62|0x0000000083e00000, 0x0000000083f00000, 0x0000000083f00000|100%| O|  |TAMS 0x0000000083f00000, 0x0000000083e00000| Untracked 
|  63|0x0000000083f00000, 0x0000000084000000, 0x0000000084000000|100%| O|  |TAMS 0x0000000084000000, 0x0000000083f00000| Untracked 
|  64|0x0000000084000000, 0x0000000084100000, 0x0000000084100000|100%| O|  |TAMS 0x0000000084100000, 0x0000000084000000| Untracked 
|  65|0x0000000084100000, 0x0000000084200000, 0x0000000084200000|100%| O|  |TAMS 0x0000000084200000, 0x0000000084100000| Untracked 
|  66|0x0000000084200000, 0x0000000084300000, 0x0000000084300000|100%| O|  |TAMS 0x0000000084300000, 0x0000000084200000| Untracked 
|  67|0x0000000084300000, 0x0000000084400000, 0x0000000084400000|100%| O|  |TAMS 0x0000000084400000, 0x0000000084300000| Untracked 
|  68|0x0000000084400000, 0x0000000084500000, 0x0000000084500000|100%| O|  |TAMS 0x0000000084500000, 0x0000000084400000| Untracked 
|  69|0x0000000084500000, 0x0000000084600000, 0x0000000084600000|100%| O|  |TAMS 0x0000000084600000, 0x0000000084500000| Untracked 
|  70|0x0000000084600000, 0x0000000084700000, 0x0000000084700000|100%| O|  |TAMS 0x0000000084700000, 0x0000000084600000| Untracked 
|  71|0x0000000084700000, 0x0000000084800000, 0x0000000084800000|100%| O|  |TAMS 0x0000000084800000, 0x0000000084700000| Untracked 
|  72|0x0000000084800000, 0x0000000084900000, 0x0000000084900000|100%| O|  |TAMS 0x0000000084900000, 0x0000000084800000| Untracked 
|  73|0x0000000084900000, 0x0000000084a00000, 0x0000000084a00000|100%| O|  |TAMS 0x0000000084a00000, 0x0000000084900000| Untracked 
|  74|0x0000000084a00000, 0x0000000084b00000, 0x0000000084b00000|100%| O|  |TAMS 0x0000000084b00000, 0x0000000084a00000| Untracked 
|  75|0x0000000084b00000, 0x0000000084c00000, 0x0000000084c00000|100%| O|  |TAMS 0x0000000084c00000, 0x0000000084b00000| Untracked 
|  76|0x0000000084c00000, 0x0000000084d00000, 0x0000000084d00000|100%| O|  |TAMS 0x0000000084d00000, 0x0000000084c00000| Untracked 
|  77|0x0000000084d00000, 0x0000000084e00000, 0x0000000084e00000|100%| O|  |TAMS 0x0000000084e00000, 0x0000000084d00000| Untracked 
|  78|0x0000000084e00000, 0x0000000084f00000, 0x0000000084f00000|100%| O|  |TAMS 0x0000000084f00000, 0x0000000084e00000| Untracked 
|  79|0x0000000084f00000, 0x0000000085000000, 0x0000000085000000|100%| O|  |TAMS 0x0000000085000000, 0x0000000084f00000| Untracked 
|  80|0x0000000085000000, 0x0000000085100000, 0x0000000085100000|100%| O|  |TAMS 0x0000000085100000, 0x0000000085000000| Untracked 
|  81|0x0000000085100000, 0x0000000085200000, 0x0000000085200000|100%| O|  |TAMS 0x0000000085200000, 0x0000000085100000| Untracked 
|  82|0x0000000085200000, 0x0000000085300000, 0x0000000085300000|100%| O|  |TAMS 0x0000000085300000, 0x0000000085200000| Untracked 
|  83|0x0000000085300000, 0x0000000085400000, 0x0000000085400000|100%| O|  |TAMS 0x0000000085400000, 0x0000000085300000| Untracked 
|  84|0x0000000085400000, 0x0000000085500000, 0x0000000085500000|100%| O|  |TAMS 0x0000000085500000, 0x0000000085400000| Untracked 
|  85|0x0000000085500000, 0x0000000085600000, 0x0000000085600000|100%| O|  |TAMS 0x0000000085600000, 0x0000000085500000| Untracked 
|  86|0x0000000085600000, 0x0000000085700000, 0x0000000085700000|100%| O|  |TAMS 0x0000000085700000, 0x0000000085600000| Untracked 
|  87|0x0000000085700000, 0x0000000085800000, 0x0000000085800000|100%| O|  |TAMS 0x0000000085800000, 0x0000000085700000| Untracked 
|  88|0x0000000085800000, 0x0000000085900000, 0x0000000085900000|100%| O|  |TAMS 0x0000000085900000, 0x0000000085800000| Untracked 
|  89|0x0000000085900000, 0x0000000085a00000, 0x0000000085a00000|100%| O|  |TAMS 0x0000000085a00000, 0x0000000085900000| Untracked 
|  90|0x0000000085a00000, 0x0000000085b00000, 0x0000000085b00000|100%| O|  |TAMS 0x0000000085b00000, 0x0000000085a00000| Untracked 
|  91|0x0000000085b00000, 0x0000000085c00000, 0x0000000085c00000|100%| O|  |TAMS 0x0000000085c00000, 0x0000000085b00000| Untracked 
|  92|0x0000000085c00000, 0x0000000085d00000, 0x0000000085d00000|100%| O|  |TAMS 0x0000000085d00000, 0x0000000085c00000| Untracked 
|  93|0x0000000085d00000, 0x0000000085e00000, 0x0000000085e00000|100%| O|  |TAMS 0x0000000085e00000, 0x0000000085d00000| Untracked 
|  94|0x0000000085e00000, 0x0000000085f00000, 0x0000000085f00000|100%| O|  |TAMS 0x0000000085f00000, 0x0000000085e00000| Untracked 
|  95|0x0000000085f00000, 0x0000000086000000, 0x0000000086000000|100%| O|  |TAMS 0x0000000086000000, 0x0000000085f00000| Untracked 
|  96|0x0000000086000000, 0x0000000086100000, 0x0000000086100000|100%| O|  |TAMS 0x0000000086100000, 0x0000000086000000| Untracked 
|  97|0x0000000086100000, 0x0000000086200000, 0x0000000086200000|100%| O|  |TAMS 0x0000000086200000, 0x0000000086100000| Untracked 
|  98|0x0000000086200000, 0x0000000086300000, 0x0000000086300000|100%| O|  |TAMS 0x0000000086300000, 0x0000000086200000| Untracked 
|  99|0x0000000086300000, 0x0000000086400000, 0x0000000086400000|100%| O|  |TAMS 0x0000000086400000, 0x0000000086300000| Untracked 
| 100|0x0000000086400000, 0x0000000086500000, 0x0000000086500000|100%| O|  |TAMS 0x0000000086500000, 0x0000000086400000| Untracked 
| 101|0x0000000086500000, 0x0000000086600000, 0x0000000086600000|100%| O|  |TAMS 0x0000000086600000, 0x0000000086500000| Untracked 
| 102|0x0000000086600000, 0x0000000086700000, 0x0000000086700000|100%| O|  |TAMS 0x0000000086700000, 0x0000000086600000| Untracked 
| 103|0x0000000086700000, 0x0000000086800000, 0x0000000086800000|100%| O|  |TAMS 0x0000000086800000, 0x0000000086700000| Untracked 
| 104|0x0000000086800000, 0x0000000086900000, 0x0000000086900000|100%| O|  |TAMS 0x0000000086900000, 0x0000000086800000| Untracked 
| 105|0x0000000086900000, 0x0000000086a00000, 0x0000000086a00000|100%| O|  |TAMS 0x0000000086a00000, 0x0000000086900000| Untracked 
| 106|0x0000000086a00000, 0x0000000086b00000, 0x0000000086b00000|100%| O|  |TAMS 0x0000000086b00000, 0x0000000086a00000| Untracked 
| 107|0x0000000086b00000, 0x0000000086c00000, 0x0000000086c00000|100%| O|  |TAMS 0x0000000086c00000, 0x0000000086b00000| Untracked 
| 108|0x0000000086c00000, 0x0000000086d00000, 0x0000000086d00000|100%| O|  |TAMS 0x0000000086d00000, 0x0000000086c00000| Untracked 
| 109|0x0000000086d00000, 0x0000000086e00000, 0x0000000086e00000|100%| O|  |TAMS 0x0000000086e00000, 0x0000000086d00000| Untracked 
| 110|0x0000000086e00000, 0x0000000086f00000, 0x0000000086f00000|100%| O|  |TAMS 0x0000000086f00000, 0x0000000086e00000| Untracked 
| 111|0x0000000086f00000, 0x0000000087000000, 0x0000000087000000|100%| O|  |TAMS 0x0000000087000000, 0x0000000086f00000| Untracked 
| 112|0x0000000087000000, 0x0000000087100000, 0x0000000087100000|100%| O|  |TAMS 0x0000000087100000, 0x0000000087000000| Untracked 
| 113|0x0000000087100000, 0x0000000087200000, 0x0000000087200000|100%| O|  |TAMS 0x0000000087200000, 0x0000000087100000| Untracked 
| 114|0x0000000087200000, 0x0000000087300000, 0x0000000087300000|100%| O|  |TAMS 0x0000000087300000, 0x0000000087200000| Untracked 
| 115|0x0000000087300000, 0x0000000087400000, 0x0000000087400000|100%| O|  |TAMS 0x0000000087400000, 0x0000000087300000| Untracked 
| 116|0x0000000087400000, 0x0000000087500000, 0x0000000087500000|100%| O|  |TAMS 0x0000000087500000, 0x0000000087400000| Untracked 
| 117|0x0000000087500000, 0x0000000087600000, 0x0000000087600000|100%| O|  |TAMS 0x0000000087600000, 0x0000000087500000| Untracked 
| 118|0x0000000087600000, 0x0000000087700000, 0x0000000087700000|100%| O|  |TAMS 0x0000000087700000, 0x0000000087600000| Untracked 
| 119|0x0000000087700000, 0x0000000087800000, 0x0000000087800000|100%| O|  |TAMS 0x0000000087800000, 0x0000000087700000| Untracked 
| 120|0x0000000087800000, 0x0000000087900000, 0x0000000087900000|100%| O|  |TAMS 0x0000000087900000, 0x0000000087800000| Untracked 
| 121|0x0000000087900000, 0x0000000087a00000, 0x0000000087a00000|100%| O|  |TAMS 0x0000000087a00000, 0x0000000087900000| Untracked 
| 122|0x0000000087a00000, 0x0000000087b00000, 0x0000000087b00000|100%| O|  |TAMS 0x0000000087b00000, 0x0000000087a00000| Untracked 
| 123|0x0000000087b00000, 0x0000000087c00000, 0x0000000087c00000|100%| O|  |TAMS 0x0000000087c00000, 0x0000000087b00000| Untracked 
| 124|0x0000000087c00000, 0x0000000087d00000, 0x0000000087d00000|100%|HS|  |TAMS 0x0000000087d00000, 0x0000000087c00000| Complete 
| 125|0x0000000087d00000, 0x0000000087e00000, 0x0000000087e00000|100%|HC|  |TAMS 0x0000000087e00000, 0x0000000087d00000| Complete 
| 126|0x0000000087e00000, 0x0000000087f00000, 0x0000000087f00000|100%| O|  |TAMS 0x0000000087f00000, 0x0000000087e00000| Untracked 
| 127|0x0000000087f00000, 0x0000000088000000, 0x0000000088000000|100%| O|  |TAMS 0x0000000088000000, 0x0000000087f00000| Untracked 
| 128|0x0000000088000000, 0x0000000088100000, 0x0000000088100000|100%| O|  |TAMS 0x0000000088100000, 0x0000000088000000| Untracked 
| 129|0x0000000088100000, 0x0000000088200000, 0x0000000088200000|100%| O|  |TAMS 0x0000000088200000, 0x0000000088100000| Untracked 
| 130|0x0000000088200000, 0x0000000088300000, 0x0000000088300000|100%| O|  |TAMS 0x0000000088300000, 0x0000000088200000| Untracked 
| 131|0x0000000088300000, 0x0000000088400000, 0x0000000088400000|100%| O|  |TAMS 0x0000000088400000, 0x0000000088300000| Untracked 
| 132|0x0000000088400000, 0x0000000088500000, 0x0000000088500000|100%| O|  |TAMS 0x0000000088500000, 0x0000000088400000| Untracked 
| 133|0x0000000088500000, 0x0000000088600000, 0x0000000088600000|100%| O|  |TAMS 0x0000000088600000, 0x0000000088500000| Untracked 
| 134|0x0000000088600000, 0x0000000088700000, 0x0000000088700000|100%| O|  |TAMS 0x0000000088700000, 0x0000000088600000| Untracked 
| 135|0x0000000088700000, 0x0000000088800000, 0x0000000088800000|100%| O|  |TAMS 0x0000000088800000, 0x0000000088700000| Untracked 
| 136|0x0000000088800000, 0x0000000088900000, 0x0000000088900000|100%| O|  |TAMS 0x0000000088900000, 0x0000000088800000| Untracked 
| 137|0x0000000088900000, 0x0000000088a00000, 0x0000000088a00000|100%| O|  |TAMS 0x0000000088a00000, 0x0000000088900000| Untracked 
| 138|0x0000000088a00000, 0x0000000088b00000, 0x0000000088b00000|100%| O|  |TAMS 0x0000000088b00000, 0x0000000088a00000| Untracked 
| 139|0x0000000088b00000, 0x0000000088c00000, 0x0000000088c00000|100%| O|  |TAMS 0x0000000088c00000, 0x0000000088b00000| Untracked 
| 140|0x0000000088c00000, 0x0000000088d00000, 0x0000000088d00000|100%| O|  |TAMS 0x0000000088d00000, 0x0000000088c00000| Untracked 
| 141|0x0000000088d00000, 0x0000000088e00000, 0x0000000088e00000|100%| O|  |TAMS 0x0000000088e00000, 0x0000000088d00000| Untracked 
| 142|0x0000000088e00000, 0x0000000088f00000, 0x0000000088f00000|100%| O|  |TAMS 0x0000000088f00000, 0x0000000088e00000| Untracked 
| 143|0x0000000088f00000, 0x0000000089000000, 0x0000000089000000|100%| O|  |TAMS 0x0000000089000000, 0x0000000088f00000| Untracked 
| 144|0x0000000089000000, 0x0000000089100000, 0x0000000089100000|100%| O|  |TAMS 0x0000000089100000, 0x0000000089000000| Untracked 
| 145|0x0000000089100000, 0x0000000089200000, 0x0000000089200000|100%| O|  |TAMS 0x0000000089200000, 0x0000000089100000| Untracked 
| 146|0x0000000089200000, 0x0000000089300000, 0x0000000089300000|100%| O|  |TAMS 0x0000000089300000, 0x0000000089200000| Untracked 
| 147|0x0000000089300000, 0x0000000089400000, 0x0000000089400000|100%| O|  |TAMS 0x0000000089400000, 0x0000000089300000| Untracked 
| 148|0x0000000089400000, 0x0000000089500000, 0x0000000089500000|100%| O|  |TAMS 0x0000000089500000, 0x0000000089400000| Untracked 
| 149|0x0000000089500000, 0x0000000089600000, 0x0000000089600000|100%| O|  |TAMS 0x0000000089500000, 0x0000000089500000| Untracked 
| 150|0x0000000089600000, 0x0000000089700000, 0x0000000089700000|100%| O|  |TAMS 0x0000000089700000, 0x0000000089600000| Untracked 
| 151|0x0000000089700000, 0x0000000089800000, 0x0000000089800000|100%| O|  |TAMS 0x0000000089800000, 0x0000000089700000| Untracked 
| 152|0x0000000089800000, 0x0000000089900000, 0x0000000089900000|100%| O|  |TAMS 0x0000000089900000, 0x0000000089800000| Untracked 
| 153|0x0000000089900000, 0x0000000089a00000, 0x0000000089a00000|100%| O|  |TAMS 0x0000000089900000, 0x0000000089900000| Untracked 
| 154|0x0000000089a00000, 0x0000000089b00000, 0x0000000089b00000|100%| O|  |TAMS 0x0000000089b00000, 0x0000000089a00000| Untracked 
| 155|0x0000000089b00000, 0x0000000089c00000, 0x0000000089c00000|100%| O|  |TAMS 0x0000000089b00000, 0x0000000089b00000| Untracked 
| 156|0x0000000089c00000, 0x0000000089d00000, 0x0000000089d00000|100%| O|  |TAMS 0x0000000089c00000, 0x0000000089c00000| Untracked 
| 157|0x0000000089d00000, 0x0000000089e00000, 0x0000000089e00000|100%| O|  |TAMS 0x0000000089e00000, 0x0000000089d00000| Untracked 
| 158|0x0000000089e00000, 0x0000000089f00000, 0x0000000089f00000|100%| O|  |TAMS 0x0000000089f00000, 0x0000000089e00000| Untracked 
| 159|0x0000000089f00000, 0x000000008a000000, 0x000000008a000000|100%| O|  |TAMS 0x000000008a000000, 0x0000000089f00000| Untracked 
| 160|0x000000008a000000, 0x000000008a100000, 0x000000008a100000|100%| O|  |TAMS 0x000000008a100000, 0x000000008a000000| Untracked 
| 161|0x000000008a100000, 0x000000008a200000, 0x000000008a200000|100%| O|  |TAMS 0x000000008a200000, 0x000000008a100000| Untracked 
| 162|0x000000008a200000, 0x000000008a300000, 0x000000008a300000|100%| O|  |TAMS 0x000000008a300000, 0x000000008a200000| Untracked 
| 163|0x000000008a300000, 0x000000008a400000, 0x000000008a400000|100%| O|  |TAMS 0x000000008a400000, 0x000000008a300000| Untracked 
| 164|0x000000008a400000, 0x000000008a500000, 0x000000008a500000|100%| O|  |TAMS 0x000000008a500000, 0x000000008a400000| Untracked 
| 165|0x000000008a500000, 0x000000008a600000, 0x000000008a600000|100%| O|  |TAMS 0x000000008a600000, 0x000000008a500000| Untracked 
| 166|0x000000008a600000, 0x000000008a700000, 0x000000008a700000|100%| O|  |TAMS 0x000000008a700000, 0x000000008a600000| Untracked 
| 167|0x000000008a700000, 0x000000008a800000, 0x000000008a800000|100%| O|  |TAMS 0x000000008a800000, 0x000000008a700000| Untracked 
| 168|0x000000008a800000, 0x000000008a900000, 0x000000008a900000|100%| O|  |TAMS 0x000000008a900000, 0x000000008a800000| Untracked 
| 169|0x000000008a900000, 0x000000008aa00000, 0x000000008aa00000|100%| O|  |TAMS 0x000000008aa00000, 0x000000008a900000| Untracked 
| 170|0x000000008aa00000, 0x000000008ab00000, 0x000000008ab00000|100%| O|  |TAMS 0x000000008aaaae00, 0x000000008aa00000| Untracked 
| 171|0x000000008ab00000, 0x000000008ac00000, 0x000000008ac00000|100%| O|  |TAMS 0x000000008ab00000, 0x000000008ab00000| Untracked 
| 172|0x000000008ac00000, 0x000000008ad00000, 0x000000008ad00000|100%|HS|  |TAMS 0x000000008ad00000, 0x000000008ac00000| Complete 
| 173|0x000000008ad00000, 0x000000008ae00000, 0x000000008ae00000|100%| O|  |TAMS 0x000000008ad00000, 0x000000008ad00000| Untracked 
| 174|0x000000008ae00000, 0x000000008af00000, 0x000000008af00000|100%| O|  |TAMS 0x000000008ae00000, 0x000000008ae00000| Untracked 
| 175|0x000000008af00000, 0x000000008b000000, 0x000000008b000000|100%| O|  |TAMS 0x000000008af00000, 0x000000008af00000| Untracked 
| 176|0x000000008b000000, 0x000000008b100000, 0x000000008b100000|100%| O|  |TAMS 0x000000008b000000, 0x000000008b000000| Untracked 
| 177|0x000000008b100000, 0x000000008b200000, 0x000000008b200000|100%| O|  |TAMS 0x000000008b100000, 0x000000008b100000| Untracked 
| 178|0x000000008b200000, 0x000000008b300000, 0x000000008b300000|100%| O|  |TAMS 0x000000008b200000, 0x000000008b200000| Untracked 
| 179|0x000000008b300000, 0x000000008b400000, 0x000000008b400000|100%| O|  |TAMS 0x000000008b300000, 0x000000008b300000| Untracked 
| 180|0x000000008b400000, 0x000000008b500000, 0x000000008b500000|100%| O|  |TAMS 0x000000008b400000, 0x000000008b400000| Untracked 
| 181|0x000000008b500000, 0x000000008b600000, 0x000000008b600000|100%| O|  |TAMS 0x000000008b500000, 0x000000008b500000| Untracked 
| 182|0x000000008b600000, 0x000000008b700000, 0x000000008b700000|100%| O|  |TAMS 0x000000008b600000, 0x000000008b600000| Untracked 
| 183|0x000000008b700000, 0x000000008b800000, 0x000000008b800000|100%| O|  |TAMS 0x000000008b700000, 0x000000008b700000| Untracked 
| 184|0x000000008b800000, 0x000000008b900000, 0x000000008b900000|100%| O|  |TAMS 0x000000008b800000, 0x000000008b800000| Untracked 
| 185|0x000000008b900000, 0x000000008ba00000, 0x000000008ba00000|100%| O|  |TAMS 0x000000008b900000, 0x000000008b900000| Untracked 
| 186|0x000000008ba00000, 0x000000008bb00000, 0x000000008bb00000|100%| O|  |TAMS 0x000000008ba00000, 0x000000008ba00000| Untracked 
| 187|0x000000008bb00000, 0x000000008bc00000, 0x000000008bc00000|100%| O|  |TAMS 0x000000008bb00000, 0x000000008bb00000| Untracked 
| 188|0x000000008bc00000, 0x000000008bd00000, 0x000000008bd00000|100%| O|  |TAMS 0x000000008bc00000, 0x000000008bc00000| Untracked 
| 189|0x000000008bd00000, 0x000000008be00000, 0x000000008be00000|100%| O|  |TAMS 0x000000008bd00000, 0x000000008bd00000| Untracked 
| 190|0x000000008be00000, 0x000000008bf00000, 0x000000008bf00000|100%| O|  |TAMS 0x000000008be00000, 0x000000008be00000| Untracked 
| 191|0x000000008bf00000, 0x000000008c000000, 0x000000008c000000|100%| O|  |TAMS 0x000000008bf00000, 0x000000008bf00000| Untracked 
| 192|0x000000008c000000, 0x000000008c100000, 0x000000008c100000|100%| O|  |TAMS 0x000000008c000000, 0x000000008c000000| Untracked 
| 193|0x000000008c100000, 0x000000008c200000, 0x000000008c200000|100%| O|  |TAMS 0x000000008c100000, 0x000000008c100000| Untracked 
| 194|0x000000008c200000, 0x000000008c300000, 0x000000008c300000|100%| O|  |TAMS 0x000000008c200000, 0x000000008c200000| Untracked 
| 195|0x000000008c300000, 0x000000008c400000, 0x000000008c400000|100%| O|  |TAMS 0x000000008c300000, 0x000000008c300000| Untracked 
| 196|0x000000008c400000, 0x000000008c500000, 0x000000008c500000|100%| O|  |TAMS 0x000000008c400000, 0x000000008c400000| Untracked 
| 197|0x000000008c500000, 0x000000008c600000, 0x000000008c600000|100%| O|  |TAMS 0x000000008c500000, 0x000000008c500000| Untracked 
| 198|0x000000008c600000, 0x000000008c700000, 0x000000008c700000|100%| O|  |TAMS 0x000000008c600000, 0x000000008c600000| Untracked 
| 199|0x000000008c700000, 0x000000008c800000, 0x000000008c800000|100%| O|  |TAMS 0x000000008c700000, 0x000000008c700000| Untracked 
| 200|0x000000008c800000, 0x000000008c900000, 0x000000008c900000|100%| O|  |TAMS 0x000000008c800000, 0x000000008c800000| Untracked 
| 201|0x000000008c900000, 0x000000008ca00000, 0x000000008ca00000|100%| O|  |TAMS 0x000000008c900000, 0x000000008c900000| Untracked 
| 202|0x000000008ca00000, 0x000000008cb00000, 0x000000008cb00000|100%| O|  |TAMS 0x000000008ca00000, 0x000000008ca00000| Untracked 
| 203|0x000000008cb00000, 0x000000008cc00000, 0x000000008cc00000|100%| O|  |TAMS 0x000000008cb00000, 0x000000008cb00000| Untracked 
| 204|0x000000008cc00000, 0x000000008cd00000, 0x000000008cd00000|100%| O|  |TAMS 0x000000008cc00000, 0x000000008cc00000| Untracked 
| 205|0x000000008cd00000, 0x000000008ce00000, 0x000000008ce00000|100%| O|  |TAMS 0x000000008cd00000, 0x000000008cd00000| Untracked 
| 206|0x000000008ce00000, 0x000000008cf00000, 0x000000008cf00000|100%| O|  |TAMS 0x000000008ce00000, 0x000000008ce00000| Untracked 
| 207|0x000000008cf00000, 0x000000008d000000, 0x000000008d000000|100%| O|  |TAMS 0x000000008cf00000, 0x000000008cf00000| Untracked 
| 208|0x000000008d000000, 0x000000008d100000, 0x000000008d100000|100%| O|  |TAMS 0x000000008d000000, 0x000000008d000000| Untracked 
| 209|0x000000008d100000, 0x000000008d200000, 0x000000008d200000|100%| O|  |TAMS 0x000000008d100000, 0x000000008d100000| Untracked 
| 210|0x000000008d200000, 0x000000008d300000, 0x000000008d300000|100%| O|  |TAMS 0x000000008d200000, 0x000000008d200000| Untracked 
| 211|0x000000008d300000, 0x000000008d400000, 0x000000008d400000|100%| O|  |TAMS 0x000000008d300000, 0x000000008d300000| Untracked 
| 212|0x000000008d400000, 0x000000008d500000, 0x000000008d500000|100%| O|  |TAMS 0x000000008d400000, 0x000000008d400000| Untracked 
| 213|0x000000008d500000, 0x000000008d600000, 0x000000008d600000|100%| O|  |TAMS 0x000000008d500000, 0x000000008d500000| Untracked 
| 214|0x000000008d600000, 0x000000008d700000, 0x000000008d700000|100%| O|  |TAMS 0x000000008d600000, 0x000000008d600000| Untracked 
| 215|0x000000008d700000, 0x000000008d800000, 0x000000008d800000|100%| O|  |TAMS 0x000000008d700000, 0x000000008d700000| Untracked 
| 216|0x000000008d800000, 0x000000008d900000, 0x000000008d900000|100%| O|  |TAMS 0x000000008d800000, 0x000000008d800000| Untracked 
| 217|0x000000008d900000, 0x000000008da00000, 0x000000008da00000|100%| O|  |TAMS 0x000000008d900000, 0x000000008d900000| Untracked 
| 218|0x000000008da00000, 0x000000008db00000, 0x000000008db00000|100%| O|  |TAMS 0x000000008da00000, 0x000000008da00000| Untracked 
| 219|0x000000008db00000, 0x000000008dc00000, 0x000000008dc00000|100%| O|  |TAMS 0x000000008db00000, 0x000000008db00000| Untracked 
| 220|0x000000008dc00000, 0x000000008dd00000, 0x000000008dd00000|100%| O|  |TAMS 0x000000008dc00000, 0x000000008dc00000| Untracked 
| 221|0x000000008dd00000, 0x000000008de00000, 0x000000008de00000|100%| O|  |TAMS 0x000000008dd00000, 0x000000008dd00000| Untracked 
| 222|0x000000008de00000, 0x000000008df00000, 0x000000008df00000|100%| O|  |TAMS 0x000000008de00000, 0x000000008de00000| Untracked 
| 223|0x000000008df00000, 0x000000008e000000, 0x000000008e000000|100%| O|  |TAMS 0x000000008df00000, 0x000000008df00000| Untracked 
| 224|0x000000008e000000, 0x000000008e100000, 0x000000008e100000|100%| O|  |TAMS 0x000000008e000000, 0x000000008e000000| Untracked 
| 225|0x000000008e100000, 0x000000008e200000, 0x000000008e200000|100%| O|  |TAMS 0x000000008e100000, 0x000000008e100000| Untracked 
| 226|0x000000008e200000, 0x000000008e300000, 0x000000008e300000|100%| O|  |TAMS 0x000000008e200000, 0x000000008e200000| Untracked 
| 227|0x000000008e300000, 0x000000008e400000, 0x000000008e400000|100%| O|  |TAMS 0x000000008e300000, 0x000000008e300000| Untracked 
| 228|0x000000008e400000, 0x000000008e500000, 0x000000008e500000|100%| O|  |TAMS 0x000000008e400000, 0x000000008e400000| Untracked 
| 229|0x000000008e500000, 0x000000008e600000, 0x000000008e600000|100%| O|  |TAMS 0x000000008e500000, 0x000000008e500000| Untracked 
| 230|0x000000008e600000, 0x000000008e700000, 0x000000008e700000|100%| O|  |TAMS 0x000000008e600000, 0x000000008e600000| Untracked 
| 231|0x000000008e700000, 0x000000008e800000, 0x000000008e800000|100%| O|  |TAMS 0x000000008e700000, 0x000000008e700000| Untracked 
| 232|0x000000008e800000, 0x000000008e900000, 0x000000008e900000|100%| O|  |TAMS 0x000000008e800000, 0x000000008e800000| Untracked 
| 233|0x000000008e900000, 0x000000008ea00000, 0x000000008ea00000|100%| O|  |TAMS 0x000000008e900000, 0x000000008e900000| Untracked 
| 234|0x000000008ea00000, 0x000000008eb00000, 0x000000008eb00000|100%| O|  |TAMS 0x000000008ea00000, 0x000000008ea00000| Untracked 
| 235|0x000000008eb00000, 0x000000008ec00000, 0x000000008ec00000|100%| O|  |TAMS 0x000000008eb00000, 0x000000008eb00000| Untracked 
| 236|0x000000008ec00000, 0x000000008ed00000, 0x000000008ed00000|100%| O|  |TAMS 0x000000008ec00000, 0x000000008ec00000| Untracked 
| 237|0x000000008ed00000, 0x000000008ee00000, 0x000000008ee00000|100%| O|  |TAMS 0x000000008ed00000, 0x000000008ed00000| Untracked 
| 238|0x000000008ee00000, 0x000000008ef00000, 0x000000008ef00000|100%| O|  |TAMS 0x000000008ee00000, 0x000000008ee00000| Untracked 
| 239|0x000000008ef00000, 0x000000008f000000, 0x000000008f000000|100%| O|  |TAMS 0x000000008ef00000, 0x000000008ef00000| Untracked 
| 240|0x000000008f000000, 0x000000008f100000, 0x000000008f100000|100%| O|  |TAMS 0x000000008f000000, 0x000000008f000000| Untracked 
| 241|0x000000008f100000, 0x000000008f200000, 0x000000008f200000|100%| O|  |TAMS 0x000000008f100000, 0x000000008f100000| Untracked 
| 242|0x000000008f200000, 0x000000008f300000, 0x000000008f300000|100%| O|  |TAMS 0x000000008f200000, 0x000000008f200000| Untracked 
| 243|0x000000008f300000, 0x000000008f400000, 0x000000008f400000|100%| O|  |TAMS 0x000000008f300000, 0x000000008f300000| Untracked 
| 244|0x000000008f400000, 0x000000008f500000, 0x000000008f500000|100%| O|  |TAMS 0x000000008f400000, 0x000000008f400000| Untracked 
| 245|0x000000008f500000, 0x000000008f600000, 0x000000008f600000|100%| O|  |TAMS 0x000000008f500000, 0x000000008f500000| Untracked 
| 246|0x000000008f600000, 0x000000008f700000, 0x000000008f700000|100%| O|  |TAMS 0x000000008f600000, 0x000000008f600000| Untracked 
| 247|0x000000008f700000, 0x000000008f800000, 0x000000008f800000|100%| O|  |TAMS 0x000000008f700000, 0x000000008f700000| Untracked 
| 248|0x000000008f800000, 0x000000008f900000, 0x000000008f900000|100%| O|  |TAMS 0x000000008f800000, 0x000000008f800000| Untracked 
| 249|0x000000008f900000, 0x000000008fa00000, 0x000000008fa00000|100%| O|  |TAMS 0x000000008f900000, 0x000000008f900000| Untracked 
| 250|0x000000008fa00000, 0x000000008fb00000, 0x000000008fb00000|100%| O|  |TAMS 0x000000008fa00000, 0x000000008fa00000| Untracked 
| 251|0x000000008fb00000, 0x000000008fc00000, 0x000000008fc00000|100%| O|  |TAMS 0x000000008fb00000, 0x000000008fb00000| Untracked 
| 252|0x000000008fc00000, 0x000000008fd00000, 0x000000008fd00000|100%| O|  |TAMS 0x000000008fc00000, 0x000000008fc00000| Untracked 
| 253|0x000000008fd00000, 0x000000008fe00000, 0x000000008fe00000|100%| O|  |TAMS 0x000000008fd00000, 0x000000008fd00000| Untracked 
| 254|0x000000008fe00000, 0x000000008ff00000, 0x000000008ff00000|100%| O|  |TAMS 0x000000008fe00000, 0x000000008fe00000| Untracked 
| 255|0x000000008ff00000, 0x0000000090000000, 0x0000000090000000|100%| O|  |TAMS 0x000000008ff00000, 0x000000008ff00000| Untracked 
| 256|0x0000000090000000, 0x0000000090100000, 0x0000000090100000|100%| O|  |TAMS 0x0000000090000000, 0x0000000090000000| Untracked 
| 257|0x0000000090100000, 0x0000000090200000, 0x0000000090200000|100%| O|  |TAMS 0x0000000090100000, 0x0000000090100000| Untracked 
| 258|0x0000000090200000, 0x0000000090300000, 0x0000000090300000|100%| O|  |TAMS 0x0000000090200000, 0x0000000090200000| Untracked 
| 259|0x0000000090300000, 0x0000000090400000, 0x0000000090400000|100%| O|  |TAMS 0x0000000090300000, 0x0000000090300000| Untracked 
| 260|0x0000000090400000, 0x0000000090500000, 0x0000000090500000|100%| O|  |TAMS 0x0000000090400000, 0x0000000090400000| Untracked 
| 261|0x0000000090500000, 0x0000000090600000, 0x0000000090600000|100%| O|  |TAMS 0x0000000090500000, 0x0000000090500000| Untracked 
| 262|0x0000000090600000, 0x0000000090700000, 0x0000000090700000|100%| O|  |TAMS 0x0000000090600000, 0x0000000090600000| Untracked 
| 263|0x0000000090700000, 0x0000000090800000, 0x0000000090800000|100%| O|  |TAMS 0x0000000090700000, 0x0000000090700000| Untracked 
| 264|0x0000000090800000, 0x0000000090900000, 0x0000000090900000|100%| O|  |TAMS 0x0000000090800000, 0x0000000090800000| Untracked 
| 265|0x0000000090900000, 0x0000000090a00000, 0x0000000090a00000|100%| O|  |TAMS 0x0000000090900000, 0x0000000090900000| Untracked 
| 266|0x0000000090a00000, 0x0000000090b00000, 0x0000000090b00000|100%| O|  |TAMS 0x0000000090a00000, 0x0000000090a00000| Untracked 
| 267|0x0000000090b00000, 0x0000000090c00000, 0x0000000090c00000|100%| O|  |TAMS 0x0000000090b00000, 0x0000000090b00000| Untracked 
| 268|0x0000000090c00000, 0x0000000090d00000, 0x0000000090d00000|100%| O|  |TAMS 0x0000000090c00000, 0x0000000090c00000| Untracked 
| 269|0x0000000090d00000, 0x0000000090e00000, 0x0000000090e00000|100%| O|  |TAMS 0x0000000090d00000, 0x0000000090d00000| Untracked 
| 270|0x0000000090e00000, 0x0000000090f00000, 0x0000000090f00000|100%| O|  |TAMS 0x0000000090e00000, 0x0000000090e00000| Untracked 
| 271|0x0000000090f00000, 0x0000000091000000, 0x0000000091000000|100%| O|  |TAMS 0x0000000090f00000, 0x0000000090f00000| Untracked 
| 272|0x0000000091000000, 0x0000000091100000, 0x0000000091100000|100%| O|  |TAMS 0x0000000091000000, 0x0000000091000000| Untracked 
| 273|0x0000000091100000, 0x0000000091200000, 0x0000000091200000|100%| O|  |TAMS 0x0000000091100000, 0x0000000091100000| Untracked 
| 274|0x0000000091200000, 0x0000000091300000, 0x0000000091300000|100%| O|  |TAMS 0x0000000091200000, 0x0000000091200000| Untracked 
| 275|0x0000000091300000, 0x0000000091400000, 0x0000000091400000|100%| O|  |TAMS 0x0000000091300000, 0x0000000091300000| Untracked 
| 276|0x0000000091400000, 0x0000000091500000, 0x0000000091500000|100%| O|  |TAMS 0x0000000091400000, 0x0000000091400000| Untracked 
| 277|0x0000000091500000, 0x0000000091600000, 0x0000000091600000|100%| O|  |TAMS 0x0000000091500000, 0x0000000091500000| Untracked 
| 278|0x0000000091600000, 0x0000000091700000, 0x0000000091700000|100%| O|  |TAMS 0x0000000091600000, 0x0000000091600000| Untracked 
| 279|0x0000000091700000, 0x0000000091800000, 0x0000000091800000|100%| O|  |TAMS 0x0000000091700000, 0x0000000091700000| Untracked 
| 280|0x0000000091800000, 0x0000000091900000, 0x0000000091900000|100%| O|  |TAMS 0x0000000091800000, 0x0000000091800000| Untracked 
| 281|0x0000000091900000, 0x0000000091a00000, 0x0000000091a00000|100%| O|  |TAMS 0x0000000091900000, 0x0000000091900000| Untracked 
| 282|0x0000000091a00000, 0x0000000091b00000, 0x0000000091b00000|100%| O|  |TAMS 0x0000000091a00000, 0x0000000091a00000| Untracked 
| 283|0x0000000091b00000, 0x0000000091c00000, 0x0000000091c00000|100%| O|  |TAMS 0x0000000091b00000, 0x0000000091b00000| Untracked 
| 284|0x0000000091c00000, 0x0000000091d00000, 0x0000000091d00000|100%| O|  |TAMS 0x0000000091c00000, 0x0000000091c00000| Untracked 
| 285|0x0000000091d00000, 0x0000000091e00000, 0x0000000091e00000|100%| O|  |TAMS 0x0000000091d00000, 0x0000000091d00000| Untracked 
| 286|0x0000000091e00000, 0x0000000091f00000, 0x0000000091f00000|100%| O|  |TAMS 0x0000000091e00000, 0x0000000091e00000| Untracked 
| 287|0x0000000091f00000, 0x0000000092000000, 0x0000000092000000|100%| O|  |TAMS 0x0000000091f00000, 0x0000000091f00000| Untracked 
| 288|0x0000000092000000, 0x0000000092100000, 0x0000000092100000|100%| O|  |TAMS 0x0000000092000000, 0x0000000092000000| Untracked 
| 289|0x0000000092100000, 0x0000000092200000, 0x0000000092200000|100%| O|  |TAMS 0x0000000092100000, 0x0000000092100000| Untracked 
| 290|0x0000000092200000, 0x0000000092300000, 0x0000000092300000|100%| O|  |TAMS 0x0000000092200000, 0x0000000092200000| Untracked 
| 291|0x0000000092300000, 0x0000000092400000, 0x0000000092400000|100%| O|  |TAMS 0x0000000092300000, 0x0000000092300000| Untracked 
| 292|0x0000000092400000, 0x0000000092500000, 0x0000000092500000|100%| O|  |TAMS 0x0000000092400000, 0x0000000092400000| Untracked 
| 293|0x0000000092500000, 0x0000000092600000, 0x0000000092600000|100%| O|  |TAMS 0x0000000092500000, 0x0000000092500000| Untracked 
| 294|0x0000000092600000, 0x0000000092700000, 0x0000000092700000|100%| O|  |TAMS 0x0000000092600000, 0x0000000092600000| Untracked 
| 295|0x0000000092700000, 0x0000000092800000, 0x0000000092800000|100%| O|  |TAMS 0x0000000092700000, 0x0000000092700000| Untracked 
| 296|0x0000000092800000, 0x0000000092900000, 0x0000000092900000|100%| O|  |TAMS 0x0000000092800000, 0x0000000092800000| Untracked 
| 297|0x0000000092900000, 0x0000000092a00000, 0x0000000092a00000|100%| O|  |TAMS 0x0000000092900000, 0x0000000092900000| Untracked 
| 298|0x0000000092a00000, 0x0000000092b00000, 0x0000000092b00000|100%| O|  |TAMS 0x0000000092a00000, 0x0000000092a00000| Untracked 
| 299|0x0000000092b00000, 0x0000000092c00000, 0x0000000092c00000|100%| O|  |TAMS 0x0000000092b00000, 0x0000000092b00000| Untracked 
| 300|0x0000000092c00000, 0x0000000092d00000, 0x0000000092d00000|100%| O|  |TAMS 0x0000000092c00000, 0x0000000092c00000| Untracked 
| 301|0x0000000092d00000, 0x0000000092e00000, 0x0000000092e00000|100%| O|  |TAMS 0x0000000092d00000, 0x0000000092d00000| Untracked 
| 302|0x0000000092e00000, 0x0000000092f00000, 0x0000000092f00000|100%| O|  |TAMS 0x0000000092e00000, 0x0000000092e00000| Untracked 
| 303|0x0000000092f00000, 0x0000000093000000, 0x0000000093000000|100%| O|  |TAMS 0x0000000092f00000, 0x0000000092f00000| Untracked 
| 304|0x0000000093000000, 0x0000000093100000, 0x0000000093100000|100%| O|  |TAMS 0x0000000093000000, 0x0000000093000000| Untracked 
| 305|0x0000000093100000, 0x0000000093200000, 0x0000000093200000|100%| O|  |TAMS 0x0000000093100000, 0x0000000093100000| Untracked 
| 306|0x0000000093200000, 0x0000000093300000, 0x0000000093300000|100%| O|  |TAMS 0x0000000093200000, 0x0000000093200000| Untracked 
| 307|0x0000000093300000, 0x0000000093400000, 0x0000000093400000|100%| O|  |TAMS 0x0000000093300000, 0x0000000093300000| Untracked 
| 308|0x0000000093400000, 0x0000000093500000, 0x0000000093500000|100%| O|  |TAMS 0x0000000093400000, 0x0000000093400000| Untracked 
| 309|0x0000000093500000, 0x0000000093600000, 0x0000000093600000|100%| O|  |TAMS 0x0000000093500000, 0x0000000093500000| Untracked 
| 310|0x0000000093600000, 0x0000000093700000, 0x0000000093700000|100%| O|  |TAMS 0x0000000093600000, 0x0000000093600000| Untracked 
| 311|0x0000000093700000, 0x0000000093800000, 0x0000000093800000|100%| O|  |TAMS 0x0000000093700000, 0x0000000093700000| Untracked 
| 312|0x0000000093800000, 0x0000000093900000, 0x0000000093900000|100%| O|  |TAMS 0x0000000093800000, 0x0000000093800000| Untracked 
| 313|0x0000000093900000, 0x0000000093a00000, 0x0000000093a00000|100%| O|  |TAMS 0x0000000093900000, 0x0000000093900000| Untracked 
| 314|0x0000000093a00000, 0x0000000093b00000, 0x0000000093b00000|100%| O|  |TAMS 0x0000000093a00000, 0x0000000093a00000| Untracked 
| 315|0x0000000093b00000, 0x0000000093c00000, 0x0000000093c00000|100%| O|  |TAMS 0x0000000093b00000, 0x0000000093b00000| Untracked 
| 316|0x0000000093c00000, 0x0000000093d00000, 0x0000000093d00000|100%| O|  |TAMS 0x0000000093c00000, 0x0000000093c00000| Untracked 
| 317|0x0000000093d00000, 0x0000000093e00000, 0x0000000093e00000|100%| O|  |TAMS 0x0000000093d00000, 0x0000000093d00000| Untracked 
| 318|0x0000000093e00000, 0x0000000093f00000, 0x0000000093f00000|100%| O|  |TAMS 0x0000000093e00000, 0x0000000093e00000| Untracked 
| 319|0x0000000093f00000, 0x0000000094000000, 0x0000000094000000|100%| O|  |TAMS 0x0000000093f00000, 0x0000000093f00000| Untracked 
| 320|0x0000000094000000, 0x0000000094100000, 0x0000000094100000|100%| O|  |TAMS 0x0000000094000000, 0x0000000094000000| Untracked 
| 321|0x0000000094100000, 0x0000000094200000, 0x0000000094200000|100%| O|  |TAMS 0x0000000094100000, 0x0000000094100000| Untracked 
| 322|0x0000000094200000, 0x0000000094300000, 0x0000000094300000|100%| O|  |TAMS 0x0000000094200000, 0x0000000094200000| Untracked 
| 323|0x0000000094300000, 0x0000000094400000, 0x0000000094400000|100%| O|  |TAMS 0x0000000094300000, 0x0000000094300000| Untracked 
| 324|0x0000000094400000, 0x0000000094500000, 0x0000000094500000|100%| O|  |TAMS 0x0000000094400000, 0x0000000094400000| Untracked 
| 325|0x0000000094500000, 0x0000000094600000, 0x0000000094600000|100%| O|  |TAMS 0x0000000094500000, 0x0000000094500000| Untracked 
| 326|0x0000000094600000, 0x0000000094700000, 0x0000000094700000|100%| O|  |TAMS 0x0000000094600000, 0x0000000094600000| Untracked 
| 327|0x0000000094700000, 0x0000000094800000, 0x0000000094800000|100%| O|  |TAMS 0x0000000094700000, 0x0000000094700000| Untracked 
| 328|0x0000000094800000, 0x0000000094900000, 0x0000000094900000|100%| O|  |TAMS 0x0000000094800000, 0x0000000094800000| Untracked 
| 329|0x0000000094900000, 0x0000000094a00000, 0x0000000094a00000|100%| O|  |TAMS 0x0000000094900000, 0x0000000094900000| Untracked 
| 330|0x0000000094a00000, 0x0000000094b00000, 0x0000000094b00000|100%| O|  |TAMS 0x0000000094a00000, 0x0000000094a00000| Untracked 
| 331|0x0000000094b00000, 0x0000000094c00000, 0x0000000094c00000|100%| O|  |TAMS 0x0000000094b00000, 0x0000000094b00000| Untracked 
| 332|0x0000000094c00000, 0x0000000094d00000, 0x0000000094d00000|100%| O|  |TAMS 0x0000000094c00000, 0x0000000094c00000| Untracked 
| 333|0x0000000094d00000, 0x0000000094e00000, 0x0000000094e00000|100%| O|  |TAMS 0x0000000094d00000, 0x0000000094d00000| Untracked 
| 334|0x0000000094e00000, 0x0000000094f00000, 0x0000000094f00000|100%| O|  |TAMS 0x0000000094e00000, 0x0000000094e00000| Untracked 
| 335|0x0000000094f00000, 0x0000000095000000, 0x0000000095000000|100%| O|  |TAMS 0x0000000094f00000, 0x0000000094f00000| Untracked 
| 336|0x0000000095000000, 0x0000000095100000, 0x0000000095100000|100%| O|  |TAMS 0x0000000095000000, 0x0000000095000000| Untracked 
| 337|0x0000000095100000, 0x0000000095200000, 0x0000000095200000|100%| O|  |TAMS 0x0000000095100000, 0x0000000095100000| Untracked 
| 338|0x0000000095200000, 0x0000000095300000, 0x0000000095300000|100%| O|  |TAMS 0x0000000095200000, 0x0000000095200000| Untracked 
| 339|0x0000000095300000, 0x0000000095400000, 0x0000000095400000|100%| O|  |TAMS 0x0000000095300000, 0x0000000095300000| Untracked 
| 340|0x0000000095400000, 0x0000000095500000, 0x0000000095500000|100%| O|  |TAMS 0x0000000095400000, 0x0000000095400000| Untracked 
| 341|0x0000000095500000, 0x0000000095600000, 0x0000000095600000|100%| O|  |TAMS 0x0000000095500000, 0x0000000095500000| Untracked 
| 342|0x0000000095600000, 0x0000000095700000, 0x0000000095700000|100%| O|  |TAMS 0x0000000095600000, 0x0000000095600000| Untracked 
| 343|0x0000000095700000, 0x0000000095800000, 0x0000000095800000|100%| O|  |TAMS 0x0000000095700000, 0x0000000095700000| Untracked 
| 344|0x0000000095800000, 0x0000000095900000, 0x0000000095900000|100%| O|  |TAMS 0x0000000095800000, 0x0000000095800000| Untracked 
| 345|0x0000000095900000, 0x0000000095a00000, 0x0000000095a00000|100%| O|  |TAMS 0x0000000095900000, 0x0000000095900000| Untracked 
| 346|0x0000000095a00000, 0x0000000095b00000, 0x0000000095b00000|100%| O|  |TAMS 0x0000000095a00000, 0x0000000095a00000| Untracked 
| 347|0x0000000095b00000, 0x0000000095c00000, 0x0000000095c00000|100%| O|  |TAMS 0x0000000095b00000, 0x0000000095b00000| Untracked 
| 348|0x0000000095c00000, 0x0000000095d00000, 0x0000000095d00000|100%| O|  |TAMS 0x0000000095c00000, 0x0000000095c00000| Untracked 
| 349|0x0000000095d00000, 0x0000000095e00000, 0x0000000095e00000|100%| O|  |TAMS 0x0000000095d00000, 0x0000000095d00000| Untracked 
| 350|0x0000000095e00000, 0x0000000095f00000, 0x0000000095f00000|100%| O|  |TAMS 0x0000000095e00000, 0x0000000095e00000| Untracked 
| 351|0x0000000095f00000, 0x0000000096000000, 0x0000000096000000|100%| O|  |TAMS 0x0000000095f00000, 0x0000000095f00000| Untracked 
| 352|0x0000000096000000, 0x0000000096100000, 0x0000000096100000|100%| O|  |TAMS 0x0000000096000000, 0x0000000096000000| Untracked 
| 353|0x0000000096100000, 0x0000000096200000, 0x0000000096200000|100%| O|  |TAMS 0x0000000096100000, 0x0000000096100000| Untracked 
| 354|0x0000000096200000, 0x0000000096300000, 0x0000000096300000|100%| O|  |TAMS 0x0000000096200000, 0x0000000096200000| Untracked 
| 355|0x0000000096300000, 0x0000000096400000, 0x0000000096400000|100%| O|  |TAMS 0x0000000096300000, 0x0000000096300000| Untracked 
| 356|0x0000000096400000, 0x0000000096500000, 0x0000000096500000|100%| O|  |TAMS 0x0000000096400000, 0x0000000096400000| Untracked 
| 357|0x0000000096500000, 0x0000000096500000, 0x0000000096600000|  0%| F|  |TAMS 0x0000000096500000, 0x0000000096500000| Untracked 
| 358|0x0000000096600000, 0x0000000096600000, 0x0000000096700000|  0%| F|  |TAMS 0x0000000096600000, 0x0000000096600000| Untracked 
| 359|0x0000000096700000, 0x0000000096700000, 0x0000000096800000|  0%| F|  |TAMS 0x0000000096700000, 0x0000000096700000| Untracked 
| 360|0x0000000096800000, 0x0000000096800000, 0x0000000096900000|  0%| F|  |TAMS 0x0000000096800000, 0x0000000096800000| Untracked 
| 361|0x0000000096900000, 0x0000000096900000, 0x0000000096a00000|  0%| F|  |TAMS 0x0000000096900000, 0x0000000096900000| Untracked 
| 362|0x0000000096a00000, 0x0000000096a00000, 0x0000000096b00000|  0%| F|  |TAMS 0x0000000096a00000, 0x0000000096a00000| Untracked 
| 363|0x0000000096b00000, 0x0000000096b00000, 0x0000000096c00000|  0%| F|  |TAMS 0x0000000096b00000, 0x0000000096b00000| Untracked 
| 364|0x0000000096c00000, 0x0000000096c00000, 0x0000000096d00000|  0%| F|  |TAMS 0x0000000096c00000, 0x0000000096c00000| Untracked 
| 365|0x0000000096d00000, 0x0000000096d00000, 0x0000000096e00000|  0%| F|  |TAMS 0x0000000096d00000, 0x0000000096d00000| Untracked 
| 366|0x0000000096e00000, 0x0000000096e00000, 0x0000000096f00000|  0%| F|  |TAMS 0x0000000096e00000, 0x0000000096e00000| Untracked 
| 367|0x0000000096f00000, 0x0000000096f00000, 0x0000000097000000|  0%| F|  |TAMS 0x0000000096f00000, 0x0000000096f00000| Untracked 
| 368|0x0000000097000000, 0x0000000097000000, 0x0000000097100000|  0%| F|  |TAMS 0x0000000097000000, 0x0000000097000000| Untracked 
| 369|0x0000000097100000, 0x0000000097100000, 0x0000000097200000|  0%| F|  |TAMS 0x0000000097100000, 0x0000000097100000| Untracked 
| 370|0x0000000097200000, 0x0000000097200000, 0x0000000097300000|  0%| F|  |TAMS 0x0000000097200000, 0x0000000097200000| Untracked 
| 371|0x0000000097300000, 0x0000000097300000, 0x0000000097400000|  0%| F|  |TAMS 0x0000000097300000, 0x0000000097300000| Untracked 
| 372|0x0000000097400000, 0x0000000097400000, 0x0000000097500000|  0%| F|  |TAMS 0x0000000097400000, 0x0000000097400000| Untracked 
| 373|0x0000000097500000, 0x0000000097500000, 0x0000000097600000|  0%| F|  |TAMS 0x0000000097500000, 0x0000000097500000| Untracked 
| 374|0x0000000097600000, 0x0000000097600000, 0x0000000097700000|  0%| F|  |TAMS 0x0000000097600000, 0x0000000097600000| Untracked 
| 375|0x0000000097700000, 0x0000000097700000, 0x0000000097800000|  0%| F|  |TAMS 0x0000000097700000, 0x0000000097700000| Untracked 
| 376|0x0000000097800000, 0x0000000097800000, 0x0000000097900000|  0%| F|  |TAMS 0x0000000097800000, 0x0000000097800000| Untracked 
| 377|0x0000000097900000, 0x0000000097900000, 0x0000000097a00000|  0%| F|  |TAMS 0x0000000097900000, 0x0000000097900000| Untracked 
| 378|0x0000000097a00000, 0x0000000097a00000, 0x0000000097b00000|  0%| F|  |TAMS 0x0000000097a00000, 0x0000000097a00000| Untracked 
| 379|0x0000000097b00000, 0x0000000097b00000, 0x0000000097c00000|  0%| F|  |TAMS 0x0000000097b00000, 0x0000000097b00000| Untracked 
| 380|0x0000000097c00000, 0x0000000097c00000, 0x0000000097d00000|  0%| F|  |TAMS 0x0000000097c00000, 0x0000000097c00000| Untracked 
| 381|0x0000000097d00000, 0x0000000097d00000, 0x0000000097e00000|  0%| F|  |TAMS 0x0000000097d00000, 0x0000000097d00000| Untracked 
| 382|0x0000000097e00000, 0x0000000097e00000, 0x0000000097f00000|  0%| F|  |TAMS 0x0000000097e00000, 0x0000000097e00000| Untracked 
| 383|0x0000000097f00000, 0x0000000097f00000, 0x0000000098000000|  0%| F|  |TAMS 0x0000000097f00000, 0x0000000097f00000| Untracked 
| 384|0x0000000098000000, 0x0000000098000000, 0x0000000098100000|  0%| F|  |TAMS 0x0000000098000000, 0x0000000098000000| Untracked 
| 385|0x0000000098100000, 0x0000000098100000, 0x0000000098200000|  0%| F|  |TAMS 0x0000000098100000, 0x0000000098100000| Untracked 
| 386|0x0000000098200000, 0x0000000098200000, 0x0000000098300000|  0%| F|  |TAMS 0x0000000098200000, 0x0000000098200000| Untracked 
| 387|0x0000000098300000, 0x0000000098300000, 0x0000000098400000|  0%| F|  |TAMS 0x0000000098300000, 0x0000000098300000| Untracked 
| 388|0x0000000098400000, 0x0000000098400000, 0x0000000098500000|  0%| F|  |TAMS 0x0000000098400000, 0x0000000098400000| Untracked 
| 389|0x0000000098500000, 0x0000000098500000, 0x0000000098600000|  0%| F|  |TAMS 0x0000000098500000, 0x0000000098500000| Untracked 
| 390|0x0000000098600000, 0x0000000098600000, 0x0000000098700000|  0%| F|  |TAMS 0x0000000098600000, 0x0000000098600000| Untracked 
| 391|0x0000000098700000, 0x0000000098700000, 0x0000000098800000|  0%| F|  |TAMS 0x0000000098700000, 0x0000000098700000| Untracked 
| 392|0x0000000098800000, 0x0000000098800000, 0x0000000098900000|  0%| F|  |TAMS 0x0000000098800000, 0x0000000098800000| Untracked 
| 393|0x0000000098900000, 0x0000000098900000, 0x0000000098a00000|  0%| F|  |TAMS 0x0000000098900000, 0x0000000098900000| Untracked 
| 394|0x0000000098a00000, 0x0000000098a00000, 0x0000000098b00000|  0%| F|  |TAMS 0x0000000098a00000, 0x0000000098a00000| Untracked 
| 395|0x0000000098b00000, 0x0000000098b00000, 0x0000000098c00000|  0%| F|  |TAMS 0x0000000098b00000, 0x0000000098b00000| Untracked 
| 396|0x0000000098c00000, 0x0000000098c00000, 0x0000000098d00000|  0%| F|  |TAMS 0x0000000098c00000, 0x0000000098c00000| Untracked 
| 397|0x0000000098d00000, 0x0000000098d00000, 0x0000000098e00000|  0%| F|  |TAMS 0x0000000098d00000, 0x0000000098d00000| Untracked 
| 398|0x0000000098e00000, 0x0000000098e00000, 0x0000000098f00000|  0%| F|  |TAMS 0x0000000098e00000, 0x0000000098e00000| Untracked 
| 399|0x0000000098f00000, 0x0000000098f00000, 0x0000000099000000|  0%| F|  |TAMS 0x0000000098f00000, 0x0000000098f00000| Untracked 
| 400|0x0000000099000000, 0x0000000099000000, 0x0000000099100000|  0%| F|  |TAMS 0x0000000099000000, 0x0000000099000000| Untracked 
| 401|0x0000000099100000, 0x0000000099100000, 0x0000000099200000|  0%| F|  |TAMS 0x0000000099100000, 0x0000000099100000| Untracked 
| 402|0x0000000099200000, 0x0000000099200000, 0x0000000099300000|  0%| F|  |TAMS 0x0000000099200000, 0x0000000099200000| Untracked 
| 403|0x0000000099300000, 0x0000000099300000, 0x0000000099400000|  0%| F|  |TAMS 0x0000000099300000, 0x0000000099300000| Untracked 
| 404|0x0000000099400000, 0x0000000099400000, 0x0000000099500000|  0%| F|  |TAMS 0x0000000099400000, 0x0000000099400000| Untracked 
| 405|0x0000000099500000, 0x0000000099500000, 0x0000000099600000|  0%| F|  |TAMS 0x0000000099500000, 0x0000000099500000| Untracked 
| 406|0x0000000099600000, 0x0000000099600000, 0x0000000099700000|  0%| F|  |TAMS 0x0000000099600000, 0x0000000099600000| Untracked 
| 407|0x0000000099700000, 0x0000000099700000, 0x0000000099800000|  0%| F|  |TAMS 0x0000000099700000, 0x0000000099700000| Untracked 
| 408|0x0000000099800000, 0x0000000099800000, 0x0000000099900000|  0%| F|  |TAMS 0x0000000099800000, 0x0000000099800000| Untracked 
| 409|0x0000000099900000, 0x0000000099900000, 0x0000000099a00000|  0%| F|  |TAMS 0x0000000099900000, 0x0000000099900000| Untracked 
| 410|0x0000000099a00000, 0x0000000099a00000, 0x0000000099b00000|  0%| F|  |TAMS 0x0000000099a00000, 0x0000000099a00000| Untracked 
| 411|0x0000000099b00000, 0x0000000099b00000, 0x0000000099c00000|  0%| F|  |TAMS 0x0000000099b00000, 0x0000000099b00000| Untracked 
| 412|0x0000000099c00000, 0x0000000099c00000, 0x0000000099d00000|  0%| F|  |TAMS 0x0000000099c00000, 0x0000000099c00000| Untracked 
| 413|0x0000000099d00000, 0x0000000099d00000, 0x0000000099e00000|  0%| F|  |TAMS 0x0000000099d00000, 0x0000000099d00000| Untracked 
| 414|0x0000000099e00000, 0x0000000099e00000, 0x0000000099f00000|  0%| F|  |TAMS 0x0000000099e00000, 0x0000000099e00000| Untracked 
| 415|0x0000000099f00000, 0x0000000099f00000, 0x000000009a000000|  0%| F|  |TAMS 0x0000000099f00000, 0x0000000099f00000| Untracked 
| 416|0x000000009a000000, 0x000000009a000000, 0x000000009a100000|  0%| F|  |TAMS 0x000000009a000000, 0x000000009a000000| Untracked 
| 417|0x000000009a100000, 0x000000009a100000, 0x000000009a200000|  0%| F|  |TAMS 0x000000009a100000, 0x000000009a100000| Untracked 
| 418|0x000000009a200000, 0x000000009a200000, 0x000000009a300000|  0%| F|  |TAMS 0x000000009a200000, 0x000000009a200000| Untracked 
| 419|0x000000009a300000, 0x000000009a300000, 0x000000009a400000|  0%| F|  |TAMS 0x000000009a300000, 0x000000009a300000| Untracked 
| 420|0x000000009a400000, 0x000000009a400000, 0x000000009a500000|  0%| F|  |TAMS 0x000000009a400000, 0x000000009a400000| Untracked 
| 421|0x000000009a500000, 0x000000009a500000, 0x000000009a600000|  0%| F|  |TAMS 0x000000009a500000, 0x000000009a500000| Untracked 
| 422|0x000000009a600000, 0x000000009a600000, 0x000000009a700000|  0%| F|  |TAMS 0x000000009a600000, 0x000000009a600000| Untracked 
| 423|0x000000009a700000, 0x000000009a700000, 0x000000009a800000|  0%| F|  |TAMS 0x000000009a700000, 0x000000009a700000| Untracked 
| 424|0x000000009a800000, 0x000000009a800000, 0x000000009a900000|  0%| F|  |TAMS 0x000000009a800000, 0x000000009a800000| Untracked 
| 425|0x000000009a900000, 0x000000009a900000, 0x000000009aa00000|  0%| F|  |TAMS 0x000000009a900000, 0x000000009a900000| Untracked 
| 426|0x000000009aa00000, 0x000000009aa00000, 0x000000009ab00000|  0%| F|  |TAMS 0x000000009aa00000, 0x000000009aa00000| Untracked 
| 427|0x000000009ab00000, 0x000000009ab00000, 0x000000009ac00000|  0%| F|  |TAMS 0x000000009ab00000, 0x000000009ab00000| Untracked 
| 428|0x000000009ac00000, 0x000000009ac00000, 0x000000009ad00000|  0%| F|  |TAMS 0x000000009ac00000, 0x000000009ac00000| Untracked 
| 429|0x000000009ad00000, 0x000000009ad00000, 0x000000009ae00000|  0%| F|  |TAMS 0x000000009ad00000, 0x000000009ad00000| Untracked 
| 430|0x000000009ae00000, 0x000000009ae00000, 0x000000009af00000|  0%| F|  |TAMS 0x000000009ae00000, 0x000000009ae00000| Untracked 
| 431|0x000000009af00000, 0x000000009af00000, 0x000000009b000000|  0%| F|  |TAMS 0x000000009af00000, 0x000000009af00000| Untracked 
| 432|0x000000009b000000, 0x000000009b000000, 0x000000009b100000|  0%| F|  |TAMS 0x000000009b000000, 0x000000009b000000| Untracked 
| 433|0x000000009b100000, 0x000000009b100000, 0x000000009b200000|  0%| F|  |TAMS 0x000000009b100000, 0x000000009b100000| Untracked 
| 434|0x000000009b200000, 0x000000009b200000, 0x000000009b300000|  0%| F|  |TAMS 0x000000009b200000, 0x000000009b200000| Untracked 
| 435|0x000000009b300000, 0x000000009b300000, 0x000000009b400000|  0%| F|  |TAMS 0x000000009b300000, 0x000000009b300000| Untracked 
| 436|0x000000009b400000, 0x000000009b400000, 0x000000009b500000|  0%| F|  |TAMS 0x000000009b400000, 0x000000009b400000| Untracked 
| 437|0x000000009b500000, 0x000000009b500000, 0x000000009b600000|  0%| F|  |TAMS 0x000000009b500000, 0x000000009b500000| Untracked 
| 438|0x000000009b600000, 0x000000009b600000, 0x000000009b700000|  0%| F|  |TAMS 0x000000009b600000, 0x000000009b600000| Untracked 
| 439|0x000000009b700000, 0x000000009b700000, 0x000000009b800000|  0%| F|  |TAMS 0x000000009b700000, 0x000000009b700000| Untracked 
| 440|0x000000009b800000, 0x000000009b800000, 0x000000009b900000|  0%| F|  |TAMS 0x000000009b800000, 0x000000009b800000| Untracked 
| 441|0x000000009b900000, 0x000000009b900000, 0x000000009ba00000|  0%| F|  |TAMS 0x000000009b900000, 0x000000009b900000| Untracked 
| 442|0x000000009ba00000, 0x000000009ba00000, 0x000000009bb00000|  0%| F|  |TAMS 0x000000009ba00000, 0x000000009ba00000| Untracked 
| 443|0x000000009bb00000, 0x000000009bb00000, 0x000000009bc00000|  0%| F|  |TAMS 0x000000009bb00000, 0x000000009bb00000| Untracked 
| 444|0x000000009bc00000, 0x000000009bc00000, 0x000000009bd00000|  0%| F|  |TAMS 0x000000009bc00000, 0x000000009bc00000| Untracked 
| 445|0x000000009bd00000, 0x000000009bd00000, 0x000000009be00000|  0%| F|  |TAMS 0x000000009bd00000, 0x000000009bd00000| Untracked 
| 446|0x000000009be00000, 0x000000009be00000, 0x000000009bf00000|  0%| F|  |TAMS 0x000000009be00000, 0x000000009be00000| Untracked 
| 447|0x000000009bf00000, 0x000000009bf00000, 0x000000009c000000|  0%| F|  |TAMS 0x000000009bf00000, 0x000000009bf00000| Untracked 
| 448|0x000000009c000000, 0x000000009c000000, 0x000000009c100000|  0%| F|  |TAMS 0x000000009c000000, 0x000000009c000000| Untracked 
| 449|0x000000009c100000, 0x000000009c100000, 0x000000009c200000|  0%| F|  |TAMS 0x000000009c100000, 0x000000009c100000| Untracked 
| 450|0x000000009c200000, 0x000000009c200000, 0x000000009c300000|  0%| F|  |TAMS 0x000000009c200000, 0x000000009c200000| Untracked 
| 451|0x000000009c300000, 0x000000009c300000, 0x000000009c400000|  0%| F|  |TAMS 0x000000009c300000, 0x000000009c300000| Untracked 
| 452|0x000000009c400000, 0x000000009c400000, 0x000000009c500000|  0%| F|  |TAMS 0x000000009c400000, 0x000000009c400000| Untracked 
| 453|0x000000009c500000, 0x000000009c500000, 0x000000009c600000|  0%| F|  |TAMS 0x000000009c500000, 0x000000009c500000| Untracked 
| 454|0x000000009c600000, 0x000000009c600000, 0x000000009c700000|  0%| F|  |TAMS 0x000000009c600000, 0x000000009c600000| Untracked 
| 455|0x000000009c700000, 0x000000009c700000, 0x000000009c800000|  0%| F|  |TAMS 0x000000009c700000, 0x000000009c700000| Untracked 
| 456|0x000000009c800000, 0x000000009c800000, 0x000000009c900000|  0%| F|  |TAMS 0x000000009c800000, 0x000000009c800000| Untracked 
| 457|0x000000009c900000, 0x000000009c900000, 0x000000009ca00000|  0%| F|  |TAMS 0x000000009c900000, 0x000000009c900000| Untracked 
| 458|0x000000009ca00000, 0x000000009ca00000, 0x000000009cb00000|  0%| F|  |TAMS 0x000000009ca00000, 0x000000009ca00000| Untracked 
| 459|0x000000009cb00000, 0x000000009cb00000, 0x000000009cc00000|  0%| F|  |TAMS 0x000000009cb00000, 0x000000009cb00000| Untracked 
| 460|0x000000009cc00000, 0x000000009cc00000, 0x000000009cd00000|  0%| F|  |TAMS 0x000000009cc00000, 0x000000009cc00000| Untracked 
| 461|0x000000009cd00000, 0x000000009cd00000, 0x000000009ce00000|  0%| F|  |TAMS 0x000000009cd00000, 0x000000009cd00000| Untracked 
| 462|0x000000009ce00000, 0x000000009ce00000, 0x000000009cf00000|  0%| F|  |TAMS 0x000000009ce00000, 0x000000009ce00000| Untracked 
| 463|0x000000009cf00000, 0x000000009cf00000, 0x000000009d000000|  0%| F|  |TAMS 0x000000009cf00000, 0x000000009cf00000| Untracked 
| 464|0x000000009d000000, 0x000000009d0d7658, 0x000000009d100000| 84%| S|CS|TAMS 0x000000009d000000, 0x000000009d000000| Complete 
| 465|0x000000009d100000, 0x000000009d200000, 0x000000009d200000|100%| S|CS|TAMS 0x000000009d100000, 0x000000009d100000| Complete 
| 466|0x000000009d200000, 0x000000009d300000, 0x000000009d300000|100%| S|CS|TAMS 0x000000009d200000, 0x000000009d200000| Complete 
| 467|0x000000009d300000, 0x000000009d300000, 0x000000009d400000|  0%| F|  |TAMS 0x000000009d300000, 0x000000009d300000| Untracked 
| 468|0x000000009d400000, 0x000000009d400000, 0x000000009d500000|  0%| F|  |TAMS 0x000000009d400000, 0x000000009d400000| Untracked 
| 469|0x000000009d500000, 0x000000009d500000, 0x000000009d600000|  0%| F|  |TAMS 0x000000009d500000, 0x000000009d500000| Untracked 
| 470|0x000000009d600000, 0x000000009d600000, 0x000000009d700000|  0%| F|  |TAMS 0x000000009d600000, 0x000000009d600000| Untracked 
| 471|0x000000009d700000, 0x000000009d700000, 0x000000009d800000|  0%| F|  |TAMS 0x000000009d700000, 0x000000009d700000| Untracked 
| 472|0x000000009d800000, 0x000000009d800000, 0x000000009d900000|  0%| F|  |TAMS 0x000000009d800000, 0x000000009d800000| Untracked 
| 473|0x000000009d900000, 0x000000009d900000, 0x000000009da00000|  0%| F|  |TAMS 0x000000009d900000, 0x000000009d900000| Untracked 
| 474|0x000000009da00000, 0x000000009da00000, 0x000000009db00000|  0%| F|  |TAMS 0x000000009da00000, 0x000000009da00000| Untracked 
| 475|0x000000009db00000, 0x000000009db00000, 0x000000009dc00000|  0%| F|  |TAMS 0x000000009db00000, 0x000000009db00000| Untracked 
| 476|0x000000009dc00000, 0x000000009dc00000, 0x000000009dd00000|  0%| F|  |TAMS 0x000000009dc00000, 0x000000009dc00000| Untracked 
| 477|0x000000009dd00000, 0x000000009dd00000, 0x000000009de00000|  0%| F|  |TAMS 0x000000009dd00000, 0x000000009dd00000| Untracked 
| 478|0x000000009de00000, 0x000000009de00000, 0x000000009df00000|  0%| F|  |TAMS 0x000000009de00000, 0x000000009de00000| Untracked 
| 479|0x000000009df00000, 0x000000009e000000, 0x000000009e000000|100%| S|CS|TAMS 0x000000009df00000, 0x000000009df00000| Complete 
| 480|0x000000009e000000, 0x000000009e100000, 0x000000009e100000|100%| S|CS|TAMS 0x000000009e000000, 0x000000009e000000| Complete 
| 481|0x000000009e100000, 0x000000009e200000, 0x000000009e200000|100%| S|CS|TAMS 0x000000009e100000, 0x000000009e100000| Complete 
| 482|0x000000009e200000, 0x000000009e300000, 0x000000009e300000|100%| S|CS|TAMS 0x000000009e200000, 0x000000009e200000| Complete 
| 483|0x000000009e300000, 0x000000009e400000, 0x000000009e400000|100%| S|CS|TAMS 0x000000009e300000, 0x000000009e300000| Complete 
| 484|0x000000009e400000, 0x000000009e500000, 0x000000009e500000|100%| S|CS|TAMS 0x000000009e400000, 0x000000009e400000| Complete 
| 485|0x000000009e500000, 0x000000009e600000, 0x000000009e600000|100%| S|CS|TAMS 0x000000009e500000, 0x000000009e500000| Complete 
| 486|0x000000009e600000, 0x000000009e700000, 0x000000009e700000|100%| S|CS|TAMS 0x000000009e600000, 0x000000009e600000| Complete 
| 487|0x000000009e700000, 0x000000009e700000, 0x000000009e800000|  0%| F|  |TAMS 0x000000009e700000, 0x000000009e700000| Untracked 
| 488|0x000000009e800000, 0x000000009e800000, 0x000000009e900000|  0%| F|  |TAMS 0x000000009e800000, 0x000000009e800000| Untracked 
| 489|0x000000009e900000, 0x000000009e900000, 0x000000009ea00000|  0%| F|  |TAMS 0x000000009e900000, 0x000000009e900000| Untracked 
| 490|0x000000009ea00000, 0x000000009ea00000, 0x000000009eb00000|  0%| F|  |TAMS 0x000000009ea00000, 0x000000009ea00000| Untracked 
| 491|0x000000009eb00000, 0x000000009eb00000, 0x000000009ec00000|  0%| F|  |TAMS 0x000000009eb00000, 0x000000009eb00000| Untracked 
| 492|0x000000009ec00000, 0x000000009ec00000, 0x000000009ed00000|  0%| F|  |TAMS 0x000000009ec00000, 0x000000009ec00000| Untracked 
| 493|0x000000009ed00000, 0x000000009ed00000, 0x000000009ee00000|  0%| F|  |TAMS 0x000000009ed00000, 0x000000009ed00000| Untracked 
| 494|0x000000009ee00000, 0x000000009ee00000, 0x000000009ef00000|  0%| F|  |TAMS 0x000000009ee00000, 0x000000009ee00000| Untracked 
| 495|0x000000009ef00000, 0x000000009ef00000, 0x000000009f000000|  0%| F|  |TAMS 0x000000009ef00000, 0x000000009ef00000| Untracked 
| 496|0x000000009f000000, 0x000000009f000000, 0x000000009f100000|  0%| F|  |TAMS 0x000000009f000000, 0x000000009f000000| Untracked 
| 497|0x000000009f100000, 0x000000009f100000, 0x000000009f200000|  0%| F|  |TAMS 0x000000009f100000, 0x000000009f100000| Untracked 
| 498|0x000000009f200000, 0x000000009f200000, 0x000000009f300000|  0%| F|  |TAMS 0x000000009f200000, 0x000000009f200000| Untracked 
| 499|0x000000009f300000, 0x000000009f300000, 0x000000009f400000|  0%| F|  |TAMS 0x000000009f300000, 0x000000009f300000| Untracked 
| 500|0x000000009f400000, 0x000000009f400000, 0x000000009f500000|  0%| F|  |TAMS 0x000000009f400000, 0x000000009f400000| Untracked 
| 501|0x000000009f500000, 0x000000009f500000, 0x000000009f600000|  0%| F|  |TAMS 0x000000009f500000, 0x000000009f500000| Untracked 
| 502|0x000000009f600000, 0x000000009f600000, 0x000000009f700000|  0%| F|  |TAMS 0x000000009f600000, 0x000000009f600000| Untracked 
| 503|0x000000009f700000, 0x000000009f700000, 0x000000009f800000|  0%| F|  |TAMS 0x000000009f700000, 0x000000009f700000| Untracked 
| 504|0x000000009f800000, 0x000000009f800000, 0x000000009f900000|  0%| F|  |TAMS 0x000000009f800000, 0x000000009f800000| Untracked 
| 505|0x000000009f900000, 0x000000009f900000, 0x000000009fa00000|  0%| F|  |TAMS 0x000000009f900000, 0x000000009f900000| Untracked 
| 506|0x000000009fa00000, 0x000000009fa00000, 0x000000009fb00000|  0%| F|  |TAMS 0x000000009fa00000, 0x000000009fa00000| Untracked 
| 507|0x000000009fb00000, 0x000000009fb00000, 0x000000009fc00000|  0%| F|  |TAMS 0x000000009fb00000, 0x000000009fb00000| Untracked 
| 508|0x000000009fc00000, 0x000000009fc00000, 0x000000009fd00000|  0%| F|  |TAMS 0x000000009fc00000, 0x000000009fc00000| Untracked 
| 509|0x000000009fd00000, 0x000000009fd00000, 0x000000009fe00000|  0%| F|  |TAMS 0x000000009fd00000, 0x000000009fd00000| Untracked 
| 510|0x000000009fe00000, 0x000000009fe00000, 0x000000009ff00000|  0%| F|  |TAMS 0x000000009fe00000, 0x000000009fe00000| Untracked 
| 511|0x000000009ff00000, 0x000000009ff00000, 0x00000000a0000000|  0%| F|  |TAMS 0x000000009ff00000, 0x000000009ff00000| Untracked 
| 512|0x00000000a0000000, 0x00000000a0000000, 0x00000000a0100000|  0%| F|  |TAMS 0x00000000a0000000, 0x00000000a0000000| Untracked 
| 513|0x00000000a0100000, 0x00000000a0100000, 0x00000000a0200000|  0%| F|  |TAMS 0x00000000a0100000, 0x00000000a0100000| Untracked 
| 514|0x00000000a0200000, 0x00000000a0200000, 0x00000000a0300000|  0%| F|  |TAMS 0x00000000a0200000, 0x00000000a0200000| Untracked 
| 515|0x00000000a0300000, 0x00000000a0300000, 0x00000000a0400000|  0%| F|  |TAMS 0x00000000a0300000, 0x00000000a0300000| Untracked 
| 516|0x00000000a0400000, 0x00000000a0400000, 0x00000000a0500000|  0%| F|  |TAMS 0x00000000a0400000, 0x00000000a0400000| Untracked 
| 517|0x00000000a0500000, 0x00000000a0500000, 0x00000000a0600000|  0%| F|  |TAMS 0x00000000a0500000, 0x00000000a0500000| Untracked 
| 518|0x00000000a0600000, 0x00000000a0600000, 0x00000000a0700000|  0%| F|  |TAMS 0x00000000a0600000, 0x00000000a0600000| Untracked 
| 519|0x00000000a0700000, 0x00000000a0700000, 0x00000000a0800000|  0%| F|  |TAMS 0x00000000a0700000, 0x00000000a0700000| Untracked 
| 520|0x00000000a0800000, 0x00000000a0800000, 0x00000000a0900000|  0%| F|  |TAMS 0x00000000a0800000, 0x00000000a0800000| Untracked 
| 521|0x00000000a0900000, 0x00000000a0900000, 0x00000000a0a00000|  0%| F|  |TAMS 0x00000000a0900000, 0x00000000a0900000| Untracked 
| 522|0x00000000a0a00000, 0x00000000a0a00000, 0x00000000a0b00000|  0%| F|  |TAMS 0x00000000a0a00000, 0x00000000a0a00000| Untracked 
| 523|0x00000000a0b00000, 0x00000000a0b00000, 0x00000000a0c00000|  0%| F|  |TAMS 0x00000000a0b00000, 0x00000000a0b00000| Untracked 
| 524|0x00000000a0c00000, 0x00000000a0c00000, 0x00000000a0d00000|  0%| F|  |TAMS 0x00000000a0c00000, 0x00000000a0c00000| Untracked 
| 525|0x00000000a0d00000, 0x00000000a0d00000, 0x00000000a0e00000|  0%| F|  |TAMS 0x00000000a0d00000, 0x00000000a0d00000| Untracked 
| 526|0x00000000a0e00000, 0x00000000a0e00000, 0x00000000a0f00000|  0%| F|  |TAMS 0x00000000a0e00000, 0x00000000a0e00000| Untracked 
| 527|0x00000000a0f00000, 0x00000000a0f00000, 0x00000000a1000000|  0%| F|  |TAMS 0x00000000a0f00000, 0x00000000a0f00000| Untracked 
| 528|0x00000000a1000000, 0x00000000a1000000, 0x00000000a1100000|  0%| F|  |TAMS 0x00000000a1000000, 0x00000000a1000000| Untracked 
| 529|0x00000000a1100000, 0x00000000a1100000, 0x00000000a1200000|  0%| F|  |TAMS 0x00000000a1100000, 0x00000000a1100000| Untracked 
| 530|0x00000000a1200000, 0x00000000a1200000, 0x00000000a1300000|  0%| F|  |TAMS 0x00000000a1200000, 0x00000000a1200000| Untracked 
| 531|0x00000000a1300000, 0x00000000a1300000, 0x00000000a1400000|  0%| F|  |TAMS 0x00000000a1300000, 0x00000000a1300000| Untracked 
| 532|0x00000000a1400000, 0x00000000a1400000, 0x00000000a1500000|  0%| F|  |TAMS 0x00000000a1400000, 0x00000000a1400000| Untracked 
| 533|0x00000000a1500000, 0x00000000a1500000, 0x00000000a1600000|  0%| F|  |TAMS 0x00000000a1500000, 0x00000000a1500000| Untracked 
| 534|0x00000000a1600000, 0x00000000a1600000, 0x00000000a1700000|  0%| F|  |TAMS 0x00000000a1600000, 0x00000000a1600000| Untracked 
| 535|0x00000000a1700000, 0x00000000a1700000, 0x00000000a1800000|  0%| F|  |TAMS 0x00000000a1700000, 0x00000000a1700000| Untracked 
| 536|0x00000000a1800000, 0x00000000a1800000, 0x00000000a1900000|  0%| F|  |TAMS 0x00000000a1800000, 0x00000000a1800000| Untracked 
| 537|0x00000000a1900000, 0x00000000a1900000, 0x00000000a1a00000|  0%| F|  |TAMS 0x00000000a1900000, 0x00000000a1900000| Untracked 
| 538|0x00000000a1a00000, 0x00000000a1a00000, 0x00000000a1b00000|  0%| F|  |TAMS 0x00000000a1a00000, 0x00000000a1a00000| Untracked 
| 539|0x00000000a1b00000, 0x00000000a1b00000, 0x00000000a1c00000|  0%| F|  |TAMS 0x00000000a1b00000, 0x00000000a1b00000| Untracked 
| 540|0x00000000a1c00000, 0x00000000a1c00000, 0x00000000a1d00000|  0%| F|  |TAMS 0x00000000a1c00000, 0x00000000a1c00000| Untracked 
| 541|0x00000000a1d00000, 0x00000000a1d00000, 0x00000000a1e00000|  0%| F|  |TAMS 0x00000000a1d00000, 0x00000000a1d00000| Untracked 
| 542|0x00000000a1e00000, 0x00000000a1e00000, 0x00000000a1f00000|  0%| F|  |TAMS 0x00000000a1e00000, 0x00000000a1e00000| Untracked 
| 543|0x00000000a1f00000, 0x00000000a1f00000, 0x00000000a2000000|  0%| F|  |TAMS 0x00000000a1f00000, 0x00000000a1f00000| Untracked 
| 544|0x00000000a2000000, 0x00000000a2000000, 0x00000000a2100000|  0%| F|  |TAMS 0x00000000a2000000, 0x00000000a2000000| Untracked 
| 545|0x00000000a2100000, 0x00000000a2100000, 0x00000000a2200000|  0%| F|  |TAMS 0x00000000a2100000, 0x00000000a2100000| Untracked 
| 546|0x00000000a2200000, 0x00000000a2200000, 0x00000000a2300000|  0%| F|  |TAMS 0x00000000a2200000, 0x00000000a2200000| Untracked 
| 547|0x00000000a2300000, 0x00000000a2300000, 0x00000000a2400000|  0%| F|  |TAMS 0x00000000a2300000, 0x00000000a2300000| Untracked 
| 548|0x00000000a2400000, 0x00000000a2400000, 0x00000000a2500000|  0%| F|  |TAMS 0x00000000a2400000, 0x00000000a2400000| Untracked 
| 549|0x00000000a2500000, 0x00000000a2500000, 0x00000000a2600000|  0%| F|  |TAMS 0x00000000a2500000, 0x00000000a2500000| Untracked 
| 550|0x00000000a2600000, 0x00000000a2600000, 0x00000000a2700000|  0%| F|  |TAMS 0x00000000a2600000, 0x00000000a2600000| Untracked 
| 551|0x00000000a2700000, 0x00000000a2700000, 0x00000000a2800000|  0%| F|  |TAMS 0x00000000a2700000, 0x00000000a2700000| Untracked 
| 552|0x00000000a2800000, 0x00000000a2800000, 0x00000000a2900000|  0%| F|  |TAMS 0x00000000a2800000, 0x00000000a2800000| Untracked 
| 553|0x00000000a2900000, 0x00000000a2900000, 0x00000000a2a00000|  0%| F|  |TAMS 0x00000000a2900000, 0x00000000a2900000| Untracked 
| 554|0x00000000a2a00000, 0x00000000a2a00000, 0x00000000a2b00000|  0%| F|  |TAMS 0x00000000a2a00000, 0x00000000a2a00000| Untracked 
| 555|0x00000000a2b00000, 0x00000000a2b00000, 0x00000000a2c00000|  0%| F|  |TAMS 0x00000000a2b00000, 0x00000000a2b00000| Untracked 
| 556|0x00000000a2c00000, 0x00000000a2c00000, 0x00000000a2d00000|  0%| F|  |TAMS 0x00000000a2c00000, 0x00000000a2c00000| Untracked 
| 557|0x00000000a2d00000, 0x00000000a2d00000, 0x00000000a2e00000|  0%| F|  |TAMS 0x00000000a2d00000, 0x00000000a2d00000| Untracked 
| 558|0x00000000a2e00000, 0x00000000a2e00000, 0x00000000a2f00000|  0%| F|  |TAMS 0x00000000a2e00000, 0x00000000a2e00000| Untracked 
| 559|0x00000000a2f00000, 0x00000000a2f00000, 0x00000000a3000000|  0%| F|  |TAMS 0x00000000a2f00000, 0x00000000a2f00000| Untracked 
| 560|0x00000000a3000000, 0x00000000a3000000, 0x00000000a3100000|  0%| F|  |TAMS 0x00000000a3000000, 0x00000000a3000000| Untracked 
| 561|0x00000000a3100000, 0x00000000a3100000, 0x00000000a3200000|  0%| F|  |TAMS 0x00000000a3100000, 0x00000000a3100000| Untracked 
| 562|0x00000000a3200000, 0x00000000a3200000, 0x00000000a3300000|  0%| F|  |TAMS 0x00000000a3200000, 0x00000000a3200000| Untracked 
| 563|0x00000000a3300000, 0x00000000a3300000, 0x00000000a3400000|  0%| F|  |TAMS 0x00000000a3300000, 0x00000000a3300000| Untracked 
| 564|0x00000000a3400000, 0x00000000a3400000, 0x00000000a3500000|  0%| F|  |TAMS 0x00000000a3400000, 0x00000000a3400000| Untracked 
| 565|0x00000000a3500000, 0x00000000a3500000, 0x00000000a3600000|  0%| F|  |TAMS 0x00000000a3500000, 0x00000000a3500000| Untracked 
| 566|0x00000000a3600000, 0x00000000a3600000, 0x00000000a3700000|  0%| F|  |TAMS 0x00000000a3600000, 0x00000000a3600000| Untracked 
| 567|0x00000000a3700000, 0x00000000a3700000, 0x00000000a3800000|  0%| F|  |TAMS 0x00000000a3700000, 0x00000000a3700000| Untracked 
| 568|0x00000000a3800000, 0x00000000a3800000, 0x00000000a3900000|  0%| F|  |TAMS 0x00000000a3800000, 0x00000000a3800000| Untracked 
| 569|0x00000000a3900000, 0x00000000a3900000, 0x00000000a3a00000|  0%| F|  |TAMS 0x00000000a3900000, 0x00000000a3900000| Untracked 
| 570|0x00000000a3a00000, 0x00000000a3a00000, 0x00000000a3b00000|  0%| F|  |TAMS 0x00000000a3a00000, 0x00000000a3a00000| Untracked 
| 571|0x00000000a3b00000, 0x00000000a3b00000, 0x00000000a3c00000|  0%| F|  |TAMS 0x00000000a3b00000, 0x00000000a3b00000| Untracked 
| 572|0x00000000a3c00000, 0x00000000a3c00000, 0x00000000a3d00000|  0%| F|  |TAMS 0x00000000a3c00000, 0x00000000a3c00000| Untracked 
| 573|0x00000000a3d00000, 0x00000000a3d00000, 0x00000000a3e00000|  0%| F|  |TAMS 0x00000000a3d00000, 0x00000000a3d00000| Untracked 
| 574|0x00000000a3e00000, 0x00000000a3e00000, 0x00000000a3f00000|  0%| F|  |TAMS 0x00000000a3e00000, 0x00000000a3e00000| Untracked 
| 575|0x00000000a3f00000, 0x00000000a3f00000, 0x00000000a4000000|  0%| F|  |TAMS 0x00000000a3f00000, 0x00000000a3f00000| Untracked 
| 576|0x00000000a4000000, 0x00000000a4000000, 0x00000000a4100000|  0%| F|  |TAMS 0x00000000a4000000, 0x00000000a4000000| Untracked 
| 577|0x00000000a4100000, 0x00000000a4100000, 0x00000000a4200000|  0%| F|  |TAMS 0x00000000a4100000, 0x00000000a4100000| Untracked 
| 578|0x00000000a4200000, 0x00000000a4200000, 0x00000000a4300000|  0%| F|  |TAMS 0x00000000a4200000, 0x00000000a4200000| Untracked 
| 579|0x00000000a4300000, 0x00000000a4300000, 0x00000000a4400000|  0%| F|  |TAMS 0x00000000a4300000, 0x00000000a4300000| Untracked 
| 580|0x00000000a4400000, 0x00000000a4400000, 0x00000000a4500000|  0%| F|  |TAMS 0x00000000a4400000, 0x00000000a4400000| Untracked 
| 581|0x00000000a4500000, 0x00000000a4500000, 0x00000000a4600000|  0%| F|  |TAMS 0x00000000a4500000, 0x00000000a4500000| Untracked 
| 582|0x00000000a4600000, 0x00000000a4600000, 0x00000000a4700000|  0%| F|  |TAMS 0x00000000a4600000, 0x00000000a4600000| Untracked 
| 583|0x00000000a4700000, 0x00000000a4700000, 0x00000000a4800000|  0%| F|  |TAMS 0x00000000a4700000, 0x00000000a4700000| Untracked 
| 584|0x00000000a4800000, 0x00000000a4800000, 0x00000000a4900000|  0%| F|  |TAMS 0x00000000a4800000, 0x00000000a4800000| Untracked 
| 585|0x00000000a4900000, 0x00000000a4900000, 0x00000000a4a00000|  0%| F|  |TAMS 0x00000000a4900000, 0x00000000a4900000| Untracked 
| 586|0x00000000a4a00000, 0x00000000a4a00000, 0x00000000a4b00000|  0%| F|  |TAMS 0x00000000a4a00000, 0x00000000a4a00000| Untracked 
| 587|0x00000000a4b00000, 0x00000000a4b00000, 0x00000000a4c00000|  0%| F|  |TAMS 0x00000000a4b00000, 0x00000000a4b00000| Untracked 
| 588|0x00000000a4c00000, 0x00000000a4c00000, 0x00000000a4d00000|  0%| F|  |TAMS 0x00000000a4c00000, 0x00000000a4c00000| Untracked 
| 589|0x00000000a4d00000, 0x00000000a4d00000, 0x00000000a4e00000|  0%| F|  |TAMS 0x00000000a4d00000, 0x00000000a4d00000| Untracked 
| 590|0x00000000a4e00000, 0x00000000a4e00000, 0x00000000a4f00000|  0%| F|  |TAMS 0x00000000a4e00000, 0x00000000a4e00000| Untracked 
| 591|0x00000000a4f00000, 0x00000000a4f00000, 0x00000000a5000000|  0%| F|  |TAMS 0x00000000a4f00000, 0x00000000a4f00000| Untracked 
| 592|0x00000000a5000000, 0x00000000a5000000, 0x00000000a5100000|  0%| F|  |TAMS 0x00000000a5000000, 0x00000000a5000000| Untracked 
| 593|0x00000000a5100000, 0x00000000a5100000, 0x00000000a5200000|  0%| F|  |TAMS 0x00000000a5100000, 0x00000000a5100000| Untracked 
| 594|0x00000000a5200000, 0x00000000a5200000, 0x00000000a5300000|  0%| F|  |TAMS 0x00000000a5200000, 0x00000000a5200000| Untracked 
| 595|0x00000000a5300000, 0x00000000a5300000, 0x00000000a5400000|  0%| F|  |TAMS 0x00000000a5300000, 0x00000000a5300000| Untracked 
| 596|0x00000000a5400000, 0x00000000a5400000, 0x00000000a5500000|  0%| F|  |TAMS 0x00000000a5400000, 0x00000000a5400000| Untracked 
| 597|0x00000000a5500000, 0x00000000a5500000, 0x00000000a5600000|  0%| F|  |TAMS 0x00000000a5500000, 0x00000000a5500000| Untracked 
| 598|0x00000000a5600000, 0x00000000a5600000, 0x00000000a5700000|  0%| F|  |TAMS 0x00000000a5600000, 0x00000000a5600000| Untracked 
| 599|0x00000000a5700000, 0x00000000a5700000, 0x00000000a5800000|  0%| F|  |TAMS 0x00000000a5700000, 0x00000000a5700000| Untracked 
| 600|0x00000000a5800000, 0x00000000a5800000, 0x00000000a5900000|  0%| F|  |TAMS 0x00000000a5800000, 0x00000000a5800000| Untracked 
| 601|0x00000000a5900000, 0x00000000a5900000, 0x00000000a5a00000|  0%| F|  |TAMS 0x00000000a5900000, 0x00000000a5900000| Untracked 
| 602|0x00000000a5a00000, 0x00000000a5a00000, 0x00000000a5b00000|  0%| F|  |TAMS 0x00000000a5a00000, 0x00000000a5a00000| Untracked 
| 603|0x00000000a5b00000, 0x00000000a5b00000, 0x00000000a5c00000|  0%| F|  |TAMS 0x00000000a5b00000, 0x00000000a5b00000| Untracked 
| 604|0x00000000a5c00000, 0x00000000a5c00000, 0x00000000a5d00000|  0%| F|  |TAMS 0x00000000a5c00000, 0x00000000a5c00000| Untracked 
| 605|0x00000000a5d00000, 0x00000000a5d00000, 0x00000000a5e00000|  0%| F|  |TAMS 0x00000000a5d00000, 0x00000000a5d00000| Untracked 
| 606|0x00000000a5e00000, 0x00000000a5e00000, 0x00000000a5f00000|  0%| F|  |TAMS 0x00000000a5e00000, 0x00000000a5e00000| Untracked 
| 607|0x00000000a5f00000, 0x00000000a5f00000, 0x00000000a6000000|  0%| F|  |TAMS 0x00000000a5f00000, 0x00000000a5f00000| Untracked 
| 608|0x00000000a6000000, 0x00000000a6000000, 0x00000000a6100000|  0%| F|  |TAMS 0x00000000a6000000, 0x00000000a6000000| Untracked 
| 609|0x00000000a6100000, 0x00000000a6100000, 0x00000000a6200000|  0%| F|  |TAMS 0x00000000a6100000, 0x00000000a6100000| Untracked 
| 610|0x00000000a6200000, 0x00000000a6200000, 0x00000000a6300000|  0%| F|  |TAMS 0x00000000a6200000, 0x00000000a6200000| Untracked 
| 611|0x00000000a6300000, 0x00000000a6300000, 0x00000000a6400000|  0%| F|  |TAMS 0x00000000a6300000, 0x00000000a6300000| Untracked 
| 612|0x00000000a6400000, 0x00000000a6400000, 0x00000000a6500000|  0%| F|  |TAMS 0x00000000a6400000, 0x00000000a6400000| Untracked 
| 613|0x00000000a6500000, 0x00000000a6500000, 0x00000000a6600000|  0%| F|  |TAMS 0x00000000a6500000, 0x00000000a6500000| Untracked 
| 614|0x00000000a6600000, 0x00000000a6600000, 0x00000000a6700000|  0%| F|  |TAMS 0x00000000a6600000, 0x00000000a6600000| Untracked 
| 615|0x00000000a6700000, 0x00000000a6700000, 0x00000000a6800000|  0%| F|  |TAMS 0x00000000a6700000, 0x00000000a6700000| Untracked 
| 616|0x00000000a6800000, 0x00000000a6800000, 0x00000000a6900000|  0%| F|  |TAMS 0x00000000a6800000, 0x00000000a6800000| Untracked 
| 617|0x00000000a6900000, 0x00000000a6900000, 0x00000000a6a00000|  0%| F|  |TAMS 0x00000000a6900000, 0x00000000a6900000| Untracked 
| 618|0x00000000a6a00000, 0x00000000a6a00000, 0x00000000a6b00000|  0%| F|  |TAMS 0x00000000a6a00000, 0x00000000a6a00000| Untracked 
| 619|0x00000000a6b00000, 0x00000000a6b00000, 0x00000000a6c00000|  0%| F|  |TAMS 0x00000000a6b00000, 0x00000000a6b00000| Untracked 
| 620|0x00000000a6c00000, 0x00000000a6c00000, 0x00000000a6d00000|  0%| F|  |TAMS 0x00000000a6c00000, 0x00000000a6c00000| Untracked 
| 621|0x00000000a6d00000, 0x00000000a6d00000, 0x00000000a6e00000|  0%| F|  |TAMS 0x00000000a6d00000, 0x00000000a6d00000| Untracked 
| 622|0x00000000a6e00000, 0x00000000a6e00000, 0x00000000a6f00000|  0%| F|  |TAMS 0x00000000a6e00000, 0x00000000a6e00000| Untracked 
| 623|0x00000000a6f00000, 0x00000000a6f00000, 0x00000000a7000000|  0%| F|  |TAMS 0x00000000a6f00000, 0x00000000a6f00000| Untracked 
| 624|0x00000000a7000000, 0x00000000a7000000, 0x00000000a7100000|  0%| F|  |TAMS 0x00000000a7000000, 0x00000000a7000000| Untracked 
| 625|0x00000000a7100000, 0x00000000a7100000, 0x00000000a7200000|  0%| F|  |TAMS 0x00000000a7100000, 0x00000000a7100000| Untracked 
| 626|0x00000000a7200000, 0x00000000a7200000, 0x00000000a7300000|  0%| F|  |TAMS 0x00000000a7200000, 0x00000000a7200000| Untracked 
| 627|0x00000000a7300000, 0x00000000a7300000, 0x00000000a7400000|  0%| F|  |TAMS 0x00000000a7300000, 0x00000000a7300000| Untracked 
| 628|0x00000000a7400000, 0x00000000a7400000, 0x00000000a7500000|  0%| F|  |TAMS 0x00000000a7400000, 0x00000000a7400000| Untracked 
| 629|0x00000000a7500000, 0x00000000a7500000, 0x00000000a7600000|  0%| F|  |TAMS 0x00000000a7500000, 0x00000000a7500000| Untracked 
| 630|0x00000000a7600000, 0x00000000a7600000, 0x00000000a7700000|  0%| F|  |TAMS 0x00000000a7600000, 0x00000000a7600000| Untracked 

Card table byte_map: [0x00000232ecf90000,0x00000232ed390000] _byte_map_base: 0x00000232ecb90000

Marking Bits (Prev, Next): (CMBitMap*) 0x00000232d5aa6560, (CMBitMap*) 0x00000232d5aa6520
 Prev Bits: [0x00000232ef790000, 0x00000232f1790000)
 Next Bits: [0x00000232ed790000, 0x00000232ef790000)

Polling page: 0x00000232d3700000

Metaspace:

Usage:
  Non-class:     92.97 MB used.
      Class:     16.14 MB used.
       Both:    109.11 MB used.

Virtual space:
  Non-class space:      128.00 MB reserved,      93.50 MB ( 73%) committed,  2 nodes.
      Class space:        1.00 GB reserved,      16.62 MB (  2%) committed,  1 nodes.
             Both:        1.12 GB reserved,     110.12 MB ( 10%) committed. 

Chunk freelists:
   Non-Class:  1.58 MB
       Class:  15.23 MB
        Both:  16.81 MB

MaxMetaspaceSize: unlimited
CompressedClassSpaceSize: 1.00 GB
Initial GC threshold: 21.00 MB
Current GC threshold: 157.94 MB
CDS: on
MetaspaceReclaimPolicy: balanced
 - commit_granule_bytes: 65536.
 - commit_granule_words: 8192.
 - virtual_space_node_default_size: 8388608.
 - enlarge_chunks_in_place: 1.
 - new_chunks_are_fully_committed: 0.
 - uncommit_free_chunks: 1.
 - use_allocation_guard: 0.
 - handle_deallocations: 1.


Internal statistics:

num_allocs_failed_limit: 6.
num_arena_births: 1462.
num_arena_deaths: 22.
num_vsnodes_births: 3.
num_vsnodes_deaths: 0.
num_space_committed: 1762.
num_space_uncommitted: 0.
num_chunks_returned_to_freelist: 34.
num_chunks_taken_from_freelist: 6325.
num_chunk_merges: 14.
num_chunk_splits: 4107.
num_chunks_enlarged: 2553.
num_inconsistent_stats: 0.

CodeHeap 'non-profiled nmethods': size=119168Kb used=8323Kb max_used=8560Kb free=110844Kb
 bounds [0x00000232e4ea0000, 0x00000232e5710000, 0x00000232ec300000]
CodeHeap 'profiled nmethods': size=119104Kb used=32835Kb max_used=32835Kb free=86269Kb
 bounds [0x00000232dd300000, 0x00000232df320000, 0x00000232e4750000]
CodeHeap 'non-nmethods': size=7488Kb used=4127Kb max_used=4193Kb free=3360Kb
 bounds [0x00000232e4750000, 0x00000232e4b70000, 0x00000232e4ea0000]
 total_blobs=17526 nmethods=16550 adapters=882
 compilation: enabled
              stopped_count=0, restarted_count=0
 full_count=0

Compilation events (20 events):
Event: 18.792 Thread 0x00000232f49aff80 nmethod 19675 0x00000232df307c10 code [0x00000232df307dc0, 0x00000232df307f98]
Event: 18.792 Thread 0x00000232f49aff80 19717       3       com.android.tools.r8.internal.t20::o (32 bytes)
Event: 18.793 Thread 0x00000232f49aff80 nmethod 19717 0x00000232df309410 code [0x00000232df3095c0, 0x00000232df3097a8]
Event: 18.793 Thread 0x00000232f49cbc20 nmethod 20019 0x00000232df308a10 code [0x00000232df308c00, 0x00000232df309248]
Event: 18.793 Thread 0x00000232f48ab770 nmethod 19791 0x00000232df308090 code [0x00000232df308260, 0x00000232df3087c8]
Event: 18.793 Thread 0x00000232f49aff80 19672       3       com.android.tools.r8.internal.B20::a (13 bytes)
Event: 18.794 Thread 0x00000232f48ab770 19773       3       com.android.tools.r8.internal.M8::a (9 bytes)
Event: 18.794 Thread 0x00000232f49cbc20 19729       3       com.android.tools.r8.ir.regalloc.b::a (120 bytes)
Event: 18.796 Thread 0x00000232f49aff80 nmethod 19672 0x00000232df309890 code [0x00000232df309a20, 0x00000232df309b98]
Event: 18.796 Thread 0x00000232f48ab770 nmethod 19773 0x00000232df309c10 code [0x00000232df309dc0, 0x00000232df309f88]
Event: 18.797 Thread 0x00000232f49aff80 20031       3       com.android.tools.r8.internal.B4::h (204 bytes)
Event: 18.797 Thread 0x00000232f48ab770 20036       3       com.android.tools.r8.internal.B4::d (40 bytes)
Event: 18.804 Thread 0x00000232f48ab770 nmethod 20036 0x00000232df30a090 code [0x00000232df30a280, 0x00000232df30aa88]
Event: 18.807 Thread 0x00000232f48ab770 20042       3       com.android.tools.r8.internal.T0::<init> (5 bytes)
Event: 18.809 Thread 0x00000232f48ab770 nmethod 20042 0x00000232df310790 code [0x00000232df310940, 0x00000232df310af8]
Event: 18.810 Thread 0x00000232f48ab770 20040       3       com.android.tools.r8.internal.Ib::a (711 bytes)
Event: 18.812 Thread 0x00000232f49cbc20 nmethod 19729 0x00000232df30ad10 code [0x00000232df30b140, 0x00000232df30d1a8]
Event: 18.813 Thread 0x00000232f49aff80 nmethod 20031 0x00000232df30dd10 code [0x00000232df30e0a0, 0x00000232df30fe38]
Event: 18.814 Thread 0x00000232f49cbc20 20054       3       com.android.tools.r8.internal.B4::f (38 bytes)
Event: 18.814 Thread 0x00000232f49aff80 20050       3       com.android.tools.r8.ir.regalloc.b::a (715 bytes)

GC Heap History (20 events):
Event: 16.013 GC heap after
{Heap after GC invocations=60 (full 0):
 garbage-first heap   total 279552K, used 155819K [0x0000000080000000, 0x0000000100000000)
  region size 1024K, 2 young (2048K), 2 survivors (2048K)
 Metaspace       used 94940K, committed 95872K, reserved 1179648K
  class space    used 12874K, committed 13312K, reserved 1048576K
}
Event: 16.062 GC heap before
{Heap before GC invocations=60 (full 0):
 garbage-first heap   total 279552K, used 224427K [0x0000000080000000, 0x0000000100000000)
  region size 1024K, 70 young (71680K), 2 survivors (2048K)
 Metaspace       used 95143K, committed 96064K, reserved 1179648K
  class space    used 12912K, committed 13376K, reserved 1048576K
}
Event: 16.066 GC heap after
{Heap after GC invocations=61 (full 0):
 garbage-first heap   total 279552K, used 170740K [0x0000000080000000, 0x0000000100000000)
  region size 1024K, 9 young (9216K), 9 survivors (9216K)
 Metaspace       used 95143K, committed 96064K, reserved 1179648K
  class space    used 12912K, committed 13376K, reserved 1048576K
}
Event: 16.137 GC heap before
{Heap before GC invocations=61 (full 0):
 garbage-first heap   total 279552K, used 225012K [0x0000000080000000, 0x0000000100000000)
  region size 1024K, 63 young (64512K), 9 survivors (9216K)
 Metaspace       used 95437K, committed 96320K, reserved 1179648K
  class space    used 12950K, committed 13376K, reserved 1048576K
}
Event: 16.143 GC heap after
{Heap after GC invocations=62 (full 0):
 garbage-first heap   total 279552K, used 182955K [0x0000000080000000, 0x0000000100000000)
  region size 1024K, 8 young (8192K), 8 survivors (8192K)
 Metaspace       used 95437K, committed 96320K, reserved 1179648K
  class space    used 12950K, committed 13376K, reserved 1048576K
}
Event: 16.242 GC heap before
{Heap before GC invocations=62 (full 0):
 garbage-first heap   total 279552K, used 229035K [0x0000000080000000, 0x0000000100000000)
  region size 1024K, 52 young (53248K), 8 survivors (8192K)
 Metaspace       used 95753K, committed 96640K, reserved 1179648K
  class space    used 13024K, committed 13440K, reserved 1048576K
}
Event: 16.249 GC heap after
{Heap after GC invocations=63 (full 0):
 garbage-first heap   total 646144K, used 191488K [0x0000000080000000, 0x0000000100000000)
  region size 1024K, 7 young (7168K), 7 survivors (7168K)
 Metaspace       used 95753K, committed 96640K, reserved 1179648K
  class space    used 13024K, committed 13440K, reserved 1048576K
}
Event: 17.074 GC heap before
{Heap before GC invocations=64 (full 0):
 garbage-first heap   total 646144K, used 446464K [0x0000000080000000, 0x0000000100000000)
  region size 1024K, 257 young (263168K), 7 survivors (7168K)
 Metaspace       used 99840K, committed 100864K, reserved 1179648K
  class space    used 13804K, committed 14272K, reserved 1048576K
}
Event: 17.105 GC heap after
{Heap after GC invocations=65 (full 0):
 garbage-first heap   total 646144K, used 247518K [0x0000000080000000, 0x0000000100000000)
  region size 1024K, 33 young (33792K), 33 survivors (33792K)
 Metaspace       used 99840K, committed 100864K, reserved 1179648K
  class space    used 13804K, committed 14272K, reserved 1048576K
}
Event: 17.107 GC heap before
{Heap before GC invocations=65 (full 0):
 garbage-first heap   total 646144K, used 248542K [0x0000000080000000, 0x0000000100000000)
  region size 1024K, 34 young (34816K), 33 survivors (33792K)
 Metaspace       used 99840K, committed 100864K, reserved 1179648K
  class space    used 13804K, committed 14272K, reserved 1048576K
}
Event: 17.122 GC heap after
{Heap after GC invocations=66 (full 0):
 garbage-first heap   total 646144K, used 250958K [0x0000000080000000, 0x0000000100000000)
  region size 1024K, 5 young (5120K), 5 survivors (5120K)
 Metaspace       used 99840K, committed 100864K, reserved 1179648K
  class space    used 13804K, committed 14272K, reserved 1048576K
}
Event: 17.565 GC heap before
{Heap before GC invocations=66 (full 0):
 garbage-first heap   total 646144K, used 437326K [0x0000000080000000, 0x0000000100000000)
  region size 1024K, 187 young (191488K), 5 survivors (5120K)
 Metaspace       used 102848K, committed 103808K, reserved 1179648K
  class space    used 14327K, committed 14784K, reserved 1048576K
}
Event: 17.585 GC heap after
{Heap after GC invocations=67 (full 0):
 garbage-first heap   total 646144K, used 286180K [0x0000000080000000, 0x0000000100000000)
  region size 1024K, 24 young (24576K), 24 survivors (24576K)
 Metaspace       used 102848K, committed 103808K, reserved 1179648K
  class space    used 14327K, committed 14784K, reserved 1048576K
}
Event: 17.960 GC heap before
{Heap before GC invocations=67 (full 0):
 garbage-first heap   total 646144K, used 459236K [0x0000000080000000, 0x0000000100000000)
  region size 1024K, 194 young (198656K), 24 survivors (24576K)
 Metaspace       used 106629K, committed 107648K, reserved 1179648K
  class space    used 15547K, committed 16000K, reserved 1048576K
}
Event: 17.984 GC heap after
{Heap after GC invocations=68 (full 0):
 garbage-first heap   total 646144K, used 315134K [0x0000000080000000, 0x0000000100000000)
  region size 1024K, 25 young (25600K), 25 survivors (25600K)
 Metaspace       used 106629K, committed 107648K, reserved 1179648K
  class space    used 15547K, committed 16000K, reserved 1048576K
}
Event: 18.204 GC heap before
{Heap before GC invocations=68 (full 0):
 garbage-first heap   total 646144K, used 483070K [0x0000000080000000, 0x0000000100000000)
  region size 1024K, 189 young (193536K), 25 survivors (25600K)
 Metaspace       used 108383K, committed 109376K, reserved 1179648K
  class space    used 15902K, committed 16384K, reserved 1048576K
}
Event: 18.229 GC heap after
{Heap after GC invocations=69 (full 0):
 garbage-first heap   total 646144K, used 345088K [0x0000000080000000, 0x0000000100000000)
  region size 1024K, 24 young (24576K), 24 survivors (24576K)
 Metaspace       used 108383K, committed 109376K, reserved 1179648K
  class space    used 15902K, committed 16384K, reserved 1048576K
}
Event: 18.596 GC heap before
{Heap before GC invocations=69 (full 0):
 garbage-first heap   total 646144K, used 499712K [0x0000000080000000, 0x0000000100000000)
  region size 1024K, 176 young (180224K), 24 survivors (24576K)
 Metaspace       used 111109K, committed 112192K, reserved 1179648K
  class space    used 16465K, committed 16960K, reserved 1048576K
}
Event: 18.615 GC heap after
{Heap after GC invocations=70 (full 0):
 garbage-first heap   total 646144K, used 366592K [0x0000000080000000, 0x0000000100000000)
  region size 1024K, 19 young (19456K), 19 survivors (19456K)
 Metaspace       used 111109K, committed 112192K, reserved 1179648K
  class space    used 16465K, committed 16960K, reserved 1048576K
}
Event: 18.815 GC heap before
{Heap before GC invocations=70 (full 0):
 garbage-first heap   total 646144K, used 513024K [0x0000000080000000, 0x0000000100000000)
  region size 1024K, 163 young (166912K), 19 survivors (19456K)
 Metaspace       used 111731K, committed 112768K, reserved 1179648K
  class space    used 16530K, committed 17024K, reserved 1048576K
}

Deoptimization events (20 events):
Event: 18.533 Thread 0x00000232fdd2ce70 Uncommon trap: trap_request=0xffffff45 fr.pc=0x00000232e4f9f65c relative=0x000000000000005c
Event: 18.534 Thread 0x00000232fdd2ce70 Uncommon trap: reason=unstable_if action=reinterpret pc=0x00000232e4f9f65c method=java.util.Objects.equals(Ljava/lang/Object;Ljava/lang/Object;)Z @ 6 c2
Event: 18.535 Thread 0x00000232fdd2ce70 DEOPT PACKING pc=0x00000232e4f9f65c sp=0x000000a1f92f99a0
Event: 18.535 Thread 0x00000232fdd2ce70 DEOPT UNPACKING pc=0x00000232e47a23a3 sp=0x000000a1f92f9940 mode 2
Event: 18.636 Thread 0x00000232fdd2c450 Uncommon trap: trap_request=0xffffff45 fr.pc=0x00000232e5031fe0 relative=0x0000000000000240
Event: 18.636 Thread 0x00000232fdd2c450 Uncommon trap: reason=unstable_if action=reinterpret pc=0x00000232e5031fe0 method=java.util.HashMap.getNode(Ljava/lang/Object;)Ljava/util/HashMap$Node; @ 85 c2
Event: 18.637 Thread 0x00000232fdd2c450 DEOPT PACKING pc=0x00000232e5031fe0 sp=0x000000a1f8dfa0c0
Event: 18.637 Thread 0x00000232fdd2c450 DEOPT UNPACKING pc=0x00000232e47a23a3 sp=0x000000a1f8df9fd0 mode 2
Event: 18.643 Thread 0x00000232c3657900 Uncommon trap: trap_request=0xffffffde fr.pc=0x00000232e51e0a58 relative=0x0000000000000718
Event: 18.643 Thread 0x00000232c3657900 Uncommon trap: reason=class_check action=maybe_recompile pc=0x00000232e51e0a58 method=java.security.MessageDigest$Delegate.clone()Ljava/lang/Object; @ 15 c2
Event: 18.643 Thread 0x00000232c3657900 DEOPT PACKING pc=0x00000232e51e0a58 sp=0x000000a1ff4f9dc0
Event: 18.643 Thread 0x00000232c3657900 DEOPT UNPACKING pc=0x00000232e47a23a3 sp=0x000000a1ff4f9d98 mode 2
Event: 18.648 Thread 0x00000232ff082b30 Uncommon trap: trap_request=0xffffff45 fr.pc=0x00000232e53b0218 relative=0x00000000000007d8
Event: 18.648 Thread 0x00000232ff082b30 Uncommon trap: reason=unstable_if action=reinterpret pc=0x00000232e53b0218 method=com.android.tools.r8.graph.a1.a([C)I @ 44 c2
Event: 18.649 Thread 0x00000232ff082b30 DEOPT PACKING pc=0x00000232e53b0218 sp=0x000000a1f88f9af0
Event: 18.649 Thread 0x00000232ff082b30 DEOPT UNPACKING pc=0x00000232e47a23a3 sp=0x000000a1f88f9a40 mode 2
Event: 18.651 Thread 0x00000232ff082b30 Uncommon trap: trap_request=0xffffff45 fr.pc=0x00000232e56e46cc relative=0x000000000000022c
Event: 18.651 Thread 0x00000232ff082b30 Uncommon trap: reason=unstable_if action=reinterpret pc=0x00000232e56e46cc method=com.android.tools.r8.graph.a1.a([C)I @ 44 c2
Event: 18.651 Thread 0x00000232ff082b30 DEOPT PACKING pc=0x00000232e56e46cc sp=0x000000a1f88f9a20
Event: 18.651 Thread 0x00000232ff082b30 DEOPT UNPACKING pc=0x00000232e47a23a3 sp=0x000000a1f88f99a8 mode 2

Classes unloaded (11 events):
Event: 15.877 Thread 0x00000232f4850080 Unloading class 0x0000023281c8e000 'java/lang/invoke/LambdaForm$DMH+0x0000023281c8e000'
Event: 15.877 Thread 0x00000232f4850080 Unloading class 0x0000023281c8dc00 'java/lang/invoke/LambdaForm$DMH+0x0000023281c8dc00'
Event: 15.877 Thread 0x00000232f4850080 Unloading class 0x0000023281c8d800 'java/lang/invoke/LambdaForm$DMH+0x0000023281c8d800'
Event: 15.877 Thread 0x00000232f4850080 Unloading class 0x0000023281c8d400 'java/lang/invoke/LambdaForm$DMH+0x0000023281c8d400'
Event: 15.877 Thread 0x00000232f4850080 Unloading class 0x0000023281c8d000 'java/lang/invoke/LambdaForm$DMH+0x0000023281c8d000'
Event: 15.877 Thread 0x00000232f4850080 Unloading class 0x0000023281c8cc00 'java/lang/invoke/LambdaForm$DMH+0x0000023281c8cc00'
Event: 15.877 Thread 0x00000232f4850080 Unloading class 0x0000023281c8c800 'java/lang/invoke/LambdaForm$DMH+0x0000023281c8c800'
Event: 15.877 Thread 0x00000232f4850080 Unloading class 0x0000023281c8c400 'java/lang/invoke/LambdaForm$DMH+0x0000023281c8c400'
Event: 15.877 Thread 0x00000232f4850080 Unloading class 0x0000023281c4d000 'java/lang/invoke/LambdaForm$DMH+0x0000023281c4d000'
Event: 15.877 Thread 0x00000232f4850080 Unloading class 0x0000023281c4cc00 'java/lang/invoke/LambdaForm$DMH+0x0000023281c4cc00'
Event: 15.877 Thread 0x00000232f4850080 Unloading class 0x0000023281c4c000 'java/lang/invoke/LambdaForm$DMH+0x0000023281c4c000'

Classes redefined (0 events):
No events

Internal exceptions (20 events):
Event: 18.301 Thread 0x00000232ff2dce10 Exception <a 'java/lang/NoSuchMethodError'{0x00000000a5aa7788}: 'int java.lang.invoke.DirectMethodHandle$Holder.invokeSpecial(java.lang.Object, java.lang.Object, java.lang.Object, int)'> (0x00000000a5aa7788) 
thrown [s\open\src\hotspot\share\interpreter\linkResolver.cpp, line 759]
Event: 18.301 Thread 0x00000232fdd2c960 Exception <a 'java/lang/NoSuchMethodError'{0x00000000a5b65a38}: 'int java.lang.invoke.DirectMethodHandle$Holder.invokeSpecial(java.lang.Object, java.lang.Object, java.lang.Object, int)'> (0x00000000a5b65a38) 
thrown [s\open\src\hotspot\share\interpreter\linkResolver.cpp, line 759]
Event: 18.301 Thread 0x00000232c3e71d40 Exception <a 'java/lang/NoSuchMethodError'{0x00000000a60e4f30}: 'int java.lang.invoke.DirectMethodHandle$Holder.invokeSpecial(java.lang.Object, java.lang.Object, java.lang.Object, int)'> (0x00000000a60e4f30) 
thrown [s\open\src\hotspot\share\interpreter\linkResolver.cpp, line 759]
Event: 18.301 Thread 0x00000232ff082b30 Exception <a 'java/lang/NoSuchMethodError'{0x00000000a591e5c0}: 'int java.lang.invoke.DirectMethodHandle$Holder.invokeSpecial(java.lang.Object, java.lang.Object, java.lang.Object, int)'> (0x00000000a591e5c0) 
thrown [s\open\src\hotspot\share\interpreter\linkResolver.cpp, line 759]
Event: 18.301 Thread 0x00000232fefea240 Exception <a 'java/lang/NoSuchMethodError'{0x00000000a755af90}: 'int java.lang.invoke.DirectMethodHandle$Holder.invokeSpecial(java.lang.Object, java.lang.Object, java.lang.Object, int)'> (0x00000000a755af90) 
thrown [s\open\src\hotspot\share\interpreter\linkResolver.cpp, line 759]
Event: 18.301 Thread 0x00000232fdd2ce70 Exception <a 'java/lang/NoSuchMethodError'{0x00000000a5af4ad8}: 'int java.lang.invoke.DirectMethodHandle$Holder.invokeSpecial(java.lang.Object, java.lang.Object, java.lang.Object, int)'> (0x00000000a5af4ad8) 
thrown [s\open\src\hotspot\share\interpreter\linkResolver.cpp, line 759]
Event: 18.321 Thread 0x00000232fdd2ce70 Exception <a 'java/lang/NoSuchMethodError'{0x00000000a57bc040}: 'int java.lang.invoke.DirectMethodHandle$Holder.invokeSpecial(java.lang.Object, java.lang.Object, java.lang.Object, int, java.lang.Object)'> (0x00000000a57bc040) 
thrown [s\open\src\hotspot\share\interpreter\linkResolver.cpp, line 759]
Event: 18.321 Thread 0x00000232ff2dce10 Exception <a 'java/lang/NoSuchMethodError'{0x00000000a56c0e68}: 'int java.lang.invoke.DirectMethodHandle$Holder.invokeSpecial(java.lang.Object, java.lang.Object, java.lang.Object, int, java.lang.Object)'> (0x00000000a56c0e68) 
thrown [s\open\src\hotspot\share\interpreter\linkResolver.cpp, line 759]
Event: 18.321 Thread 0x00000232fdd31550 Exception <a 'java/lang/NoSuchMethodError'{0x00000000a544c428}: 'int java.lang.invoke.DirectMethodHandle$Holder.invokeSpecial(java.lang.Object, java.lang.Object, java.lang.Object, int, java.lang.Object)'> (0x00000000a544c428) 
thrown [s\open\src\hotspot\share\interpreter\linkResolver.cpp, line 759]
Event: 18.321 Thread 0x00000232ff082b30 Exception <a 'java/lang/NoSuchMethodError'{0x00000000a52e8be8}: 'int java.lang.invoke.DirectMethodHandle$Holder.invokeSpecial(java.lang.Object, java.lang.Object, java.lang.Object, int, java.lang.Object)'> (0x00000000a52e8be8) 
thrown [s\open\src\hotspot\share\interpreter\linkResolver.cpp, line 759]
Event: 18.321 Thread 0x00000232ff2d5eb0 Exception <a 'java/lang/NoSuchMethodError'{0x00000000a6334d18}: 'int java.lang.invoke.DirectMethodHandle$Holder.invokeSpecial(java.lang.Object, java.lang.Object, java.lang.Object, int, java.lang.Object)'> (0x00000000a6334d18) 
thrown [s\open\src\hotspot\share\interpreter\linkResolver.cpp, line 759]
Event: 18.321 Thread 0x00000232feac7ef0 Exception <a 'java/lang/NoSuchMethodError'{0x00000000a554efd0}: 'int java.lang.invoke.DirectMethodHandle$Holder.invokeSpecial(java.lang.Object, java.lang.Object, java.lang.Object, int, java.lang.Object)'> (0x00000000a554efd0) 
thrown [s\open\src\hotspot\share\interpreter\linkResolver.cpp, line 759]
Event: 18.321 Thread 0x00000232fdd2c960 Exception <a 'java/lang/NoSuchMethodError'{0x00000000a5b7c510}: 'int java.lang.invoke.DirectMethodHandle$Holder.invokeSpecial(java.lang.Object, java.lang.Object, java.lang.Object, int, java.lang.Object)'> (0x00000000a5b7c510) 
thrown [s\open\src\hotspot\share\interpreter\linkResolver.cpp, line 759]
Event: 18.400 Thread 0x00000232c841c930 Exception <a 'java/lang/NoSuchMethodError'{0x00000000a4cc8ea8}: 'java.lang.Object java.lang.invoke.DirectMethodHandle$Holder.invokeSpecial(java.lang.Object, java.lang.Object, java.lang.Object, java.lang.Object, java.lang.Object, java.lang.Object, java.lang.Object, java.lang.Object, java.lang.Object, java.lang.Object, java.lang.Object)'> (0x00000000a4cc8ea8) 
thrown [s\open\src\hotspot\share\interpreter\linkResolver.cpp, line 759]
Event: 18.402 Thread 0x00000232c841c930 Exception <a 'java/lang/NoSuchMethodError'{0x00000000a4cd4038}: 'java.lang.Object java.lang.invoke.DirectMethodHandle$Holder.newInvokeSpecial(java.lang.Object, java.lang.Object, java.lang.Object, java.lang.Object, java.lang.Object, java.lang.Object, java.lang.Object, java.lang.Object, java.lang.Object, java.lang.Object)'> (0x00000000a4cd4038) 
thrown [s\open\src\hotspot\share\interpreter\linkResolver.cpp, line 759]
Event: 18.404 Thread 0x00000232c841c930 Exception <a 'java/lang/NoSuchMethodError'{0x00000000a4cd8b88}: 'java.lang.Object java.lang.invoke.Invokers$Holder.linkToTargetMethod(java.lang.Object, java.lang.Object, java.lang.Object, java.lang.Object, java.lang.Object, java.lang.Object, java.lang.Object, java.lang.Object, java.lang.Object, java.lang.Object)'> (0x00000000a4cd8b88) 
thrown [s\open\src\hotspot\share\interpreter\linkResolver.cpp, line 759]
Event: 18.405 Thread 0x00000232c841c930 Exception <a 'java/lang/NoSuchMethodError'{0x00000000a4cdcda0}: 'int java.lang.invoke.DirectMethodHandle$Holder.invokeSpecial(java.lang.Object, java.lang.Object, int)'> (0x00000000a4cdcda0) 
thrown [s\open\src\hotspot\share\interpreter\linkResolver.cpp, line 759]
Event: 18.421 Thread 0x00000232c3e71d40 Exception <a 'java/lang/NoSuchMethodError'{0x00000000a3d0f700}: 'java.lang.Object java.lang.invoke.DirectMethodHandle$Holder.invokeInterface(java.lang.Object, java.lang.Object, int)'> (0x00000000a3d0f700) 
thrown [s\open\src\hotspot\share\interpreter\linkResolver.cpp, line 759]
Event: 18.448 Thread 0x00000232c841c930 Exception <a 'java/lang/IncompatibleClassChangeError'{0x00000000a3be3bc8}: Found class java.lang.Object, but interface was expected> (0x00000000a3be3bc8) 
thrown [s\open\src\hotspot\share\interpreter\linkResolver.cpp, line 826]
Event: 18.645 Thread 0x00000232c3657900 Exception <a 'java/lang/NoSuchMethodError'{0x00000000a6459c88}: 'void java.lang.invoke.DirectMethodHandle$Holder.invokeSpecialIFC(java.lang.Object, java.lang.Object, java.lang.Object, java.lang.Object)'> (0x00000000a6459c88) 
thrown [s\open\src\hotspot\share\interpreter\linkResolver.cpp, line 759]

VM Operations (20 events):
Event: 18.381 Executing VM operation: HandshakeAllThreads done
Event: 18.387 Executing VM operation: HandshakeAllThreads
Event: 18.387 Executing VM operation: HandshakeAllThreads done
Event: 18.423 Executing VM operation: ICBufferFull
Event: 18.426 Executing VM operation: ICBufferFull done
Event: 18.426 Executing VM operation: HandshakeAllThreads
Event: 18.427 Executing VM operation: HandshakeAllThreads done
Event: 18.453 Executing VM operation: HandshakeAllThreads
Event: 18.454 Executing VM operation: HandshakeAllThreads done
Event: 18.474 Executing VM operation: HandshakeAllThreads
Event: 18.476 Executing VM operation: HandshakeAllThreads done
Event: 18.524 Executing VM operation: ICBufferFull
Event: 18.524 Executing VM operation: ICBufferFull done
Event: 18.596 Executing VM operation: G1CollectForAllocation
Event: 18.616 Executing VM operation: G1CollectForAllocation done
Event: 18.667 Executing VM operation: ICBufferFull
Event: 18.670 Executing VM operation: ICBufferFull done
Event: 18.793 Executing VM operation: ICBufferFull
Event: 18.795 Executing VM operation: ICBufferFull done
Event: 18.814 Executing VM operation: G1CollectForAllocation

Events (20 events):
Event: 17.417 Thread 0x00000232f48ae090 flushing nmethod 0x00000232def16610
Event: 17.417 Thread 0x00000232f48ae090 flushing nmethod 0x00000232def26a90
Event: 17.417 Thread 0x00000232f48ae090 flushing nmethod 0x00000232def33310
Event: 17.418 Thread 0x00000232f48ae090 flushing nmethod 0x00000232def90f10
Event: 17.418 Thread 0x00000232f48ae090 flushing nmethod 0x00000232def93c10
Event: 17.418 Thread 0x00000232f48ae090 flushing nmethod 0x00000232def94b90
Event: 17.418 Thread 0x00000232f48ae090 flushing nmethod 0x00000232defa1890
Event: 17.418 Thread 0x00000232f48ae090 flushing nmethod 0x00000232defa1c10
Event: 18.248 loading class java/util/SortedSet$1
Event: 18.248 loading class java/util/SortedSet$1 done
Event: 18.254 loading class java/util/stream/SliceOps
Event: 18.255 loading class java/util/stream/SliceOps done
Event: 18.255 loading class java/util/stream/SliceOps$1
Event: 18.255 loading class java/util/stream/SliceOps$1 done
Event: 18.258 loading class java/util/stream/SliceOps$1$1
Event: 18.259 loading class java/util/stream/SliceOps$1$1 done
Event: 18.284 loading class java/util/PriorityQueue
Event: 18.284 loading class java/util/PriorityQueue done
Event: 18.297 loading class java/util/IdentityHashMap$ValueIterator
Event: 18.297 loading class java/util/IdentityHashMap$ValueIterator done


Dynamic libraries:
0x00007ff72ce90000 - 0x00007ff72cea0000 	C:\Program Files\Java\jdk-17\bin\java.exe
0x00007ffd93b20000 - 0x00007ffd93d87000 	C:\WINDOWS\SYSTEM32\ntdll.dll
0x00007ffd92430000 - 0x00007ffd924fb000 	C:\WINDOWS\System32\KERNEL32.DLL
0x00007ffd91430000 - 0x00007ffd91832000 	C:\WINDOWS\System32\KERNELBASE.dll
0x00007ffd90f00000 - 0x00007ffd9104c000 	C:\WINDOWS\System32\ucrtbase.dll
0x00007ffd8b8e0000 - 0x00007ffd8b8fb000 	C:\Program Files\Java\jdk-17\bin\VCRUNTIME140.dll
0x00007ffd8b8c0000 - 0x00007ffd8b8d9000 	C:\Program Files\Java\jdk-17\bin\jli.dll
0x00007ffd91840000 - 0x00007ffd918fc000 	C:\WINDOWS\System32\ADVAPI32.dll
0x00007ffd91910000 - 0x00007ffd919b9000 	C:\WINDOWS\System32\msvcrt.dll
0x00007ffd91f50000 - 0x00007ffd91ff9000 	C:\WINDOWS\System32\sechost.dll
0x00007ffd93670000 - 0x00007ffd93788000 	C:\WINDOWS\System32\RPCRT4.dll
0x00007ffd93810000 - 0x00007ffd939df000 	C:\WINDOWS\System32\USER32.dll
0x00007ffd75380000 - 0x00007ffd75610000 	C:\WINDOWS\WinSxS\amd64_microsoft.windows.common-controls_6595b64144ccf1df_6.0.26100.9278_none_3e0d1ba8e3303201\COMCTL32.dll
0x00007ffd91400000 - 0x00007ffd91427000 	C:\WINDOWS\System32\win32u.dll
0x00007ffd92110000 - 0x00007ffd9213b000 	C:\WINDOWS\System32\GDI32.dll
0x00007ffd90d20000 - 0x00007ffd90e49000 	C:\WINDOWS\System32\gdi32full.dll
0x00007ffd90e50000 - 0x00007ffd90ef3000 	C:\WINDOWS\System32\msvcp_win.dll
0x00007ffd88f50000 - 0x00007ffd88f5b000 	C:\WINDOWS\SYSTEM32\VERSION.dll
0x00007ffd933c0000 - 0x00007ffd933f1000 	C:\WINDOWS\System32\IMM32.DLL
0x00007ffd8b960000 - 0x00007ffd8b96c000 	C:\Program Files\Java\jdk-17\bin\vcruntime140_1.dll
0x00007ffd50ec0000 - 0x00007ffd50f4e000 	C:\Program Files\Java\jdk-17\bin\msvcp140.dll
0x00007ffd22f50000 - 0x00007ffd23b30000 	C:\Program Files\Java\jdk-17\bin\server\jvm.dll
0x00007ffd91f40000 - 0x00007ffd91f48000 	C:\WINDOWS\System32\PSAPI.DLL
0x00007ffd81220000 - 0x00007ffd8122a000 	C:\WINDOWS\SYSTEM32\WSOCK32.dll
0x00007ffd826a0000 - 0x00007ffd826d6000 	C:\WINDOWS\SYSTEM32\WINMM.dll
0x00007ffd93a50000 - 0x00007ffd93ad0000 	C:\WINDOWS\System32\WS2_32.dll
0x00007ffd8f9b0000 - 0x00007ffd8f9cb000 	C:\WINDOWS\SYSTEM32\kernel.appcore.dll
0x00007ffd8b8b0000 - 0x00007ffd8b8ba000 	C:\Program Files\Java\jdk-17\bin\jimage.dll
0x00007ffd8e260000 - 0x00007ffd8e4ac000 	C:\WINDOWS\SYSTEM32\DBGHELP.DLL
0x00007ffd92e00000 - 0x00007ffd93185000 	C:\WINDOWS\System32\combase.dll
0x00007ffd93490000 - 0x00007ffd93569000 	C:\WINDOWS\System32\OLEAUT32.dll
0x00007ffd79ef0000 - 0x00007ffd79f2b000 	C:\WINDOWS\SYSTEM32\dbgcore.DLL
0x00007ffd910f0000 - 0x00007ffd9119c000 	C:\WINDOWS\System32\bcryptPrimitives.dll
0x00007ffd8b880000 - 0x00007ffd8b8a5000 	C:\Program Files\Java\jdk-17\bin\java.dll
0x00007ffd22e70000 - 0x00007ffd22f47000 	C:\Program Files\Java\jdk-17\bin\jsvml.dll
0x00007ffd92660000 - 0x00007ffd92df8000 	C:\WINDOWS\System32\SHELL32.dll
0x00007ffd8e740000 - 0x00007ffd8efee000 	C:\WINDOWS\SYSTEM32\windows.storage.dll
0x00007ffd93570000 - 0x00007ffd9366b000 	C:\WINDOWS\System32\SHCORE.dll
0x00007ffd92340000 - 0x00007ffd923a6000 	C:\WINDOWS\System32\shlwapi.dll
0x00007ffd90c40000 - 0x00007ffd90c69000 	C:\WINDOWS\SYSTEM32\profapi.dll
0x00007ffd5ea10000 - 0x00007ffd5ea29000 	C:\Program Files\Java\jdk-17\bin\net.dll
0x00007ffd8ae00000 - 0x00007ffd8af2a000 	C:\WINDOWS\SYSTEM32\WINHTTP.dll
0x00007ffd8ff50000 - 0x00007ffd8ffbc000 	C:\WINDOWS\system32\mswsock.dll
0x00007ffd5bac0000 - 0x00007ffd5bad6000 	C:\Program Files\Java\jdk-17\bin\nio.dll
0x00007ffd55110000 - 0x00007ffd55128000 	C:\Program Files\Java\jdk-17\bin\zip.dll
0x00007ffd88f20000 - 0x00007ffd88f30000 	C:\Program Files\Java\jdk-17\bin\verify.dll
0x00007ffce9700000 - 0x00007ffce9727000 	C:\Users\ASUS\.gradle\native\e1d6ef7f7dcc3fd88c89a11ec53ec762bb8ba0a96d01ffa2cd45eb1d1d8dd5c5\windows-amd64\native-platform.dll
0x00007ffcf2a10000 - 0x00007ffcf2b54000 	C:\Users\ASUS\.gradle\native\0d407fdbe67a94daf76414ababcb853783967236a71b16ec16e742cd7a986fd3\windows-amd64\native-platform-file-events.dll
0x00007ffd668b0000 - 0x00007ffd668ba000 	C:\Program Files\Java\jdk-17\bin\management.dll
0x00007ffd5ea00000 - 0x00007ffd5ea0b000 	C:\Program Files\Java\jdk-17\bin\management_ext.dll
0x00007ffd90370000 - 0x00007ffd9038b000 	C:\WINDOWS\SYSTEM32\CRYPTSP.dll
0x00007ffd8f910000 - 0x00007ffd8f949000 	C:\WINDOWS\system32\rsaenh.dll
0x00007ffd90000000 - 0x00007ffd90034000 	C:\WINDOWS\SYSTEM32\USERENV.dll
0x00007ffd90c10000 - 0x00007ffd90c3a000 	C:\WINDOWS\SYSTEM32\bcrypt.dll
0x00007ffd901b0000 - 0x00007ffd901bc000 	C:\WINDOWS\SYSTEM32\CRYPTBASE.dll
0x00007ffd8f3b0000 - 0x00007ffd8f3e3000 	C:\WINDOWS\SYSTEM32\IPHLPAPI.DLL
0x00007ffd91f30000 - 0x00007ffd91f3a000 	C:\WINDOWS\System32\NSI.dll
0x00007ffd8b000000 - 0x00007ffd8b01d000 	C:\WINDOWS\SYSTEM32\dhcpcsvc6.DLL
0x00007ffd8afd0000 - 0x00007ffd8aff5000 	C:\WINDOWS\SYSTEM32\dhcpcsvc.DLL
0x00007ffd8f450000 - 0x00007ffd8f5a8000 	C:\WINDOWS\SYSTEM32\DNSAPI.dll
0x00007ffd8fd70000 - 0x00007ffd8fd7d000 	C:\WINDOWS\SYSTEM32\DSPARSE.dll
0x00007ffd551b0000 - 0x00007ffd551be000 	C:\Program Files\Java\jdk-17\bin\sunmscapi.dll
0x00007ffd911b0000 - 0x00007ffd9132e000 	C:\WINDOWS\System32\CRYPT32.dll
0x00007ffd904e0000 - 0x00007ffd90510000 	C:\WINDOWS\SYSTEM32\ncrypt.dll
0x00007ffd90490000 - 0x00007ffd904cf000 	C:\WINDOWS\SYSTEM32\NTASN1.dll
0x00007ffd777e0000 - 0x00007ffd777e8000 	C:\WINDOWS\system32\wshunix.dll

dbghelp: loaded successfully - version: 4.0.5 - missing functions: none
symbol engine: initialized successfully - sym options: 0x614 - pdb path: .;C:\Program Files\Java\jdk-17\bin;C:\WINDOWS\SYSTEM32;C:\WINDOWS\WinSxS\amd64_microsoft.windows.common-controls_6595b64144ccf1df_6.0.26100.9278_none_3e0d1ba8e3303201;C:\Program Files\Java\jdk-17\bin\server;C:\Users\ASUS\.gradle\native\e1d6ef7f7dcc3fd88c89a11ec53ec762bb8ba0a96d01ffa2cd45eb1d1d8dd5c5\windows-amd64;C:\Users\ASUS\.gradle\native\0d407fdbe67a94daf76414ababcb853783967236a71b16ec16e742cd7a986fd3\windows-amd64

VM Arguments:
jvm_args: --add-opens=java.base/java.util=ALL-UNNAMED --add-opens=java.base/java.lang=ALL-UNNAMED --add-opens=java.base/java.lang.invoke=ALL-UNNAMED --add-opens=java.base/java.util=ALL-UNNAMED --add-opens=java.prefs/java.util.prefs=ALL-UNNAMED --add-opens=java.prefs/java.util.prefs=ALL-UNNAMED --add-opens=java.base/java.nio.charset=ALL-UNNAMED --add-opens=java.base/java.net=ALL-UNNAMED --add-opens=java.base/java.util.concurrent.atomic=ALL-UNNAMED -Xmx2048m -Dfile.encoding=UTF-8 -Duser.country=US -Duser.language=en -Duser.variant 
java_command: org.gradle.launcher.daemon.bootstrap.GradleDaemon 7.4
java_class_path (initial): C:\Users\ASUS\.gradle\wrapper\dists\gradle-7.4-bin\c0gwcg53nkjbqw7r0h0umtfvt\gradle-7.4\lib\gradle-launcher-7.4.jar
Launcher Type: SUN_STANDARD

[Global flags]
     intx CICompilerCount                          = 12                                        {product} {ergonomic}
     uint ConcGCThreads                            = 3                                         {product} {ergonomic}
     uint G1ConcRefinementThreads                  = 13                                        {product} {ergonomic}
   size_t G1HeapRegionSize                         = 1048576                                   {product} {ergonomic}
    uintx GCDrainStackTargetSize                   = 64                                        {product} {ergonomic}
   size_t InitialHeapSize                          = 266338304                                 {product} {ergonomic}
   size_t MarkStackSize                            = 4194304                                   {product} {ergonomic}
   size_t MaxHeapSize                              = 2147483648                                {product} {command line}
   size_t MaxNewSize                               = 1287651328                                {product} {ergonomic}
   size_t MinHeapDeltaBytes                        = 1048576                                   {product} {ergonomic}
   size_t MinHeapSize                              = 8388608                                   {product} {ergonomic}
    uintx NonNMethodCodeHeapSize                   = 7602480                                {pd product} {ergonomic}
    uintx NonProfiledCodeHeapSize                  = 122027880                              {pd product} {ergonomic}
    uintx ProfiledCodeHeapSize                     = 122027880                              {pd product} {ergonomic}
    uintx ReservedCodeCacheSize                    = 251658240                              {pd product} {ergonomic}
     bool SegmentedCodeCache                       = true                                      {product} {ergonomic}
   size_t SoftMaxHeapSize                          = 2147483648                             {manageable} {ergonomic}
     bool UseCompressedClassPointers               = true                           {product lp64_product} {ergonomic}
     bool UseCompressedOops                        = true                           {product lp64_product} {ergonomic}
     bool UseG1GC                                  = true                                      {product} {ergonomic}
     bool UseLargePagesIndividualAllocation        = false                                  {pd product} {ergonomic}

Logging:
Log output configuration:
 #0: stdout all=warning uptime,level,tags
 #1: stderr all=off uptime,level,tags

Environment Variables:
PATH=C:\Program Files\NVIDIA GPU Computing Toolkit\CUDA\v12.6\bin;C:\Program Files\NVIDIA GPU Computing Toolkit\CUDA\v12.6\libnvvp;C:\Program Files\NVIDIA GPU Computing Toolkit\CUDA\v13.3\bin\x64;C:\Program Files\NVIDIA GPU Computing Toolkit\CUDA\v13.3\bin;c:\Users\ASUS\AppData\Local\Programs\cursor\resources\app\bin;C:\Program Files\Common Files\Oracle\Java\javapath;C:\WINDOWS\system32;C:\WINDOWS;C:\WINDOWS\System32\Wbem;C:\WINDOWS\System32\WindowsPowerShell\v1.0\;C:\WINDOWS\System32\OpenSSH\;C:\Program Files (x86)\NVIDIA Corporation\PhysX\Common;C:\Program Files\dotnet\;C:\Program Files\Java\jdk-17\bin;C:\Program Files\nodejs\;C:\Program Files\PostgreSQL\17\bin;C:\Program Files\Git\cmd;C:\Users\ASUS\AppData\Local\Programs\Python\Launcher\;C:\Users\ASUS\scoop\shims;C:\Users\ASUS\AppData\Local\Microsoft\WindowsApps;C:\Users\ASUS\AppData\Roaming\npm;C:\Users\ASUS\AppData\Local\Programs\Python\Python313;C:\Users\ASUS\AppData\Local\Programs\Python\Python313\Scripts;C:\Users\ASUS\AppData\Local\Programs\cursor\resources\app\bin;c:\Users\ASUS\AppData\Local\Programs\cursor\resources\app\bin;C:\Program Files\Git\cmd;C:\Program Files\NVIDIA Corporation\NVIDIA App\NvDLISR;C:\Program Files (x86)\BaseX\bin;C:\Program Files\Apache\apache-maven-3.9.12\bin;C:\Program Files\Docker\Docker\resources\bin;C:\tools\rtk-x86_64-pc-windows-msvc;C:\Program Files\NVIDIA Corporation\Nsight Compute 2024.3.0\;C:\Program Files\NVIDIA GPU Computing Toolkit\CUDA\v12.6\bin;C:\Program Files\NVIDIA GPU Computing Toolkit\CUDA\v12.6\libnvvp;C:\Program Files\NVIDIA GPU Computing Toolkit\CUDA\v13.3\bin\x64;C:\Program Files\NVIDIA GPU Computing Toolkit\CUDA\v13.3\bin;c:\Users\ASUS\AppData\Local\Programs\cursor\resources\app\bin;C:\Program Files\Common Files\Oracle\Java\javapath;C:\WINDOWS\system32;C:\WINDOWS;C:\WINDOWS\System32\Wbem;C:\WINDOWS\System32\WindowsPowerShell\v1.0\;C:\WINDOWS\System32\OpenSSH\;C:\Program Files (x86)\NVIDIA Corporation\PhysX\Common;C:\Program Files\dotnet\;C:\Program Files\Java\jdk
USERNAME=ASUS
OS=Windows_NT
PROCESSOR_IDENTIFIER=AMD64 Family 25 Model 68 Stepping 1, AuthenticAMD



---------------  S Y S T E M  ---------------

OS:
 Windows 11 , 64 bit Build 26100 (10.0.26100.9444)
OS uptime: 0 days 0:23 hours
Hyper-V role detected

CPU: total 16 (initial active 16) (16 cores per cpu, 2 threads per core) family 25 model 68 stepping 1 microcode 0xa404107, cx8, cmov, fxsr, ht, mmx, 3dnowpref, sse, sse2, sse3, ssse3, sse4a, sse4.1, sse4.2, popcnt, lzcnt, tsc, tscinvbit, avx, avx2, aes, erms, clmul, bmi1, bmi2, adx, sha, fma, vzeroupper, clflush, clflushopt, hv

Memory: 4k page, system-wide physical 16202M (595M free)
TotalPageFile size 24489M (AvailPageFile size 89M)
current process WorkingSet (physical memory assigned to process): 1091M, peak: 1093M
current process commit charge ("private bytes"): 1197M, peak: 1665M

vm_info: Java HotSpot(TM) 64-Bit Server VM (17.0.12+8-LTS-286) for windows-amd64 JRE (17.0.12+8-LTS-286), built on Jun  5 2024 06:46:59 by "mach5one" with MS VC++ 17.6 (VS2022)

END.
