#
# There is insufficient memory for the Java Runtime Environment to continue.
# Native memory allocation (malloc) failed to allocate 1301184 bytes for Chunk::new
# Possible reasons:
#   The system is out of physical RAM or swap space
#   The process is running with CompressedOops enabled, and the Java Heap may be blocking the growth of the native heap
# Possible solutions:
#   Reduce memory load on the system
#   Increase physical memory or swap space
#   Check if swap backing store is full
#   Decrease Java heap size (-Xmx/-Xms)
#   Decrease number of Java threads
#   Decrease Java thread stack sizes (-Xss)
#   Set larger code cache with -XX:ReservedCodeCacheSize=
#   JVM is running with Unscaled Compressed Oops mode in which the Java heap is
#     placed in the first 4GB address space. The Java Heap base address is the
#     maximum limit for the native heap growth. Please use -XX:HeapBaseMinAddress
#     to set the Java Heap base and to place the Java Heap above 4GB virtual address.
# This output file may be truncated or incomplete.
#
#  Out of Memory Error (arena.cpp:189), pid=30748, tid=29096
#
# JRE version: Java(TM) SE Runtime Environment (17.0.12+8) (build 17.0.12+8-LTS-286)
# Java VM: Java HotSpot(TM) 64-Bit Server VM (17.0.12+8-LTS-286, mixed mode, sharing, tiered, compressed oops, compressed class ptrs, g1 gc, windows-amd64)
# No core dump will be written. Minidumps are not enabled by default on client versions of Windows
#

---------------  S U M M A R Y ------------

Command Line: --add-opens=java.base/java.util=ALL-UNNAMED --add-opens=java.base/java.lang=ALL-UNNAMED --add-opens=java.base/java.lang.invoke=ALL-UNNAMED --add-opens=java.base/java.util=ALL-UNNAMED --add-opens=java.prefs/java.util.prefs=ALL-UNNAMED --add-opens=java.prefs/java.util.prefs=ALL-UNNAMED --add-opens=java.base/java.nio.charset=ALL-UNNAMED --add-opens=java.base/java.net=ALL-UNNAMED --add-opens=java.base/java.util.concurrent.atomic=ALL-UNNAMED -Xmx2048m -Dfile.encoding=UTF-8 -Duser.country=US -Duser.language=en -Duser.variant org.gradle.launcher.daemon.bootstrap.GradleDaemon 7.4

Host: AMD Ryzen 7 7435HS                             , 16 cores, 15G,  Windows 11 , 64 bit Build 26100 (10.0.26100.9444)
Time: Tue Sep 29 12:39:40 2026 Sri Lanka Standard Time elapsed time: 40.639789 seconds (0d 0h 0m 40s)

---------------  T H R E A D  ---------------

Current thread (0x0000027c3a91a5c0):  JavaThread "C2 CompilerThread0" daemon [_thread_in_native, id=29096, stack(0x000000f001a00000,0x000000f001b00000)]


Current CompileTask:
C2:  40639 17187   !   4       java.nio.file.FileTreeWalker::next (144 bytes)

Stack: [0x000000f001a00000,0x000000f001b00000]
Native frames: (J=compiled Java code, j=interpreted, Vv=VM code, C=native code)
V  [jvm.dll+0x67a04a]
V  [jvm.dll+0x7da4ed]
V  [jvm.dll+0x7dbe33]
V  [jvm.dll+0x7dc4a3]
V  [jvm.dll+0x24508f]
V  [jvm.dll+0xab773]
V  [jvm.dll+0xabd3c]
V  [jvm.dll+0x361bee]
V  [jvm.dll+0x1ba45a]
V  [jvm.dll+0x216997]
V  [jvm.dll+0x215c6f]
V  [jvm.dll+0x1a2960]
V  [jvm.dll+0x22610b]
V  [jvm.dll+0x2242ab]
V  [jvm.dll+0x79075c]
V  [jvm.dll+0x78abea]
V  [jvm.dll+0x678f35]
C  [ucrtbase.dll+0x2cd30]
C  [KERNEL32.DLL+0x2cd87]
C  [ntdll.dll+0xacaec]


---------------  P R O C E S S  ---------------

Threads class SMR info:
_java_thread_list=0x0000027c06ba0150, length=250, elements={
0x0000027c1beacb10, 0x0000027c3a8fa940, 0x0000027c3a8fae20, 0x0000027c3a90eee0,
0x0000027c3a90f3c0, 0x0000027c3a90f8a0, 0x0000027c3a913d90, 0x0000027c3a91a5c0,
0x0000027c3a933b10, 0x0000027c3a93fd30, 0x0000027c7c19eff0, 0x0000027c7c19eae0,
0x0000027c7c1a0430, 0x0000027c7c19f500, 0x0000027c7c19fa10, 0x0000027c7c19ff20,
0x0000027c7c1a0940, 0x0000027c7c19e0c0, 0x0000027c7c1a0e50, 0x0000027c7c1a1360,
0x0000027c7c1a1870, 0x0000027c7c19e5d0, 0x0000027c7de7dec0, 0x0000027c7de7d4a0,
0x0000027c7de7cf90, 0x0000027c7de7e8e0, 0x0000027c7de7f300, 0x0000027c7de7c060,
0x0000027c7de7c570, 0x0000027c7de7d9b0, 0x0000027c7de7f810, 0x0000027c7de7fd20,
0x0000027c7de80230, 0x0000027c7de7ca80, 0x0000027c7de80740, 0x0000027c7de82090,
0x0000027c7de825a0, 0x0000027c7de81670, 0x0000027c7de82fc0, 0x0000027c7de834d0,
0x0000027c7de839e0, 0x0000027c04c62f20, 0x0000027c04c64360, 0x0000027c04c63430,
0x0000027c04c62a10, 0x0000027c04c64870, 0x0000027c04c64d80, 0x0000027c04c61ae0,
0x0000027c04c63940, 0x0000027c04c61ff0, 0x0000027c04c63e50, 0x0000027c04c615d0,
0x0000027c04c65290, 0x0000027c04c657a0, 0x0000027c04c65cb0, 0x0000027c04c62500,
0x0000027c04c68f50, 0x0000027c04c666d0, 0x0000027c04c68530, 0x0000027c04c68a40,
0x0000027c04c66be0, 0x0000027c04c67600, 0x0000027c04c661c0, 0x0000027c04c670f0,
0x0000027c04c67b10, 0x0000027c04c68020, 0x0000027c7daf7fa0, 0x0000027c7daf6b60,
0x0000027c7daf6650, 0x0000027c7daf8ed0, 0x0000027c7daf7070, 0x0000027c7daf89c0,
0x0000027c7daf84b0, 0x0000027c7daf5c30, 0x0000027c7daf93e0, 0x0000027c7daf7580,
0x0000027c7daf6140, 0x0000027c7daf7a90, 0x0000027c04f49890, 0x0000027c04f4a2b0,
0x0000027c04f4acd0, 0x0000027c04f4b1e0, 0x0000027c04f4bc00, 0x0000027c04f49da0,
0x0000027c04f4c620, 0x0000027c04f4c110, 0x0000027c04f48e70, 0x0000027c04f4cb30,
0x0000027c04f4a7c0, 0x0000027c04f4b6f0, 0x0000027c04f49380, 0x0000027c04f4d040,
0x0000027c04f4eea0, 0x0000027c04f4d550, 0x0000027c04f4da60, 0x0000027c04f4e990,
0x0000027c04f4fdd0, 0x0000027c04f4f3b0, 0x0000027c04f4df70, 0x0000027c04f4e480,
0x0000027c04f507f0, 0x0000027c04f4f8c0, 0x0000027c04f502e0, 0x0000027c047cab20,
0x0000027c047cc470, 0x0000027c047c96e0, 0x0000027c047ca610, 0x0000027c047c8cc0,
0x0000027c047cba50, 0x0000027c047c9bf0, 0x0000027c047cc980, 0x0000027c047cb540,
0x0000027c047cbf60, 0x0000027c047c91d0, 0x0000027c047cb030, 0x0000027c047cce90,
0x0000027c047cd3a0, 0x0000027c047cd8b0, 0x0000027c047ca100, 0x0000027c047cddc0,
0x0000027c047d0640, 0x0000027c047cf710, 0x0000027c047ce2d0, 0x0000027c047ce7e0,
0x0000027c047cfc20, 0x0000027c047cecf0, 0x0000027c047d0130, 0x0000027c047cf200,
0x0000027c05d24d90, 0x0000027c05d252a0, 0x0000027c05d28030, 0x0000027c05d27b20,
0x0000027c05d26bf0, 0x0000027c05d27100, 0x0000027c05d257b0, 0x0000027c05d24880,
0x0000027c05d266e0, 0x0000027c05d28540, 0x0000027c05d27610, 0x0000027c05d28a50,
0x0000027c05d261d0, 0x0000027c05d28f60, 0x0000027c05d29470, 0x0000027c05d25cc0,
0x0000027c05d29980, 0x0000027c05d2b2d0, 0x0000027c05d2adc0, 0x0000027c05d2a3a0,
0x0000027c05d2b7e0, 0x0000027c05d29e90, 0x0000027c05d2bcf0, 0x0000027c05d2a8b0,
0x0000027c05d2c200, 0x0000027c7c121d90, 0x0000027c7c122cc0, 0x0000027c7c11ff30,
0x0000027c7c121880, 0x0000027c7c1227b0, 0x0000027c7c120950, 0x0000027c7c1231d0,
0x0000027c7c1236e0, 0x0000027c7c123bf0, 0x0000027c7c1222a0, 0x0000027c7c120440,
0x0000027c7c124100, 0x0000027c7c124610, 0x0000027c7c120e60, 0x0000027c7c124b20,
0x0000027c7c121370, 0x0000027c7c126470, 0x0000027c7c125a50, 0x0000027c7c125540,
0x0000027c7c125f60, 0x0000027c7c126980, 0x0000027c7c126e90, 0x0000027c7c125030,
0x0000027c7c1273a0, 0x0000027c7c1278b0, 0x0000027c7c0f6a10, 0x0000027c7c0f6f20,
0x0000027c7c0f4bb0, 0x0000027c7c0f3770, 0x0000027c7c0f46a0, 0x0000027c7c0f4190,
0x0000027c7c0f50c0, 0x0000027c7c0f7430, 0x0000027c7c0f55d0, 0x0000027c7c0f5ae0,
0x0000027c7c0f5ff0, 0x0000027c7c0f6500, 0x0000027c7c0f3c80, 0x0000027c7c0f9cb0,
0x0000027c7c0fa6d0, 0x0000027c7c0f8d80, 0x0000027c7c0fb0f0, 0x0000027c7c0fabe0,
0x0000027c7c0f9290, 0x0000027c7c0f7940, 0x0000027c7c0f7e50, 0x0000027c7c0f8360,
0x0000027c05dd0c90, 0x0000027c05dcd9f0, 0x0000027c05dcf340, 0x0000027c05dcd4e0,
0x0000027c05dd1bc0, 0x0000027c05dce920, 0x0000027c05dd4440, 0x0000027c05dd16b0,
0x0000027c05dd3a20, 0x0000027c05dd3f30, 0x0000027c05dd3000, 0x0000027c05dd3510,
0x0000027c05dd4950, 0x0000027c05dd11a0, 0x0000027c7de7e3d0, 0x0000027c7de82ab0,
0x0000027c0500caa0, 0x0000027c0500c080, 0x0000027c0500cfb0, 0x0000027c0500d4c0,
0x0000027c0500b150, 0x0000027c0500e900, 0x0000027c0aac4a40, 0x0000027c0aac4f50,
0x0000027c0aac5970, 0x0000027c0821e160, 0x0000027c0821c810, 0x0000027c0821cd20,
0x0000027c0821d740, 0x0000027c0821d230, 0x0000027c0821dc50, 0x0000027c0b19ef50,
0x0000027c0a6d13b0, 0x0000027c081bf800, 0x0000027c081bede0, 0x0000027c081bf2f0,
0x0000027c7c2974a0, 0x0000027c7c296a80, 0x0000027c7d26aa70, 0x0000027c0aac5460,
0x0000027c09cd9520, 0x0000027c088c24f0, 0x0000027c0b1a08a0, 0x0000027c0b19fe80,
0x0000027c0b19e530, 0x0000027c7c2979b0, 0x0000027c08154fa0, 0x0000027c7c30e420,
0x0000027c7c3113f0, 0x0000027c7c30e970
}

Java Threads: ( => current thread )
  0x0000027c1beacb10 JavaThread "main" [_thread_blocked, id=1504, stack(0x000000f000d00000,0x000000f000e00000)]
  0x0000027c3a8fa940 JavaThread "Reference Handler" daemon [_thread_blocked, id=28300, stack(0x000000f001400000,0x000000f001500000)]
  0x0000027c3a8fae20 JavaThread "Finalizer" daemon [_thread_blocked, id=10584, stack(0x000000f001500000,0x000000f001600000)]
  0x0000027c3a90eee0 JavaThread "Signal Dispatcher" daemon [_thread_blocked, id=28620, stack(0x000000f001600000,0x000000f001700000)]
  0x0000027c3a90f3c0 JavaThread "Attach Listener" daemon [_thread_blocked, id=28064, stack(0x000000f001700000,0x000000f001800000)]
  0x0000027c3a90f8a0 JavaThread "Service Thread" daemon [_thread_blocked, id=6092, stack(0x000000f001800000,0x000000f001900000)]
  0x0000027c3a913d90 JavaThread "Monitor Deflation Thread" daemon [_thread_blocked, id=9684, stack(0x000000f001900000,0x000000f001a00000)]
=>0x0000027c3a91a5c0 JavaThread "C2 CompilerThread0" daemon [_thread_in_native, id=29096, stack(0x000000f001a00000,0x000000f001b00000)]
  0x0000027c3a933b10 JavaThread "C1 CompilerThread0" daemon [_thread_blocked, id=7760, stack(0x000000f001b00000,0x000000f001c00000)]
  0x0000027c3a93fd30 JavaThread "Sweeper thread" daemon [_thread_blocked, id=30992, stack(0x000000f001c00000,0x000000f001d00000)]
  0x0000027c7c19eff0 JavaThread "Common-Cleaner" daemon [_thread_blocked, id=16272, stack(0x000000f001e00000,0x000000f001f00000)]
  0x0000027c7c19eae0 JavaThread "Notification Thread" daemon [_thread_blocked, id=19380, stack(0x000000f001f00000,0x000000f002000000)]
  0x0000027c7c1a0430 JavaThread "Daemon health stats" [_thread_blocked, id=22668, stack(0x000000f002b00000,0x000000f002c00000)]
  0x0000027c7c19f500 JavaThread "Incoming local TCP Connector on port 55378" [_thread_in_native, id=14580, stack(0x000000f002300000,0x000000f002400000)]
  0x0000027c7c19fa10 JavaThread "Daemon periodic checks" [_thread_blocked, id=16996, stack(0x000000f002c00000,0x000000f002d00000)]
  0x0000027c7c19ff20 JavaThread "Daemon" [_thread_blocked, id=26076, stack(0x000000f002d00000,0x000000f002e00000)]
  0x0000027c7c1a0940 JavaThread "Handler for socket connection from /127.0.0.1:55378 to /127.0.0.1:55379" [_thread_in_native, id=7540, stack(0x000000f002e00000,0x000000f002f00000)]
  0x0000027c7c19e0c0 JavaThread "Cancel handler" [_thread_blocked, id=27168, stack(0x000000f002f00000,0x000000f003000000)]
  0x0000027c7c1a0e50 JavaThread "Daemon worker" [_thread_blocked, id=16056, stack(0x000000f003000000,0x000000f003100000)]
  0x0000027c7c1a1360 JavaThread "Asynchronous log dispatcher for DefaultDaemonConnection: socket connection from /127.0.0.1:55378 to /127.0.0.1:55379" [_thread_blocked, id=23460, stack(0x000000f003100000,0x000000f003200000)]
  0x0000027c7c1a1870 JavaThread "Stdin handler" [_thread_blocked, id=9940, stack(0x000000f003200000,0x000000f003300000)]
  0x0000027c7c19e5d0 JavaThread "Daemon client event forwarder" [_thread_blocked, id=32628, stack(0x000000f003300000,0x000000f003400000)]
  0x0000027c7de7dec0 JavaThread "Cache worker for journal cache (C:\Users\ASUS\.gradle\caches\journal-1)" [_thread_blocked, id=19804, stack(0x000000f002200000,0x000000f002300000)]
  0x0000027c7de7d4a0 JavaThread "File lock request listener" [_thread_in_native, id=23616, stack(0x000000f003400000,0x000000f003500000)]
  0x0000027c7de7cf90 JavaThread "Cache worker for file hash cache (C:\Users\ASUS\.gradle\caches\7.4\fileHashes)" [_thread_blocked, id=9816, stack(0x000000f003500000,0x000000f003600000)]
  0x0000027c7de7e8e0 JavaThread "File watcher server" daemon [_thread_in_native, id=22672, stack(0x000000f003800000,0x000000f003900000)]
  0x0000027c7de7f300 JavaThread "File watcher consumer" daemon [_thread_in_Java, id=740, stack(0x000000f003900000,0x000000f003a00000)]
  0x0000027c7de7c060 JavaThread "Cache worker for checksums cache (D:\OneDrive - University of Westminster\Documents\GitHub\ViMusic\.gradle\7.4\checksums)" [_thread_blocked, id=17480, stack(0x000000f003a00000,0x000000f003b00000)]
  0x0000027c7de7c570 JavaThread "Cache worker for cache directory md-rule (C:\Users\ASUS\.gradle\caches\7.4\md-rule)" [_thread_blocked, id=5824, stack(0x000000f003b00000,0x000000f003c00000)]
  0x0000027c7de7d9b0 JavaThread "Cache worker for file hash cache (D:\OneDrive - University of Westminster\Documents\GitHub\ViMusic\.gradle\7.4\fileHashes)" [_thread_blocked, id=24772, stack(0x000000f003c00000,0x000000f003d00000)]
  0x0000027c7de7f810 JavaThread "Cache worker for cache directory md-supplier (C:\Users\ASUS\.gradle\caches\7.4\md-supplier)" [_thread_blocked, id=21172, stack(0x000000f003d00000,0x000000f003e00000)]
  0x0000027c7de7fd20 JavaThread "Cache worker for execution history cache (C:\Users\ASUS\.gradle\caches\7.4\executionHistory)" [_thread_blocked, id=35216, stack(0x000000f004700000,0x000000f004800000)]
  0x0000027c7de80230 JavaThread "Cache worker for kotlin-dsl (C:\Users\ASUS\.gradle\caches\7.4\kotlin-dsl)" [_thread_blocked, id=23540, stack(0x000000f004900000,0x000000f004a00000)]
  0x0000027c7de7ca80 JavaThread "jar transforms" [_thread_blocked, id=32656, stack(0x000000f004c00000,0x000000f004d00000)]
  0x0000027c7de80740 JavaThread "Cache worker for dependencies-accessors (D:\OneDrive - University of Westminster\Documents\GitHub\ViMusic\.gradle\7.4\dependencies-accessors)" [_thread_blocked, id=23440, stack(0x000000f004d00000,0x000000f004e00000)]
  0x0000027c7de82090 JavaThread "Cache worker for Build Output Cleanup Cache (D:\OneDrive - University of Westminster\Documents\GitHub\ViMusic\.gradle\buildOutputCleanup)" [_thread_blocked, id=5304, stack(0x000000f004e00000,0x000000f004f00000)]
  0x0000027c7de825a0 JavaThread "jar transforms Thread 2" [_thread_blocked, id=28276, stack(0x000000f004f00000,0x000000f005000000)]
  0x0000027c7de81670 JavaThread "Unconstrained build operations" [_thread_blocked, id=9148, stack(0x000000f004a00000,0x000000f004b00000)]
  0x0000027c7de82fc0 JavaThread "Unconstrained build operations Thread 2" [_thread_blocked, id=18528, stack(0x000000f004b00000,0x000000f004c00000)]
  0x0000027c7de834d0 JavaThread "Unconstrained build operations Thread 3" [_thread_blocked, id=26232, stack(0x000000f005000000,0x000000f005100000)]
  0x0000027c7de839e0 JavaThread "Unconstrained build operations Thread 4" [_thread_blocked, id=18060, stack(0x000000f005100000,0x000000f005200000)]
  0x0000027c04c62f20 JavaThread "Unconstrained build operations Thread 5" [_thread_blocked, id=35680, stack(0x000000f005200000,0x000000f005300000)]
  0x0000027c04c64360 JavaThread "Unconstrained build operations Thread 6" [_thread_blocked, id=13316, stack(0x000000f005300000,0x000000f005400000)]
  0x0000027c04c63430 JavaThread "Unconstrained build operations Thread 7" [_thread_blocked, id=2768, stack(0x000000f005400000,0x000000f005500000)]
  0x0000027c04c62a10 JavaThread "Unconstrained build operations Thread 8" [_thread_blocked, id=13796, stack(0x000000f005500000,0x000000f005600000)]
  0x0000027c04c64870 JavaThread "Unconstrained build operations Thread 9" [_thread_blocked, id=24172, stack(0x000000f005600000,0x000000f005700000)]
  0x0000027c04c64d80 JavaThread "Unconstrained build operations Thread 10" [_thread_blocked, id=15000, stack(0x000000f005700000,0x000000f005800000)]
  0x0000027c04c61ae0 JavaThread "Unconstrained build operations Thread 11" [_thread_blocked, id=22964, stack(0x000000f005800000,0x000000f005900000)]
  0x0000027c04c63940 JavaThread "Unconstrained build operations Thread 12" [_thread_blocked, id=29764, stack(0x000000f005900000,0x000000f005a00000)]
  0x0000027c04c61ff0 JavaThread "Unconstrained build operations Thread 13" [_thread_blocked, id=33464, stack(0x000000f005a00000,0x000000f005b00000)]
  0x0000027c04c63e50 JavaThread "Unconstrained build operations Thread 14" [_thread_blocked, id=28484, stack(0x000000f005b00000,0x000000f005c00000)]
  0x0000027c04c615d0 JavaThread "Unconstrained build operations Thread 15" [_thread_blocked, id=20624, stack(0x000000f005c00000,0x000000f005d00000)]
  0x0000027c04c65290 JavaThread "Unconstrained build operations Thread 16" [_thread_blocked, id=35880, stack(0x000000f005d00000,0x000000f005e00000)]
  0x0000027c04c657a0 JavaThread "Unconstrained build operations Thread 17" [_thread_blocked, id=11888, stack(0x000000f005e00000,0x000000f005f00000)]
  0x0000027c04c65cb0 JavaThread "Unconstrained build operations Thread 18" [_thread_blocked, id=34484, stack(0x000000f005f00000,0x000000f006000000)]
  0x0000027c04c62500 JavaThread "Unconstrained build operations Thread 19" [_thread_blocked, id=35536, stack(0x000000f006000000,0x000000f006100000)]
  0x0000027c04c68f50 JavaThread "Unconstrained build operations Thread 20" [_thread_blocked, id=22256, stack(0x000000f006100000,0x000000f006200000)]
  0x0000027c04c666d0 JavaThread "Unconstrained build operations Thread 21" [_thread_blocked, id=10232, stack(0x000000f006200000,0x000000f006300000)]
  0x0000027c04c68530 JavaThread "Unconstrained build operations Thread 22" [_thread_blocked, id=33112, stack(0x000000f006300000,0x000000f006400000)]
  0x0000027c04c68a40 JavaThread "Unconstrained build operations Thread 23" [_thread_blocked, id=21468, stack(0x000000f006400000,0x000000f006500000)]
  0x0000027c04c66be0 JavaThread "Unconstrained build operations Thread 24" [_thread_blocked, id=16540, stack(0x000000f006500000,0x000000f006600000)]
  0x0000027c04c67600 JavaThread "Unconstrained build operations Thread 25" [_thread_blocked, id=5324, stack(0x000000f006600000,0x000000f006700000)]
  0x0000027c04c661c0 JavaThread "Unconstrained build operations Thread 26" [_thread_blocked, id=24604, stack(0x000000f006700000,0x000000f006800000)]
  0x0000027c04c670f0 JavaThread "Unconstrained build operations Thread 27" [_thread_blocked, id=33172, stack(0x000000f006800000,0x000000f006900000)]
  0x0000027c04c67b10 JavaThread "Unconstrained build operations Thread 28" [_thread_blocked, id=16508, stack(0x000000f006900000,0x000000f006a00000)]
  0x0000027c04c68020 JavaThread "Unconstrained build operations Thread 29" [_thread_blocked, id=4064, stack(0x000000f006a00000,0x000000f006b00000)]
  0x0000027c7daf7fa0 JavaThread "Unconstrained build operations Thread 30" [_thread_blocked, id=6176, stack(0x000000f006b00000,0x000000f006c00000)]
  0x0000027c7daf6b60 JavaThread "Unconstrained build operations Thread 31" [_thread_blocked, id=6632, stack(0x000000f006c00000,0x000000f006d00000)]
  0x0000027c7daf6650 JavaThread "Unconstrained build operations Thread 32" [_thread_blocked, id=35532, stack(0x000000f006d00000,0x000000f006e00000)]
  0x0000027c7daf8ed0 JavaThread "Unconstrained build operations Thread 33" [_thread_blocked, id=7288, stack(0x000000f006e00000,0x000000f006f00000)]
  0x0000027c7daf7070 JavaThread "Unconstrained build operations Thread 34" [_thread_blocked, id=30848, stack(0x000000f006f00000,0x000000f007000000)]
  0x0000027c7daf89c0 JavaThread "Unconstrained build operations Thread 35" [_thread_blocked, id=8184, stack(0x000000f007000000,0x000000f007100000)]
  0x0000027c7daf84b0 JavaThread "Unconstrained build operations Thread 36" [_thread_blocked, id=23788, stack(0x000000f007100000,0x000000f007200000)]
  0x0000027c7daf5c30 JavaThread "Unconstrained build operations Thread 37" [_thread_blocked, id=2936, stack(0x000000f007200000,0x000000f007300000)]
  0x0000027c7daf93e0 JavaThread "Unconstrained build operations Thread 38" [_thread_blocked, id=11228, stack(0x000000f007300000,0x000000f007400000)]
  0x0000027c7daf7580 JavaThread "Unconstrained build operations Thread 39" [_thread_blocked, id=27720, stack(0x000000f007400000,0x000000f007500000)]
  0x0000027c7daf6140 JavaThread "Unconstrained build operations Thread 40" [_thread_blocked, id=7836, stack(0x000000f007500000,0x000000f007600000)]
  0x0000027c7daf7a90 JavaThread "Unconstrained build operations Thread 41" [_thread_blocked, id=17788, stack(0x000000f007600000,0x000000f007700000)]
  0x0000027c04f49890 JavaThread "Unconstrained build operations Thread 42" [_thread_blocked, id=36236, stack(0x000000f007700000,0x000000f007800000)]
  0x0000027c04f4a2b0 JavaThread "Unconstrained build operations Thread 43" [_thread_blocked, id=25404, stack(0x000000f007800000,0x000000f007900000)]
  0x0000027c04f4acd0 JavaThread "Unconstrained build operations Thread 44" [_thread_blocked, id=9232, stack(0x000000f007900000,0x000000f007a00000)]
  0x0000027c04f4b1e0 JavaThread "Unconstrained build operations Thread 45" [_thread_blocked, id=20424, stack(0x000000f007a00000,0x000000f007b00000)]
  0x0000027c04f4bc00 JavaThread "Unconstrained build operations Thread 46" [_thread_blocked, id=21460, stack(0x000000f007b00000,0x000000f007c00000)]
  0x0000027c04f49da0 JavaThread "Unconstrained build operations Thread 47" [_thread_blocked, id=21900, stack(0x000000f007c00000,0x000000f007d00000)]
  0x0000027c04f4c620 JavaThread "Unconstrained build operations Thread 48" [_thread_blocked, id=424, stack(0x000000f007d00000,0x000000f007e00000)]
  0x0000027c04f4c110 JavaThread "Unconstrained build operations Thread 49" [_thread_blocked, id=18652, stack(0x000000f007e00000,0x000000f007f00000)]
  0x0000027c04f48e70 JavaThread "Unconstrained build operations Thread 50" [_thread_blocked, id=36688, stack(0x000000f007f00000,0x000000f008000000)]
  0x0000027c04f4cb30 JavaThread "Unconstrained build operations Thread 51" [_thread_blocked, id=19716, stack(0x000000f008000000,0x000000f008100000)]
  0x0000027c04f4a7c0 JavaThread "Unconstrained build operations Thread 52" [_thread_blocked, id=16408, stack(0x000000f008100000,0x000000f008200000)]
  0x0000027c04f4b6f0 JavaThread "Unconstrained build operations Thread 53" [_thread_blocked, id=19012, stack(0x000000f008200000,0x000000f008300000)]
  0x0000027c04f49380 JavaThread "Unconstrained build operations Thread 54" [_thread_blocked, id=19092, stack(0x000000f008300000,0x000000f008400000)]
  0x0000027c04f4d040 JavaThread "Unconstrained build operations Thread 55" [_thread_blocked, id=15760, stack(0x000000f008400000,0x000000f008500000)]
  0x0000027c04f4eea0 JavaThread "Unconstrained build operations Thread 56" [_thread_blocked, id=35008, stack(0x000000f008500000,0x000000f008600000)]
  0x0000027c04f4d550 JavaThread "Unconstrained build operations Thread 57" [_thread_blocked, id=30860, stack(0x000000f008600000,0x000000f008700000)]
  0x0000027c04f4da60 JavaThread "Unconstrained build operations Thread 58" [_thread_blocked, id=2736, stack(0x000000f008700000,0x000000f008800000)]
  0x0000027c04f4e990 JavaThread "Unconstrained build operations Thread 59" [_thread_blocked, id=13012, stack(0x000000f008800000,0x000000f008900000)]
  0x0000027c04f4fdd0 JavaThread "Unconstrained build operations Thread 60" [_thread_blocked, id=17524, stack(0x000000f008900000,0x000000f008a00000)]
  0x0000027c04f4f3b0 JavaThread "Unconstrained build operations Thread 61" [_thread_blocked, id=13004, stack(0x000000f008a00000,0x000000f008b00000)]
  0x0000027c04f4df70 JavaThread "Unconstrained build operations Thread 62" [_thread_blocked, id=9764, stack(0x000000f008b00000,0x000000f008c00000)]
  0x0000027c04f4e480 JavaThread "Unconstrained build operations Thread 63" [_thread_blocked, id=12872, stack(0x000000f008c00000,0x000000f008d00000)]
  0x0000027c04f507f0 JavaThread "Unconstrained build operations Thread 64" [_thread_blocked, id=31864, stack(0x000000f008d00000,0x000000f008e00000)]
  0x0000027c04f4f8c0 JavaThread "Unconstrained build operations Thread 65" [_thread_blocked, id=16440, stack(0x000000f008e00000,0x000000f008f00000)]
  0x0000027c04f502e0 JavaThread "Unconstrained build operations Thread 66" [_thread_blocked, id=30432, stack(0x000000f008f00000,0x000000f009000000)]
  0x0000027c047cab20 JavaThread "Unconstrained build operations Thread 67" [_thread_blocked, id=4388, stack(0x000000f009000000,0x000000f009100000)]
  0x0000027c047cc470 JavaThread "Unconstrained build operations Thread 68" [_thread_blocked, id=28340, stack(0x000000f009100000,0x000000f009200000)]
  0x0000027c047c96e0 JavaThread "Unconstrained build operations Thread 69" [_thread_blocked, id=6156, stack(0x000000f009200000,0x000000f009300000)]
  0x0000027c047ca610 JavaThread "Unconstrained build operations Thread 70" [_thread_blocked, id=21576, stack(0x000000f009300000,0x000000f009400000)]
  0x0000027c047c8cc0 JavaThread "Unconstrained build operations Thread 71" [_thread_blocked, id=20800, stack(0x000000f009400000,0x000000f009500000)]
  0x0000027c047cba50 JavaThread "Unconstrained build operations Thread 72" [_thread_blocked, id=14732, stack(0x000000f009500000,0x000000f009600000)]
  0x0000027c047c9bf0 JavaThread "Unconstrained build operations Thread 73" [_thread_blocked, id=35172, stack(0x000000f009600000,0x000000f009700000)]
  0x0000027c047cc980 JavaThread "Unconstrained build operations Thread 74" [_thread_blocked, id=20168, stack(0x000000f009700000,0x000000f009800000)]
  0x0000027c047cb540 JavaThread "Unconstrained build operations Thread 75" [_thread_blocked, id=36692, stack(0x000000f009800000,0x000000f009900000)]
  0x0000027c047cbf60 JavaThread "Unconstrained build operations Thread 76" [_thread_blocked, id=22444, stack(0x000000f009900000,0x000000f009a00000)]
  0x0000027c047c91d0 JavaThread "Unconstrained build operations Thread 77" [_thread_blocked, id=33008, stack(0x000000f009a00000,0x000000f009b00000)]
  0x0000027c047cb030 JavaThread "Unconstrained build operations Thread 78" [_thread_blocked, id=12264, stack(0x000000f009b00000,0x000000f009c00000)]
  0x0000027c047cce90 JavaThread "Unconstrained build operations Thread 79" [_thread_blocked, id=5860, stack(0x000000f009c00000,0x000000f009d00000)]
  0x0000027c047cd3a0 JavaThread "Unconstrained build operations Thread 80" [_thread_blocked, id=4728, stack(0x000000f009d00000,0x000000f009e00000)]
  0x0000027c047cd8b0 JavaThread "Unconstrained build operations Thread 81" [_thread_blocked, id=22204, stack(0x000000f009e00000,0x000000f009f00000)]
  0x0000027c047ca100 JavaThread "Unconstrained build operations Thread 82" [_thread_blocked, id=21240, stack(0x000000f009f00000,0x000000f00a000000)]
  0x0000027c047cddc0 JavaThread "Unconstrained build operations Thread 83" [_thread_blocked, id=23524, stack(0x000000f00a000000,0x000000f00a100000)]
  0x0000027c047d0640 JavaThread "Unconstrained build operations Thread 84" [_thread_blocked, id=8312, stack(0x000000f00a100000,0x000000f00a200000)]
  0x0000027c047cf710 JavaThread "Unconstrained build operations Thread 85" [_thread_blocked, id=34716, stack(0x000000f00a200000,0x000000f00a300000)]
  0x0000027c047ce2d0 JavaThread "Unconstrained build operations Thread 86" [_thread_blocked, id=18620, stack(0x000000f00a300000,0x000000f00a400000)]
  0x0000027c047ce7e0 JavaThread "Unconstrained build operations Thread 87" [_thread_blocked, id=8212, stack(0x000000f00a400000,0x000000f00a500000)]
  0x0000027c047cfc20 JavaThread "Unconstrained build operations Thread 88" [_thread_blocked, id=23396, stack(0x000000f00a500000,0x000000f00a600000)]
  0x0000027c047cecf0 JavaThread "Unconstrained build operations Thread 89" [_thread_blocked, id=9224, stack(0x000000f00a600000,0x000000f00a700000)]
  0x0000027c047d0130 JavaThread "Unconstrained build operations Thread 90" [_thread_blocked, id=8724, stack(0x000000f00a700000,0x000000f00a800000)]
  0x0000027c047cf200 JavaThread "Unconstrained build operations Thread 91" [_thread_blocked, id=12920, stack(0x000000f00a800000,0x000000f00a900000)]
  0x0000027c05d24d90 JavaThread "Unconstrained build operations Thread 92" [_thread_blocked, id=30916, stack(0x000000f00a900000,0x000000f00aa00000)]
  0x0000027c05d252a0 JavaThread "Unconstrained build operations Thread 93" [_thread_blocked, id=13292, stack(0x000000f00aa00000,0x000000f00ab00000)]
  0x0000027c05d28030 JavaThread "Unconstrained build operations Thread 94" [_thread_blocked, id=13880, stack(0x000000f00ab00000,0x000000f00ac00000)]
  0x0000027c05d27b20 JavaThread "Unconstrained build operations Thread 95" [_thread_blocked, id=20384, stack(0x000000f00ac00000,0x000000f00ad00000)]
  0x0000027c05d26bf0 JavaThread "Unconstrained build operations Thread 96" [_thread_blocked, id=25920, stack(0x000000f00ad00000,0x000000f00ae00000)]
  0x0000027c05d27100 JavaThread "Unconstrained build operations Thread 97" [_thread_blocked, id=12896, stack(0x000000f00ae00000,0x000000f00af00000)]
  0x0000027c05d257b0 JavaThread "Unconstrained build operations Thread 98" [_thread_blocked, id=9756, stack(0x000000f00af00000,0x000000f00b000000)]
  0x0000027c05d24880 JavaThread "Unconstrained build operations Thread 99" [_thread_blocked, id=16436, stack(0x000000f00b000000,0x000000f00b100000)]
  0x0000027c05d266e0 JavaThread "Unconstrained build operations Thread 100" [_thread_blocked, id=3340, stack(0x000000f00b100000,0x000000f00b200000)]
  0x0000027c05d28540 JavaThread "Unconstrained build operations Thread 101" [_thread_blocked, id=12452, stack(0x000000f00b200000,0x000000f00b300000)]
  0x0000027c05d27610 JavaThread "Unconstrained build operations Thread 102" [_thread_blocked, id=18228, stack(0x000000f00b300000,0x000000f00b400000)]
  0x0000027c05d28a50 JavaThread "Unconstrained build operations Thread 103" [_thread_blocked, id=33760, stack(0x000000f00b400000,0x000000f00b500000)]
  0x0000027c05d261d0 JavaThread "Unconstrained build operations Thread 104" [_thread_blocked, id=23136, stack(0x000000f00b500000,0x000000f00b600000)]
  0x0000027c05d28f60 JavaThread "Unconstrained build operations Thread 105" [_thread_blocked, id=3252, stack(0x000000f00b600000,0x000000f00b700000)]
  0x0000027c05d29470 JavaThread "Unconstrained build operations Thread 106" [_thread_blocked, id=13084, stack(0x000000f00b700000,0x000000f00b800000)]
  0x0000027c05d25cc0 JavaThread "Unconstrained build operations Thread 107" [_thread_blocked, id=36828, stack(0x000000f00b800000,0x000000f00b900000)]
  0x0000027c05d29980 JavaThread "Unconstrained build operations Thread 108" [_thread_blocked, id=20780, stack(0x000000f00b900000,0x000000f00ba00000)]
  0x0000027c05d2b2d0 JavaThread "Unconstrained build operations Thread 109" [_thread_blocked, id=14964, stack(0x000000f00ba00000,0x000000f00bb00000)]
  0x0000027c05d2adc0 JavaThread "Unconstrained build operations Thread 110" [_thread_blocked, id=2712, stack(0x000000f00bb00000,0x000000f00bc00000)]
  0x0000027c05d2a3a0 JavaThread "Unconstrained build operations Thread 111" [_thread_blocked, id=36740, stack(0x000000f00bc00000,0x000000f00bd00000)]
  0x0000027c05d2b7e0 JavaThread "Unconstrained build operations Thread 112" [_thread_blocked, id=30832, stack(0x000000f00bd00000,0x000000f00be00000)]
  0x0000027c05d29e90 JavaThread "Unconstrained build operations Thread 113" [_thread_blocked, id=17956, stack(0x000000f00be00000,0x000000f00bf00000)]
  0x0000027c05d2bcf0 JavaThread "Unconstrained build operations Thread 114" [_thread_blocked, id=34900, stack(0x000000f00bf00000,0x000000f00c000000)]
  0x0000027c05d2a8b0 JavaThread "Unconstrained build operations Thread 115" [_thread_blocked, id=4576, stack(0x000000f00c000000,0x000000f00c100000)]
  0x0000027c05d2c200 JavaThread "Unconstrained build operations Thread 116" [_thread_blocked, id=29812, stack(0x000000f00c100000,0x000000f00c200000)]
  0x0000027c7c121d90 JavaThread "Unconstrained build operations Thread 117" [_thread_blocked, id=8584, stack(0x000000f00c200000,0x000000f00c300000)]
  0x0000027c7c122cc0 JavaThread "Unconstrained build operations Thread 118" [_thread_blocked, id=28096, stack(0x000000f00c300000,0x000000f00c400000)]
  0x0000027c7c11ff30 JavaThread "Unconstrained build operations Thread 119" [_thread_blocked, id=29252, stack(0x000000f00c400000,0x000000f00c500000)]
  0x0000027c7c121880 JavaThread "Unconstrained build operations Thread 120" [_thread_blocked, id=6840, stack(0x000000f00c500000,0x000000f00c600000)]
  0x0000027c7c1227b0 JavaThread "Unconstrained build operations Thread 121" [_thread_blocked, id=24512, stack(0x000000f00c600000,0x000000f00c700000)]
  0x0000027c7c120950 JavaThread "Unconstrained build operations Thread 122" [_thread_blocked, id=13300, stack(0x000000f00c700000,0x000000f00c800000)]
  0x0000027c7c1231d0 JavaThread "Unconstrained build operations Thread 123" [_thread_blocked, id=20928, stack(0x000000f00c800000,0x000000f00c900000)]
  0x0000027c7c1236e0 JavaThread "Unconstrained build operations Thread 124" [_thread_blocked, id=34492, stack(0x000000f00c900000,0x000000f00ca00000)]
  0x0000027c7c123bf0 JavaThread "Unconstrained build operations Thread 125" [_thread_blocked, id=14884, stack(0x000000f00ca00000,0x000000f00cb00000)]
  0x0000027c7c1222a0 JavaThread "Unconstrained build operations Thread 126" [_thread_blocked, id=12248, stack(0x000000f00cb00000,0x000000f00cc00000)]
  0x0000027c7c120440 JavaThread "Unconstrained build operations Thread 127" [_thread_blocked, id=3548, stack(0x000000f00cc00000,0x000000f00cd00000)]
  0x0000027c7c124100 JavaThread "Unconstrained build operations Thread 128" [_thread_blocked, id=33868, stack(0x000000f00cd00000,0x000000f00ce00000)]
  0x0000027c7c124610 JavaThread "Unconstrained build operations Thread 129" [_thread_blocked, id=9868, stack(0x000000f00ce00000,0x000000f00cf00000)]
  0x0000027c7c120e60 JavaThread "Unconstrained build operations Thread 130" [_thread_blocked, id=15476, stack(0x000000f00cf00000,0x000000f00d000000)]
  0x0000027c7c124b20 JavaThread "Unconstrained build operations Thread 131" [_thread_blocked, id=25684, stack(0x000000f00d000000,0x000000f00d100000)]
  0x0000027c7c121370 JavaThread "Unconstrained build operations Thread 132" [_thread_blocked, id=8220, stack(0x000000f00d100000,0x000000f00d200000)]
  0x0000027c7c126470 JavaThread "Unconstrained build operations Thread 133" [_thread_blocked, id=11820, stack(0x000000f00d200000,0x000000f00d300000)]
  0x0000027c7c125a50 JavaThread "Unconstrained build operations Thread 134" [_thread_blocked, id=15752, stack(0x000000f00d300000,0x000000f00d400000)]
  0x0000027c7c125540 JavaThread "Unconstrained build operations Thread 135" [_thread_blocked, id=25852, stack(0x000000f00d400000,0x000000f00d500000)]
  0x0000027c7c125f60 JavaThread "Unconstrained build operations Thread 136" [_thread_blocked, id=17668, stack(0x000000f00d500000,0x000000f00d600000)]
  0x0000027c7c126980 JavaThread "Unconstrained build operations Thread 137" [_thread_blocked, id=27036, stack(0x000000f00d600000,0x000000f00d700000)]
  0x0000027c7c126e90 JavaThread "Unconstrained build operations Thread 138" [_thread_blocked, id=11356, stack(0x000000f00d700000,0x000000f00d800000)]
  0x0000027c7c125030 JavaThread "Unconstrained build operations Thread 139" [_thread_blocked, id=16808, stack(0x000000f00d800000,0x000000f00d900000)]
  0x0000027c7c1273a0 JavaThread "Unconstrained build operations Thread 140" [_thread_blocked, id=29248, stack(0x000000f00d900000,0x000000f00da00000)]
  0x0000027c7c1278b0 JavaThread "Unconstrained build operations Thread 141" [_thread_blocked, id=22500, stack(0x000000f00da00000,0x000000f00db00000)]
  0x0000027c7c0f6a10 JavaThread "Unconstrained build operations Thread 142" [_thread_blocked, id=12328, stack(0x000000f00db00000,0x000000f00dc00000)]
  0x0000027c7c0f6f20 JavaThread "Unconstrained build operations Thread 143" [_thread_blocked, id=33432, stack(0x000000f00dc00000,0x000000f00dd00000)]
  0x0000027c7c0f4bb0 JavaThread "Unconstrained build operations Thread 144" [_thread_blocked, id=18624, stack(0x000000f00dd00000,0x000000f00de00000)]
  0x0000027c7c0f3770 JavaThread "Unconstrained build operations Thread 145" [_thread_blocked, id=14112, stack(0x000000f00de00000,0x000000f00df00000)]
  0x0000027c7c0f46a0 JavaThread "Unconstrained build operations Thread 146" [_thread_blocked, id=15188, stack(0x000000f00df00000,0x000000f00e000000)]
  0x0000027c7c0f4190 JavaThread "Unconstrained build operations Thread 147" [_thread_blocked, id=28396, stack(0x000000f00e000000,0x000000f00e100000)]
  0x0000027c7c0f50c0 JavaThread "jar transforms Thread 3" [_thread_blocked, id=4688, stack(0x000000f00e100000,0x000000f00e200000)]
  0x0000027c7c0f7430 JavaThread "jar transforms Thread 4" [_thread_blocked, id=31176, stack(0x000000f00e200000,0x000000f00e300000)]
  0x0000027c7c0f55d0 JavaThread "jar transforms Thread 5" [_thread_blocked, id=5252, stack(0x000000f00e300000,0x000000f00e400000)]
  0x0000027c7c0f5ae0 JavaThread "jar transforms Thread 6" [_thread_blocked, id=14936, stack(0x000000f00e400000,0x000000f00e500000)]
  0x0000027c7c0f5ff0 JavaThread "jar transforms Thread 7" [_thread_blocked, id=6360, stack(0x000000f00e500000,0x000000f00e600000)]
  0x0000027c7c0f6500 JavaThread "jar transforms Thread 8" [_thread_blocked, id=12816, stack(0x000000f00e600000,0x000000f00e700000)]
  0x0000027c7c0f3c80 JavaThread "jar transforms Thread 9" [_thread_blocked, id=9996, stack(0x000000f00e700000,0x000000f00e800000)]
  0x0000027c7c0f9cb0 JavaThread "jar transforms Thread 10" [_thread_blocked, id=19228, stack(0x000000f00e800000,0x000000f00e900000)]
  0x0000027c7c0fa6d0 JavaThread "jar transforms Thread 11" [_thread_blocked, id=16948, stack(0x000000f00e900000,0x000000f00ea00000)]
  0x0000027c7c0f8d80 JavaThread "jar transforms Thread 12" [_thread_blocked, id=26848, stack(0x000000f00ea00000,0x000000f00eb00000)]
  0x0000027c7c0fb0f0 JavaThread "jar transforms Thread 13" [_thread_blocked, id=29112, stack(0x000000f00eb00000,0x000000f00ec00000)]
  0x0000027c7c0fabe0 JavaThread "jar transforms Thread 14" [_thread_blocked, id=14472, stack(0x000000f00ec00000,0x000000f00ed00000)]
  0x0000027c7c0f9290 JavaThread "jar transforms Thread 15" [_thread_blocked, id=30064, stack(0x000000f00ed00000,0x000000f00ee00000)]
  0x0000027c7c0f7940 JavaThread "jar transforms Thread 16" [_thread_blocked, id=22180, stack(0x000000f00ee00000,0x000000f00ef00000)]
  0x0000027c7c0f7e50 JavaThread "Cache worker for file content cache (C:\Users\ASUS\.gradle\caches\7.4\fileContent)" [_thread_blocked, id=29276, stack(0x000000f004800000,0x000000f004900000)]
  0x0000027c7c0f8360 JavaThread "Memory manager" [_thread_blocked, id=23988, stack(0x000000f00ef00000,0x000000f00f000000)]
  0x0000027c05dd0c90 JavaThread "Unconstrained build operations Thread 148" [_thread_blocked, id=17544, stack(0x000000f00f200000,0x000000f00f300000)]
  0x0000027c05dcd9f0 JavaThread "Unconstrained build operations Thread 149" [_thread_blocked, id=24372, stack(0x000000f00f300000,0x000000f00f400000)]
  0x0000027c05dcf340 JavaThread "Unconstrained build operations Thread 150" [_thread_blocked, id=25820, stack(0x000000f00f400000,0x000000f00f500000)]
  0x0000027c05dcd4e0 JavaThread "Unconstrained build operations Thread 151" [_thread_blocked, id=27212, stack(0x000000f00f500000,0x000000f00f600000)]
  0x0000027c05dd1bc0 JavaThread "Unconstrained build operations Thread 152" [_thread_blocked, id=20620, stack(0x000000f00f600000,0x000000f00f700000)]
  0x0000027c05dce920 JavaThread "Unconstrained build operations Thread 153" [_thread_blocked, id=11512, stack(0x000000f00f700000,0x000000f00f800000)]
  0x0000027c05dd4440 JavaThread "pool-3-thread-1" [_thread_blocked, id=12936, stack(0x000000f00f800000,0x000000f00f900000)]
  0x0000027c05dd16b0 JavaThread "build event listener" [_thread_blocked, id=19868, stack(0x000000f00f900000,0x000000f00fa00000)]
  0x0000027c05dd3a20 JavaThread "included builds" [_thread_blocked, id=2948, stack(0x000000f00fa00000,0x000000f00fb00000)]
  0x0000027c05dd3f30 JavaThread "Execution worker for ':'" [_thread_blocked, id=35816, stack(0x000000f00fb00000,0x000000f00fc00000)]
  0x0000027c05dd3000 JavaThread "Execution worker for ':' Thread 2" [_thread_blocked, id=13500, stack(0x000000f00fc00000,0x000000f00fd00000)]
  0x0000027c05dd3510 JavaThread "Execution worker for ':' Thread 3" [_thread_blocked, id=19296, stack(0x000000f00fd00000,0x000000f00fe00000)]
  0x0000027c05dd4950 JavaThread "Execution worker for ':' Thread 4" [_thread_blocked, id=26628, stack(0x000000f00fe00000,0x000000f00ff00000)]
  0x0000027c05dd11a0 JavaThread "Execution worker for ':' Thread 5" [_thread_blocked, id=25872, stack(0x000000f00ff00000,0x000000f010000000)]
  0x0000027c7de7e3d0 JavaThread "Execution worker for ':' Thread 6" [_thread_blocked, id=11200, stack(0x000000f010000000,0x000000f010100000)]
  0x0000027c7de82ab0 JavaThread "Execution worker for ':' Thread 7" [_thread_blocked, id=33796, stack(0x000000f010100000,0x000000f010200000)]
  0x0000027c0500caa0 JavaThread "Execution worker for ':' Thread 8" [_thread_blocked, id=7828, stack(0x000000f010200000,0x000000f010300000)]
  0x0000027c0500c080 JavaThread "Execution worker for ':' Thread 9" [_thread_blocked, id=24876, stack(0x000000f010300000,0x000000f010400000)]
  0x0000027c0500cfb0 JavaThread "Execution worker for ':' Thread 10" [_thread_blocked, id=8540, stack(0x000000f010400000,0x000000f010500000)]
  0x0000027c0500d4c0 JavaThread "Execution worker for ':' Thread 11" [_thread_blocked, id=30040, stack(0x000000f010500000,0x000000f010600000)]
  0x0000027c0500b150 JavaThread "Execution worker for ':' Thread 12" [_thread_blocked, id=15496, stack(0x000000f010600000,0x000000f010700000)]
  0x0000027c0500e900 JavaThread "Execution worker for ':' Thread 13" [_thread_blocked, id=36768, stack(0x000000f010700000,0x000000f010800000)]
  0x0000027c0aac4a40 JavaThread "Execution worker for ':' Thread 14" [_thread_blocked, id=9400, stack(0x000000f010800000,0x000000f010900000)]
  0x0000027c0aac4f50 JavaThread "Execution worker for ':' Thread 15" [_thread_blocked, id=30248, stack(0x000000f010900000,0x000000f010a00000)]
  0x0000027c0aac5970 JavaThread "Cache worker for execution history cache (D:\OneDrive - University of Westminster\Documents\GitHub\ViMusic\.gradle\7.4\executionHistory)" [_thread_blocked, id=24028, stack(0x000000f010c00000,0x000000f010d00000)]
  0x0000027c0821e160 JavaThread "Unconstrained build operations Thread 154" [_thread_blocked, id=9936, stack(0x000000f010d00000,0x000000f010e00000)]
  0x0000027c0821c810 JavaThread "Unconstrained build operations Thread 155" [_thread_blocked, id=29036, stack(0x000000f010e00000,0x000000f010f00000)]
  0x0000027c0821cd20 JavaThread "Unconstrained build operations Thread 156" [_thread_blocked, id=26176, stack(0x000000f010f00000,0x000000f011000000)]
  0x0000027c0821d740 JavaThread "Unconstrained build operations Thread 157" [_thread_blocked, id=30252, stack(0x000000f011000000,0x000000f011100000)]
  0x0000027c0821d230 JavaThread "Unconstrained build operations Thread 158" [_thread_blocked, id=20964, stack(0x000000f011100000,0x000000f011200000)]
  0x0000027c0821dc50 JavaThread "Unconstrained build operations Thread 159" [_thread_blocked, id=26260, stack(0x000000f011200000,0x000000f011300000)]
  0x0000027c0b19ef50 JavaThread "Unconstrained build operations Thread 160" [_thread_blocked, id=19412, stack(0x000000f011300000,0x000000f011400000)]
  0x0000027c0a6d13b0 JavaThread "WorkerExecutor Queue" [_thread_blocked, id=10308, stack(0x000000f00f000000,0x000000f00f100000)]
  0x0000027c081bf800 JavaThread "RMI Scheduler(0)" daemon [_thread_blocked, id=31504, stack(0x000000f011400000,0x000000f011500000)]
  0x0000027c081bede0 JavaThread "RMI RenewClean-[127.0.0.1:17394,org.jetbrains.kotlin.daemon.common.LoopbackNetworkInterface$ClientLoopbackSocketFactory@5373ff23]" daemon [_thread_blocked, id=33280, stack(0x000000f011600000,0x000000f011700000)]
  0x0000027c081bf2f0 JavaThread "RMI GC Daemon" daemon [_thread_blocked, id=32700, stack(0x000000f011700000,0x000000f011800000)]
  0x0000027c7c2974a0 JavaThread "RMI TCP Accept-0" daemon [_thread_in_native, id=14860, stack(0x000000f011800000,0x000000f011900000)]
  0x0000027c7c296a80 JavaThread "RMI Reaper" [_thread_blocked, id=15096, stack(0x000000f011900000,0x000000f011a00000)]
  0x0000027c7d26aa70 JavaThread "RMI TCP Connection(1)-127.0.0.1" daemon [_thread_in_native, id=18248, stack(0x000000f011a00000,0x000000f011b00000)]
  0x0000027c0aac5460 JavaThread "WorkerExecutor Queue Thread 2" [_thread_blocked, id=23292, stack(0x000000f011b00000,0x000000f011c00000)]
  0x0000027c09cd9520 JavaThread "WorkerExecutor Queue Thread 3" [_thread_blocked, id=35476, stack(0x000000f011c00000,0x000000f011d00000)]
  0x0000027c088c24f0 JavaThread "WorkerExecutor Queue Thread 4" [_thread_blocked, id=8388, stack(0x000000f011d00000,0x000000f011e00000)]
  0x0000027c0b1a08a0 JavaThread "pool-4-thread-1" [_thread_blocked, id=27120, stack(0x000000f011e00000,0x000000f011f00000)]
  0x0000027c0b19fe80 JavaThread "stderr" [_thread_in_native, id=11996, stack(0x000000f011f00000,0x000000f012000000)]
  0x0000027c0b19e530 JavaThread "stdout" [_thread_in_native, id=11668, stack(0x000000f012000000,0x000000f012100000)]
  0x0000027c7c2979b0 JavaThread "WorkerExecutor Queue Thread 5" [_thread_blocked, id=30824, stack(0x000000f002100000,0x000000f002200000)]
  0x0000027c08154fa0 JavaThread "RMI TCP Connection(2)-127.0.0.1" daemon [_thread_in_native, id=9912, stack(0x000000f002500000,0x000000f002600000)]
  0x0000027c7c30e420 JavaThread "C1 CompilerThread1" daemon [_thread_blocked, id=29524, stack(0x000000f003700000,0x000000f003800000)]
  0x0000027c7c3113f0 JavaThread "C2 CompilerThread1" daemon [_thread_in_native, id=19876, stack(0x000000f00f100000,0x000000f00f200000)]
  0x0000027c7c30e970 JavaThread "C2 CompilerThread2" daemon [_thread_in_native, id=32788, stack(0x000000f011500000,0x000000f011600000)]

Other Threads:
  0x0000027c3a8f6c50 VMThread "VM Thread" [stack: 0x000000f001300000,0x000000f001400000] [id=7704]
  0x0000027c1bf38f20 WatcherThread [stack: 0x000000f002000000,0x000000f002100000] [id=23380]
  0x0000027c1bf0a590 GCTaskThread "GC Thread#0" [stack: 0x000000f000e00000,0x000000f000f00000] [id=16596]
  0x0000027c7d0f8b70 GCTaskThread "GC Thread#1" [stack: 0x000000f002600000,0x000000f002700000] [id=12284]
  0x0000027c7d34ba70 GCTaskThread "GC Thread#2" [stack: 0x000000f002700000,0x000000f002800000] [id=14144]
  0x0000027c7d136480 GCTaskThread "GC Thread#3" [stack: 0x000000f002800000,0x000000f002900000] [id=7992]
  0x0000027c7d166220 GCTaskThread "GC Thread#4" [stack: 0x000000f002900000,0x000000f002a00000] [id=17264]
  0x0000027c7d1664e0 GCTaskThread "GC Thread#5" [stack: 0x000000f002a00000,0x000000f002b00000] [id=23260]
  0x0000027c7dd49640 GCTaskThread "GC Thread#6" [stack: 0x000000f003e00000,0x000000f003f00000] [id=8056]
  0x0000027c7dd49900 GCTaskThread "GC Thread#7" [stack: 0x000000f003f00000,0x000000f004000000] [id=18696]
  0x0000027c7dd4a140 GCTaskThread "GC Thread#8" [stack: 0x000000f004000000,0x000000f004100000] [id=7644]
  0x0000027c7dd490c0 GCTaskThread "GC Thread#9" [stack: 0x000000f004100000,0x000000f004200000] [id=34964]
  0x0000027c7dd4a6c0 GCTaskThread "GC Thread#10" [stack: 0x000000f004200000,0x000000f004300000] [id=18868]
  0x0000027c7dd49bc0 GCTaskThread "GC Thread#11" [stack: 0x000000f004300000,0x000000f004400000] [id=14640]
  0x0000027c7dd4a400 GCTaskThread "GC Thread#12" [stack: 0x000000f004400000,0x000000f004500000] [id=26768]
  0x0000027c1bf1b600 ConcurrentGCThread "G1 Main Marker" [stack: 0x000000f000f00000,0x000000f001000000] [id=35400]
  0x0000027c1bf1cff0 ConcurrentGCThread "G1 Conc#0" [stack: 0x000000f001000000,0x000000f001100000] [id=7588]
  0x0000027c7dd4a980 ConcurrentGCThread "G1 Conc#1" [stack: 0x000000f004500000,0x000000f004600000] [id=25664]
  0x0000027c7dd4ac40 ConcurrentGCThread "G1 Conc#2" [stack: 0x000000f004600000,0x000000f004700000] [id=27380]
  0x0000027c1bf6e2e0 ConcurrentGCThread "G1 Refine#0" [stack: 0x000000f001100000,0x000000f001200000] [id=36532]
  0x0000027c1bf6e5d0 ConcurrentGCThread "G1 Service" [stack: 0x000000f001200000,0x000000f001300000] [id=4740]

Threads with active compile tasks:
C2 CompilerThread0    40685 17187   !   4       java.nio.file.FileTreeWalker::next (144 bytes)
C2 CompilerThread1    40685 17304       4       java.util.TimSort::sort (229 bytes)
C2 CompilerThread2    40686 17221       4       com.google.common.collect.ImmutableSortedMap$Builder::build (87 bytes)

VM state: at safepoint (normal execution)

VM Mutex/Monitor currently owned by a thread:  ([mutex/lock_event])
[0x0000027c19d33d50] Threads_lock - owner thread: 0x0000027c3a8f6c50
[0x0000027c1bea78a0] Heap_lock - owner thread: 0x0000027c1bf1b600

Heap address: 0x0000000080000000, size: 2048 MB, Compressed Oops mode: 32-bit

CDS archive(s) mapped at: [0x0000027c3b000000-0x0000027c3bbd0000-0x0000027c3bbd0000), size 12386304, SharedBaseAddress: 0x0000027c3b000000, ArchiveRelocationMode: 1.
Compressed class space mapped at: 0x0000027c3c000000-0x0000027c7c000000, reserved size: 1073741824
Narrow klass base: 0x0000027c3b000000, Narrow klass shift: 0, Narrow klass range: 0x100000000

GC Precious Log:
 CPUs: 16 total, 16 available
 Memory: 16202M
 Large Page Support: Disabled
 NUMA Support: Disabled
 Compressed Oops: Enabled (32-bit)
 Heap Region Size: 1M
 Heap Min Capacity: 8M
 Heap Initial Capacity: 254M
 Heap Max Capacity: 2G
 Pre-touch: Disabled
 Parallel Workers: 13
 Concurrent Workers: 3
 Concurrent Refinement Workers: 13
 Periodic GC: Disabled

Heap:
 garbage-first heap   total 196608K, used 123572K [0x0000000080000000, 0x0000000100000000)
  region size 1024K, 12 young (12288K), 5 survivors (5120K)
 Metaspace       used 97363K, committed 98176K, reserved 1179648K
  class space    used 13185K, committed 13568K, reserved 1048576K

Heap Regions: E=young(eden), S=young(survivor), O=old, HS=humongous(starts), HC=humongous(continues), CS=collection set, F=free, OA=open archive, CA=closed archive, TAMS=top-at-mark-start (previous, next)
|   0|0x0000000080000000, 0x00000000800ffff8, 0x0000000080100000| 99%| O|  |TAMS 0x00000000800ffff8, 0x0000000080000000| Untracked 
|   1|0x0000000080100000, 0x0000000080200000, 0x0000000080200000|100%| O|  |TAMS 0x0000000080200000, 0x0000000080100000| Untracked 
|   2|0x0000000080200000, 0x0000000080300000, 0x0000000080300000|100%| O|  |TAMS 0x0000000080300000, 0x0000000080200000| Updating 
|   3|0x0000000080300000, 0x0000000080400000, 0x0000000080400000|100%|HS|  |TAMS 0x0000000080400000, 0x0000000080300000| Complete 
|   4|0x0000000080400000, 0x0000000080500000, 0x0000000080500000|100%|HC|  |TAMS 0x0000000080500000, 0x0000000080400000| Complete 
|   5|0x0000000080500000, 0x0000000080600000, 0x0000000080600000|100%|HC|  |TAMS 0x0000000080600000, 0x0000000080500000| Complete 
|   6|0x0000000080600000, 0x0000000080700000, 0x0000000080700000|100%| O|  |TAMS 0x0000000080700000, 0x0000000080600000| Untracked 
|   7|0x0000000080700000, 0x0000000080800000, 0x0000000080800000|100%| O|  |TAMS 0x0000000080800000, 0x0000000080700000| Untracked 
|   8|0x0000000080800000, 0x0000000080900000, 0x0000000080900000|100%| O|  |TAMS 0x0000000080900000, 0x0000000080800000| Untracked 
|   9|0x0000000080900000, 0x0000000080a00000, 0x0000000080a00000|100%| O|  |TAMS 0x0000000080a00000, 0x0000000080900000| Untracked 
|  10|0x0000000080a00000, 0x0000000080b00000, 0x0000000080b00000|100%| O|  |TAMS 0x0000000080b00000, 0x0000000080a00000| Untracked 
|  11|0x0000000080b00000, 0x0000000080c00000, 0x0000000080c00000|100%| O|  |TAMS 0x0000000080c00000, 0x0000000080b00000| Updating 
|  12|0x0000000080c00000, 0x0000000080d00000, 0x0000000080d00000|100%| O|  |TAMS 0x0000000080d00000, 0x0000000080c00000| Untracked 
|  13|0x0000000080d00000, 0x0000000080e00000, 0x0000000080e00000|100%| O|  |TAMS 0x0000000080e00000, 0x0000000080d00000| Untracked 
|  14|0x0000000080e00000, 0x0000000080f00000, 0x0000000080f00000|100%| O|  |TAMS 0x0000000080f00000, 0x0000000080e00000| Untracked 
|  15|0x0000000080f00000, 0x0000000081000000, 0x0000000081000000|100%| O|  |TAMS 0x0000000081000000, 0x0000000080f00000| Untracked 
|  16|0x0000000081000000, 0x0000000081100000, 0x0000000081100000|100%| O|  |TAMS 0x0000000081100000, 0x0000000081000000| Untracked 
|  17|0x0000000081100000, 0x0000000081200000, 0x0000000081200000|100%| O|  |TAMS 0x0000000081200000, 0x0000000081100000| Untracked 
|  18|0x0000000081200000, 0x00000000812ffff8, 0x0000000081300000| 99%| O|  |TAMS 0x00000000812ffff8, 0x0000000081200000| Untracked 
|  19|0x0000000081300000, 0x0000000081400000, 0x0000000081400000|100%| O|  |TAMS 0x0000000081400000, 0x0000000081300000| Untracked 
|  20|0x0000000081400000, 0x0000000081500000, 0x0000000081500000|100%| O|  |TAMS 0x0000000081500000, 0x0000000081400000| Untracked 
|  21|0x0000000081500000, 0x0000000081600000, 0x0000000081600000|100%| O|  |TAMS 0x0000000081600000, 0x0000000081500000| Untracked 
|  22|0x0000000081600000, 0x0000000081700000, 0x0000000081700000|100%| O|  |TAMS 0x0000000081700000, 0x0000000081600000| Untracked 
|  23|0x0000000081700000, 0x0000000081800000, 0x0000000081800000|100%| O|  |TAMS 0x0000000081800000, 0x0000000081700000| Untracked 
|  24|0x0000000081800000, 0x0000000081900000, 0x0000000081900000|100%| O|  |TAMS 0x0000000081900000, 0x0000000081800000| Updating 
|  25|0x0000000081900000, 0x0000000081a00000, 0x0000000081a00000|100%| O|  |TAMS 0x0000000081a00000, 0x0000000081900000| Untracked 
|  26|0x0000000081a00000, 0x0000000081b00000, 0x0000000081b00000|100%| O|  |TAMS 0x0000000081b00000, 0x0000000081a00000| Untracked 
|  27|0x0000000081b00000, 0x0000000081c00000, 0x0000000081c00000|100%| O|  |TAMS 0x0000000081c00000, 0x0000000081b00000| Untracked 
|  28|0x0000000081c00000, 0x0000000081d00000, 0x0000000081d00000|100%| O|  |TAMS 0x0000000081d00000, 0x0000000081c00000| Untracked 
|  29|0x0000000081d00000, 0x0000000081e00000, 0x0000000081e00000|100%| O|  |TAMS 0x0000000081e00000, 0x0000000081d00000| Untracked 
|  30|0x0000000081e00000, 0x0000000081f00000, 0x0000000081f00000|100%| O|  |TAMS 0x0000000081f00000, 0x0000000081e00000| Untracked 
|  31|0x0000000081f00000, 0x0000000082000000, 0x0000000082000000|100%| O|  |TAMS 0x0000000082000000, 0x0000000081f00000| Untracked 
|  32|0x0000000082000000, 0x0000000082100000, 0x0000000082100000|100%| O|  |TAMS 0x0000000082100000, 0x0000000082000000| Untracked 
|  33|0x0000000082100000, 0x0000000082200000, 0x0000000082200000|100%| O|  |TAMS 0x0000000082200000, 0x0000000082100000| Untracked 
|  34|0x0000000082200000, 0x0000000082300000, 0x0000000082300000|100%| O|  |TAMS 0x0000000082300000, 0x0000000082200000| Untracked 
|  35|0x0000000082300000, 0x0000000082400000, 0x0000000082400000|100%| O|  |TAMS 0x0000000082400000, 0x0000000082300000| Updating 
|  36|0x0000000082400000, 0x0000000082500000, 0x0000000082500000|100%|HS|  |TAMS 0x0000000082500000, 0x0000000082400000| Complete 
|  37|0x0000000082500000, 0x0000000082600000, 0x0000000082600000|100%|HS|  |TAMS 0x0000000082600000, 0x0000000082500000| Complete 
|  38|0x0000000082600000, 0x0000000082700000, 0x0000000082700000|100%|HS|  |TAMS 0x0000000082700000, 0x0000000082600000| Complete 
|  39|0x0000000082700000, 0x0000000082800000, 0x0000000082800000|100%|HS|  |TAMS 0x0000000082800000, 0x0000000082700000| Complete 
|  40|0x0000000082800000, 0x0000000082900000, 0x0000000082900000|100%|HC|  |TAMS 0x0000000082900000, 0x0000000082800000| Complete 
|  41|0x0000000082900000, 0x0000000082a00000, 0x0000000082a00000|100%|HC|  |TAMS 0x0000000082a00000, 0x0000000082900000| Complete 
|  42|0x0000000082a00000, 0x0000000082b00000, 0x0000000082b00000|100%|HC|  |TAMS 0x0000000082b00000, 0x0000000082a00000| Complete 
|  43|0x0000000082b00000, 0x0000000082c00000, 0x0000000082c00000|100%| O|  |TAMS 0x0000000082c00000, 0x0000000082b00000| Untracked 
|  44|0x0000000082c00000, 0x0000000082d00000, 0x0000000082d00000|100%| O|  |TAMS 0x0000000082d00000, 0x0000000082c00000| Untracked 
|  45|0x0000000082d00000, 0x0000000082e00000, 0x0000000082e00000|100%| O|  |TAMS 0x0000000082e00000, 0x0000000082d00000| Untracked 
|  46|0x0000000082e00000, 0x0000000082f00000, 0x0000000082f00000|100%| O|  |TAMS 0x0000000082f00000, 0x0000000082e00000| Untracked 
|  47|0x0000000082f00000, 0x0000000083000000, 0x0000000083000000|100%| O|  |TAMS 0x0000000083000000, 0x0000000082f00000| Untracked 
|  48|0x0000000083000000, 0x0000000083100000, 0x0000000083100000|100%| O|  |TAMS 0x0000000083100000, 0x0000000083000000| Untracked 
|  49|0x0000000083100000, 0x0000000083200000, 0x0000000083200000|100%|HS|  |TAMS 0x0000000083200000, 0x0000000083100000| Complete 
|  50|0x0000000083200000, 0x0000000083300000, 0x0000000083300000|100%|HC|  |TAMS 0x0000000083300000, 0x0000000083200000| Complete 
|  51|0x0000000083300000, 0x0000000083400000, 0x0000000083400000|100%| O|  |TAMS 0x0000000083400000, 0x0000000083300000| Updating 
|  52|0x0000000083400000, 0x0000000083500000, 0x0000000083500000|100%| O|  |TAMS 0x0000000083500000, 0x0000000083400000| Untracked 
|  53|0x0000000083500000, 0x0000000083600000, 0x0000000083600000|100%| O|  |TAMS 0x0000000083600000, 0x0000000083500000| Untracked 
|  54|0x0000000083600000, 0x0000000083700000, 0x0000000083700000|100%| O|  |TAMS 0x0000000083700000, 0x0000000083600000| Untracked 
|  55|0x0000000083700000, 0x0000000083800000, 0x0000000083800000|100%| O|  |TAMS 0x0000000083800000, 0x0000000083700000| Updating 
|  56|0x0000000083800000, 0x0000000083900000, 0x0000000083900000|100%| O|  |TAMS 0x0000000083900000, 0x0000000083800000| Untracked 
|  57|0x0000000083900000, 0x0000000083a00000, 0x0000000083a00000|100%| O|  |TAMS 0x0000000083a00000, 0x0000000083900000| Untracked 
|  58|0x0000000083a00000, 0x0000000083b00000, 0x0000000083b00000|100%| O|  |TAMS 0x0000000083b00000, 0x0000000083a00000| Untracked 
|  59|0x0000000083b00000, 0x0000000083c00000, 0x0000000083c00000|100%| O|  |TAMS 0x0000000083c00000, 0x0000000083b00000| Untracked 
|  60|0x0000000083c00000, 0x0000000083d00000, 0x0000000083d00000|100%| O|  |TAMS 0x0000000083d00000, 0x0000000083c00000| Untracked 
|  61|0x0000000083d00000, 0x0000000083e00000, 0x0000000083e00000|100%| O|  |TAMS 0x0000000083e00000, 0x0000000083d00000| Untracked 
|  62|0x0000000083e00000, 0x0000000083f00000, 0x0000000083f00000|100%| O|  |TAMS 0x0000000083f00000, 0x0000000083e00000| Untracked 
|  63|0x0000000083f00000, 0x0000000084000000, 0x0000000084000000|100%| O|  |TAMS 0x0000000084000000, 0x0000000083f00000| Untracked 
|  64|0x0000000084000000, 0x0000000084100000, 0x0000000084100000|100%| O|  |TAMS 0x0000000084100000, 0x0000000084000000| Updating 
|  65|0x0000000084100000, 0x0000000084200000, 0x0000000084200000|100%| O|  |TAMS 0x0000000084200000, 0x0000000084100000| Untracked 
|  66|0x0000000084200000, 0x0000000084300000, 0x0000000084300000|100%| O|  |TAMS 0x0000000084300000, 0x0000000084200000| Untracked 
|  67|0x0000000084300000, 0x0000000084400000, 0x0000000084400000|100%| O|  |TAMS 0x0000000084400000, 0x0000000084300000| Updating 
|  68|0x0000000084400000, 0x0000000084500000, 0x0000000084500000|100%| O|  |TAMS 0x0000000084500000, 0x0000000084400000| Untracked 
|  69|0x0000000084500000, 0x0000000084600000, 0x0000000084600000|100%| O|  |TAMS 0x0000000084600000, 0x0000000084500000| Untracked 
|  70|0x0000000084600000, 0x0000000084700000, 0x0000000084700000|100%| O|  |TAMS 0x0000000084700000, 0x0000000084600000| Untracked 
|  71|0x0000000084700000, 0x0000000084800000, 0x0000000084800000|100%| O|  |TAMS 0x0000000084800000, 0x0000000084700000| Untracked 
|  72|0x0000000084800000, 0x0000000084900000, 0x0000000084900000|100%| O|  |TAMS 0x0000000084900000, 0x0000000084800000| Untracked 
|  73|0x0000000084900000, 0x0000000084a00000, 0x0000000084a00000|100%| O|  |TAMS 0x0000000084a00000, 0x0000000084900000| Untracked 
|  74|0x0000000084a00000, 0x0000000084b00000, 0x0000000084b00000|100%| O|  |TAMS 0x0000000084b00000, 0x0000000084a00000| Untracked 
|  75|0x0000000084b00000, 0x0000000084c00000, 0x0000000084c00000|100%| O|  |TAMS 0x0000000084c00000, 0x0000000084b00000| Untracked 
|  76|0x0000000084c00000, 0x0000000084d00000, 0x0000000084d00000|100%| O|  |TAMS 0x0000000084d00000, 0x0000000084c00000| Untracked 
|  77|0x0000000084d00000, 0x0000000084e00000, 0x0000000084e00000|100%| O|  |TAMS 0x0000000084e00000, 0x0000000084d00000| Updating 
|  78|0x0000000084e00000, 0x0000000084f00000, 0x0000000084f00000|100%| O|  |TAMS 0x0000000084f00000, 0x0000000084e00000| Updating 
|  79|0x0000000084f00000, 0x0000000085000000, 0x0000000085000000|100%| O|  |TAMS 0x0000000085000000, 0x0000000084f00000| Untracked 
|  80|0x0000000085000000, 0x0000000085100000, 0x0000000085100000|100%| O|  |TAMS 0x0000000085100000, 0x0000000085000000| Updating 
|  81|0x0000000085100000, 0x0000000085200000, 0x0000000085200000|100%| O|  |TAMS 0x0000000085200000, 0x0000000085100000| Untracked 
|  82|0x0000000085200000, 0x0000000085300000, 0x0000000085300000|100%| O|  |TAMS 0x0000000085300000, 0x0000000085200000| Updating 
|  83|0x0000000085300000, 0x0000000085400000, 0x0000000085400000|100%| O|  |TAMS 0x0000000085400000, 0x0000000085300000| Untracked 
|  84|0x0000000085400000, 0x0000000085500000, 0x0000000085500000|100%| O|  |TAMS 0x0000000085500000, 0x0000000085400000| Untracked 
|  85|0x0000000085500000, 0x0000000085600000, 0x0000000085600000|100%| O|  |TAMS 0x0000000085600000, 0x0000000085500000| Untracked 
|  86|0x0000000085600000, 0x0000000085700000, 0x0000000085700000|100%| O|  |TAMS 0x0000000085700000, 0x0000000085600000| Untracked 
|  87|0x0000000085700000, 0x0000000085800000, 0x0000000085800000|100%| O|  |TAMS 0x0000000085800000, 0x0000000085700000| Updating 
|  88|0x0000000085800000, 0x0000000085900000, 0x0000000085900000|100%| O|  |TAMS 0x0000000085900000, 0x0000000085800000| Updating 
|  89|0x0000000085900000, 0x0000000085a00000, 0x0000000085a00000|100%| O|  |TAMS 0x0000000085a00000, 0x0000000085900000| Updating 
|  90|0x0000000085a00000, 0x0000000085b00000, 0x0000000085b00000|100%| O|  |TAMS 0x0000000085b00000, 0x0000000085a00000| Untracked 
|  91|0x0000000085b00000, 0x0000000085c00000, 0x0000000085c00000|100%| O|  |TAMS 0x0000000085c00000, 0x0000000085b00000| Updating 
|  92|0x0000000085c00000, 0x0000000085d00000, 0x0000000085d00000|100%| O|  |TAMS 0x0000000085d00000, 0x0000000085c00000| Untracked 
|  93|0x0000000085d00000, 0x0000000085e00000, 0x0000000085e00000|100%| O|  |TAMS 0x0000000085e00000, 0x0000000085d00000| Updating 
|  94|0x0000000085e00000, 0x0000000085f00000, 0x0000000085f00000|100%| O|  |TAMS 0x0000000085f00000, 0x0000000085e00000| Untracked 
|  95|0x0000000085f00000, 0x0000000086000000, 0x0000000086000000|100%| O|  |TAMS 0x0000000086000000, 0x0000000085f00000| Untracked 
|  96|0x0000000086000000, 0x0000000086100000, 0x0000000086100000|100%| O|  |TAMS 0x0000000086100000, 0x0000000086000000| Untracked 
|  97|0x0000000086100000, 0x0000000086200000, 0x0000000086200000|100%| O|  |TAMS 0x0000000086200000, 0x0000000086100000| Updating 
|  98|0x0000000086200000, 0x0000000086300000, 0x0000000086300000|100%| O|  |TAMS 0x0000000086300000, 0x0000000086200000| Untracked 
|  99|0x0000000086300000, 0x0000000086400000, 0x0000000086400000|100%| O|  |TAMS 0x0000000086400000, 0x0000000086300000| Untracked 
| 100|0x0000000086400000, 0x0000000086500000, 0x0000000086500000|100%| O|  |TAMS 0x0000000086500000, 0x0000000086400000| Updating 
| 101|0x0000000086500000, 0x0000000086600000, 0x0000000086600000|100%| O|  |TAMS 0x0000000086600000, 0x0000000086500000| Updating 
| 102|0x0000000086600000, 0x0000000086700000, 0x0000000086700000|100%| O|  |TAMS 0x0000000086700000, 0x0000000086600000| Untracked 
| 103|0x0000000086700000, 0x0000000086800000, 0x0000000086800000|100%| O|  |TAMS 0x0000000086800000, 0x0000000086700000| Untracked 
| 104|0x0000000086800000, 0x0000000086900000, 0x0000000086900000|100%| O|  |TAMS 0x0000000086900000, 0x0000000086800000| Untracked 
| 105|0x0000000086900000, 0x0000000086a00000, 0x0000000086a00000|100%| O|  |TAMS 0x0000000086a00000, 0x0000000086900000| Untracked 
| 106|0x0000000086a00000, 0x0000000086b00000, 0x0000000086b00000|100%| O|  |TAMS 0x0000000086b00000, 0x0000000086a00000| Untracked 
| 107|0x0000000086b00000, 0x0000000086c00000, 0x0000000086c00000|100%| O|  |TAMS 0x0000000086c00000, 0x0000000086b00000| Updating 
| 108|0x0000000086c00000, 0x0000000086d00000, 0x0000000086d00000|100%| O|  |TAMS 0x0000000086d00000, 0x0000000086c00000| Untracked 
| 109|0x0000000086d00000, 0x0000000086e00000, 0x0000000086e00000|100%| O|  |TAMS 0x0000000086e00000, 0x0000000086d00000| Untracked 
| 110|0x0000000086e00000, 0x0000000086ed8200, 0x0000000086f00000| 84%| O|  |TAMS 0x0000000086ed8200, 0x0000000086e00000| Updating 
| 111|0x0000000086f00000, 0x0000000086f00000, 0x0000000087000000|  0%| F|  |TAMS 0x0000000086f00000, 0x0000000086f00000| Untracked 
| 112|0x0000000087000000, 0x0000000087000000, 0x0000000087100000|  0%| F|  |TAMS 0x0000000087000000, 0x0000000087000000| Untracked 
| 113|0x0000000087100000, 0x0000000087100000, 0x0000000087200000|  0%| F|  |TAMS 0x0000000087100000, 0x0000000087100000| Untracked 
| 114|0x0000000087200000, 0x0000000087200000, 0x0000000087300000|  0%| F|  |TAMS 0x0000000087200000, 0x0000000087200000| Untracked 
| 115|0x0000000087300000, 0x0000000087300000, 0x0000000087400000|  0%| F|  |TAMS 0x0000000087300000, 0x0000000087300000| Untracked 
| 116|0x0000000087400000, 0x0000000087400000, 0x0000000087500000|  0%| F|  |TAMS 0x0000000087400000, 0x0000000087400000| Untracked 
| 117|0x0000000087500000, 0x0000000087500000, 0x0000000087600000|  0%| F|  |TAMS 0x0000000087500000, 0x0000000087500000| Untracked 
| 118|0x0000000087600000, 0x0000000087600000, 0x0000000087700000|  0%| F|  |TAMS 0x0000000087600000, 0x0000000087600000| Untracked 
| 119|0x0000000087700000, 0x0000000087700000, 0x0000000087800000|  0%| F|  |TAMS 0x0000000087700000, 0x0000000087700000| Untracked 
| 120|0x0000000087800000, 0x0000000087800000, 0x0000000087900000|  0%| F|  |TAMS 0x0000000087800000, 0x0000000087800000| Untracked 
| 121|0x0000000087900000, 0x0000000087900000, 0x0000000087a00000|  0%| F|  |TAMS 0x0000000087900000, 0x0000000087900000| Untracked 
| 122|0x0000000087a00000, 0x0000000087a00000, 0x0000000087b00000|  0%| F|  |TAMS 0x0000000087a00000, 0x0000000087a00000| Untracked 
| 123|0x0000000087b00000, 0x0000000087b00000, 0x0000000087c00000|  0%| F|  |TAMS 0x0000000087b00000, 0x0000000087b00000| Untracked 
| 124|0x0000000087c00000, 0x0000000087c00000, 0x0000000087d00000|  0%| F|  |TAMS 0x0000000087c00000, 0x0000000087c00000| Untracked 
| 125|0x0000000087d00000, 0x0000000087d00000, 0x0000000087e00000|  0%| F|  |TAMS 0x0000000087d00000, 0x0000000087d00000| Untracked 
| 126|0x0000000087e00000, 0x0000000087e00000, 0x0000000087f00000|  0%| F|  |TAMS 0x0000000087e00000, 0x0000000087e00000| Untracked 
| 127|0x0000000087f00000, 0x0000000087f00000, 0x0000000088000000|  0%| F|  |TAMS 0x0000000087f00000, 0x0000000087f00000| Untracked 
| 128|0x0000000088000000, 0x0000000088000000, 0x0000000088100000|  0%| F|  |TAMS 0x0000000088000000, 0x0000000088000000| Untracked 
| 129|0x0000000088100000, 0x0000000088100000, 0x0000000088200000|  0%| F|  |TAMS 0x0000000088100000, 0x0000000088100000| Untracked 
| 130|0x0000000088200000, 0x0000000088200000, 0x0000000088300000|  0%| F|  |TAMS 0x0000000088200000, 0x0000000088200000| Untracked 
| 131|0x0000000088300000, 0x0000000088300000, 0x0000000088400000|  0%| F|  |TAMS 0x0000000088300000, 0x0000000088300000| Untracked 
| 132|0x0000000088400000, 0x0000000088400000, 0x0000000088500000|  0%| F|  |TAMS 0x0000000088400000, 0x0000000088400000| Untracked 
| 133|0x0000000088500000, 0x0000000088500000, 0x0000000088600000|  0%| F|  |TAMS 0x0000000088500000, 0x0000000088500000| Untracked 
| 134|0x0000000088600000, 0x0000000088600000, 0x0000000088700000|  0%| F|  |TAMS 0x0000000088600000, 0x0000000088600000| Untracked 
| 135|0x0000000088700000, 0x0000000088700000, 0x0000000088800000|  0%| F|  |TAMS 0x0000000088700000, 0x0000000088700000| Untracked 
| 136|0x0000000088800000, 0x0000000088800000, 0x0000000088900000|  0%| F|  |TAMS 0x0000000088800000, 0x0000000088800000| Untracked 
| 137|0x0000000088900000, 0x00000000889d4fb0, 0x0000000088a00000| 83%| S|CS|TAMS 0x0000000088900000, 0x0000000088900000| Complete 
| 138|0x0000000088a00000, 0x0000000088b00000, 0x0000000088b00000|100%| S|CS|TAMS 0x0000000088a00000, 0x0000000088a00000| Complete 
| 139|0x0000000088b00000, 0x0000000088c00000, 0x0000000088c00000|100%| S|CS|TAMS 0x0000000088b00000, 0x0000000088b00000| Complete 
| 140|0x0000000088c00000, 0x0000000088d00000, 0x0000000088d00000|100%| S|CS|TAMS 0x0000000088c00000, 0x0000000088c00000| Complete 
| 141|0x0000000088d00000, 0x0000000088d00000, 0x0000000088e00000|  0%| F|  |TAMS 0x0000000088d00000, 0x0000000088d00000| Untracked 
| 142|0x0000000088e00000, 0x0000000088e00000, 0x0000000088f00000|  0%| F|  |TAMS 0x0000000088e00000, 0x0000000088e00000| Untracked 
| 143|0x0000000088f00000, 0x0000000088f00000, 0x0000000089000000|  0%| F|  |TAMS 0x0000000088f00000, 0x0000000088f00000| Untracked 
| 144|0x0000000089000000, 0x0000000089100000, 0x0000000089100000|100%| S|CS|TAMS 0x0000000089000000, 0x0000000089000000| Complete 
| 145|0x0000000089100000, 0x0000000089100000, 0x0000000089200000|  0%| F|  |TAMS 0x0000000089100000, 0x0000000089100000| Untracked 
| 146|0x0000000089200000, 0x0000000089200000, 0x0000000089300000|  0%| F|  |TAMS 0x0000000089200000, 0x0000000089200000| Untracked 
| 147|0x0000000089300000, 0x0000000089300000, 0x0000000089400000|  0%| F|  |TAMS 0x0000000089300000, 0x0000000089300000| Untracked 
| 148|0x0000000089400000, 0x0000000089400000, 0x0000000089500000|  0%| F|  |TAMS 0x0000000089400000, 0x0000000089400000| Untracked 
| 149|0x0000000089500000, 0x0000000089500000, 0x0000000089600000|  0%| F|  |TAMS 0x0000000089500000, 0x0000000089500000| Untracked 
| 150|0x0000000089600000, 0x0000000089600000, 0x0000000089700000|  0%| F|  |TAMS 0x0000000089600000, 0x0000000089600000| Untracked 
| 151|0x0000000089700000, 0x0000000089700000, 0x0000000089800000|  0%| F|  |TAMS 0x0000000089700000, 0x0000000089700000| Untracked 
| 152|0x0000000089800000, 0x0000000089800000, 0x0000000089900000|  0%| F|  |TAMS 0x0000000089800000, 0x0000000089800000| Untracked 
| 153|0x0000000089900000, 0x0000000089900000, 0x0000000089a00000|  0%| F|  |TAMS 0x0000000089900000, 0x0000000089900000| Untracked 
| 154|0x0000000089a00000, 0x0000000089a00000, 0x0000000089b00000|  0%| F|  |TAMS 0x0000000089a00000, 0x0000000089a00000| Untracked 
| 155|0x0000000089b00000, 0x0000000089b00000, 0x0000000089c00000|  0%| F|  |TAMS 0x0000000089b00000, 0x0000000089b00000| Untracked 
| 156|0x0000000089c00000, 0x0000000089c00000, 0x0000000089d00000|  0%| F|  |TAMS 0x0000000089c00000, 0x0000000089c00000| Untracked 
| 157|0x0000000089d00000, 0x0000000089d00000, 0x0000000089e00000|  0%| F|  |TAMS 0x0000000089d00000, 0x0000000089d00000| Untracked 
| 158|0x0000000089e00000, 0x0000000089e00000, 0x0000000089f00000|  0%| F|  |TAMS 0x0000000089e00000, 0x0000000089e00000| Untracked 
| 159|0x0000000089f00000, 0x0000000089f00000, 0x000000008a000000|  0%| F|  |TAMS 0x0000000089f00000, 0x0000000089f00000| Untracked 
| 160|0x000000008a000000, 0x000000008a000000, 0x000000008a100000|  0%| F|  |TAMS 0x000000008a000000, 0x000000008a000000| Untracked 
| 161|0x000000008a100000, 0x000000008a100000, 0x000000008a200000|  0%| F|  |TAMS 0x000000008a100000, 0x000000008a100000| Untracked 
| 162|0x000000008a200000, 0x000000008a200000, 0x000000008a300000|  0%| F|  |TAMS 0x000000008a200000, 0x000000008a200000| Untracked 
| 163|0x000000008a300000, 0x000000008a300000, 0x000000008a400000|  0%| F|  |TAMS 0x000000008a300000, 0x000000008a300000| Untracked 
| 164|0x000000008a400000, 0x000000008a400000, 0x000000008a500000|  0%| F|  |TAMS 0x000000008a400000, 0x000000008a400000| Untracked 
| 165|0x000000008a500000, 0x000000008a500000, 0x000000008a600000|  0%| F|  |TAMS 0x000000008a500000, 0x000000008a500000| Untracked 
| 166|0x000000008a600000, 0x000000008a600000, 0x000000008a700000|  0%| F|  |TAMS 0x000000008a600000, 0x000000008a600000| Untracked 
| 167|0x000000008a700000, 0x000000008a700000, 0x000000008a800000|  0%| F|  |TAMS 0x000000008a700000, 0x000000008a700000| Untracked 
| 168|0x000000008a800000, 0x000000008a800000, 0x000000008a900000|  0%| F|  |TAMS 0x000000008a800000, 0x000000008a800000| Untracked 
| 169|0x000000008a900000, 0x000000008a900000, 0x000000008aa00000|  0%| F|  |TAMS 0x000000008a900000, 0x000000008a900000| Untracked 
| 170|0x000000008aa00000, 0x000000008aa00000, 0x000000008ab00000|  0%| F|  |TAMS 0x000000008aa00000, 0x000000008aa00000| Untracked 
| 171|0x000000008ab00000, 0x000000008ab00000, 0x000000008ac00000|  0%| F|  |TAMS 0x000000008ab00000, 0x000000008ab00000| Untracked 
| 172|0x000000008ac00000, 0x000000008ac00000, 0x000000008ad00000|  0%| F|  |TAMS 0x000000008ac00000, 0x000000008ac00000| Untracked 
| 173|0x000000008ad00000, 0x000000008ad00000, 0x000000008ae00000|  0%| F|  |TAMS 0x000000008ad00000, 0x000000008ad00000| Untracked 
| 174|0x000000008ae00000, 0x000000008ae00000, 0x000000008af00000|  0%| F|  |TAMS 0x000000008ae00000, 0x000000008ae00000| Untracked 
| 175|0x000000008af00000, 0x000000008af00000, 0x000000008b000000|  0%| F|  |TAMS 0x000000008af00000, 0x000000008af00000| Untracked 
| 176|0x000000008b000000, 0x000000008b000000, 0x000000008b100000|  0%| F|  |TAMS 0x000000008b000000, 0x000000008b000000| Untracked 
| 177|0x000000008b100000, 0x000000008b100000, 0x000000008b200000|  0%| F|  |TAMS 0x000000008b100000, 0x000000008b100000| Untracked 
| 178|0x000000008b200000, 0x000000008b200000, 0x000000008b300000|  0%| F|  |TAMS 0x000000008b200000, 0x000000008b200000| Untracked 
| 179|0x000000008b300000, 0x000000008b300000, 0x000000008b400000|  0%| F|  |TAMS 0x000000008b300000, 0x000000008b300000| Untracked 
| 180|0x000000008b400000, 0x000000008b400000, 0x000000008b500000|  0%| F|  |TAMS 0x000000008b400000, 0x000000008b400000| Untracked 
| 181|0x000000008b500000, 0x000000008b500000, 0x000000008b600000|  0%| F|  |TAMS 0x000000008b500000, 0x000000008b500000| Untracked 
| 182|0x000000008b600000, 0x000000008b600000, 0x000000008b700000|  0%| F|  |TAMS 0x000000008b600000, 0x000000008b600000| Untracked 
| 183|0x000000008b700000, 0x000000008b700000, 0x000000008b800000|  0%| F|  |TAMS 0x000000008b700000, 0x000000008b700000| Untracked 
| 184|0x000000008b800000, 0x000000008b800000, 0x000000008b900000|  0%| F|  |TAMS 0x000000008b800000, 0x000000008b800000| Untracked 
| 185|0x000000008b900000, 0x000000008b99b6e0, 0x000000008ba00000| 60%| E|  |TAMS 0x000000008b900000, 0x000000008b900000| Complete 
| 186|0x000000008ba00000, 0x000000008bb00000, 0x000000008bb00000|100%| E|CS|TAMS 0x000000008ba00000, 0x000000008ba00000| Complete 
| 187|0x000000008bb00000, 0x000000008bc00000, 0x000000008bc00000|100%| E|CS|TAMS 0x000000008bb00000, 0x000000008bb00000| Complete 
| 188|0x000000008bc00000, 0x000000008bd00000, 0x000000008bd00000|100%| E|CS|TAMS 0x000000008bc00000, 0x000000008bc00000| Complete 
| 189|0x000000008bd00000, 0x000000008be00000, 0x000000008be00000|100%| E|CS|TAMS 0x000000008bd00000, 0x000000008bd00000| Complete 
| 190|0x000000008be00000, 0x000000008bf00000, 0x000000008bf00000|100%| E|  |TAMS 0x000000008be00000, 0x000000008be00000| Complete 
| 253|0x000000008fd00000, 0x000000008fe00000, 0x000000008fe00000|100%| E|CS|TAMS 0x000000008fd00000, 0x000000008fd00000| Complete 

Card table byte_map: [0x0000027c333e0000,0x0000027c337e0000] _byte_map_base: 0x0000027c32fe0000

Marking Bits (Prev, Next): (CMBitMap*) 0x0000027c1bf0aac0, (CMBitMap*) 0x0000027c1bf0ab00
 Prev Bits: [0x0000027c33be0000, 0x0000027c35be0000)
 Next Bits: [0x0000027c35be0000, 0x0000027c37be0000)

Polling page: 0x0000027c1a230000

Metaspace:

Usage:
  Non-class:     82.21 MB used.
      Class:     12.88 MB used.
       Both:     95.08 MB used.

Virtual space:
  Non-class space:      128.00 MB reserved,      82.62 MB ( 65%) committed,  2 nodes.
      Class space:        1.00 GB reserved,      13.25 MB (  1%) committed,  1 nodes.
             Both:        1.12 GB reserved,      95.88 MB (  8%) committed. 

Chunk freelists:
   Non-Class:  12.83 MB
       Class:  2.77 MB
        Both:  15.59 MB

MaxMetaspaceSize: unlimited
CompressedClassSpaceSize: 1.00 GB
Initial GC threshold: 21.00 MB
Current GC threshold: 151.25 MB
CDS: on
MetaspaceReclaimPolicy: balanced
 - commit_granule_bytes: 65536.
 - commit_granule_words: 8192.
 - virtual_space_node_default_size: 8388608.
 - enlarge_chunks_in_place: 1.
 - new_chunks_are_fully_committed: 0.
 - uncommit_free_chunks: 1.
 - use_allocation_guard: 0.
 - handle_deallocations: 1.


Internal statistics:

num_allocs_failed_limit: 6.
num_arena_births: 1214.
num_arena_deaths: 28.
num_vsnodes_births: 3.
num_vsnodes_deaths: 0.
num_space_committed: 1534.
num_space_uncommitted: 0.
num_chunks_returned_to_freelist: 46.
num_chunks_taken_from_freelist: 5398.
num_chunk_merges: 24.
num_chunk_splits: 3462.
num_chunks_enlarged: 2196.
num_inconsistent_stats: 0.

CodeHeap 'non-profiled nmethods': size=119168Kb used=9635Kb max_used=9635Kb free=109532Kb
 bounds [0x0000027c2b300000, 0x0000027c2bc70000, 0x0000027c32760000]
CodeHeap 'profiled nmethods': size=119104Kb used=31391Kb max_used=31391Kb free=87712Kb
 bounds [0x0000027c23760000, 0x0000027c25610000, 0x0000027c2abb0000]
CodeHeap 'non-nmethods': size=7488Kb used=2304Kb max_used=3520Kb free=5183Kb
 bounds [0x0000027c2abb0000, 0x0000027c2af30000, 0x0000027c2b300000]
 total_blobs=16122 nmethods=15282 adapters=748
 compilation: enabled
              stopped_count=0, restarted_count=0
 full_count=0

Compilation events (20 events):
Event: 40.588 Thread 0x0000027c7c3113f0 nmethod 17232 0x0000027c2bc64b10 code [0x0000027c2bc64ce0, 0x0000027c2bc65378]
Event: 40.588 Thread 0x0000027c7c3113f0 17301       4       org.gradle.internal.component.model.AttributeMatchingExplanationBuilder::candidateDoesNotMatchAttributes (1 bytes)
Event: 40.589 Thread 0x0000027c7c3113f0 nmethod 17301 0x0000027c2bc65890 code [0x0000027c2bc65a00, 0x0000027c2bc65a78]
Event: 40.589 Thread 0x0000027c7c3113f0 17213       4       org.gradle.internal.serialize.AbstractDecoder::readBinary (16 bytes)
Event: 40.591 Thread 0x0000027c7c30e420 17303       1       org.gradle.api.internal.artifacts.ivyservice.resolveengine.artifact.LocalFileDependencyBackedArtifactSet$SingletonFileResolvedVariant::getAttributes (5 bytes)
Event: 40.591 Thread 0x0000027c7c30e420 nmethod 17303 0x0000027c2bc65b90 code [0x0000027c2bc65d20, 0x0000027c2bc65df8]
Event: 40.594 Thread 0x0000027c3a933b10 17305       3       org.gradle.internal.component.local.model.OpaqueComponentArtifactIdentifier::getComponentIdentifier (2 bytes)
Event: 40.595 Thread 0x0000027c3a933b10 nmethod 17305 0x0000027c255f9c90 code [0x0000027c255f9e20, 0x0000027c255f9f38]
Event: 40.597 Thread 0x0000027c3a933b10 17306       3       org.gradle.api.internal.artifacts.transform.TransformationResult$Builder$$Lambda$1393/0x0000027c3ccafd68::accept (12 bytes)
Event: 40.598 Thread 0x0000027c3a933b10 nmethod 17306 0x0000027c255fa010 code [0x0000027c255fa1e0, 0x0000027c255fa5c8]
Event: 40.599 Thread 0x0000027c3a933b10 17307       3       org.gradle.internal.fingerprint.classpath.impl.ClasspathFingerprintingStrategy::getHashingStrategy (4 bytes)
Event: 40.599 Thread 0x0000027c3a933b10 nmethod 17307 0x0000027c255fa710 code [0x0000027c255fa8a0, 0x0000027c255fa9b8]
Event: 40.611 Thread 0x0000027c7c3113f0 nmethod 17213 0x0000027c2bc65e90 code [0x0000027c2bc660c0, 0x0000027c2bc66b20]
Event: 40.611 Thread 0x0000027c7c3113f0 17308       4       java.util.TimSort::binarySort (223 bytes)
Event: 40.612 Thread 0x0000027c7c30e420 17309       3       java.lang.ThreadLocal::get (38 bytes)
Event: 40.612 Thread 0x0000027c7c30e420 nmethod 17309 0x0000027c255faa90 code [0x0000027c255fac60, 0x0000027c255faf98]
Event: 40.614 Thread 0x0000027c7c30e420 17311       3       java.util.concurrent.ThreadLocalRandom::getProbe (13 bytes)
Event: 40.614 Thread 0x0000027c7c30e420 nmethod 17311 0x0000027c255fb110 code [0x0000027c255fb2a0, 0x0000027c255fb3b8]
Event: 40.622 Thread 0x0000027c7c30e420 17314       1       org.gradle.api.internal.artifacts.ivyservice.ivyresolve.strategy.DefaultVersionComparator::asVersionComparator (5 bytes)
Event: 40.624 Thread 0x0000027c3a933b10 17316       3       org.gradle.internal.component.model.DefaultMultipleCandidateResult::hasResult (20 bytes)

GC Heap History (20 events):
Event: 14.284 GC heap before
{Heap before GC invocations=43 (full 0):
 garbage-first heap   total 153600K, used 96810K [0x0000000080000000, 0x0000000100000000)
  region size 1024K, 7 young (7168K), 5 survivors (5120K)
 Metaspace       used 84649K, committed 85312K, reserved 1179648K
  class space    used 11586K, committed 11904K, reserved 1048576K
}
Event: 14.287 GC heap after
{Heap after GC invocations=44 (full 0):
 garbage-first heap   total 184320K, used 95338K [0x0000000080000000, 0x0000000100000000)
  region size 1024K, 1 young (1024K), 1 survivors (1024K)
 Metaspace       used 84649K, committed 85312K, reserved 1179648K
  class space    used 11586K, committed 11904K, reserved 1048576K
}
Event: 15.373 GC heap before
{Heap before GC invocations=44 (full 0):
 garbage-first heap   total 184320K, used 144490K [0x0000000080000000, 0x0000000100000000)
  region size 1024K, 49 young (50176K), 1 survivors (1024K)
 Metaspace       used 89221K, committed 89984K, reserved 1179648K
  class space    used 12195K, committed 12544K, reserved 1048576K
}
Event: 15.378 GC heap after
{Heap after GC invocations=45 (full 0):
 garbage-first heap   total 184320K, used 99538K [0x0000000080000000, 0x0000000100000000)
  region size 1024K, 6 young (6144K), 6 survivors (6144K)
 Metaspace       used 89221K, committed 89984K, reserved 1179648K
  class space    used 12195K, committed 12544K, reserved 1048576K
}
Event: 15.940 GC heap before
{Heap before GC invocations=46 (full 0):
 garbage-first heap   total 184320K, used 145618K [0x0000000080000000, 0x0000000100000000)
  region size 1024K, 52 young (53248K), 6 survivors (6144K)
 Metaspace       used 91749K, committed 92544K, reserved 1179648K
  class space    used 12594K, committed 12992K, reserved 1048576K
}
Event: 15.945 GC heap after
{Heap after GC invocations=47 (full 0):
 garbage-first heap   total 184320K, used 103549K [0x0000000080000000, 0x0000000100000000)
  region size 1024K, 4 young (4096K), 4 survivors (4096K)
 Metaspace       used 91749K, committed 92544K, reserved 1179648K
  class space    used 12594K, committed 12992K, reserved 1048576K
}
Event: 15.960 GC heap before
{Heap before GC invocations=47 (full 0):
 garbage-first heap   total 184320K, used 107645K [0x0000000080000000, 0x0000000100000000)
  region size 1024K, 9 young (9216K), 4 survivors (4096K)
 Metaspace       used 91754K, committed 92544K, reserved 1179648K
  class space    used 12594K, committed 12992K, reserved 1048576K
}
Event: 15.963 GC heap after
{Heap after GC invocations=48 (full 0):
 garbage-first heap   total 184320K, used 103692K [0x0000000080000000, 0x0000000100000000)
  region size 1024K, 1 young (1024K), 1 survivors (1024K)
 Metaspace       used 91754K, committed 92544K, reserved 1179648K
  class space    used 12594K, committed 12992K, reserved 1048576K
}
Event: 16.326 GC heap before
{Heap before GC invocations=48 (full 0):
 garbage-first heap   total 184320K, used 148748K [0x0000000080000000, 0x0000000100000000)
  region size 1024K, 46 young (47104K), 1 survivors (1024K)
 Metaspace       used 92018K, committed 92864K, reserved 1179648K
  class space    used 12599K, committed 12992K, reserved 1048576K
}
Event: 16.329 GC heap after
{Heap after GC invocations=49 (full 0):
 garbage-first heap   total 184320K, used 106220K [0x0000000080000000, 0x0000000100000000)
  region size 1024K, 4 young (4096K), 4 survivors (4096K)
 Metaspace       used 92018K, committed 92864K, reserved 1179648K
  class space    used 12599K, committed 12992K, reserved 1048576K
}
Event: 17.125 GC heap before
{Heap before GC invocations=50 (full 0):
 garbage-first heap   total 196608K, used 150252K [0x0000000080000000, 0x0000000100000000)
  region size 1024K, 48 young (49152K), 4 survivors (4096K)
 Metaspace       used 94522K, committed 95360K, reserved 1179648K
  class space    used 12911K, committed 13312K, reserved 1048576K
}
Event: 17.129 GC heap after
{Heap after GC invocations=51 (full 0):
 garbage-first heap   total 196608K, used 109850K [0x0000000080000000, 0x0000000100000000)
  region size 1024K, 6 young (6144K), 6 survivors (6144K)
 Metaspace       used 94522K, committed 95360K, reserved 1179648K
  class space    used 12911K, committed 13312K, reserved 1048576K
}
Event: 17.238 GC heap before
{Heap before GC invocations=51 (full 0):
 garbage-first heap   total 196608K, used 112922K [0x0000000080000000, 0x0000000100000000)
  region size 1024K, 9 young (9216K), 6 survivors (6144K)
 Metaspace       used 94723K, committed 95552K, reserved 1179648K
  class space    used 12941K, committed 13312K, reserved 1048576K
}
Event: 17.242 GC heap after
{Heap after GC invocations=52 (full 0):
 garbage-first heap   total 196608K, used 110510K [0x0000000080000000, 0x0000000100000000)
  region size 1024K, 1 young (1024K), 1 survivors (1024K)
 Metaspace       used 94723K, committed 95552K, reserved 1179648K
  class space    used 12941K, committed 13312K, reserved 1048576K
}
Event: 17.995 GC heap before
{Heap before GC invocations=52 (full 0):
 garbage-first heap   total 196608K, used 160686K [0x0000000080000000, 0x0000000100000000)
  region size 1024K, 51 young (52224K), 1 survivors (1024K)
 Metaspace       used 95143K, committed 96000K, reserved 1179648K
  class space    used 12965K, committed 13376K, reserved 1048576K
}
Event: 17.999 GC heap after
{Heap after GC invocations=53 (full 0):
 garbage-first heap   total 196608K, used 113629K [0x0000000080000000, 0x0000000100000000)
  region size 1024K, 4 young (4096K), 4 survivors (4096K)
 Metaspace       used 95143K, committed 96000K, reserved 1179648K
  class space    used 12965K, committed 13376K, reserved 1048576K
}
Event: 38.236 GC heap before
{Heap before GC invocations=53 (full 0):
 garbage-first heap   total 196608K, used 161757K [0x0000000080000000, 0x0000000100000000)
  region size 1024K, 52 young (53248K), 4 survivors (4096K)
 Metaspace       used 96893K, committed 97728K, reserved 1179648K
  class space    used 13155K, committed 13568K, reserved 1048576K
}
Event: 38.239 GC heap after
{Heap after GC invocations=54 (full 0):
 garbage-first heap   total 196608K, used 116419K [0x0000000080000000, 0x0000000100000000)
  region size 1024K, 3 young (3072K), 3 survivors (3072K)
 Metaspace       used 96893K, committed 97728K, reserved 1179648K
  class space    used 13155K, committed 13568K, reserved 1048576K
}
Event: 40.601 GC heap before
{Heap before GC invocations=54 (full 0):
 garbage-first heap   total 196608K, used 163523K [0x0000000080000000, 0x0000000100000000)
  region size 1024K, 50 young (51200K), 3 survivors (3072K)
 Metaspace       used 97334K, committed 98176K, reserved 1179648K
  class space    used 13179K, committed 13568K, reserved 1048576K
}
Event: 40.606 GC heap after
{Heap after GC invocations=55 (full 0):
 garbage-first heap   total 196608K, used 118452K [0x0000000080000000, 0x0000000100000000)
  region size 1024K, 5 young (5120K), 5 survivors (5120K)
 Metaspace       used 97334K, committed 98176K, reserved 1179648K
  class space    used 13179K, committed 13568K, reserved 1048576K
}

Deoptimization events (20 events):
Event: 40.593 Thread 0x0000027c0500b150 Uncommon trap: trap_request=0xffffffd6 fr.pc=0x0000027c2bc5e5c0 relative=0x0000000000002060
Event: 40.593 Thread 0x0000027c0500b150 Uncommon trap: reason=array_check action=maybe_recompile pc=0x0000027c2bc5e5c0 method=java.util.TimSort.reverseRange([Ljava/lang/Object;II)V @ 20 c2
Event: 40.593 Thread 0x0000027c0500b150 DEOPT PACKING pc=0x0000027c2bc5e5c0 sp=0x000000f0106fabb0
Event: 40.593 Thread 0x0000027c0500b150 DEOPT UNPACKING pc=0x0000027c2ac023a3 sp=0x000000f0106faa68 mode 2
Event: 40.593 Thread 0x0000027c0500b150 Uncommon trap: trap_request=0xffffffd6 fr.pc=0x0000027c2bc5e5c0 relative=0x0000000000002060
Event: 40.593 Thread 0x0000027c0500b150 Uncommon trap: reason=array_check action=maybe_recompile pc=0x0000027c2bc5e5c0 method=java.util.TimSort.reverseRange([Ljava/lang/Object;II)V @ 20 c2
Event: 40.593 Thread 0x0000027c0500b150 DEOPT PACKING pc=0x0000027c2bc5e5c0 sp=0x000000f0106fabb0
Event: 40.593 Thread 0x0000027c0500b150 DEOPT UNPACKING pc=0x0000027c2ac023a3 sp=0x000000f0106faa68 mode 2
Event: 40.593 Thread 0x0000027c0500b150 Uncommon trap: trap_request=0xffffffd6 fr.pc=0x0000027c2bc5e5c0 relative=0x0000000000002060
Event: 40.593 Thread 0x0000027c0500b150 Uncommon trap: reason=array_check action=maybe_recompile pc=0x0000027c2bc5e5c0 method=java.util.TimSort.reverseRange([Ljava/lang/Object;II)V @ 20 c2
Event: 40.593 Thread 0x0000027c0500b150 DEOPT PACKING pc=0x0000027c2bc5e5c0 sp=0x000000f0106fabb0
Event: 40.593 Thread 0x0000027c0500b150 DEOPT UNPACKING pc=0x0000027c2ac023a3 sp=0x000000f0106faa68 mode 2
Event: 40.593 Thread 0x0000027c0500b150 Uncommon trap: trap_request=0xffffffd6 fr.pc=0x0000027c2bc5e5c0 relative=0x0000000000002060
Event: 40.593 Thread 0x0000027c0500b150 Uncommon trap: reason=array_check action=maybe_recompile pc=0x0000027c2bc5e5c0 method=java.util.TimSort.reverseRange([Ljava/lang/Object;II)V @ 20 c2
Event: 40.593 Thread 0x0000027c0500b150 DEOPT PACKING pc=0x0000027c2bc5e5c0 sp=0x000000f0106fabb0
Event: 40.593 Thread 0x0000027c0500b150 DEOPT UNPACKING pc=0x0000027c2ac023a3 sp=0x000000f0106faa68 mode 2
Event: 40.609 Thread 0x0000027c09446d60 Uncommon trap: trap_request=0xffffff45 fr.pc=0x0000027c2b32445c relative=0x000000000000021c
Event: 40.609 Thread 0x0000027c09446d60 Uncommon trap: reason=unstable_if action=reinterpret pc=0x0000027c2b32445c method=java.lang.ThreadLocal.get()Ljava/lang/Object; @ 11 c2
Event: 40.609 Thread 0x0000027c09446d60 DEOPT PACKING pc=0x0000027c2b32445c sp=0x000000f0024fe940
Event: 40.609 Thread 0x0000027c09446d60 DEOPT UNPACKING pc=0x0000027c2ac023a3 sp=0x000000f0024fe8d8 mode 2

Classes unloaded (14 events):
Event: 16.404 Thread 0x0000027c3a8f6c50 Unloading class 0x0000027c3ccab400 'java/lang/invoke/LambdaForm$DMH+0x0000027c3ccab400'
Event: 16.404 Thread 0x0000027c3a8f6c50 Unloading class 0x0000027c3ccab800 'java/lang/invoke/LambdaForm$DMH+0x0000027c3ccab800'
Event: 16.404 Thread 0x0000027c3a8f6c50 Unloading class 0x0000027c3ccab000 'java/lang/invoke/LambdaForm$DMH+0x0000027c3ccab000'
Event: 16.404 Thread 0x0000027c3a8f6c50 Unloading class 0x0000027c3ccaac00 'java/lang/invoke/LambdaForm$DMH+0x0000027c3ccaac00'
Event: 16.404 Thread 0x0000027c3a8f6c50 Unloading class 0x0000027c3ccaa400 'java/lang/invoke/LambdaForm$DMH+0x0000027c3ccaa400'
Event: 16.404 Thread 0x0000027c3a8f6c50 Unloading class 0x0000027c3ccaa800 'java/lang/invoke/LambdaForm$DMH+0x0000027c3ccaa800'
Event: 16.404 Thread 0x0000027c3a8f6c50 Unloading class 0x0000027c3ccaa000 'java/lang/invoke/LambdaForm$DMH+0x0000027c3ccaa000'
Event: 16.404 Thread 0x0000027c3a8f6c50 Unloading class 0x0000027c3cca9400 'java/lang/invoke/LambdaForm$DMH+0x0000027c3cca9400'
Event: 16.404 Thread 0x0000027c3a8f6c50 Unloading class 0x0000027c3cca9800 'java/lang/invoke/LambdaForm$DMH+0x0000027c3cca9800'
Event: 16.404 Thread 0x0000027c3a8f6c50 Unloading class 0x0000027c3cca8400 'java/lang/invoke/LambdaForm$DMH+0x0000027c3cca8400'
Event: 16.404 Thread 0x0000027c3a8f6c50 Unloading class 0x0000027c3cca9000 'java/lang/invoke/LambdaForm$DMH+0x0000027c3cca9000'
Event: 16.404 Thread 0x0000027c3a8f6c50 Unloading class 0x0000027c3cca8c00 'java/lang/invoke/LambdaForm$DMH+0x0000027c3cca8c00'
Event: 16.404 Thread 0x0000027c3a8f6c50 Unloading class 0x0000027c3cca9c00 'java/lang/invoke/LambdaForm$DMH+0x0000027c3cca9c00'
Event: 16.404 Thread 0x0000027c3a8f6c50 Unloading class 0x0000027c3cca8800 'java/lang/invoke/LambdaForm$DMH+0x0000027c3cca8800'

Classes redefined (0 events):
No events

Internal exceptions (20 events):
Event: 18.085 Thread 0x0000027c0500e900 Exception <a 'java/lang/NoSuchMethodError'{0x000000008b652458}: static Lcom/android/build/api/variant/impl/VariantOutputImpl$SerializedForm;.<clinit>()V> (0x000000008b652458) 
thrown [s\open\src\hotspot\share\prims\jni.cpp, line 1112]
Event: 18.086 Thread 0x0000027c0500e900 Exception <a 'java/lang/NoSuchMethodError'{0x000000008b665f68}: static Lcom/android/build/api/variant/impl/VariantOutputConfigurationImpl;.<clinit>()V> (0x000000008b665f68) 
thrown [s\open\src\hotspot\share\prims\jni.cpp, line 1112]
Event: 18.317 Thread 0x0000027c09cd9520 Exception <a 'java/lang/NoSuchMethodError'{0x000000008b2bbf40}: 'int java.lang.invoke.DirectMethodHandle$Holder.invokeSpecialIFC(java.lang.Object, java.lang.Object, java.lang.Object)'> (0x000000008b2bbf40) 
thrown [s\open\src\hotspot\share\interpreter\linkResolver.cpp, line 759]
Event: 19.098 Thread 0x0000027c09cd9520 Exception <a 'sun/nio/fs/WindowsException'{0x000000008a8e4cd0}> (0x000000008a8e4cd0) 
thrown [s\open\src\hotspot\share\prims\jni.cpp, line 516]
Event: 19.101 Thread 0x0000027c09cd9520 Exception <a 'sun/nio/fs/WindowsException'{0x000000008a705930}> (0x000000008a705930) 
thrown [s\open\src\hotspot\share\prims\jni.cpp, line 516]
Event: 19.101 Thread 0x0000027c09cd9520 Exception <a 'sun/nio/fs/WindowsException'{0x000000008a705dd8}> (0x000000008a705dd8) 
thrown [s\open\src\hotspot\share\prims\jni.cpp, line 516]
Event: 23.545 Thread 0x0000027c0aac5460 Exception <a 'java/net/ConnectException'{0x00000000894b8c08}: Connection refused: connect> (0x00000000894b8c08) 
thrown [s\open\src\hotspot\share\prims\jni.cpp, line 535]
Event: 23.545 Thread 0x0000027c0aac5460 Exception <a 'java/net/SocketException'{0x00000000894b9490}: Socket is not connected: shutdown> (0x00000000894b9490) 
thrown [s\open\src\hotspot\share\prims\jni.cpp, line 535]
Event: 23.558 Thread 0x0000027c0aac5460 Exception <a 'java/net/ConnectException'{0x00000000894ba210}: Connection refused: connect> (0x00000000894ba210) 
thrown [s\open\src\hotspot\share\prims\jni.cpp, line 535]
Event: 23.558 Thread 0x0000027c0aac5460 Exception <a 'java/net/SocketException'{0x00000000894baa98}: Socket is not connected: shutdown> (0x00000000894baa98) 
thrown [s\open\src\hotspot\share\prims\jni.cpp, line 535]
Event: 23.569 Thread 0x0000027c0aac5460 Exception <a 'java/net/ConnectException'{0x00000000894bb818}: Connection refused: connect> (0x00000000894bb818) 
thrown [s\open\src\hotspot\share\prims\jni.cpp, line 535]
Event: 23.569 Thread 0x0000027c0aac5460 Exception <a 'java/net/SocketException'{0x00000000894bc0a0}: Socket is not connected: shutdown> (0x00000000894bc0a0) 
thrown [s\open\src\hotspot\share\prims\jni.cpp, line 535]
Event: 23.570 Thread 0x0000027c0aac5460 Exception <a 'java/net/ConnectException'{0x00000000894bdf18}: Connection refused: connect> (0x00000000894bdf18) 
thrown [s\open\src\hotspot\share\prims\jni.cpp, line 535]
Event: 23.570 Thread 0x0000027c0aac5460 Exception <a 'java/net/SocketException'{0x00000000894be7a0}: Socket is not connected: shutdown> (0x00000000894be7a0) 
thrown [s\open\src\hotspot\share\prims\jni.cpp, line 535]
Event: 23.581 Thread 0x0000027c0aac5460 Exception <a 'java/net/ConnectException'{0x00000000894bf520}: Connection refused: connect> (0x00000000894bf520) 
thrown [s\open\src\hotspot\share\prims\jni.cpp, line 535]
Event: 23.581 Thread 0x0000027c0aac5460 Exception <a 'java/net/SocketException'{0x00000000894bfda8}: Socket is not connected: shutdown> (0x00000000894bfda8) 
thrown [s\open\src\hotspot\share\prims\jni.cpp, line 535]
Event: 23.592 Thread 0x0000027c0aac5460 Exception <a 'java/net/ConnectException'{0x00000000894c0b28}: Connection refused: connect> (0x00000000894c0b28) 
thrown [s\open\src\hotspot\share\prims\jni.cpp, line 535]
Event: 23.592 Thread 0x0000027c0aac5460 Exception <a 'java/net/SocketException'{0x00000000894c13b0}: Socket is not connected: shutdown> (0x00000000894c13b0) 
thrown [s\open\src\hotspot\share\prims\jni.cpp, line 535]
Event: 23.598 Thread 0x0000027c09446d60 Exception <a 'java/lang/InterruptedException'{0x00000000894dbf98}> (0x00000000894dbf98) 
thrown [s\open\src\hotspot\share\runtime\objectMonitor.cpp, line 1671]
Event: 40.609 Thread 0x0000027c09446d60 Implicit null exception at 0x0000027c2b324283 to 0x0000027c2b324448

VM Operations (20 events):
Event: 21.001 Executing VM operation: Cleanup
Event: 21.001 Executing VM operation: Cleanup done
Event: 22.002 Executing VM operation: Cleanup
Event: 22.002 Executing VM operation: Cleanup done
Event: 23.003 Executing VM operation: Cleanup
Event: 23.003 Executing VM operation: Cleanup done
Event: 24.003 Executing VM operation: Cleanup
Event: 24.003 Executing VM operation: Cleanup done
Event: 32.006 Executing VM operation: Cleanup
Event: 32.006 Executing VM operation: Cleanup done
Event: 38.008 Executing VM operation: Cleanup
Event: 38.008 Executing VM operation: Cleanup done
Event: 38.236 Executing VM operation: G1CollectForAllocation
Event: 38.239 Executing VM operation: G1CollectForAllocation done
Event: 39.240 Executing VM operation: Cleanup
Event: 39.240 Executing VM operation: Cleanup done
Event: 40.585 Executing VM operation: ICBufferFull
Event: 40.585 Executing VM operation: ICBufferFull done
Event: 40.601 Executing VM operation: G1CollectForAllocation
Event: 40.607 Executing VM operation: G1CollectForAllocation done

Events (20 events):
Event: 23.271 Thread 0x0000027c7c3113f0 Thread exited: 0x0000027c7c3113f0
Event: 23.271 Thread 0x0000027c7c30e420 Thread exited: 0x0000027c7c30e420
Event: 23.276 Thread 0x0000027c7c30e970 Thread exited: 0x0000027c7c30e970
Event: 23.539 Thread 0x0000027c7c3113f0 Thread added: 0x0000027c7c3113f0
Event: 23.540 Thread 0x0000027c7c2979b0 Thread added: 0x0000027c7c2979b0
Event: 23.594 Thread 0x0000027c09446d60 Thread added: 0x0000027c09446d60
Event: 23.610 Thread 0x0000027c08154fa0 Thread added: 0x0000027c08154fa0
Event: 24.053 Thread 0x0000027c7c3113f0 Thread exited: 0x0000027c7c3113f0
Event: 39.619 Thread 0x0000027c7c3113f0 Thread added: 0x0000027c7c3113f0
Event: 40.235 Thread 0x0000027c7c3113f0 Thread exited: 0x0000027c7c3113f0
Event: 40.236 Thread 0x0000027c7c30e420 Thread added: 0x0000027c7c30e420
Event: 40.265 Thread 0x0000027c7c3113f0 Thread added: 0x0000027c7c3113f0
Event: 40.571 loading class java/util/regex/Pattern$Pos
Event: 40.571 loading class java/util/regex/Pattern$Pos done
Event: 40.572 loading class javax/swing/text/html/HTMLEditorKit$ParserCallback
Event: 40.572 loading class javax/swing/text/html/HTMLEditorKit$ParserCallback done
Event: 40.577 Thread 0x0000027c7c30e970 Thread added: 0x0000027c7c30e970
Event: 40.607 loading class sun/rmi/transport/DGCClient$EndpointEntry$CleanRequest
Event: 40.607 loading class sun/rmi/transport/DGCClient$EndpointEntry$CleanRequest done
Event: 40.612 Thread 0x0000027c09446d60 Thread exited: 0x0000027c09446d60


Dynamic libraries:
0x00007ff6ea5f0000 - 0x00007ff6ea600000 	C:\Program Files\Java\jdk-17\bin\java.exe
0x00007ffd93b20000 - 0x00007ffd93d87000 	C:\WINDOWS\SYSTEM32\ntdll.dll
0x00007ffd92430000 - 0x00007ffd924fb000 	C:\WINDOWS\System32\KERNEL32.DLL
0x00007ffd91430000 - 0x00007ffd91832000 	C:\WINDOWS\System32\KERNELBASE.dll
0x00007ffd90f00000 - 0x00007ffd9104c000 	C:\WINDOWS\System32\ucrtbase.dll
0x00007ffd28fa0000 - 0x00007ffd28fb9000 	C:\Program Files\Java\jdk-17\bin\jli.dll
0x00007ffcfc130000 - 0x00007ffcfc14b000 	C:\Program Files\Java\jdk-17\bin\VCRUNTIME140.dll
0x00007ffd91840000 - 0x00007ffd918fc000 	C:\WINDOWS\System32\ADVAPI32.dll
0x00007ffd91910000 - 0x00007ffd919b9000 	C:\WINDOWS\System32\msvcrt.dll
0x00007ffd91f50000 - 0x00007ffd91ff9000 	C:\WINDOWS\System32\sechost.dll
0x00007ffd93670000 - 0x00007ffd93788000 	C:\WINDOWS\System32\RPCRT4.dll
0x00007ffd93810000 - 0x00007ffd939df000 	C:\WINDOWS\System32\USER32.dll
0x00007ffd91400000 - 0x00007ffd91427000 	C:\WINDOWS\System32\win32u.dll
0x00007ffd92110000 - 0x00007ffd9213b000 	C:\WINDOWS\System32\GDI32.dll
0x00007ffd75380000 - 0x00007ffd75610000 	C:\WINDOWS\WinSxS\amd64_microsoft.windows.common-controls_6595b64144ccf1df_6.0.26100.9278_none_3e0d1ba8e3303201\COMCTL32.dll
0x00007ffd90d20000 - 0x00007ffd90e49000 	C:\WINDOWS\System32\gdi32full.dll
0x00007ffd90e50000 - 0x00007ffd90ef3000 	C:\WINDOWS\System32\msvcp_win.dll
0x00007ffd88f50000 - 0x00007ffd88f5b000 	C:\WINDOWS\SYSTEM32\VERSION.dll
0x00007ffd933c0000 - 0x00007ffd933f1000 	C:\WINDOWS\System32\IMM32.DLL
0x00007ffd5e020000 - 0x00007ffd5e02c000 	C:\Program Files\Java\jdk-17\bin\vcruntime140_1.dll
0x00007ffcf4740000 - 0x00007ffcf47ce000 	C:\Program Files\Java\jdk-17\bin\msvcp140.dll
0x00007ffccbaf0000 - 0x00007ffccc6d0000 	C:\Program Files\Java\jdk-17\bin\server\jvm.dll
0x00007ffd91f40000 - 0x00007ffd91f48000 	C:\WINDOWS\System32\PSAPI.DLL
0x00007ffd81220000 - 0x00007ffd8122a000 	C:\WINDOWS\SYSTEM32\WSOCK32.dll
0x00007ffd826a0000 - 0x00007ffd826d6000 	C:\WINDOWS\SYSTEM32\WINMM.dll
0x00007ffd93a50000 - 0x00007ffd93ad0000 	C:\WINDOWS\System32\WS2_32.dll
0x00007ffd8f9b0000 - 0x00007ffd8f9cb000 	C:\WINDOWS\SYSTEM32\kernel.appcore.dll
0x00007ffd56070000 - 0x00007ffd5607a000 	C:\Program Files\Java\jdk-17\bin\jimage.dll
0x00007ffd8e260000 - 0x00007ffd8e4ac000 	C:\WINDOWS\SYSTEM32\DBGHELP.DLL
0x00007ffd92e00000 - 0x00007ffd93185000 	C:\WINDOWS\System32\combase.dll
0x00007ffd93490000 - 0x00007ffd93569000 	C:\WINDOWS\System32\OLEAUT32.dll
0x00007ffd79ef0000 - 0x00007ffd79f2b000 	C:\WINDOWS\SYSTEM32\dbgcore.DLL
0x00007ffd910f0000 - 0x00007ffd9119c000 	C:\WINDOWS\System32\bcryptPrimitives.dll
0x00007ffcf5fb0000 - 0x00007ffcf5fd5000 	C:\Program Files\Java\jdk-17\bin\java.dll
0x00007ffced330000 - 0x00007ffced407000 	C:\Program Files\Java\jdk-17\bin\jsvml.dll
0x00007ffd92660000 - 0x00007ffd92df8000 	C:\WINDOWS\System32\SHELL32.dll
0x00007ffd8e740000 - 0x00007ffd8efee000 	C:\WINDOWS\SYSTEM32\windows.storage.dll
0x00007ffd93570000 - 0x00007ffd9366b000 	C:\WINDOWS\System32\SHCORE.dll
0x00007ffd92340000 - 0x00007ffd923a6000 	C:\WINDOWS\System32\shlwapi.dll
0x00007ffd90c40000 - 0x00007ffd90c69000 	C:\WINDOWS\SYSTEM32\profapi.dll
0x00007ffcfb710000 - 0x00007ffcfb729000 	C:\Program Files\Java\jdk-17\bin\net.dll
0x00007ffd8ae00000 - 0x00007ffd8af2a000 	C:\WINDOWS\SYSTEM32\WINHTTP.dll
0x00007ffd8ff50000 - 0x00007ffd8ffbc000 	C:\WINDOWS\system32\mswsock.dll
0x00007ffcfb6f0000 - 0x00007ffcfb706000 	C:\Program Files\Java\jdk-17\bin\nio.dll
0x00007ffcf8840000 - 0x00007ffcf8858000 	C:\Program Files\Java\jdk-17\bin\zip.dll
0x00007ffd50700000 - 0x00007ffd50710000 	C:\Program Files\Java\jdk-17\bin\verify.dll
0x00007ffcd8b10000 - 0x00007ffcd8b37000 	C:\Users\ASUS\.gradle\native\e1d6ef7f7dcc3fd88c89a11ec53ec762bb8ba0a96d01ffa2cd45eb1d1d8dd5c5\windows-amd64\native-platform.dll
0x00007ffcedcb0000 - 0x00007ffceddf4000 	C:\Users\ASUS\.gradle\native\0d407fdbe67a94daf76414ababcb853783967236a71b16ec16e742cd7a986fd3\windows-amd64\native-platform-file-events.dll
0x00007ffd4a160000 - 0x00007ffd4a16a000 	C:\Program Files\Java\jdk-17\bin\management.dll
0x00007ffd48b10000 - 0x00007ffd48b1b000 	C:\Program Files\Java\jdk-17\bin\management_ext.dll
0x00007ffd90370000 - 0x00007ffd9038b000 	C:\WINDOWS\SYSTEM32\CRYPTSP.dll
0x00007ffd8f910000 - 0x00007ffd8f949000 	C:\WINDOWS\system32\rsaenh.dll
0x00007ffd90000000 - 0x00007ffd90034000 	C:\WINDOWS\SYSTEM32\USERENV.dll
0x00007ffd90c10000 - 0x00007ffd90c3a000 	C:\WINDOWS\SYSTEM32\bcrypt.dll
0x00007ffd901b0000 - 0x00007ffd901bc000 	C:\WINDOWS\SYSTEM32\CRYPTBASE.dll
0x00007ffd8f3b0000 - 0x00007ffd8f3e3000 	C:\WINDOWS\SYSTEM32\IPHLPAPI.DLL
0x00007ffd91f30000 - 0x00007ffd91f3a000 	C:\WINDOWS\System32\NSI.dll
0x00007ffd8b000000 - 0x00007ffd8b01d000 	C:\WINDOWS\SYSTEM32\dhcpcsvc6.DLL
0x00007ffd8afd0000 - 0x00007ffd8aff5000 	C:\WINDOWS\SYSTEM32\dhcpcsvc.DLL
0x00007ffd8f450000 - 0x00007ffd8f5a8000 	C:\WINDOWS\SYSTEM32\DNSAPI.dll
0x00007ffd8fd70000 - 0x00007ffd8fd7d000 	C:\WINDOWS\SYSTEM32\DSPARSE.dll
0x00007ffd48950000 - 0x00007ffd4895e000 	C:\Program Files\Java\jdk-17\bin\sunmscapi.dll
0x00007ffd911b0000 - 0x00007ffd9132e000 	C:\WINDOWS\System32\CRYPT32.dll
0x00007ffd904e0000 - 0x00007ffd90510000 	C:\WINDOWS\SYSTEM32\ncrypt.dll
0x00007ffd90490000 - 0x00007ffd904cf000 	C:\WINDOWS\SYSTEM32\NTASN1.dll
0x00007ffd777e0000 - 0x00007ffd777e8000 	C:\WINDOWS\system32\wshunix.dll
0x00007ffd890e0000 - 0x00007ffd890fe000 	C:\Users\ASUS\AppData\Local\Temp\native-platform13573302054699262074dir\native-platform.dll
0x00007ffd81400000 - 0x00007ffd81407000 	C:\Program Files\Java\jdk-17\bin\rmi.dll

dbghelp: loaded successfully - version: 4.0.5 - missing functions: none
symbol engine: initialized successfully - sym options: 0x614 - pdb path: .;C:\Program Files\Java\jdk-17\bin;C:\WINDOWS\SYSTEM32;C:\WINDOWS\WinSxS\amd64_microsoft.windows.common-controls_6595b64144ccf1df_6.0.26100.9278_none_3e0d1ba8e3303201;C:\Program Files\Java\jdk-17\bin\server;C:\Users\ASUS\.gradle\native\e1d6ef7f7dcc3fd88c89a11ec53ec762bb8ba0a96d01ffa2cd45eb1d1d8dd5c5\windows-amd64;C:\Users\ASUS\.gradle\native\0d407fdbe67a94daf76414ababcb853783967236a71b16ec16e742cd7a986fd3\windows-amd64;C:\Users\ASUS\AppData\Local\Temp\native-platform13573302054699262074dir

VM Arguments:
jvm_args: --add-opens=java.base/java.util=ALL-UNNAMED --add-opens=java.base/java.lang=ALL-UNNAMED --add-opens=java.base/java.lang.invoke=ALL-UNNAMED --add-opens=java.base/java.util=ALL-UNNAMED --add-opens=java.prefs/java.util.prefs=ALL-UNNAMED --add-opens=java.prefs/java.util.prefs=ALL-UNNAMED --add-opens=java.base/java.nio.charset=ALL-UNNAMED --add-opens=java.base/java.net=ALL-UNNAMED --add-opens=java.base/java.util.concurrent.atomic=ALL-UNNAMED -Xmx2048m -Dfile.encoding=UTF-8 -Duser.country=US -Duser.language=en -Duser.variant 
java_command: org.gradle.launcher.daemon.bootstrap.GradleDaemon 7.4
java_class_path (initial): C:\Users\ASUS\.gradle\wrapper\dists\gradle-7.4-bin\c0gwcg53nkjbqw7r0h0umtfvt\gradle-7.4\lib\gradle-launcher-7.4.jar
Launcher Type: SUN_STANDARD

[Global flags]
     intx CICompilerCount                          = 12                                        {product} {ergonomic}
     uint ConcGCThreads                            = 3                                         {product} {ergonomic}
     uint G1ConcRefinementThreads                  = 13                                        {product} {ergonomic}
   size_t G1HeapRegionSize                         = 1048576                                   {product} {ergonomic}
    uintx GCDrainStackTargetSize                   = 64                                        {product} {ergonomic}
   size_t InitialHeapSize                          = 266338304                                 {product} {ergonomic}
   size_t MarkStackSize                            = 4194304                                   {product} {ergonomic}
   size_t MaxHeapSize                              = 2147483648                                {product} {command line}
   size_t MaxNewSize                               = 1287651328                                {product} {ergonomic}
   size_t MinHeapDeltaBytes                        = 1048576                                   {product} {ergonomic}
   size_t MinHeapSize                              = 8388608                                   {product} {ergonomic}
    uintx NonNMethodCodeHeapSize                   = 7602480                                {pd product} {ergonomic}
    uintx NonProfiledCodeHeapSize                  = 122027880                              {pd product} {ergonomic}
    uintx ProfiledCodeHeapSize                     = 122027880                              {pd product} {ergonomic}
    uintx ReservedCodeCacheSize                    = 251658240                              {pd product} {ergonomic}
     bool SegmentedCodeCache                       = true                                      {product} {ergonomic}
   size_t SoftMaxHeapSize                          = 2147483648                             {manageable} {ergonomic}
     bool UseCompressedClassPointers               = true                           {product lp64_product} {ergonomic}
     bool UseCompressedOops                        = true                           {product lp64_product} {ergonomic}
     bool UseG1GC                                  = true                                      {product} {ergonomic}
     bool UseLargePagesIndividualAllocation        = false                                  {pd product} {ergonomic}

Logging:
Log output configuration:
 #0: stdout all=warning uptime,level,tags
 #1: stderr all=off uptime,level,tags

Environment Variables:
CLASSPATH=D:\OneDrive - University of Westminster\Documents\GitHub\ViMusic\\gradle\wrapper\gradle-wrapper.jar
PATH=C:\Program Files\Git\mingw64\bin;C:\Program Files\Git\usr\bin;C:\Users\ASUS\bin;C:\Program Files\NVIDIA GPU Computing Toolkit\CUDA\v12.6\bin;C:\Program Files\NVIDIA GPU Computing Toolkit\CUDA\v12.6\libnvvp;C:\Program Files\NVIDIA GPU Computing Toolkit\CUDA\v13.3\bin\x64;C:\Program Files\NVIDIA GPU Computing Toolkit\CUDA\v13.3\bin;c:\Users\ASUS\AppData\Local\Programs\cursor\resources\app\bin;C:\Program Files\Common Files\Oracle\Java\javapath;C:\WINDOWS\system32;C:\WINDOWS;C:\WINDOWS\System32\Wbem;C:\WINDOWS\System32\WindowsPowerShell\v1.0\;C:\WINDOWS\System32\OpenSSH\;C:\Program Files (x86)\NVIDIA Corporation\PhysX\Common;C:\Program Files\dotnet\;C:\Program Files\Java\jdk-17\bin;C:\Program Files\nodejs\;C:\Program Files\PostgreSQL\17\bin;C:\Program Files\Git\cmd;C:\Users\ASUS\AppData\Local\Programs\Python\Launcher\;C:\Users\ASUS\scoop\shims;C:\Users\ASUS\AppData\Local\Microsoft\WindowsApps;C:\Users\ASUS\AppData\Roaming\npm;C:\Users\ASUS\AppData\Local\Programs\Python\Python313;C:\Users\ASUS\AppData\Local\Programs\Python\Python313\Scripts;C:\Users\ASUS\AppData\Local\Programs\cursor\resources\app\bin;c:\Users\ASUS\AppData\Local\Programs\cursor\resources\app\bin;C:\Program Files\Git\cmd;C:\Program Files\NVIDIA Corporation\NVIDIA App\NvDLISR;C:\Program Files (x86)\BaseX\bin;C:\Program Files\Apache\apache-maven-3.9.12\bin;C:\Program Files\Docker\Docker\resources\bin;C:\tools\rtk-x86_64-pc-windows-msvc;C:\Program Files\NVIDIA Corporation\Nsight Compute 2024.3.0\;C:\Program Files\NVIDIA GPU Computing Toolkit\CUDA\v12.6\bin;C:\Program Files\NVIDIA GPU Computing Toolkit\CUDA\v12.6\libnvvp;C:\Program Files\NVIDIA GPU Computing Toolkit\CUDA\v13.3\bin\x64;C:\Program Files\NVIDIA GPU Computing Toolkit\CUDA\v13.3\bin;c:\Users\ASUS\AppData\Local\Programs\cursor\resources\app\bin;C:\Program Files\Common Files\Oracle\Java\javapath;C:\WINDOWS\system32;C:\WINDOWS;C:\WINDOWS\System32\Wbem;C:\WINDOWS\System32\WindowsPowerShell\v1.0\;C:\WINDOWS\System32\OpenSSH\;C:\Program Files (x86)\NV
USERNAME=ASUS
OS=Windows_NT
PROCESSOR_IDENTIFIER=AMD64 Family 25 Model 68 Stepping 1, AuthenticAMD



---------------  S Y S T E M  ---------------

OS:
 Windows 11 , 64 bit Build 26100 (10.0.26100.9444)
OS uptime: 1 days 20:25 hours
Hyper-V role detected

CPU: total 16 (initial active 16) (16 cores per cpu, 2 threads per core) family 25 model 68 stepping 1 microcode 0xa404107, cx8, cmov, fxsr, ht, mmx, 3dnowpref, sse, sse2, sse3, ssse3, sse4a, sse4.1, sse4.2, popcnt, lzcnt, tsc, tscinvbit, avx, avx2, aes, erms, clmul, bmi1, bmi2, adx, sha, fma, vzeroupper, clflush, clflushopt, hv

Memory: 4k page, system-wide physical 16202M (593M free)
TotalPageFile size 25424M (AvailPageFile size 10M)
current process WorkingSet (physical memory assigned to process): 485M, peak: 540M
current process commit charge ("private bytes"): 542M, peak: 596M

vm_info: Java HotSpot(TM) 64-Bit Server VM (17.0.12+8-LTS-286) for windows-amd64 JRE (17.0.12+8-LTS-286), built on Jun  5 2024 06:46:59 by "mach5one" with MS VC++ 17.6 (VS2022)

END.
