#
# There is insufficient memory for the Java Runtime Environment to continue.
# Native memory allocation (mmap) failed to map 365953024 bytes for G1 virtual space
# Possible reasons:
#   The system is out of physical RAM or swap space
#   The process is running with CompressedOops enabled, and the Java Heap may be blocking the growth of the native heap
# Possible solutions:
#   Reduce memory load on the system
#   Increase physical memory or swap space
#   Check if swap backing store is full
#   Decrease Java heap size (-Xmx/-Xms)
#   Decrease number of Java threads
#   Decrease Java thread stack sizes (-Xss)
#   Set larger code cache with -XX:ReservedCodeCacheSize=
#   JVM is running with Unscaled Compressed Oops mode in which the Java heap is
#     placed in the first 4GB address space. The Java Heap base address is the
#     maximum limit for the native heap growth. Please use -XX:HeapBaseMinAddress
#     to set the Java Heap base and to place the Java Heap above 4GB virtual address.
# This output file may be truncated or incomplete.
#
#  Out of Memory Error (os_windows.cpp:3548), pid=13780, tid=2960
#
# JRE version: Java(TM) SE Runtime Environment (17.0.12+8) (build 17.0.12+8-LTS-286)
# Java VM: Java HotSpot(TM) 64-Bit Server VM (17.0.12+8-LTS-286, mixed mode, sharing, tiered, compressed oops, compressed class ptrs, g1 gc, windows-amd64)
# No core dump will be written. Minidumps are not enabled by default on client versions of Windows
#

---------------  S U M M A R Y ------------

Command Line: --add-opens=java.base/java.util=ALL-UNNAMED --add-opens=java.base/java.lang=ALL-UNNAMED --add-opens=java.base/java.lang.invoke=ALL-UNNAMED --add-opens=java.base/java.util=ALL-UNNAMED --add-opens=java.prefs/java.util.prefs=ALL-UNNAMED --add-opens=java.prefs/java.util.prefs=ALL-UNNAMED --add-opens=java.base/java.nio.charset=ALL-UNNAMED --add-opens=java.base/java.net=ALL-UNNAMED --add-opens=java.base/java.util.concurrent.atomic=ALL-UNNAMED -Xmx2048m -Dfile.encoding=UTF-8 -Duser.country=US -Duser.language=en -Duser.variant org.gradle.launcher.daemon.bootstrap.GradleDaemon 7.4

Host: AMD Ryzen 7 7435HS                             , 16 cores, 15G,  Windows 11 , 64 bit Build 26100 (10.0.26100.9444)
Time: Sun Sep 27 16:37:00 2026 Sri Lanka Standard Time elapsed time: 19.584443 seconds (0d 0h 0m 19s)

---------------  T H R E A D  ---------------

Current thread (0x000001d4fc612010):  VMThread "VM Thread" [stack: 0x0000001586600000,0x0000001586700000] [id=2960]

Stack: [0x0000001586600000,0x0000001586700000]
Native frames: (J=compiled Java code, j=interpreted, Vv=VM code, C=native code)
V  [jvm.dll+0x67a04a]
V  [jvm.dll+0x7da4ed]
V  [jvm.dll+0x7dbe33]
V  [jvm.dll+0x7dc4a3]
V  [jvm.dll+0x24508f]
V  [jvm.dll+0x677089]
V  [jvm.dll+0x66bd32]
V  [jvm.dll+0x301fa6]
V  [jvm.dll+0x309546]
V  [jvm.dll+0x359d2e]
V  [jvm.dll+0x359f5f]
V  [jvm.dll+0x2d9078]
V  [jvm.dll+0x2d74ad]
V  [jvm.dll+0x2d6afc]
V  [jvm.dll+0x31a65b]
V  [jvm.dll+0x7e0d9b]
V  [jvm.dll+0x7e1ad4]
V  [jvm.dll+0x7e1fed]
V  [jvm.dll+0x7e23c4]
V  [jvm.dll+0x7e2490]
V  [jvm.dll+0x78abea]
V  [jvm.dll+0x678f35]
C  [ucrtbase.dll+0x2cd30]
C  [KERNEL32.DLL+0x2cd87]
C  [ntdll.dll+0xacaec]

VM_Operation (0x000000158cefa180): G1CollectForAllocation, mode: safepoint, requested by thread 0x000001d4c7f7c4d0


---------------  P R O C E S S  ---------------

Threads class SMR info:
_java_thread_list=0x000001d4cb4ae6f0, length=259, elements={
0x000001d4dd8b8f90, 0x000001d4fc6130b0, 0x000001d4fc613980, 0x000001d4fc61ba10,
0x000001d4fc61c2e0, 0x000001d4fc61d720, 0x000001d4fc61eb60, 0x000001d4fc620e40,
0x000001d4fc62e2e0, 0x000001d4fc654110, 0x000001d4fc7727a0, 0x000001d4fc7a98b0,
0x000001d4fc7abda0, 0x000001d4fc85b330, 0x000001d4fd2a0010, 0x000001d4fda3a580,
0x000001d4fe6ef290, 0x000001d4fec26020, 0x000001d4fe7b7e70, 0x000001d4febc4200,
0x000001d4fe648200, 0x000001d4fec80b20, 0x000001d4fec80100, 0x000001d4fec7f6e0,
0x000001d4fec7f1d0, 0x000001d4fec7e7b0, 0x000001d4fec81f60, 0x000001d4fec7ecc0,
0x000001d4fec80610, 0x000001d4c6e43c70, 0x000001d4c6e43250, 0x000001d4c6e43760,
0x000001d4c6e40ee0, 0x000001d4c6e409d0, 0x000001d4c6e42830, 0x000001d4c6e413f0,
0x000001d4c6e44ba0, 0x000001d4c6e450b0, 0x000001d4c6e45ad0, 0x000001d4c6e45fe0,
0x000001d4c6e47930, 0x000001d4c6e464f0, 0x000001d4c6e47420, 0x000001d4c6e47e40,
0x000001d4c6e46a00, 0x000001d4c6e46f10, 0x000001d4c6baceb0, 0x000001d4c6bae2f0,
0x000001d4c6bafc40, 0x000001d4c6baf730, 0x000001d4c6bb0150, 0x000001d4c6bb0b70,
0x000001d4c6badde0, 0x000001d4c6bb0660, 0x000001d4c6bae800, 0x000001d4c6baed10,
0x000001d4c6baf220, 0x000001d4c6bad3c0, 0x000001d4c6bb1080, 0x000001d4c6bad8d0,
0x000001d4c6bb24c0, 0x000001d4c6bb4830, 0x000001d4c6bb3900, 0x000001d4c6bb1590,
0x000001d4c6bb1aa0, 0x000001d4c6bb1fb0, 0x000001d4c6bb29d0, 0x000001d4c6bb3e10,
0x000001d4c6bb4320, 0x000001d4c6bb2ee0, 0x000001d4c6bb33f0, 0x000001d4c7f78810,
0x000001d4c7f75f90, 0x000001d4c7f773d0, 0x000001d4c7f778e0, 0x000001d4c7f75060,
0x000001d4c7f764a0, 0x000001d4c7f78300, 0x000001d4c7f78d20, 0x000001d4c7f75570,
0x000001d4c7f769b0, 0x000001d4c7f79230, 0x000001d4c7f77df0, 0x000001d4c7f76ec0,
0x000001d4c7f75a80, 0x000001d4c7f79c50, 0x000001d4c7f7bab0, 0x000001d4c7f7bfc0,
0x000001d4c7f7c4d0, 0x000001d4c7f7c9e0, 0x000001d4c7f79740, 0x000001d4c7f7a670,
0x000001d4c7f7a160, 0x000001d4c7f7ab80, 0x000001d4c7f7b090, 0x000001d4c7f7b5a0,
0x000001d4c81c26a0, 0x000001d4c81c35d0, 0x000001d4c81c2190, 0x000001d4c81c2bb0,
0x000001d4c81c30c0, 0x000001d4c81c3ae0, 0x000001d4c81c3ff0, 0x000001d4c81c1c80,
0x000001d4c81c4500, 0x000001d4c81c4a10, 0x000001d4c81c4f20, 0x000001d4c81c1770,
0x000001d4c81c81c0, 0x000001d4c81c6360, 0x000001d4c81c6870, 0x000001d4c81c6d80,
0x000001d4c81c5e50, 0x000001d4c81c8be0, 0x000001d4c81c5430, 0x000001d4c81c7290,
0x000001d4c81c77a0, 0x000001d4c81c5940, 0x000001d4c81c7cb0, 0x000001d4c81c90f0,
0x000001d4c81c86d0, 0x000001d4c8286030, 0x000001d4c82846e0, 0x000001d4c8285100,
0x000001d4c8285b20, 0x000001d4c8283cc0, 0x000001d4c8284bf0, 0x000001d4c8286f60,
0x000001d4c82841d0, 0x000001d4c8286540, 0x000001d4c8285610, 0x000001d4c82837b0,
0x000001d4c82888b0, 0x000001d4c8286a50, 0x000001d4c828ac20, 0x000001d4c8288dc0,
0x000001d4c82892d0, 0x000001d4c8287e90, 0x000001d4c828a710, 0x000001d4c8287470,
0x000001d4c8289cf0, 0x000001d4c82897e0, 0x000001d4c8287980, 0x000001d4c828a200,
0x000001d4c828b130, 0x000001d4c82883a0, 0x000001d4c7f5ce30, 0x000001d4c7f5a0a0,
0x000001d4c7f5afd0, 0x000001d4c7f5b4e0, 0x000001d4c7f5dd60, 0x000001d4c7f5aac0,
0x000001d4c7f5a5b0, 0x000001d4c7f5ec90, 0x000001d4c7f5c410, 0x000001d4c7f5e780,
0x000001d4c7f5f1a0, 0x000001d4c7f5bf00, 0x000001d4c7f5e270, 0x000001d4c7f5f6b0,
0x000001d4c7f5d340, 0x000001d4c7f5d850, 0x000001d4c7f5c920, 0x000001d4c7f5b9f0,
0x000001d4c7f5fbc0, 0x000001d4c7f61000, 0x000001d4c7f61510, 0x000001d4c7f600d0,
0x000001d4c7f61a20, 0x000001d4c7f605e0, 0x000001d4c7f60af0, 0x000001d4c824e7a0,
0x000001d4c824ecb0, 0x000001d4c824c430, 0x000001d4c824c940, 0x000001d4c824d360,
0x000001d4c824f6d0, 0x000001d4c824d870, 0x000001d4c824f1c0, 0x000001d4c824dd80,
0x000001d4c824bf20, 0x000001d4c824fbe0, 0x000001d4c82500f0, 0x000001d4c8250600,
0x000001d4c824ce50, 0x000001d4c8251a40, 0x000001d4c8250b10, 0x000001d4c8251020,
0x000001d4c8251530, 0x000001d4c824e290, 0x000001d4c8251f50, 0x000001d4c8252e80,
0x000001d4c8252460, 0x000001d4c82538a0, 0x000001d4c8252970, 0x000001d4c8253390,
0x000001d4c820d360, 0x000001d4c820f1c0, 0x000001d4c820e290, 0x000001d4c820dd80,
0x000001d4c820c430, 0x000001d4c820f6d0, 0x000001d4c820e7a0, 0x000001d4c820ecb0,
0x000001d4c8211f50, 0x000001d4c8212460, 0x000001d4c8212970, 0x000001d4c8212e80,
0x000001d4c82138a0, 0x000001d4c8213390, 0x000001d4c5b12d60, 0x000001d4c5b12340,
0x000001d4c5b13780, 0x000001d4c5b150d0, 0x000001d4c5b12850, 0x000001d4c5b13270,
0x000001d4c5b13c90, 0x000001d4c5b11e30, 0x000001d4c5b141a0, 0x000001d4c5b146b0,
0x000001d4c5b14bc0, 0x000001d4c5b11920, 0x000001d4c5b15af0, 0x000001d4c5b17e60,
0x000001d4c5b17440, 0x000001d4c5b16000, 0x000001d4c82f3720, 0x000001d4c82f1dd0,
0x000001d4c82f22e0, 0x000001d4c740f670, 0x000001d4c58b9a60, 0x000001d4c58ba990,
0x000001d4c58b9040, 0x000001d4fee92a40, 0x000001d4ca064d70, 0x000001d4c82f5730,
0x000001d4fdf29120, 0x000001d4c7411b90, 0x000001d4ca065280, 0x000001d4caec4b90,
0x000001d4c82f2d00, 0x000001d4cac4fb30, 0x000001d4cac02c90, 0x000001d4cac02270,
0x000001d4cac02780, 0x000001d4cac031a0, 0x000001d4cb6956c0, 0x000001d4cb695bd0,
0x000001d4cb6960e0, 0x000001d4cac4ec00, 0x000001d4cac4f110, 0x000001d4cac4f620,
0x000001d4ca065790, 0x000001d4cb094bd0, 0x000001d4cb0946c0, 0x000001d4cb096f40,
0x000001d4cb0955f0, 0x000001d4cb097960, 0x000001d4c740f160
}

Java Threads: ( => current thread )
  0x000001d4dd8b8f90 JavaThread "main" [_thread_blocked, id=13752, stack(0x0000001586000000,0x0000001586100000)]
  0x000001d4fc6130b0 JavaThread "Reference Handler" daemon [_thread_blocked, id=28276, stack(0x0000001586700000,0x0000001586800000)]
  0x000001d4fc613980 JavaThread "Finalizer" daemon [_thread_blocked, id=31280, stack(0x0000001586800000,0x0000001586900000)]
  0x000001d4fc61ba10 JavaThread "Signal Dispatcher" daemon [_thread_blocked, id=10700, stack(0x0000001586900000,0x0000001586a00000)]
  0x000001d4fc61c2e0 JavaThread "Attach Listener" daemon [_thread_blocked, id=30700, stack(0x0000001586a00000,0x0000001586b00000)]
  0x000001d4fc61d720 JavaThread "Service Thread" daemon [_thread_blocked, id=35184, stack(0x0000001586b00000,0x0000001586c00000)]
  0x000001d4fc61eb60 JavaThread "Monitor Deflation Thread" daemon [_thread_blocked, id=20132, stack(0x0000001586c00000,0x0000001586d00000)]
  0x000001d4fc620e40 JavaThread "C2 CompilerThread0" daemon [_thread_blocked, id=4320, stack(0x0000001586d00000,0x0000001586e00000)]
  0x000001d4fc62e2e0 JavaThread "C1 CompilerThread0" daemon [_thread_blocked, id=15588, stack(0x0000001586e00000,0x0000001586f00000)]
  0x000001d4fc654110 JavaThread "Sweeper thread" daemon [_thread_blocked, id=30376, stack(0x0000001586f00000,0x0000001587000000)]
  0x000001d4fc7727a0 JavaThread "C1 CompilerThread1" daemon [_thread_blocked, id=6076, stack(0x0000001587000000,0x0000001587100000)]
  0x000001d4fc7a98b0 JavaThread "Common-Cleaner" daemon [_thread_blocked, id=35044, stack(0x0000001587100000,0x0000001587200000)]
  0x000001d4fc7abda0 JavaThread "Notification Thread" daemon [_thread_blocked, id=7924, stack(0x0000001587200000,0x0000001587300000)]
  0x000001d4fc85b330 JavaThread "C2 CompilerThread1" daemon [_thread_blocked, id=33708, stack(0x0000001587400000,0x0000001587500000)]
  0x000001d4fd2a0010 JavaThread "C1 CompilerThread2" daemon [_thread_blocked, id=31740, stack(0x0000001587600000,0x0000001587700000)]
  0x000001d4fda3a580 JavaThread "C1 CompilerThread3" daemon [_thread_blocked, id=21548, stack(0x0000001587700000,0x0000001587800000)]
  0x000001d4fe6ef290 JavaThread "Daemon health stats" [_thread_blocked, id=2912, stack(0x0000001587d00000,0x0000001587e00000)]
  0x000001d4fec26020 JavaThread "Incoming local TCP Connector on port 57009" [_thread_in_native, id=8296, stack(0x0000001587e00000,0x0000001587f00000)]
  0x000001d4fe7b7e70 JavaThread "Daemon periodic checks" [_thread_blocked, id=26640, stack(0x0000001587f00000,0x0000001588000000)]
  0x000001d4febc4200 JavaThread "Daemon" [_thread_blocked, id=33520, stack(0x0000001588000000,0x0000001588100000)]
  0x000001d4fe648200 JavaThread "Handler for socket connection from /127.0.0.1:57009 to /127.0.0.1:57010" [_thread_in_native, id=20112, stack(0x0000001588100000,0x0000001588200000)]
  0x000001d4fec80b20 JavaThread "Cancel handler" [_thread_blocked, id=34244, stack(0x0000001588200000,0x0000001588300000)]
  0x000001d4fec80100 JavaThread "Daemon worker" [_thread_blocked, id=28536, stack(0x0000001588300000,0x0000001588400000)]
  0x000001d4fec7f6e0 JavaThread "Asynchronous log dispatcher for DefaultDaemonConnection: socket connection from /127.0.0.1:57009 to /127.0.0.1:57010" [_thread_blocked, id=8376, stack(0x0000001588400000,0x0000001588500000)]
  0x000001d4fec7f1d0 JavaThread "Stdin handler" [_thread_blocked, id=32380, stack(0x0000001588500000,0x0000001588600000)]
  0x000001d4fec7e7b0 JavaThread "Daemon client event forwarder" [_thread_blocked, id=12148, stack(0x0000001588600000,0x0000001588700000)]
  0x000001d4fec81f60 JavaThread "Cache worker for journal cache (C:\Users\ASUS\.gradle\caches\journal-1)" [_thread_blocked, id=27948, stack(0x0000001588700000,0x0000001588800000)]
  0x000001d4fec7ecc0 JavaThread "File lock request listener" [_thread_in_native, id=13988, stack(0x0000001588800000,0x0000001588900000)]
  0x000001d4fec80610 JavaThread "Cache worker for file hash cache (C:\Users\ASUS\.gradle\caches\7.4\fileHashes)" [_thread_blocked, id=18284, stack(0x0000001588900000,0x0000001588a00000)]
  0x000001d4c6e43c70 JavaThread "File watcher server" daemon [_thread_blocked, id=27312, stack(0x0000001588a00000,0x0000001588b00000)]
  0x000001d4c6e43250 JavaThread "File watcher consumer" daemon [_thread_blocked, id=27256, stack(0x0000001588b00000,0x0000001588c00000)]
  0x000001d4c6e43760 JavaThread "Cache worker for checksums cache (D:\OneDrive - University of Westminster\Documents\GitHub\ViMusic\.gradle\7.4\checksums)" [_thread_blocked, id=33256, stack(0x0000001587500000,0x0000001587600000)]
  0x000001d4c6e40ee0 JavaThread "Cache worker for cache directory md-rule (C:\Users\ASUS\.gradle\caches\7.4\md-rule)" [_thread_blocked, id=34372, stack(0x0000001588c00000,0x0000001588d00000)]
  0x000001d4c6e409d0 JavaThread "Cache worker for file hash cache (D:\OneDrive - University of Westminster\Documents\GitHub\ViMusic\.gradle\7.4\fileHashes)" [_thread_blocked, id=3664, stack(0x0000001588d00000,0x0000001588e00000)]
  0x000001d4c6e42830 JavaThread "Cache worker for cache directory md-supplier (C:\Users\ASUS\.gradle\caches\7.4\md-supplier)" [_thread_blocked, id=34160, stack(0x0000001588e00000,0x0000001588f00000)]
  0x000001d4c6e413f0 JavaThread "Cache worker for execution history cache (C:\Users\ASUS\.gradle\caches\7.4\executionHistory)" [_thread_blocked, id=35008, stack(0x0000001589800000,0x0000001589900000)]
  0x000001d4c6e44ba0 JavaThread "jar transforms" [_thread_blocked, id=8360, stack(0x0000001589900000,0x0000001589a00000)]
  0x000001d4c6e450b0 JavaThread "jar transforms Thread 2" [_thread_blocked, id=31108, stack(0x0000001589a00000,0x0000001589b00000)]
  0x000001d4c6e45ad0 JavaThread "Cache worker for file content cache (C:\Users\ASUS\.gradle\caches\7.4\fileContent)" [_thread_blocked, id=18760, stack(0x0000001589c00000,0x0000001589d00000)]
  0x000001d4c6e45fe0 JavaThread "jar transforms Thread 3" [_thread_blocked, id=32936, stack(0x0000001589d00000,0x0000001589e00000)]
  0x000001d4c6e47930 JavaThread "jar transforms Thread 4" [_thread_blocked, id=19460, stack(0x0000001589e00000,0x0000001589f00000)]
  0x000001d4c6e464f0 JavaThread "jar transforms Thread 5" [_thread_blocked, id=31308, stack(0x0000001589f00000,0x000000158a000000)]
  0x000001d4c6e47420 JavaThread "jar transforms Thread 6" [_thread_blocked, id=8392, stack(0x000000158a000000,0x000000158a100000)]
  0x000001d4c6e47e40 JavaThread "jar transforms Thread 7" [_thread_blocked, id=19692, stack(0x000000158a100000,0x000000158a200000)]
  0x000001d4c6e46a00 JavaThread "jar transforms Thread 8" [_thread_blocked, id=33176, stack(0x000000158a200000,0x000000158a300000)]
  0x000001d4c6e46f10 JavaThread "jar transforms Thread 9" [_thread_blocked, id=27720, stack(0x000000158a300000,0x000000158a400000)]
  0x000001d4c6baceb0 JavaThread "jar transforms Thread 10" [_thread_blocked, id=34928, stack(0x000000158a400000,0x000000158a500000)]
  0x000001d4c6bae2f0 JavaThread "jar transforms Thread 11" [_thread_blocked, id=23176, stack(0x000000158a500000,0x000000158a600000)]
  0x000001d4c6bafc40 JavaThread "jar transforms Thread 12" [_thread_blocked, id=34480, stack(0x000000158a600000,0x000000158a700000)]
  0x000001d4c6baf730 JavaThread "jar transforms Thread 13" [_thread_blocked, id=31032, stack(0x000000158a700000,0x000000158a800000)]
  0x000001d4c6bb0150 JavaThread "jar transforms Thread 14" [_thread_blocked, id=9988, stack(0x000000158a800000,0x000000158a900000)]
  0x000001d4c6bb0b70 JavaThread "jar transforms Thread 15" [_thread_blocked, id=9112, stack(0x000000158a900000,0x000000158aa00000)]
  0x000001d4c6badde0 JavaThread "jar transforms Thread 16" [_thread_blocked, id=12568, stack(0x000000158aa00000,0x000000158ab00000)]
  0x000001d4c6bb0660 JavaThread "Cache worker for kotlin-dsl (C:\Users\ASUS\.gradle\caches\7.4\kotlin-dsl)" [_thread_blocked, id=8904, stack(0x000000158ab00000,0x000000158ac00000)]
  0x000001d4c6bae800 JavaThread "Cache worker for dependencies-accessors (D:\OneDrive - University of Westminster\Documents\GitHub\ViMusic\.gradle\7.4\dependencies-accessors)" [_thread_blocked, id=35136, stack(0x000000158ac00000,0x000000158ad00000)]
  0x000001d4c6baed10 JavaThread "Cache worker for Build Output Cleanup Cache (D:\OneDrive - University of Westminster\Documents\GitHub\ViMusic\.gradle\buildOutputCleanup)" [_thread_blocked, id=22660, stack(0x000000158ad00000,0x000000158ae00000)]
  0x000001d4c6baf220 JavaThread "Unconstrained build operations" [_thread_blocked, id=33588, stack(0x000000158ae00000,0x000000158af00000)]
  0x000001d4c6bad3c0 JavaThread "Unconstrained build operations Thread 2" [_thread_blocked, id=8804, stack(0x000000158af00000,0x000000158b000000)]
  0x000001d4c6bb1080 JavaThread "Unconstrained build operations Thread 3" [_thread_blocked, id=1120, stack(0x000000158b000000,0x000000158b100000)]
  0x000001d4c6bad8d0 JavaThread "Unconstrained build operations Thread 4" [_thread_blocked, id=30816, stack(0x000000158b100000,0x000000158b200000)]
  0x000001d4c6bb24c0 JavaThread "Unconstrained build operations Thread 5" [_thread_blocked, id=32552, stack(0x000000158b200000,0x000000158b300000)]
  0x000001d4c6bb4830 JavaThread "Unconstrained build operations Thread 6" [_thread_blocked, id=14216, stack(0x000000158b300000,0x000000158b400000)]
  0x000001d4c6bb3900 JavaThread "Unconstrained build operations Thread 7" [_thread_blocked, id=28280, stack(0x000000158b400000,0x000000158b500000)]
  0x000001d4c6bb1590 JavaThread "Unconstrained build operations Thread 8" [_thread_blocked, id=2084, stack(0x000000158b500000,0x000000158b600000)]
  0x000001d4c6bb1aa0 JavaThread "Unconstrained build operations Thread 9" [_thread_blocked, id=21832, stack(0x000000158b600000,0x000000158b700000)]
  0x000001d4c6bb1fb0 JavaThread "Unconstrained build operations Thread 10" [_thread_blocked, id=18132, stack(0x000000158b700000,0x000000158b800000)]
  0x000001d4c6bb29d0 JavaThread "Unconstrained build operations Thread 11" [_thread_blocked, id=32136, stack(0x000000158b800000,0x000000158b900000)]
  0x000001d4c6bb3e10 JavaThread "Unconstrained build operations Thread 12" [_thread_blocked, id=26760, stack(0x000000158b900000,0x000000158ba00000)]
  0x000001d4c6bb4320 JavaThread "Unconstrained build operations Thread 13" [_thread_blocked, id=18664, stack(0x000000158ba00000,0x000000158bb00000)]
  0x000001d4c6bb2ee0 JavaThread "Unconstrained build operations Thread 14" [_thread_blocked, id=24796, stack(0x000000158bb00000,0x000000158bc00000)]
  0x000001d4c6bb33f0 JavaThread "Unconstrained build operations Thread 15" [_thread_blocked, id=4664, stack(0x000000158bc00000,0x000000158bd00000)]
  0x000001d4c7f78810 JavaThread "Unconstrained build operations Thread 16" [_thread_blocked, id=31684, stack(0x000000158bd00000,0x000000158be00000)]
  0x000001d4c7f75f90 JavaThread "Unconstrained build operations Thread 17" [_thread_blocked, id=26776, stack(0x000000158be00000,0x000000158bf00000)]
  0x000001d4c7f773d0 JavaThread "Unconstrained build operations Thread 18" [_thread_blocked, id=1356, stack(0x000000158bf00000,0x000000158c000000)]
  0x000001d4c7f778e0 JavaThread "Unconstrained build operations Thread 19" [_thread_blocked, id=26748, stack(0x000000158c000000,0x000000158c100000)]
  0x000001d4c7f75060 JavaThread "Unconstrained build operations Thread 20" [_thread_blocked, id=35124, stack(0x000000158c100000,0x000000158c200000)]
  0x000001d4c7f764a0 JavaThread "Unconstrained build operations Thread 21" [_thread_blocked, id=31432, stack(0x000000158c200000,0x000000158c300000)]
  0x000001d4c7f78300 JavaThread "Unconstrained build operations Thread 22" [_thread_blocked, id=31800, stack(0x000000158c300000,0x000000158c400000)]
  0x000001d4c7f78d20 JavaThread "Unconstrained build operations Thread 23" [_thread_blocked, id=35672, stack(0x000000158c400000,0x000000158c500000)]
  0x000001d4c7f75570 JavaThread "Unconstrained build operations Thread 24" [_thread_blocked, id=33104, stack(0x000000158c500000,0x000000158c600000)]
  0x000001d4c7f769b0 JavaThread "Unconstrained build operations Thread 25" [_thread_blocked, id=33300, stack(0x000000158c600000,0x000000158c700000)]
  0x000001d4c7f79230 JavaThread "Unconstrained build operations Thread 26" [_thread_blocked, id=8420, stack(0x000000158c700000,0x000000158c800000)]
  0x000001d4c7f77df0 JavaThread "Unconstrained build operations Thread 27" [_thread_blocked, id=32956, stack(0x000000158c800000,0x000000158c900000)]
  0x000001d4c7f76ec0 JavaThread "Unconstrained build operations Thread 28" [_thread_blocked, id=31244, stack(0x000000158c900000,0x000000158ca00000)]
  0x000001d4c7f75a80 JavaThread "Unconstrained build operations Thread 29" [_thread_blocked, id=30476, stack(0x000000158ca00000,0x000000158cb00000)]
  0x000001d4c7f79c50 JavaThread "Unconstrained build operations Thread 30" [_thread_blocked, id=35052, stack(0x000000158cb00000,0x000000158cc00000)]
  0x000001d4c7f7bab0 JavaThread "Unconstrained build operations Thread 31" [_thread_blocked, id=2896, stack(0x000000158cc00000,0x000000158cd00000)]
  0x000001d4c7f7bfc0 JavaThread "Unconstrained build operations Thread 32" [_thread_blocked, id=12780, stack(0x000000158cd00000,0x000000158ce00000)]
  0x000001d4c7f7c4d0 JavaThread "Unconstrained build operations Thread 33" [_thread_blocked, id=34820, stack(0x000000158ce00000,0x000000158cf00000)]
  0x000001d4c7f7c9e0 JavaThread "Unconstrained build operations Thread 34" [_thread_blocked, id=7384, stack(0x000000158cf00000,0x000000158d000000)]
  0x000001d4c7f79740 JavaThread "Unconstrained build operations Thread 35" [_thread_blocked, id=16280, stack(0x000000158d000000,0x000000158d100000)]
  0x000001d4c7f7a670 JavaThread "Unconstrained build operations Thread 36" [_thread_blocked, id=26884, stack(0x000000158d100000,0x000000158d200000)]
  0x000001d4c7f7a160 JavaThread "Unconstrained build operations Thread 37" [_thread_blocked, id=34040, stack(0x000000158d200000,0x000000158d300000)]
  0x000001d4c7f7ab80 JavaThread "Unconstrained build operations Thread 38" [_thread_blocked, id=8332, stack(0x000000158d300000,0x000000158d400000)]
  0x000001d4c7f7b090 JavaThread "Unconstrained build operations Thread 39" [_thread_blocked, id=1820, stack(0x000000158d400000,0x000000158d500000)]
  0x000001d4c7f7b5a0 JavaThread "Unconstrained build operations Thread 40" [_thread_blocked, id=31352, stack(0x000000158d500000,0x000000158d600000)]
  0x000001d4c81c26a0 JavaThread "Unconstrained build operations Thread 41" [_thread_blocked, id=32288, stack(0x000000158d600000,0x000000158d700000)]
  0x000001d4c81c35d0 JavaThread "Unconstrained build operations Thread 42" [_thread_blocked, id=35444, stack(0x000000158d700000,0x000000158d800000)]
  0x000001d4c81c2190 JavaThread "Unconstrained build operations Thread 43" [_thread_blocked, id=27572, stack(0x000000158d800000,0x000000158d900000)]
  0x000001d4c81c2bb0 JavaThread "Unconstrained build operations Thread 44" [_thread_blocked, id=5664, stack(0x000000158d900000,0x000000158da00000)]
  0x000001d4c81c30c0 JavaThread "Unconstrained build operations Thread 45" [_thread_blocked, id=11116, stack(0x000000158da00000,0x000000158db00000)]
  0x000001d4c81c3ae0 JavaThread "Unconstrained build operations Thread 46" [_thread_blocked, id=24680, stack(0x000000158db00000,0x000000158dc00000)]
  0x000001d4c81c3ff0 JavaThread "Unconstrained build operations Thread 47" [_thread_blocked, id=9344, stack(0x000000158dc00000,0x000000158dd00000)]
  0x000001d4c81c1c80 JavaThread "Unconstrained build operations Thread 48" [_thread_blocked, id=29628, stack(0x000000158dd00000,0x000000158de00000)]
  0x000001d4c81c4500 JavaThread "Unconstrained build operations Thread 49" [_thread_blocked, id=26796, stack(0x000000158de00000,0x000000158df00000)]
  0x000001d4c81c4a10 JavaThread "Unconstrained build operations Thread 50" [_thread_blocked, id=16364, stack(0x000000158df00000,0x000000158e000000)]
  0x000001d4c81c4f20 JavaThread "Unconstrained build operations Thread 51" [_thread_blocked, id=1476, stack(0x000000158e000000,0x000000158e100000)]
  0x000001d4c81c1770 JavaThread "Unconstrained build operations Thread 52" [_thread_blocked, id=27568, stack(0x000000158e100000,0x000000158e200000)]
  0x000001d4c81c81c0 JavaThread "Unconstrained build operations Thread 53" [_thread_blocked, id=2120, stack(0x000000158e200000,0x000000158e300000)]
  0x000001d4c81c6360 JavaThread "Unconstrained build operations Thread 54" [_thread_blocked, id=26936, stack(0x000000158e300000,0x000000158e400000)]
  0x000001d4c81c6870 JavaThread "Unconstrained build operations Thread 55" [_thread_blocked, id=6800, stack(0x000000158e400000,0x000000158e500000)]
  0x000001d4c81c6d80 JavaThread "Unconstrained build operations Thread 56" [_thread_blocked, id=23464, stack(0x000000158e500000,0x000000158e600000)]
  0x000001d4c81c5e50 JavaThread "Unconstrained build operations Thread 57" [_thread_blocked, id=35292, stack(0x000000158e600000,0x000000158e700000)]
  0x000001d4c81c8be0 JavaThread "Unconstrained build operations Thread 58" [_thread_blocked, id=5996, stack(0x000000158e700000,0x000000158e800000)]
  0x000001d4c81c5430 JavaThread "Unconstrained build operations Thread 59" [_thread_blocked, id=27620, stack(0x000000158e800000,0x000000158e900000)]
  0x000001d4c81c7290 JavaThread "Unconstrained build operations Thread 60" [_thread_blocked, id=18520, stack(0x000000158e900000,0x000000158ea00000)]
  0x000001d4c81c77a0 JavaThread "Unconstrained build operations Thread 61" [_thread_blocked, id=32604, stack(0x000000158ea00000,0x000000158eb00000)]
  0x000001d4c81c5940 JavaThread "Unconstrained build operations Thread 62" [_thread_blocked, id=7864, stack(0x000000158eb00000,0x000000158ec00000)]
  0x000001d4c81c7cb0 JavaThread "Unconstrained build operations Thread 63" [_thread_blocked, id=13648, stack(0x000000158ec00000,0x000000158ed00000)]
  0x000001d4c81c90f0 JavaThread "Unconstrained build operations Thread 64" [_thread_blocked, id=2252, stack(0x000000158ed00000,0x000000158ee00000)]
  0x000001d4c81c86d0 JavaThread "Unconstrained build operations Thread 65" [_thread_blocked, id=29480, stack(0x000000158ee00000,0x000000158ef00000)]
  0x000001d4c8286030 JavaThread "Unconstrained build operations Thread 66" [_thread_blocked, id=31612, stack(0x000000158ef00000,0x000000158f000000)]
  0x000001d4c82846e0 JavaThread "Unconstrained build operations Thread 67" [_thread_blocked, id=33556, stack(0x000000158f000000,0x000000158f100000)]
  0x000001d4c8285100 JavaThread "Unconstrained build operations Thread 68" [_thread_blocked, id=34056, stack(0x000000158f100000,0x000000158f200000)]
  0x000001d4c8285b20 JavaThread "Unconstrained build operations Thread 69" [_thread_blocked, id=35500, stack(0x000000158f200000,0x000000158f300000)]
  0x000001d4c8283cc0 JavaThread "Unconstrained build operations Thread 70" [_thread_blocked, id=23876, stack(0x000000158f300000,0x000000158f400000)]
  0x000001d4c8284bf0 JavaThread "Unconstrained build operations Thread 71" [_thread_blocked, id=21568, stack(0x000000158f400000,0x000000158f500000)]
  0x000001d4c8286f60 JavaThread "Unconstrained build operations Thread 72" [_thread_blocked, id=19916, stack(0x000000158f500000,0x000000158f600000)]
  0x000001d4c82841d0 JavaThread "Unconstrained build operations Thread 73" [_thread_blocked, id=35112, stack(0x000000158f600000,0x000000158f700000)]
  0x000001d4c8286540 JavaThread "Unconstrained build operations Thread 74" [_thread_blocked, id=32628, stack(0x000000158f700000,0x000000158f800000)]
  0x000001d4c8285610 JavaThread "Unconstrained build operations Thread 75" [_thread_blocked, id=30488, stack(0x000000158f800000,0x000000158f900000)]
  0x000001d4c82837b0 JavaThread "Unconstrained build operations Thread 76" [_thread_blocked, id=24208, stack(0x000000158f900000,0x000000158fa00000)]
  0x000001d4c82888b0 JavaThread "Unconstrained build operations Thread 77" [_thread_blocked, id=27888, stack(0x000000158fa00000,0x000000158fb00000)]
  0x000001d4c8286a50 JavaThread "Unconstrained build operations Thread 78" [_thread_blocked, id=17320, stack(0x000000158fb00000,0x000000158fc00000)]
  0x000001d4c828ac20 JavaThread "Unconstrained build operations Thread 79" [_thread_blocked, id=27864, stack(0x000000158fc00000,0x000000158fd00000)]
  0x000001d4c8288dc0 JavaThread "Unconstrained build operations Thread 80" [_thread_blocked, id=2740, stack(0x000000158fd00000,0x000000158fe00000)]
  0x000001d4c82892d0 JavaThread "Unconstrained build operations Thread 81" [_thread_blocked, id=30516, stack(0x000000158fe00000,0x000000158ff00000)]
  0x000001d4c8287e90 JavaThread "Unconstrained build operations Thread 82" [_thread_blocked, id=32388, stack(0x000000158ff00000,0x0000001590000000)]
  0x000001d4c828a710 JavaThread "Unconstrained build operations Thread 83" [_thread_blocked, id=12892, stack(0x0000001590000000,0x0000001590100000)]
  0x000001d4c8287470 JavaThread "Unconstrained build operations Thread 84" [_thread_blocked, id=1472, stack(0x0000001590100000,0x0000001590200000)]
  0x000001d4c8289cf0 JavaThread "Unconstrained build operations Thread 85" [_thread_blocked, id=33560, stack(0x0000001590200000,0x0000001590300000)]
  0x000001d4c82897e0 JavaThread "Unconstrained build operations Thread 86" [_thread_blocked, id=15608, stack(0x0000001590300000,0x0000001590400000)]
  0x000001d4c8287980 JavaThread "Unconstrained build operations Thread 87" [_thread_blocked, id=27368, stack(0x0000001590400000,0x0000001590500000)]
  0x000001d4c828a200 JavaThread "Unconstrained build operations Thread 88" [_thread_blocked, id=2216, stack(0x0000001590500000,0x0000001590600000)]
  0x000001d4c828b130 JavaThread "Unconstrained build operations Thread 89" [_thread_blocked, id=14952, stack(0x0000001590600000,0x0000001590700000)]
  0x000001d4c82883a0 JavaThread "Unconstrained build operations Thread 90" [_thread_blocked, id=24488, stack(0x0000001590700000,0x0000001590800000)]
  0x000001d4c7f5ce30 JavaThread "Unconstrained build operations Thread 91" [_thread_blocked, id=8220, stack(0x0000001590800000,0x0000001590900000)]
  0x000001d4c7f5a0a0 JavaThread "Unconstrained build operations Thread 92" [_thread_blocked, id=3032, stack(0x0000001590900000,0x0000001590a00000)]
  0x000001d4c7f5afd0 JavaThread "Unconstrained build operations Thread 93" [_thread_blocked, id=35100, stack(0x0000001590a00000,0x0000001590b00000)]
  0x000001d4c7f5b4e0 JavaThread "Unconstrained build operations Thread 94" [_thread_blocked, id=4032, stack(0x0000001590b00000,0x0000001590c00000)]
  0x000001d4c7f5dd60 JavaThread "Unconstrained build operations Thread 95" [_thread_blocked, id=26268, stack(0x0000001590c00000,0x0000001590d00000)]
  0x000001d4c7f5aac0 JavaThread "Unconstrained build operations Thread 96" [_thread_blocked, id=3252, stack(0x0000001590d00000,0x0000001590e00000)]
  0x000001d4c7f5a5b0 JavaThread "Unconstrained build operations Thread 97" [_thread_blocked, id=35212, stack(0x0000001590e00000,0x0000001590f00000)]
  0x000001d4c7f5ec90 JavaThread "Unconstrained build operations Thread 98" [_thread_blocked, id=27180, stack(0x0000001590f00000,0x0000001591000000)]
  0x000001d4c7f5c410 JavaThread "Unconstrained build operations Thread 99" [_thread_blocked, id=8732, stack(0x0000001591000000,0x0000001591100000)]
  0x000001d4c7f5e780 JavaThread "Unconstrained build operations Thread 100" [_thread_blocked, id=34248, stack(0x0000001591100000,0x0000001591200000)]
  0x000001d4c7f5f1a0 JavaThread "Unconstrained build operations Thread 101" [_thread_blocked, id=18864, stack(0x0000001591200000,0x0000001591300000)]
  0x000001d4c7f5bf00 JavaThread "Unconstrained build operations Thread 102" [_thread_blocked, id=10156, stack(0x0000001591300000,0x0000001591400000)]
  0x000001d4c7f5e270 JavaThread "Unconstrained build operations Thread 103" [_thread_blocked, id=8576, stack(0x0000001591400000,0x0000001591500000)]
  0x000001d4c7f5f6b0 JavaThread "Unconstrained build operations Thread 104" [_thread_blocked, id=14456, stack(0x0000001591500000,0x0000001591600000)]
  0x000001d4c7f5d340 JavaThread "Unconstrained build operations Thread 105" [_thread_blocked, id=9472, stack(0x0000001591600000,0x0000001591700000)]
  0x000001d4c7f5d850 JavaThread "Unconstrained build operations Thread 106" [_thread_blocked, id=5800, stack(0x0000001591700000,0x0000001591800000)]
  0x000001d4c7f5c920 JavaThread "Unconstrained build operations Thread 107" [_thread_blocked, id=35412, stack(0x0000001591800000,0x0000001591900000)]
  0x000001d4c7f5b9f0 JavaThread "Unconstrained build operations Thread 108" [_thread_blocked, id=28132, stack(0x0000001591900000,0x0000001591a00000)]
  0x000001d4c7f5fbc0 JavaThread "Unconstrained build operations Thread 109" [_thread_blocked, id=27048, stack(0x0000001591a00000,0x0000001591b00000)]
  0x000001d4c7f61000 JavaThread "Unconstrained build operations Thread 110" [_thread_blocked, id=19436, stack(0x0000001591b00000,0x0000001591c00000)]
  0x000001d4c7f61510 JavaThread "Unconstrained build operations Thread 111" [_thread_blocked, id=7112, stack(0x0000001591c00000,0x0000001591d00000)]
  0x000001d4c7f600d0 JavaThread "Unconstrained build operations Thread 112" [_thread_blocked, id=34780, stack(0x0000001591d00000,0x0000001591e00000)]
  0x000001d4c7f61a20 JavaThread "Unconstrained build operations Thread 113" [_thread_blocked, id=5412, stack(0x0000001591e00000,0x0000001591f00000)]
  0x000001d4c7f605e0 JavaThread "Unconstrained build operations Thread 114" [_thread_blocked, id=32140, stack(0x0000001591f00000,0x0000001592000000)]
  0x000001d4c7f60af0 JavaThread "Unconstrained build operations Thread 115" [_thread_blocked, id=22428, stack(0x0000001592000000,0x0000001592100000)]
  0x000001d4c824e7a0 JavaThread "Unconstrained build operations Thread 116" [_thread_blocked, id=26996, stack(0x0000001592100000,0x0000001592200000)]
  0x000001d4c824ecb0 JavaThread "Unconstrained build operations Thread 117" [_thread_blocked, id=27972, stack(0x0000001592200000,0x0000001592300000)]
  0x000001d4c824c430 JavaThread "Unconstrained build operations Thread 118" [_thread_blocked, id=34644, stack(0x0000001592300000,0x0000001592400000)]
  0x000001d4c824c940 JavaThread "Unconstrained build operations Thread 119" [_thread_blocked, id=23780, stack(0x0000001592400000,0x0000001592500000)]
  0x000001d4c824d360 JavaThread "Unconstrained build operations Thread 120" [_thread_blocked, id=3396, stack(0x0000001592500000,0x0000001592600000)]
  0x000001d4c824f6d0 JavaThread "Unconstrained build operations Thread 121" [_thread_blocked, id=18532, stack(0x0000001592600000,0x0000001592700000)]
  0x000001d4c824d870 JavaThread "Unconstrained build operations Thread 122" [_thread_blocked, id=32576, stack(0x0000001592700000,0x0000001592800000)]
  0x000001d4c824f1c0 JavaThread "Unconstrained build operations Thread 123" [_thread_blocked, id=19900, stack(0x0000001592800000,0x0000001592900000)]
  0x000001d4c824dd80 JavaThread "Unconstrained build operations Thread 124" [_thread_blocked, id=4948, stack(0x0000001592900000,0x0000001592a00000)]
  0x000001d4c824bf20 JavaThread "Unconstrained build operations Thread 125" [_thread_blocked, id=25092, stack(0x0000001592a00000,0x0000001592b00000)]
  0x000001d4c824fbe0 JavaThread "Unconstrained build operations Thread 126" [_thread_blocked, id=27220, stack(0x0000001592b00000,0x0000001592c00000)]
  0x000001d4c82500f0 JavaThread "Unconstrained build operations Thread 127" [_thread_blocked, id=34068, stack(0x0000001592c00000,0x0000001592d00000)]
  0x000001d4c8250600 JavaThread "Unconstrained build operations Thread 128" [_thread_blocked, id=17428, stack(0x0000001592d00000,0x0000001592e00000)]
  0x000001d4c824ce50 JavaThread "Unconstrained build operations Thread 129" [_thread_blocked, id=10684, stack(0x0000001592e00000,0x0000001592f00000)]
  0x000001d4c8251a40 JavaThread "Unconstrained build operations Thread 130" [_thread_blocked, id=35576, stack(0x0000001592f00000,0x0000001593000000)]
  0x000001d4c8250b10 JavaThread "Unconstrained build operations Thread 131" [_thread_blocked, id=33672, stack(0x0000001593000000,0x0000001593100000)]
  0x000001d4c8251020 JavaThread "Unconstrained build operations Thread 132" [_thread_blocked, id=21732, stack(0x0000001593100000,0x0000001593200000)]
  0x000001d4c8251530 JavaThread "Unconstrained build operations Thread 133" [_thread_blocked, id=29676, stack(0x0000001593200000,0x0000001593300000)]
  0x000001d4c824e290 JavaThread "Unconstrained build operations Thread 134" [_thread_blocked, id=26660, stack(0x0000001593300000,0x0000001593400000)]
  0x000001d4c8251f50 JavaThread "Unconstrained build operations Thread 135" [_thread_blocked, id=25760, stack(0x0000001593400000,0x0000001593500000)]
  0x000001d4c8252e80 JavaThread "Unconstrained build operations Thread 136" [_thread_blocked, id=9456, stack(0x0000001593500000,0x0000001593600000)]
  0x000001d4c8252460 JavaThread "Unconstrained build operations Thread 137" [_thread_blocked, id=2976, stack(0x0000001593600000,0x0000001593700000)]
  0x000001d4c82538a0 JavaThread "Unconstrained build operations Thread 138" [_thread_blocked, id=34044, stack(0x0000001593700000,0x0000001593800000)]
  0x000001d4c8252970 JavaThread "Unconstrained build operations Thread 139" [_thread_blocked, id=32336, stack(0x0000001593800000,0x0000001593900000)]
  0x000001d4c8253390 JavaThread "Unconstrained build operations Thread 140" [_thread_blocked, id=7752, stack(0x0000001593900000,0x0000001593a00000)]
  0x000001d4c820d360 JavaThread "Unconstrained build operations Thread 141" [_thread_blocked, id=35596, stack(0x0000001593a00000,0x0000001593b00000)]
  0x000001d4c820f1c0 JavaThread "Unconstrained build operations Thread 142" [_thread_blocked, id=30716, stack(0x0000001593b00000,0x0000001593c00000)]
  0x000001d4c820e290 JavaThread "Unconstrained build operations Thread 143" [_thread_blocked, id=35144, stack(0x0000001593c00000,0x0000001593d00000)]
  0x000001d4c820dd80 JavaThread "Unconstrained build operations Thread 144" [_thread_blocked, id=6648, stack(0x0000001593d00000,0x0000001593e00000)]
  0x000001d4c820c430 JavaThread "Unconstrained build operations Thread 145" [_thread_blocked, id=20116, stack(0x0000001593e00000,0x0000001593f00000)]
  0x000001d4c820f6d0 JavaThread "Unconstrained build operations Thread 146" [_thread_blocked, id=22648, stack(0x0000001593f00000,0x0000001594000000)]
  0x000001d4c820e7a0 JavaThread "Unconstrained build operations Thread 147" [_thread_blocked, id=19988, stack(0x0000001594000000,0x0000001594100000)]
  0x000001d4c820ecb0 JavaThread "Memory manager" [_thread_blocked, id=33056, stack(0x0000001589b00000,0x0000001589c00000)]
  0x000001d4c8211f50 JavaThread "Unconstrained build operations Thread 148" [_thread_blocked, id=23120, stack(0x0000001594100000,0x0000001594200000)]
  0x000001d4c8212460 JavaThread "Unconstrained build operations Thread 149" [_thread_blocked, id=19444, stack(0x0000001594200000,0x0000001594300000)]
  0x000001d4c8212970 JavaThread "Unconstrained build operations Thread 150" [_thread_blocked, id=30956, stack(0x0000001594300000,0x0000001594400000)]
  0x000001d4c8212e80 JavaThread "Unconstrained build operations Thread 151" [_thread_blocked, id=7288, stack(0x0000001594400000,0x0000001594500000)]
  0x000001d4c82138a0 JavaThread "Unconstrained build operations Thread 152" [_thread_blocked, id=15052, stack(0x0000001594500000,0x0000001594600000)]
  0x000001d4c8213390 JavaThread "Unconstrained build operations Thread 153" [_thread_blocked, id=7468, stack(0x0000001594600000,0x0000001594700000)]
  0x000001d4c5b12d60 JavaThread "build event listener" [_thread_blocked, id=25928, stack(0x0000001594d00000,0x0000001594e00000)]
  0x000001d4c5b12340 JavaThread "pool-3-thread-1" [_thread_blocked, id=11964, stack(0x0000001594e00000,0x0000001594f00000)]
  0x000001d4c5b13780 JavaThread "build event listener" [_thread_blocked, id=6372, stack(0x0000001594f00000,0x0000001595000000)]
  0x000001d4c5b150d0 JavaThread "included builds" [_thread_blocked, id=15368, stack(0x0000001595000000,0x0000001595100000)]
  0x000001d4c5b12850 JavaThread "Execution worker for ':'" [_thread_blocked, id=23360, stack(0x0000001595100000,0x0000001595200000)]
  0x000001d4c5b13270 JavaThread "Execution worker for ':' Thread 2" [_thread_blocked, id=27116, stack(0x0000001595200000,0x0000001595300000)]
  0x000001d4c5b13c90 JavaThread "Execution worker for ':' Thread 3" [_thread_blocked, id=32996, stack(0x0000001595300000,0x0000001595400000)]
  0x000001d4c5b11e30 JavaThread "Execution worker for ':' Thread 4" [_thread_blocked, id=32032, stack(0x0000001595400000,0x0000001595500000)]
  0x000001d4c5b141a0 JavaThread "Execution worker for ':' Thread 5" [_thread_blocked, id=6632, stack(0x0000001595500000,0x0000001595600000)]
  0x000001d4c5b146b0 JavaThread "Execution worker for ':' Thread 6" [_thread_blocked, id=25728, stack(0x0000001595600000,0x0000001595700000)]
  0x000001d4c5b14bc0 JavaThread "Execution worker for ':' Thread 7" [_thread_blocked, id=14596, stack(0x0000001595700000,0x0000001595800000)]
  0x000001d4c5b11920 JavaThread "Execution worker for ':' Thread 8" [_thread_blocked, id=9388, stack(0x0000001595800000,0x0000001595900000)]
  0x000001d4c5b15af0 JavaThread "Execution worker for ':' Thread 9" [_thread_blocked, id=33524, stack(0x0000001595900000,0x0000001595a00000)]
  0x000001d4c5b17e60 JavaThread "Execution worker for ':' Thread 10" [_thread_blocked, id=32368, stack(0x0000001595a00000,0x0000001595b00000)]
  0x000001d4c5b17440 JavaThread "Execution worker for ':' Thread 11" [_thread_blocked, id=35280, stack(0x0000001595b00000,0x0000001595c00000)]
  0x000001d4c5b16000 JavaThread "Execution worker for ':' Thread 12" [_thread_blocked, id=33160, stack(0x0000001595e00000,0x0000001595f00000)]
  0x000001d4c82f3720 JavaThread "Execution worker for ':' Thread 13" [_thread_blocked, id=34856, stack(0x0000001595f00000,0x0000001596000000)]
  0x000001d4c82f1dd0 JavaThread "Execution worker for ':' Thread 14" [_thread_blocked, id=25212, stack(0x0000001596000000,0x0000001596100000)]
  0x000001d4c82f22e0 JavaThread "Execution worker for ':' Thread 15" [_thread_blocked, id=25868, stack(0x0000001596100000,0x0000001596200000)]
  0x000001d4c740f670 JavaThread "Cache worker for execution history cache (D:\OneDrive - University of Westminster\Documents\GitHub\ViMusic\.gradle\7.4\executionHistory)" [_thread_blocked, id=27076, stack(0x0000001596200000,0x0000001596300000)]
  0x000001d4c58b9a60 JavaThread "Unconstrained build operations Thread 154" [_thread_blocked, id=31364, stack(0x0000001596300000,0x0000001596400000)]
  0x000001d4c58ba990 JavaThread "Unconstrained build operations Thread 155" [_thread_blocked, id=28580, stack(0x0000001596400000,0x0000001596500000)]
  0x000001d4c58b9040 JavaThread "Unconstrained build operations Thread 156" [_thread_blocked, id=20764, stack(0x0000001596500000,0x0000001596600000)]
  0x000001d4fee92a40 JavaThread "Unconstrained build operations Thread 157" [_thread_blocked, id=35304, stack(0x0000001596600000,0x0000001596700000)]
  0x000001d4ca064d70 JavaThread "Unconstrained build operations Thread 160" [_thread_blocked, id=6656, stack(0x0000001596700000,0x0000001596800000)]
  0x000001d4c82f5730 JavaThread "Unconstrained build operations Thread 158" [_thread_blocked, id=29204, stack(0x0000001596800000,0x0000001596900000)]
  0x000001d4fdf29120 JavaThread "Unconstrained build operations Thread 159" [_thread_blocked, id=19724, stack(0x0000001596900000,0x0000001596a00000)]
  0x000001d4c7411b90 JavaThread "WorkerExecutor Queue" [_thread_blocked, id=27556, stack(0x0000001596a00000,0x0000001596b00000)]
  0x000001d4ca065280 JavaThread "WorkerExecutor Queue Thread 2" [_thread_blocked, id=1496, stack(0x0000001596b00000,0x0000001596c00000)]
  0x000001d4caec4b90 JavaThread "WorkerExecutor Queue Thread 3" [_thread_blocked, id=19600, stack(0x0000001596c00000,0x0000001596d00000)]
  0x000001d4c82f2d00 JavaThread "WorkerExecutor Queue Thread 4" [_thread_blocked, id=32836, stack(0x0000001596d00000,0x0000001596e00000)]
  0x000001d4cac4fb30 JavaThread "Cache worker for Java compile cache (C:\Users\ASUS\.gradle\caches\7.4\javaCompile)" [_thread_blocked, id=34844, stack(0x0000001597000000,0x0000001597100000)]
  0x000001d4cac02c90 JavaThread "Build operations" [_thread_blocked, id=3888, stack(0x0000001597100000,0x0000001597200000)]
  0x000001d4cac02270 JavaThread "Build operations Thread 2" [_thread_blocked, id=27140, stack(0x0000001597200000,0x0000001597300000)]
  0x000001d4cac02780 JavaThread "Build operations Thread 3" [_thread_blocked, id=30572, stack(0x0000001597300000,0x0000001597400000)]
  0x000001d4cac031a0 JavaThread "Build operations Thread 4" [_thread_blocked, id=33968, stack(0x0000001597400000,0x0000001597500000)]
  0x000001d4cb6956c0 JavaThread "Build operations Thread 5" [_thread_blocked, id=35056, stack(0x0000001597500000,0x0000001597600000)]
  0x000001d4cb695bd0 JavaThread "Build operations Thread 6" [_thread_blocked, id=18072, stack(0x0000001597600000,0x0000001597700000)]
  0x000001d4cb6960e0 JavaThread "Build operations Thread 7" [_thread_blocked, id=24180, stack(0x0000001597700000,0x0000001597800000)]
  0x000001d4cac4ec00 JavaThread "Build operations Thread 8" [_thread_blocked, id=11084, stack(0x0000001597800000,0x0000001597900000)]
  0x000001d4cac4f110 JavaThread "Build operations Thread 9" [_thread_blocked, id=6408, stack(0x0000001597900000,0x0000001597a00000)]
  0x000001d4cac4f620 JavaThread "Build operations Thread 10" [_thread_blocked, id=27216, stack(0x0000001597a00000,0x0000001597b00000)]
  0x000001d4ca065790 JavaThread "Build operations Thread 11" [_thread_blocked, id=32796, stack(0x0000001597b00000,0x0000001597c00000)]
  0x000001d4cb094bd0 JavaThread "Build operations Thread 12" [_thread_blocked, id=22264, stack(0x0000001597c00000,0x0000001597d00000)]
  0x000001d4cb0946c0 JavaThread "Build operations Thread 13" [_thread_blocked, id=32656, stack(0x0000001597d00000,0x0000001597e00000)]
  0x000001d4cb096f40 JavaThread "Build operations Thread 14" [_thread_blocked, id=10148, stack(0x0000001597e00000,0x0000001597f00000)]
  0x000001d4cb0955f0 JavaThread "Build operations Thread 15" [_thread_blocked, id=31004, stack(0x0000001597f00000,0x0000001598000000)]
  0x000001d4cb097960 JavaThread "Build operations Thread 16" [_thread_blocked, id=33432, stack(0x0000001598000000,0x0000001598100000)]
  0x000001d4c740f160 JavaThread "WorkerExecutor Queue Thread 5" [_thread_blocked, id=23424, stack(0x0000001598100000,0x0000001598200000)]

Other Threads:
=>0x000001d4fc612010 VMThread "VM Thread" [stack: 0x0000001586600000,0x0000001586700000] [id=2960]
  0x000001d4fc7a5580 WatcherThread [stack: 0x0000001587300000,0x0000001587400000] [id=32844]
  0x000001d4dd916410 GCTaskThread "GC Thread#0" [stack: 0x0000001586100000,0x0000001586200000] [id=20376]
  0x000001d4fd055010 GCTaskThread "GC Thread#1" [stack: 0x0000001587800000,0x0000001587900000] [id=27000]
  0x000001d4fdc4c3f0 GCTaskThread "GC Thread#2" [stack: 0x0000001587900000,0x0000001587a00000] [id=34960]
  0x000001d4fdc4c6b0 GCTaskThread "GC Thread#3" [stack: 0x0000001587a00000,0x0000001587b00000] [id=30316]
  0x000001d4fe0658f0 GCTaskThread "GC Thread#4" [stack: 0x0000001587b00000,0x0000001587c00000] [id=32312]
  0x000001d4fe065bb0 GCTaskThread "GC Thread#5" [stack: 0x0000001587c00000,0x0000001587d00000] [id=13036]
  0x000001d4c6e4b1b0 GCTaskThread "GC Thread#6" [stack: 0x0000001588f00000,0x0000001589000000] [id=34892]
  0x000001d4fea288a0 GCTaskThread "GC Thread#7" [stack: 0x0000001589000000,0x0000001589100000] [id=32432]
  0x000001d4c60b0870 GCTaskThread "GC Thread#8" [stack: 0x0000001589100000,0x0000001589200000] [id=16164]
  0x000001d4c553d240 GCTaskThread "GC Thread#9" [stack: 0x0000001589200000,0x0000001589300000] [id=3248]
  0x000001d4c5858b50 GCTaskThread "GC Thread#10" [stack: 0x0000001589300000,0x0000001589400000] [id=28064]
  0x000001d4c6534bf0 GCTaskThread "GC Thread#11" [stack: 0x0000001589400000,0x0000001589500000] [id=33820]
  0x000001d4c5835030 GCTaskThread "GC Thread#12" [stack: 0x0000001589500000,0x0000001589600000] [id=25524]
  0x000001d4dd927270 ConcurrentGCThread "G1 Main Marker" [stack: 0x0000001586200000,0x0000001586300000] [id=35720]
  0x000001d4dd929870 ConcurrentGCThread "G1 Conc#0" [stack: 0x0000001586300000,0x0000001586400000] [id=18016]
  0x000001d4c66c1c60 ConcurrentGCThread "G1 Conc#1" [stack: 0x0000001589600000,0x0000001589700000] [id=33204]
  0x000001d4c6813a70 ConcurrentGCThread "G1 Conc#2" [stack: 0x0000001589700000,0x0000001589800000] [id=27060]
  0x000001d4fc47c210 ConcurrentGCThread "G1 Refine#0" [stack: 0x0000001586400000,0x0000001586500000] [id=11120]
  0x000001d4c80bdcb0 ConcurrentGCThread "G1 Refine#1" [stack: 0x0000001594700000,0x0000001594800000] [id=23328]
  0x000001d4c80bd3e0 ConcurrentGCThread "G1 Refine#2" [stack: 0x0000001594800000,0x0000001594900000] [id=26224]
  0x000001d4c80bdfa0 ConcurrentGCThread "G1 Refine#3" [stack: 0x0000001594900000,0x0000001594a00000] [id=18448]
  0x000001d4c80bf140 ConcurrentGCThread "G1 Refine#4" [stack: 0x0000001594a00000,0x0000001594b00000] [id=25252]
  0x000001d4c80be290 ConcurrentGCThread "G1 Refine#5" [stack: 0x0000001594b00000,0x0000001594c00000] [id=35800]
  0x000001d4c80bc530 ConcurrentGCThread "G1 Refine#6" [stack: 0x0000001594c00000,0x0000001594d00000] [id=24500]
  0x000001d4cb46be70 ConcurrentGCThread "G1 Refine#7" [stack: 0x0000001596e00000,0x0000001596f00000] [id=16032]
  0x000001d4c69625b0 ConcurrentGCThread "G1 Refine#8" [stack: 0x0000001596f00000,0x0000001597000000] [id=27264]
  0x000001d4fc47c8f0 ConcurrentGCThread "G1 Service" [stack: 0x0000001586500000,0x0000001586600000] [id=20312]

Threads with active compile tasks:
C2 CompilerThread0    19628 27007   !   4       org.gradle.internal.fingerprint.classpath.impl.ClasspathFingerprintingStrategy$ClasspathFingerprintingVisitor::hashContent (133 bytes)
C2 CompilerThread1    19628 27002       4       org.gradle.internal.snapshot.RegularFileSnapshot::accept (8 bytes)

VM state: at safepoint (normal execution)

VM Mutex/Monitor currently owned by a thread:  ([mutex/lock_event])
[0x000001d4dd8b53d0] Threads_lock - owner thread: 0x000001d4fc612010
[0x000001d4dd8b5730] Heap_lock - owner thread: 0x000001d4c7f7c4d0

Heap address: 0x0000000080000000, size: 2048 MB, Compressed Oops mode: 32-bit

CDS archive(s) mapped at: [0x000001d480000000-0x000001d480bd0000-0x000001d480bd0000), size 12386304, SharedBaseAddress: 0x000001d480000000, ArchiveRelocationMode: 1.
Compressed class space mapped at: 0x000001d481000000-0x000001d4c1000000, reserved size: 1073741824
Narrow klass base: 0x000001d480000000, Narrow klass shift: 0, Narrow klass range: 0x100000000

GC Precious Log:
 CPUs: 16 total, 16 available
 Memory: 16202M
 Large Page Support: Disabled
 NUMA Support: Disabled
 Compressed Oops: Enabled (32-bit)
 Heap Region Size: 1M
 Heap Min Capacity: 8M
 Heap Initial Capacity: 254M
 Heap Max Capacity: 2G
 Pre-touch: Disabled
 Parallel Workers: 13
 Concurrent Workers: 3
 Concurrent Refinement Workers: 13
 Periodic GC: Disabled

Heap:
 garbage-first heap   total 783360K, used 397360K [0x0000000080000000, 0x0000000100000000)
  region size 1024K, 32 young (32768K), 32 survivors (32768K)
 Metaspace       used 117343K, committed 118336K, reserved 1179648K
  class space    used 15856K, committed 16320K, reserved 1048576K

Heap Regions: E=young(eden), S=young(survivor), O=old, HS=humongous(starts), HC=humongous(continues), CS=collection set, F=free, OA=open archive, CA=closed archive, TAMS=top-at-mark-start (previous, next)
|   0|0x0000000080000000, 0x0000000080100000, 0x0000000080100000|100%| O|  |TAMS 0x0000000080100000, 0x0000000080000000| Untracked 
|   1|0x0000000080100000, 0x0000000080200000, 0x0000000080200000|100%| O|  |TAMS 0x0000000080200000, 0x0000000080100000| Untracked 
|   2|0x0000000080200000, 0x0000000080300000, 0x0000000080300000|100%| O|  |TAMS 0x0000000080300000, 0x0000000080200000| Untracked 
|   3|0x0000000080300000, 0x0000000080400000, 0x0000000080400000|100%|HS|  |TAMS 0x0000000080400000, 0x0000000080300000| Complete 
|   4|0x0000000080400000, 0x0000000080500000, 0x0000000080500000|100%|HC|  |TAMS 0x0000000080500000, 0x0000000080400000| Complete 
|   5|0x0000000080500000, 0x0000000080600000, 0x0000000080600000|100%|HC|  |TAMS 0x0000000080600000, 0x0000000080500000| Complete 
|   6|0x0000000080600000, 0x0000000080700000, 0x0000000080700000|100%| O|  |TAMS 0x0000000080700000, 0x0000000080600000| Untracked 
|   7|0x0000000080700000, 0x0000000080800000, 0x0000000080800000|100%| O|  |TAMS 0x0000000080800000, 0x0000000080700000| Untracked 
|   8|0x0000000080800000, 0x0000000080900000, 0x0000000080900000|100%| O|  |TAMS 0x0000000080900000, 0x0000000080800000| Untracked 
|   9|0x0000000080900000, 0x0000000080a00000, 0x0000000080a00000|100%| O|  |TAMS 0x0000000080a00000, 0x0000000080900000| Untracked 
|  10|0x0000000080a00000, 0x0000000080b00000, 0x0000000080b00000|100%| O|  |TAMS 0x0000000080b00000, 0x0000000080a00000| Untracked 
|  11|0x0000000080b00000, 0x0000000080c00000, 0x0000000080c00000|100%| O|  |TAMS 0x0000000080c00000, 0x0000000080b00000| Untracked 
|  12|0x0000000080c00000, 0x0000000080d00000, 0x0000000080d00000|100%| O|  |TAMS 0x0000000080d00000, 0x0000000080c00000| Untracked 
|  13|0x0000000080d00000, 0x0000000080e00000, 0x0000000080e00000|100%| O|  |TAMS 0x0000000080e00000, 0x0000000080d00000| Untracked 
|  14|0x0000000080e00000, 0x0000000080f00000, 0x0000000080f00000|100%| O|  |TAMS 0x0000000080f00000, 0x0000000080e00000| Untracked 
|  15|0x0000000080f00000, 0x0000000081000000, 0x0000000081000000|100%| O|  |TAMS 0x0000000081000000, 0x0000000080f00000| Untracked 
|  16|0x0000000081000000, 0x0000000081100000, 0x0000000081100000|100%| O|  |TAMS 0x0000000081100000, 0x0000000081000000| Untracked 
|  17|0x0000000081100000, 0x0000000081200000, 0x0000000081200000|100%| O|  |TAMS 0x0000000081200000, 0x0000000081100000| Untracked 
|  18|0x0000000081200000, 0x0000000081300000, 0x0000000081300000|100%| O|  |TAMS 0x0000000081300000, 0x0000000081200000| Untracked 
|  19|0x0000000081300000, 0x0000000081400000, 0x0000000081400000|100%| O|  |TAMS 0x0000000081400000, 0x0000000081300000| Untracked 
|  20|0x0000000081400000, 0x0000000081500000, 0x0000000081500000|100%| O|  |TAMS 0x0000000081500000, 0x0000000081400000| Untracked 
|  21|0x0000000081500000, 0x0000000081600000, 0x0000000081600000|100%| O|  |TAMS 0x0000000081600000, 0x0000000081500000| Untracked 
|  22|0x0000000081600000, 0x0000000081700000, 0x0000000081700000|100%| O|  |TAMS 0x0000000081700000, 0x0000000081600000| Untracked 
|  23|0x0000000081700000, 0x0000000081800000, 0x0000000081800000|100%| O|  |TAMS 0x0000000081800000, 0x0000000081700000| Untracked 
|  24|0x0000000081800000, 0x0000000081900000, 0x0000000081900000|100%|HS|  |TAMS 0x0000000081900000, 0x0000000081800000| Complete 
|  25|0x0000000081900000, 0x0000000081a00000, 0x0000000081a00000|100%| O|  |TAMS 0x0000000081a00000, 0x0000000081900000| Untracked 
|  26|0x0000000081a00000, 0x0000000081b00000, 0x0000000081b00000|100%| O|  |TAMS 0x0000000081b00000, 0x0000000081a00000| Untracked 
|  27|0x0000000081b00000, 0x0000000081c00000, 0x0000000081c00000|100%| O|  |TAMS 0x0000000081c00000, 0x0000000081b00000| Untracked 
|  28|0x0000000081c00000, 0x0000000081d00000, 0x0000000081d00000|100%| O|  |TAMS 0x0000000081d00000, 0x0000000081c00000| Untracked 
|  29|0x0000000081d00000, 0x0000000081e00000, 0x0000000081e00000|100%| O|  |TAMS 0x0000000081e00000, 0x0000000081d00000| Untracked 
|  30|0x0000000081e00000, 0x0000000081f00000, 0x0000000081f00000|100%| O|  |TAMS 0x0000000081f00000, 0x0000000081e00000| Untracked 
|  31|0x0000000081f00000, 0x0000000082000000, 0x0000000082000000|100%| O|  |TAMS 0x0000000082000000, 0x0000000081f00000| Untracked 
|  32|0x0000000082000000, 0x0000000082100000, 0x0000000082100000|100%| O|  |TAMS 0x0000000082100000, 0x0000000082000000| Untracked 
|  33|0x0000000082100000, 0x0000000082200000, 0x0000000082200000|100%| O|  |TAMS 0x0000000082200000, 0x0000000082100000| Untracked 
|  34|0x0000000082200000, 0x00000000822cc600, 0x0000000082300000| 79%| O|  |TAMS 0x00000000822cc600, 0x0000000082200000| Untracked 
|  35|0x0000000082300000, 0x0000000082400000, 0x0000000082400000|100%|HS|  |TAMS 0x0000000082400000, 0x0000000082300000| Complete 
|  36|0x0000000082400000, 0x0000000082500000, 0x0000000082500000|100%|HS|  |TAMS 0x0000000082500000, 0x0000000082400000| Complete 
|  37|0x0000000082500000, 0x0000000082600000, 0x0000000082600000|100%|HS|  |TAMS 0x0000000082600000, 0x0000000082500000| Complete 
|  38|0x0000000082600000, 0x0000000082700000, 0x0000000082700000|100%|HC|  |TAMS 0x0000000082700000, 0x0000000082600000| Complete 
|  39|0x0000000082700000, 0x0000000082800000, 0x0000000082800000|100%|HC|  |TAMS 0x0000000082800000, 0x0000000082700000| Complete 
|  40|0x0000000082800000, 0x0000000082900000, 0x0000000082900000|100%|HC|  |TAMS 0x0000000082900000, 0x0000000082800000| Complete 
|  41|0x0000000082900000, 0x0000000082a00000, 0x0000000082a00000|100%| O|  |TAMS 0x0000000082a00000, 0x0000000082900000| Untracked 
|  42|0x0000000082a00000, 0x0000000082b00000, 0x0000000082b00000|100%| O|  |TAMS 0x0000000082b00000, 0x0000000082a00000| Untracked 
|  43|0x0000000082b00000, 0x0000000082c00000, 0x0000000082c00000|100%| O|  |TAMS 0x0000000082c00000, 0x0000000082b00000| Untracked 
|  44|0x0000000082c00000, 0x0000000082d00000, 0x0000000082d00000|100%| O|  |TAMS 0x0000000082d00000, 0x0000000082c00000| Untracked 
|  45|0x0000000082d00000, 0x0000000082e00000, 0x0000000082e00000|100%| O|  |TAMS 0x0000000082e00000, 0x0000000082d00000| Untracked 
|  46|0x0000000082e00000, 0x0000000082f00000, 0x0000000082f00000|100%| O|  |TAMS 0x0000000082f00000, 0x0000000082e00000| Untracked 
|  47|0x0000000082f00000, 0x0000000083000000, 0x0000000083000000|100%|HS|  |TAMS 0x0000000083000000, 0x0000000082f00000| Complete 
|  48|0x0000000083000000, 0x0000000083100000, 0x0000000083100000|100%|HC|  |TAMS 0x0000000083100000, 0x0000000083000000| Complete 
|  49|0x0000000083100000, 0x0000000083200000, 0x0000000083200000|100%| O|  |TAMS 0x0000000083200000, 0x0000000083100000| Untracked 
|  50|0x0000000083200000, 0x0000000083300000, 0x0000000083300000|100%| O|  |TAMS 0x0000000083300000, 0x0000000083200000| Untracked 
|  51|0x0000000083300000, 0x0000000083400000, 0x0000000083400000|100%| O|  |TAMS 0x0000000083400000, 0x0000000083300000| Untracked 
|  52|0x0000000083400000, 0x0000000083500000, 0x0000000083500000|100%| O|  |TAMS 0x0000000083500000, 0x0000000083400000| Untracked 
|  53|0x0000000083500000, 0x0000000083600000, 0x0000000083600000|100%| O|  |TAMS 0x0000000083600000, 0x0000000083500000| Untracked 
|  54|0x0000000083600000, 0x0000000083700000, 0x0000000083700000|100%| O|  |TAMS 0x0000000083700000, 0x0000000083600000| Untracked 
|  55|0x0000000083700000, 0x0000000083800000, 0x0000000083800000|100%| O|  |TAMS 0x0000000083800000, 0x0000000083700000| Untracked 
|  56|0x0000000083800000, 0x0000000083900000, 0x0000000083900000|100%| O|  |TAMS 0x0000000083900000, 0x0000000083800000| Untracked 
|  57|0x0000000083900000, 0x0000000083a00000, 0x0000000083a00000|100%| O|  |TAMS 0x0000000083a00000, 0x0000000083900000| Untracked 
|  58|0x0000000083a00000, 0x0000000083b00000, 0x0000000083b00000|100%| O|  |TAMS 0x0000000083b00000, 0x0000000083a00000| Untracked 
|  59|0x0000000083b00000, 0x0000000083c00000, 0x0000000083c00000|100%| O|  |TAMS 0x0000000083c00000, 0x0000000083b00000| Untracked 
|  60|0x0000000083c00000, 0x0000000083d00000, 0x0000000083d00000|100%| O|  |TAMS 0x0000000083d00000, 0x0000000083c00000| Untracked 
|  61|0x0000000083d00000, 0x0000000083e00000, 0x0000000083e00000|100%| O|  |TAMS 0x0000000083e00000, 0x0000000083d00000| Untracked 
|  62|0x0000000083e00000, 0x0000000083f00000, 0x0000000083f00000|100%| O|  |TAMS 0x0000000083f00000, 0x0000000083e00000| Untracked 
|  63|0x0000000083f00000, 0x0000000084000000, 0x0000000084000000|100%| O|  |TAMS 0x0000000084000000, 0x0000000083f00000| Untracked 
|  64|0x0000000084000000, 0x0000000084100000, 0x0000000084100000|100%| O|  |TAMS 0x0000000084100000, 0x0000000084000000| Untracked 
|  65|0x0000000084100000, 0x0000000084200000, 0x0000000084200000|100%| O|  |TAMS 0x0000000084200000, 0x0000000084100000| Untracked 
|  66|0x0000000084200000, 0x0000000084300000, 0x0000000084300000|100%| O|  |TAMS 0x0000000084300000, 0x0000000084200000| Untracked 
|  67|0x0000000084300000, 0x0000000084400000, 0x0000000084400000|100%| O|  |TAMS 0x0000000084400000, 0x0000000084300000| Untracked 
|  68|0x0000000084400000, 0x0000000084500000, 0x0000000084500000|100%| O|  |TAMS 0x0000000084500000, 0x0000000084400000| Untracked 
|  69|0x0000000084500000, 0x0000000084600000, 0x0000000084600000|100%| O|  |TAMS 0x0000000084600000, 0x0000000084500000| Untracked 
|  70|0x0000000084600000, 0x0000000084700000, 0x0000000084700000|100%| O|  |TAMS 0x0000000084700000, 0x0000000084600000| Untracked 
|  71|0x0000000084700000, 0x0000000084800000, 0x0000000084800000|100%| O|  |TAMS 0x0000000084800000, 0x0000000084700000| Untracked 
|  72|0x0000000084800000, 0x0000000084900000, 0x0000000084900000|100%| O|  |TAMS 0x0000000084900000, 0x0000000084800000| Untracked 
|  73|0x0000000084900000, 0x0000000084a00000, 0x0000000084a00000|100%| O|  |TAMS 0x0000000084a00000, 0x0000000084900000| Untracked 
|  74|0x0000000084a00000, 0x0000000084b00000, 0x0000000084b00000|100%| O|  |TAMS 0x0000000084b00000, 0x0000000084a00000| Untracked 
|  75|0x0000000084b00000, 0x0000000084c00000, 0x0000000084c00000|100%| O|  |TAMS 0x0000000084c00000, 0x0000000084b00000| Untracked 
|  76|0x0000000084c00000, 0x0000000084d00000, 0x0000000084d00000|100%| O|  |TAMS 0x0000000084d00000, 0x0000000084c00000| Untracked 
|  77|0x0000000084d00000, 0x0000000084e00000, 0x0000000084e00000|100%| O|  |TAMS 0x0000000084e00000, 0x0000000084d00000| Untracked 
|  78|0x0000000084e00000, 0x0000000084f00000, 0x0000000084f00000|100%| O|  |TAMS 0x0000000084f00000, 0x0000000084e00000| Untracked 
|  79|0x0000000084f00000, 0x0000000085000000, 0x0000000085000000|100%| O|  |TAMS 0x0000000085000000, 0x0000000084f00000| Untracked 
|  80|0x0000000085000000, 0x0000000085100000, 0x0000000085100000|100%| O|  |TAMS 0x0000000085100000, 0x0000000085000000| Untracked 
|  81|0x0000000085100000, 0x0000000085200000, 0x0000000085200000|100%| O|  |TAMS 0x0000000085200000, 0x0000000085100000| Untracked 
|  82|0x0000000085200000, 0x0000000085300000, 0x0000000085300000|100%| O|  |TAMS 0x0000000085300000, 0x0000000085200000| Untracked 
|  83|0x0000000085300000, 0x0000000085400000, 0x0000000085400000|100%| O|  |TAMS 0x0000000085400000, 0x0000000085300000| Untracked 
|  84|0x0000000085400000, 0x0000000085500000, 0x0000000085500000|100%| O|  |TAMS 0x0000000085500000, 0x0000000085400000| Untracked 
|  85|0x0000000085500000, 0x0000000085600000, 0x0000000085600000|100%| O|  |TAMS 0x0000000085600000, 0x0000000085500000| Untracked 
|  86|0x0000000085600000, 0x0000000085700000, 0x0000000085700000|100%| O|  |TAMS 0x0000000085700000, 0x0000000085600000| Untracked 
|  87|0x0000000085700000, 0x0000000085800000, 0x0000000085800000|100%| O|  |TAMS 0x0000000085800000, 0x0000000085700000| Untracked 
|  88|0x0000000085800000, 0x0000000085900000, 0x0000000085900000|100%| O|  |TAMS 0x0000000085900000, 0x0000000085800000| Untracked 
|  89|0x0000000085900000, 0x0000000085a00000, 0x0000000085a00000|100%| O|  |TAMS 0x0000000085a00000, 0x0000000085900000| Untracked 
|  90|0x0000000085a00000, 0x0000000085b00000, 0x0000000085b00000|100%| O|  |TAMS 0x0000000085b00000, 0x0000000085a00000| Untracked 
|  91|0x0000000085b00000, 0x0000000085c00000, 0x0000000085c00000|100%| O|  |TAMS 0x0000000085c00000, 0x0000000085b00000| Untracked 
|  92|0x0000000085c00000, 0x0000000085d00000, 0x0000000085d00000|100%| O|  |TAMS 0x0000000085d00000, 0x0000000085c00000| Untracked 
|  93|0x0000000085d00000, 0x0000000085e00000, 0x0000000085e00000|100%| O|  |TAMS 0x0000000085e00000, 0x0000000085d00000| Untracked 
|  94|0x0000000085e00000, 0x0000000085f00000, 0x0000000085f00000|100%| O|  |TAMS 0x0000000085f00000, 0x0000000085e00000| Untracked 
|  95|0x0000000085f00000, 0x0000000086000000, 0x0000000086000000|100%| O|  |TAMS 0x0000000086000000, 0x0000000085f00000| Untracked 
|  96|0x0000000086000000, 0x0000000086100000, 0x0000000086100000|100%| O|  |TAMS 0x0000000086100000, 0x0000000086000000| Untracked 
|  97|0x0000000086100000, 0x0000000086200000, 0x0000000086200000|100%| O|  |TAMS 0x0000000086200000, 0x0000000086100000| Untracked 
|  98|0x0000000086200000, 0x0000000086300000, 0x0000000086300000|100%| O|  |TAMS 0x0000000086300000, 0x0000000086200000| Untracked 
|  99|0x0000000086300000, 0x0000000086400000, 0x0000000086400000|100%| O|  |TAMS 0x0000000086400000, 0x0000000086300000| Untracked 
| 100|0x0000000086400000, 0x0000000086500000, 0x0000000086500000|100%| O|  |TAMS 0x0000000086500000, 0x0000000086400000| Untracked 
| 101|0x0000000086500000, 0x0000000086600000, 0x0000000086600000|100%| O|  |TAMS 0x0000000086600000, 0x0000000086500000| Untracked 
| 102|0x0000000086600000, 0x0000000086700000, 0x0000000086700000|100%| O|  |TAMS 0x0000000086700000, 0x0000000086600000| Untracked 
| 103|0x0000000086700000, 0x0000000086800000, 0x0000000086800000|100%| O|  |TAMS 0x0000000086800000, 0x0000000086700000| Untracked 
| 104|0x0000000086800000, 0x0000000086900000, 0x0000000086900000|100%| O|  |TAMS 0x0000000086900000, 0x0000000086800000| Untracked 
| 105|0x0000000086900000, 0x0000000086a00000, 0x0000000086a00000|100%| O|  |TAMS 0x0000000086a00000, 0x0000000086900000| Untracked 
| 106|0x0000000086a00000, 0x0000000086b00000, 0x0000000086b00000|100%| O|  |TAMS 0x0000000086b00000, 0x0000000086a00000| Untracked 
| 107|0x0000000086b00000, 0x0000000086c00000, 0x0000000086c00000|100%| O|  |TAMS 0x0000000086c00000, 0x0000000086b00000| Untracked 
| 108|0x0000000086c00000, 0x0000000086d00000, 0x0000000086d00000|100%| O|  |TAMS 0x0000000086d00000, 0x0000000086c00000| Untracked 
| 109|0x0000000086d00000, 0x0000000086e00000, 0x0000000086e00000|100%| O|  |TAMS 0x0000000086e00000, 0x0000000086d00000| Untracked 
| 110|0x0000000086e00000, 0x0000000086f00000, 0x0000000086f00000|100%| O|  |TAMS 0x0000000086f00000, 0x0000000086e00000| Untracked 
| 111|0x0000000086f00000, 0x0000000087000000, 0x0000000087000000|100%| O|  |TAMS 0x0000000087000000, 0x0000000086f00000| Untracked 
| 112|0x0000000087000000, 0x0000000087100000, 0x0000000087100000|100%| O|  |TAMS 0x0000000087100000, 0x0000000087000000| Untracked 
| 113|0x0000000087100000, 0x0000000087200000, 0x0000000087200000|100%| O|  |TAMS 0x0000000087200000, 0x0000000087100000| Untracked 
| 114|0x0000000087200000, 0x0000000087300000, 0x0000000087300000|100%| O|  |TAMS 0x0000000087300000, 0x0000000087200000| Untracked 
| 115|0x0000000087300000, 0x0000000087400000, 0x0000000087400000|100%| O|  |TAMS 0x0000000087400000, 0x0000000087300000| Untracked 
| 116|0x0000000087400000, 0x0000000087500000, 0x0000000087500000|100%| O|  |TAMS 0x0000000087500000, 0x0000000087400000| Untracked 
| 117|0x0000000087500000, 0x0000000087600000, 0x0000000087600000|100%| O|  |TAMS 0x0000000087600000, 0x0000000087500000| Untracked 
| 118|0x0000000087600000, 0x0000000087700000, 0x0000000087700000|100%| O|  |TAMS 0x0000000087700000, 0x0000000087600000| Untracked 
| 119|0x0000000087700000, 0x0000000087800000, 0x0000000087800000|100%| O|  |TAMS 0x0000000087800000, 0x0000000087700000| Untracked 
| 120|0x0000000087800000, 0x0000000087900000, 0x0000000087900000|100%| O|  |TAMS 0x0000000087900000, 0x0000000087800000| Untracked 
| 121|0x0000000087900000, 0x0000000087a00000, 0x0000000087a00000|100%| O|  |TAMS 0x0000000087a00000, 0x0000000087900000| Untracked 
| 122|0x0000000087a00000, 0x0000000087b00000, 0x0000000087b00000|100%| O|  |TAMS 0x0000000087b00000, 0x0000000087a00000| Untracked 
| 123|0x0000000087b00000, 0x0000000087c00000, 0x0000000087c00000|100%| O|  |TAMS 0x0000000087c00000, 0x0000000087b00000| Untracked 
| 124|0x0000000087c00000, 0x0000000087d00000, 0x0000000087d00000|100%|HS|  |TAMS 0x0000000087d00000, 0x0000000087c00000| Complete 
| 125|0x0000000087d00000, 0x0000000087e00000, 0x0000000087e00000|100%|HC|  |TAMS 0x0000000087e00000, 0x0000000087d00000| Complete 
| 126|0x0000000087e00000, 0x0000000087f00000, 0x0000000087f00000|100%| O|  |TAMS 0x0000000087f00000, 0x0000000087e00000| Untracked 
| 127|0x0000000087f00000, 0x0000000088000000, 0x0000000088000000|100%| O|  |TAMS 0x0000000088000000, 0x0000000087f00000| Untracked 
| 128|0x0000000088000000, 0x0000000088100000, 0x0000000088100000|100%| O|  |TAMS 0x0000000088100000, 0x0000000088000000| Untracked 
| 129|0x0000000088100000, 0x0000000088200000, 0x0000000088200000|100%| O|  |TAMS 0x0000000088200000, 0x0000000088100000| Untracked 
| 130|0x0000000088200000, 0x0000000088300000, 0x0000000088300000|100%| O|  |TAMS 0x0000000088300000, 0x0000000088200000| Untracked 
| 131|0x0000000088300000, 0x0000000088400000, 0x0000000088400000|100%| O|  |TAMS 0x0000000088400000, 0x0000000088300000| Untracked 
| 132|0x0000000088400000, 0x0000000088500000, 0x0000000088500000|100%| O|  |TAMS 0x0000000088500000, 0x0000000088400000| Untracked 
| 133|0x0000000088500000, 0x0000000088600000, 0x0000000088600000|100%| O|  |TAMS 0x0000000088600000, 0x0000000088500000| Untracked 
| 134|0x0000000088600000, 0x0000000088700000, 0x0000000088700000|100%| O|  |TAMS 0x0000000088700000, 0x0000000088600000| Untracked 
| 135|0x0000000088700000, 0x0000000088800000, 0x0000000088800000|100%| O|  |TAMS 0x0000000088800000, 0x0000000088700000| Untracked 
| 136|0x0000000088800000, 0x0000000088900000, 0x0000000088900000|100%| O|  |TAMS 0x0000000088900000, 0x0000000088800000| Untracked 
| 137|0x0000000088900000, 0x0000000088a00000, 0x0000000088a00000|100%| O|  |TAMS 0x0000000088a00000, 0x0000000088900000| Untracked 
| 138|0x0000000088a00000, 0x0000000088b00000, 0x0000000088b00000|100%| O|  |TAMS 0x0000000088b00000, 0x0000000088a00000| Untracked 
| 139|0x0000000088b00000, 0x0000000088c00000, 0x0000000088c00000|100%| O|  |TAMS 0x0000000088c00000, 0x0000000088b00000| Untracked 
| 140|0x0000000088c00000, 0x0000000088d00000, 0x0000000088d00000|100%| O|  |TAMS 0x0000000088d00000, 0x0000000088c00000| Untracked 
| 141|0x0000000088d00000, 0x0000000088e00000, 0x0000000088e00000|100%| O|  |TAMS 0x0000000088e00000, 0x0000000088d00000| Untracked 
| 142|0x0000000088e00000, 0x0000000088f00000, 0x0000000088f00000|100%| O|  |TAMS 0x0000000088f00000, 0x0000000088e00000| Untracked 
| 143|0x0000000088f00000, 0x0000000089000000, 0x0000000089000000|100%| O|  |TAMS 0x0000000089000000, 0x0000000088f00000| Untracked 
| 144|0x0000000089000000, 0x0000000089100000, 0x0000000089100000|100%| O|  |TAMS 0x0000000089100000, 0x0000000089000000| Untracked 
| 145|0x0000000089100000, 0x0000000089200000, 0x0000000089200000|100%| O|  |TAMS 0x0000000089200000, 0x0000000089100000| Untracked 
| 146|0x0000000089200000, 0x0000000089300000, 0x0000000089300000|100%| O|  |TAMS 0x0000000089200000, 0x0000000089200000| Untracked 
| 147|0x0000000089300000, 0x0000000089400000, 0x0000000089400000|100%| O|  |TAMS 0x0000000089400000, 0x0000000089300000| Untracked 
| 148|0x0000000089400000, 0x0000000089500000, 0x0000000089500000|100%| O|  |TAMS 0x0000000089500000, 0x0000000089400000| Untracked 
| 149|0x0000000089500000, 0x0000000089600000, 0x0000000089600000|100%| O|  |TAMS 0x0000000089600000, 0x0000000089500000| Untracked 
| 150|0x0000000089600000, 0x0000000089700000, 0x0000000089700000|100%| O|  |TAMS 0x0000000089700000, 0x0000000089600000| Untracked 
| 151|0x0000000089700000, 0x0000000089800000, 0x0000000089800000|100%| O|  |TAMS 0x0000000089800000, 0x0000000089700000| Untracked 
| 152|0x0000000089800000, 0x0000000089900000, 0x0000000089900000|100%| O|  |TAMS 0x0000000089900000, 0x0000000089800000| Untracked 
| 153|0x0000000089900000, 0x0000000089a00000, 0x0000000089a00000|100%| O|  |TAMS 0x0000000089a00000, 0x0000000089900000| Untracked 
| 154|0x0000000089a00000, 0x0000000089b00000, 0x0000000089b00000|100%| O|  |TAMS 0x0000000089b00000, 0x0000000089a00000| Untracked 
| 155|0x0000000089b00000, 0x0000000089c00000, 0x0000000089c00000|100%| O|  |TAMS 0x0000000089b00000, 0x0000000089b00000| Untracked 
| 156|0x0000000089c00000, 0x0000000089d00000, 0x0000000089d00000|100%| O|  |TAMS 0x0000000089d00000, 0x0000000089c00000| Untracked 
| 157|0x0000000089d00000, 0x0000000089e00000, 0x0000000089e00000|100%| O|  |TAMS 0x0000000089e00000, 0x0000000089d00000| Untracked 
| 158|0x0000000089e00000, 0x0000000089f00000, 0x0000000089f00000|100%| O|  |TAMS 0x0000000089f00000, 0x0000000089e00000| Untracked 
| 159|0x0000000089f00000, 0x000000008a000000, 0x000000008a000000|100%| O|  |TAMS 0x000000008a000000, 0x0000000089f00000| Untracked 
| 160|0x000000008a000000, 0x000000008a100000, 0x000000008a100000|100%| O|  |TAMS 0x000000008a100000, 0x000000008a000000| Untracked 
| 161|0x000000008a100000, 0x000000008a200000, 0x000000008a200000|100%| O|  |TAMS 0x000000008a200000, 0x000000008a100000| Untracked 
| 162|0x000000008a200000, 0x000000008a300000, 0x000000008a300000|100%| O|  |TAMS 0x000000008a300000, 0x000000008a200000| Untracked 
| 163|0x000000008a300000, 0x000000008a400000, 0x000000008a400000|100%| O|  |TAMS 0x000000008a400000, 0x000000008a300000| Untracked 
| 164|0x000000008a400000, 0x000000008a500000, 0x000000008a500000|100%| O|  |TAMS 0x000000008a400000, 0x000000008a400000| Untracked 
| 165|0x000000008a500000, 0x000000008a600000, 0x000000008a600000|100%| O|  |TAMS 0x000000008a500000, 0x000000008a500000| Untracked 
| 166|0x000000008a600000, 0x000000008a700000, 0x000000008a700000|100%| O|  |TAMS 0x000000008a700000, 0x000000008a600000| Untracked 
| 167|0x000000008a700000, 0x000000008a800000, 0x000000008a800000|100%| O|  |TAMS 0x000000008a800000, 0x000000008a700000| Untracked 
| 168|0x000000008a800000, 0x000000008a900000, 0x000000008a900000|100%| O|  |TAMS 0x000000008a900000, 0x000000008a800000| Untracked 
| 169|0x000000008a900000, 0x000000008aa00000, 0x000000008aa00000|100%| O|  |TAMS 0x000000008aa00000, 0x000000008a900000| Untracked 
| 170|0x000000008aa00000, 0x000000008ab00000, 0x000000008ab00000|100%| O|  |TAMS 0x000000008ab00000, 0x000000008aa00000| Untracked 
| 171|0x000000008ab00000, 0x000000008ac00000, 0x000000008ac00000|100%| O|  |TAMS 0x000000008ac00000, 0x000000008ab00000| Untracked 
| 172|0x000000008ac00000, 0x000000008ad00000, 0x000000008ad00000|100%| O|  |TAMS 0x000000008ac00000, 0x000000008ac00000| Untracked 
| 173|0x000000008ad00000, 0x000000008ae00000, 0x000000008ae00000|100%| O|  |TAMS 0x000000008ad00000, 0x000000008ad00000| Untracked 
| 174|0x000000008ae00000, 0x000000008af00000, 0x000000008af00000|100%| O|  |TAMS 0x000000008ae00000, 0x000000008ae00000| Untracked 
| 175|0x000000008af00000, 0x000000008b000000, 0x000000008b000000|100%| O|  |TAMS 0x000000008af00000, 0x000000008af00000| Untracked 
| 176|0x000000008b000000, 0x000000008b100000, 0x000000008b100000|100%| O|  |TAMS 0x000000008b000000, 0x000000008b000000| Untracked 
| 177|0x000000008b100000, 0x000000008b200000, 0x000000008b200000|100%| O|  |TAMS 0x000000008b100000, 0x000000008b100000| Untracked 
| 178|0x000000008b200000, 0x000000008b300000, 0x000000008b300000|100%| O|  |TAMS 0x000000008b300000, 0x000000008b200000| Untracked 
| 179|0x000000008b300000, 0x000000008b400000, 0x000000008b400000|100%| O|  |TAMS 0x000000008b400000, 0x000000008b300000| Untracked 
| 180|0x000000008b400000, 0x000000008b500000, 0x000000008b500000|100%| O|  |TAMS 0x000000008b500000, 0x000000008b400000| Untracked 
| 181|0x000000008b500000, 0x000000008b600000, 0x000000008b600000|100%| O|  |TAMS 0x000000008b600000, 0x000000008b500000| Untracked 
| 182|0x000000008b600000, 0x000000008b700000, 0x000000008b700000|100%| O|  |TAMS 0x000000008b700000, 0x000000008b600000| Untracked 
| 183|0x000000008b700000, 0x000000008b800000, 0x000000008b800000|100%| O|  |TAMS 0x000000008b700000, 0x000000008b700000| Untracked 
| 184|0x000000008b800000, 0x000000008b900000, 0x000000008b900000|100%| O|  |TAMS 0x000000008b800000, 0x000000008b800000| Untracked 
| 185|0x000000008b900000, 0x000000008ba00000, 0x000000008ba00000|100%| O|  |TAMS 0x000000008b900000, 0x000000008b900000| Untracked 
| 186|0x000000008ba00000, 0x000000008bb00000, 0x000000008bb00000|100%| O|  |TAMS 0x000000008ba00000, 0x000000008ba00000| Untracked 
| 187|0x000000008bb00000, 0x000000008bc00000, 0x000000008bc00000|100%| O|  |TAMS 0x000000008bc00000, 0x000000008bb00000| Untracked 
| 188|0x000000008bc00000, 0x000000008bd00000, 0x000000008bd00000|100%| O|  |TAMS 0x000000008bc00000, 0x000000008bc00000| Untracked 
| 189|0x000000008bd00000, 0x000000008be00000, 0x000000008be00000|100%| O|  |TAMS 0x000000008bd00000, 0x000000008bd00000| Untracked 
| 190|0x000000008be00000, 0x000000008bf00000, 0x000000008bf00000|100%| O|  |TAMS 0x000000008be00000, 0x000000008be00000| Untracked 
| 191|0x000000008bf00000, 0x000000008c000000, 0x000000008c000000|100%| O|  |TAMS 0x000000008c000000, 0x000000008bf00000| Untracked 
| 192|0x000000008c000000, 0x000000008c100000, 0x000000008c100000|100%| O|  |TAMS 0x000000008c100000, 0x000000008c000000| Untracked 
| 193|0x000000008c100000, 0x000000008c200000, 0x000000008c200000|100%| O|  |TAMS 0x000000008c100000, 0x000000008c100000| Untracked 
| 194|0x000000008c200000, 0x000000008c300000, 0x000000008c300000|100%| O|  |TAMS 0x000000008c300000, 0x000000008c200000| Untracked 
| 195|0x000000008c300000, 0x000000008c400000, 0x000000008c400000|100%| O|  |TAMS 0x000000008c400000, 0x000000008c300000| Untracked 
| 196|0x000000008c400000, 0x000000008c500000, 0x000000008c500000|100%| O|  |TAMS 0x000000008c400000, 0x000000008c400000| Untracked 
| 197|0x000000008c500000, 0x000000008c600000, 0x000000008c600000|100%| O|  |TAMS 0x000000008c500000, 0x000000008c500000| Untracked 
| 198|0x000000008c600000, 0x000000008c700000, 0x000000008c700000|100%| O|  |TAMS 0x000000008c700000, 0x000000008c600000| Untracked 
| 199|0x000000008c700000, 0x000000008c800000, 0x000000008c800000|100%| O|  |TAMS 0x000000008c700000, 0x000000008c700000| Untracked 
| 200|0x000000008c800000, 0x000000008c900000, 0x000000008c900000|100%| O|  |TAMS 0x000000008c900000, 0x000000008c800000| Untracked 
| 201|0x000000008c900000, 0x000000008ca00000, 0x000000008ca00000|100%| O|  |TAMS 0x000000008c900000, 0x000000008c900000| Untracked 
| 202|0x000000008ca00000, 0x000000008cb00000, 0x000000008cb00000|100%| O|  |TAMS 0x000000008cb00000, 0x000000008ca00000| Untracked 
| 203|0x000000008cb00000, 0x000000008cc00000, 0x000000008cc00000|100%| O|  |TAMS 0x000000008cb00000, 0x000000008cb00000| Untracked 
| 204|0x000000008cc00000, 0x000000008cd00000, 0x000000008cd00000|100%| O|  |TAMS 0x000000008cc00000, 0x000000008cc00000| Untracked 
| 205|0x000000008cd00000, 0x000000008cde5200, 0x000000008ce00000| 89%| O|  |TAMS 0x000000008cd00000, 0x000000008cd00000| Untracked 
| 206|0x000000008ce00000, 0x000000008cf00000, 0x000000008cf00000|100%| O|  |TAMS 0x000000008cf00000, 0x000000008ce00000| Untracked 
| 207|0x000000008cf00000, 0x000000008cf00000, 0x000000008d000000|  0%| F|  |TAMS 0x000000008cf00000, 0x000000008cf00000| Untracked 
| 208|0x000000008d000000, 0x000000008d000000, 0x000000008d100000|  0%| F|  |TAMS 0x000000008d000000, 0x000000008d000000| Untracked 
| 209|0x000000008d100000, 0x000000008d200000, 0x000000008d200000|100%| O|  |TAMS 0x000000008d200000, 0x000000008d100000| Untracked 
| 210|0x000000008d200000, 0x000000008d300000, 0x000000008d300000|100%| O|  |TAMS 0x000000008d300000, 0x000000008d200000| Untracked 
| 211|0x000000008d300000, 0x000000008d300000, 0x000000008d400000|  0%| F|  |TAMS 0x000000008d300000, 0x000000008d300000| Untracked 
| 212|0x000000008d400000, 0x000000008d500000, 0x000000008d500000|100%| O|  |TAMS 0x000000008d500000, 0x000000008d400000| Untracked 
| 213|0x000000008d500000, 0x000000008d600000, 0x000000008d600000|100%| O|  |TAMS 0x000000008d600000, 0x000000008d500000| Untracked 
| 214|0x000000008d600000, 0x000000008d700000, 0x000000008d700000|100%| O|  |TAMS 0x000000008d700000, 0x000000008d600000| Untracked 
| 215|0x000000008d700000, 0x000000008d800000, 0x000000008d800000|100%| O|  |TAMS 0x000000008d800000, 0x000000008d700000| Untracked 
| 216|0x000000008d800000, 0x000000008d900000, 0x000000008d900000|100%| O|  |TAMS 0x000000008d900000, 0x000000008d800000| Untracked 
| 217|0x000000008d900000, 0x000000008da00000, 0x000000008da00000|100%| O|  |TAMS 0x000000008da00000, 0x000000008d900000| Untracked 
| 218|0x000000008da00000, 0x000000008db00000, 0x000000008db00000|100%| O|  |TAMS 0x000000008db00000, 0x000000008da00000| Untracked 
| 219|0x000000008db00000, 0x000000008dc00000, 0x000000008dc00000|100%| O|  |TAMS 0x000000008dc00000, 0x000000008db00000| Untracked 
| 220|0x000000008dc00000, 0x000000008dd00000, 0x000000008dd00000|100%| O|  |TAMS 0x000000008dd00000, 0x000000008dc00000| Untracked 
| 221|0x000000008dd00000, 0x000000008de00000, 0x000000008de00000|100%| O|  |TAMS 0x000000008de00000, 0x000000008dd00000| Untracked 
| 222|0x000000008de00000, 0x000000008df00000, 0x000000008df00000|100%| O|  |TAMS 0x000000008df00000, 0x000000008de00000| Untracked 
| 223|0x000000008df00000, 0x000000008e000000, 0x000000008e000000|100%| O|  |TAMS 0x000000008e000000, 0x000000008df00000| Untracked 
| 224|0x000000008e000000, 0x000000008e100000, 0x000000008e100000|100%| O|  |TAMS 0x000000008e100000, 0x000000008e000000| Untracked 
| 225|0x000000008e100000, 0x000000008e100000, 0x000000008e200000|  0%| F|  |TAMS 0x000000008e100000, 0x000000008e100000| Untracked 
| 226|0x000000008e200000, 0x000000008e200000, 0x000000008e300000|  0%| F|  |TAMS 0x000000008e200000, 0x000000008e200000| Untracked 
| 227|0x000000008e300000, 0x000000008e400000, 0x000000008e400000|100%| O|  |TAMS 0x000000008e400000, 0x000000008e300000| Untracked 
| 228|0x000000008e400000, 0x000000008e500000, 0x000000008e500000|100%| O|  |TAMS 0x000000008e500000, 0x000000008e400000| Untracked 
| 229|0x000000008e500000, 0x000000008e600000, 0x000000008e600000|100%| O|  |TAMS 0x000000008e600000, 0x000000008e500000| Untracked 
| 230|0x000000008e600000, 0x000000008e700000, 0x000000008e700000|100%| O|  |TAMS 0x000000008e700000, 0x000000008e600000| Untracked 
| 231|0x000000008e700000, 0x000000008e800000, 0x000000008e800000|100%| O|  |TAMS 0x000000008e800000, 0x000000008e700000| Untracked 
| 232|0x000000008e800000, 0x000000008e900000, 0x000000008e900000|100%| O|  |TAMS 0x000000008e900000, 0x000000008e800000| Untracked 
| 233|0x000000008e900000, 0x000000008ea00000, 0x000000008ea00000|100%| O|  |TAMS 0x000000008ea00000, 0x000000008e900000| Untracked 
| 234|0x000000008ea00000, 0x000000008eb00000, 0x000000008eb00000|100%| O|  |TAMS 0x000000008eb00000, 0x000000008ea00000| Untracked 
| 235|0x000000008eb00000, 0x000000008ec00000, 0x000000008ec00000|100%| O|  |TAMS 0x000000008ec00000, 0x000000008eb00000| Untracked 
| 236|0x000000008ec00000, 0x000000008ed00000, 0x000000008ed00000|100%| O|  |TAMS 0x000000008ed00000, 0x000000008ec00000| Untracked 
| 237|0x000000008ed00000, 0x000000008ee00000, 0x000000008ee00000|100%| O|  |TAMS 0x000000008ee00000, 0x000000008ed00000| Untracked 
| 238|0x000000008ee00000, 0x000000008ef00000, 0x000000008ef00000|100%| O|  |TAMS 0x000000008ef00000, 0x000000008ee00000| Untracked 
| 239|0x000000008ef00000, 0x000000008f000000, 0x000000008f000000|100%| O|  |TAMS 0x000000008f000000, 0x000000008ef00000| Untracked 
| 240|0x000000008f000000, 0x000000008f100000, 0x000000008f100000|100%| O|  |TAMS 0x000000008f100000, 0x000000008f000000| Untracked 
| 241|0x000000008f100000, 0x000000008f200000, 0x000000008f200000|100%| O|  |TAMS 0x000000008f200000, 0x000000008f100000| Untracked 
| 242|0x000000008f200000, 0x000000008f300000, 0x000000008f300000|100%| O|  |TAMS 0x000000008f300000, 0x000000008f200000| Untracked 
| 243|0x000000008f300000, 0x000000008f400000, 0x000000008f400000|100%| O|  |TAMS 0x000000008f400000, 0x000000008f300000| Untracked 
| 244|0x000000008f400000, 0x000000008f500000, 0x000000008f500000|100%| O|  |TAMS 0x000000008f500000, 0x000000008f400000| Untracked 
| 245|0x000000008f500000, 0x000000008f600000, 0x000000008f600000|100%| O|  |TAMS 0x000000008f600000, 0x000000008f500000| Untracked 
| 246|0x000000008f600000, 0x000000008f700000, 0x000000008f700000|100%| O|  |TAMS 0x000000008f700000, 0x000000008f600000| Untracked 
| 247|0x000000008f700000, 0x000000008f800000, 0x000000008f800000|100%| O|  |TAMS 0x000000008f800000, 0x000000008f700000| Untracked 
| 248|0x000000008f800000, 0x000000008f900000, 0x000000008f900000|100%| O|  |TAMS 0x000000008f900000, 0x000000008f800000| Untracked 
| 249|0x000000008f900000, 0x000000008fa00000, 0x000000008fa00000|100%| O|  |TAMS 0x000000008fa00000, 0x000000008f900000| Untracked 
| 250|0x000000008fa00000, 0x000000008fb00000, 0x000000008fb00000|100%| O|  |TAMS 0x000000008fb00000, 0x000000008fa00000| Untracked 
| 251|0x000000008fb00000, 0x000000008fc00000, 0x000000008fc00000|100%| O|  |TAMS 0x000000008fc00000, 0x000000008fb00000| Untracked 
| 252|0x000000008fc00000, 0x000000008fd00000, 0x000000008fd00000|100%| O|  |TAMS 0x000000008fd00000, 0x000000008fc00000| Untracked 
| 253|0x000000008fd00000, 0x000000008fe00000, 0x000000008fe00000|100%| O|  |TAMS 0x000000008fe00000, 0x000000008fd00000| Untracked 
| 254|0x000000008fe00000, 0x000000008ff00000, 0x000000008ff00000|100%| O|  |TAMS 0x000000008ff00000, 0x000000008fe00000| Untracked 
| 255|0x000000008ff00000, 0x0000000090000000, 0x0000000090000000|100%| O|  |TAMS 0x0000000090000000, 0x000000008ff00000| Untracked 
| 256|0x0000000090000000, 0x0000000090100000, 0x0000000090100000|100%| O|  |TAMS 0x0000000090100000, 0x0000000090000000| Untracked 
| 257|0x0000000090100000, 0x0000000090200000, 0x0000000090200000|100%| O|  |TAMS 0x0000000090200000, 0x0000000090100000| Untracked 
| 258|0x0000000090200000, 0x0000000090300000, 0x0000000090300000|100%| O|  |TAMS 0x0000000090300000, 0x0000000090200000| Untracked 
| 259|0x0000000090300000, 0x0000000090400000, 0x0000000090400000|100%| O|  |TAMS 0x0000000090400000, 0x0000000090300000| Untracked 
| 260|0x0000000090400000, 0x0000000090500000, 0x0000000090500000|100%| O|  |TAMS 0x0000000090500000, 0x0000000090400000| Untracked 
| 261|0x0000000090500000, 0x0000000090600000, 0x0000000090600000|100%| O|  |TAMS 0x0000000090600000, 0x0000000090500000| Untracked 
| 262|0x0000000090600000, 0x0000000090700000, 0x0000000090700000|100%| O|  |TAMS 0x0000000090700000, 0x0000000090600000| Untracked 
| 263|0x0000000090700000, 0x0000000090800000, 0x0000000090800000|100%| O|  |TAMS 0x0000000090800000, 0x0000000090700000| Untracked 
| 264|0x0000000090800000, 0x0000000090900000, 0x0000000090900000|100%| O|  |TAMS 0x0000000090900000, 0x0000000090800000| Untracked 
| 265|0x0000000090900000, 0x0000000090a00000, 0x0000000090a00000|100%| O|  |TAMS 0x0000000090a00000, 0x0000000090900000| Untracked 
| 266|0x0000000090a00000, 0x0000000090b00000, 0x0000000090b00000|100%| O|  |TAMS 0x0000000090b00000, 0x0000000090a00000| Untracked 
| 267|0x0000000090b00000, 0x0000000090c00000, 0x0000000090c00000|100%| O|  |TAMS 0x0000000090c00000, 0x0000000090b00000| Untracked 
| 268|0x0000000090c00000, 0x0000000090d00000, 0x0000000090d00000|100%| O|  |TAMS 0x0000000090d00000, 0x0000000090c00000| Untracked 
| 269|0x0000000090d00000, 0x0000000090e00000, 0x0000000090e00000|100%| O|  |TAMS 0x0000000090e00000, 0x0000000090d00000| Untracked 
| 270|0x0000000090e00000, 0x0000000090f00000, 0x0000000090f00000|100%| O|  |TAMS 0x0000000090f00000, 0x0000000090e00000| Untracked 
| 271|0x0000000090f00000, 0x0000000091000000, 0x0000000091000000|100%| O|  |TAMS 0x0000000090f38e00, 0x0000000090f00000| Untracked 
| 272|0x0000000091000000, 0x0000000091100000, 0x0000000091100000|100%| O|  |TAMS 0x0000000091000000, 0x0000000091000000| Untracked 
| 273|0x0000000091100000, 0x0000000091200000, 0x0000000091200000|100%| O|  |TAMS 0x0000000091100000, 0x0000000091100000| Untracked 
| 274|0x0000000091200000, 0x0000000091300000, 0x0000000091300000|100%| O|  |TAMS 0x0000000091200000, 0x0000000091200000| Untracked 
| 275|0x0000000091300000, 0x0000000091400000, 0x0000000091400000|100%| O|  |TAMS 0x0000000091300000, 0x0000000091300000| Untracked 
| 276|0x0000000091400000, 0x0000000091500000, 0x0000000091500000|100%| O|  |TAMS 0x0000000091400000, 0x0000000091400000| Untracked 
| 277|0x0000000091500000, 0x0000000091600000, 0x0000000091600000|100%| O|  |TAMS 0x0000000091500000, 0x0000000091500000| Untracked 
| 278|0x0000000091600000, 0x0000000091700000, 0x0000000091700000|100%| O|  |TAMS 0x0000000091600000, 0x0000000091600000| Untracked 
| 279|0x0000000091700000, 0x0000000091800000, 0x0000000091800000|100%| O|  |TAMS 0x0000000091700000, 0x0000000091700000| Untracked 
| 280|0x0000000091800000, 0x0000000091900000, 0x0000000091900000|100%| O|  |TAMS 0x0000000091800000, 0x0000000091800000| Untracked 
| 281|0x0000000091900000, 0x0000000091a00000, 0x0000000091a00000|100%| O|  |TAMS 0x0000000091900000, 0x0000000091900000| Untracked 
| 282|0x0000000091a00000, 0x0000000091b00000, 0x0000000091b00000|100%| O|  |TAMS 0x0000000091a00000, 0x0000000091a00000| Untracked 
| 283|0x0000000091b00000, 0x0000000091c00000, 0x0000000091c00000|100%| O|  |TAMS 0x0000000091b00000, 0x0000000091b00000| Untracked 
| 284|0x0000000091c00000, 0x0000000091d00000, 0x0000000091d00000|100%| O|  |TAMS 0x0000000091c00000, 0x0000000091c00000| Untracked 
| 285|0x0000000091d00000, 0x0000000091e00000, 0x0000000091e00000|100%| O|  |TAMS 0x0000000091d00000, 0x0000000091d00000| Untracked 
| 286|0x0000000091e00000, 0x0000000091f00000, 0x0000000091f00000|100%| O|  |TAMS 0x0000000091e00000, 0x0000000091e00000| Untracked 
| 287|0x0000000091f00000, 0x0000000092000000, 0x0000000092000000|100%| O|  |TAMS 0x0000000091f00000, 0x0000000091f00000| Untracked 
| 288|0x0000000092000000, 0x0000000092100000, 0x0000000092100000|100%| O|  |TAMS 0x0000000092000000, 0x0000000092000000| Untracked 
| 289|0x0000000092100000, 0x0000000092200000, 0x0000000092200000|100%| O|  |TAMS 0x0000000092100000, 0x0000000092100000| Untracked 
| 290|0x0000000092200000, 0x0000000092300000, 0x0000000092300000|100%| O|  |TAMS 0x0000000092200000, 0x0000000092200000| Untracked 
| 291|0x0000000092300000, 0x0000000092400000, 0x0000000092400000|100%| O|  |TAMS 0x0000000092300000, 0x0000000092300000| Untracked 
| 292|0x0000000092400000, 0x0000000092500000, 0x0000000092500000|100%| O|  |TAMS 0x0000000092400000, 0x0000000092400000| Untracked 
| 293|0x0000000092500000, 0x0000000092600000, 0x0000000092600000|100%| O|  |TAMS 0x0000000092500000, 0x0000000092500000| Untracked 
| 294|0x0000000092600000, 0x0000000092700000, 0x0000000092700000|100%| O|  |TAMS 0x0000000092600000, 0x0000000092600000| Untracked 
| 295|0x0000000092700000, 0x0000000092800000, 0x0000000092800000|100%| O|  |TAMS 0x0000000092700000, 0x0000000092700000| Untracked 
| 296|0x0000000092800000, 0x0000000092900000, 0x0000000092900000|100%| O|  |TAMS 0x0000000092800000, 0x0000000092800000| Untracked 
| 297|0x0000000092900000, 0x0000000092a00000, 0x0000000092a00000|100%| O|  |TAMS 0x0000000092900000, 0x0000000092900000| Untracked 
| 298|0x0000000092a00000, 0x0000000092b00000, 0x0000000092b00000|100%| O|  |TAMS 0x0000000092a00000, 0x0000000092a00000| Untracked 
| 299|0x0000000092b00000, 0x0000000092c00000, 0x0000000092c00000|100%| O|  |TAMS 0x0000000092b00000, 0x0000000092b00000| Untracked 
| 300|0x0000000092c00000, 0x0000000092d00000, 0x0000000092d00000|100%| O|  |TAMS 0x0000000092c00000, 0x0000000092c00000| Untracked 
| 301|0x0000000092d00000, 0x0000000092e00000, 0x0000000092e00000|100%| O|  |TAMS 0x0000000092d00000, 0x0000000092d00000| Untracked 
| 302|0x0000000092e00000, 0x0000000092f00000, 0x0000000092f00000|100%| O|  |TAMS 0x0000000092e00000, 0x0000000092e00000| Untracked 
| 303|0x0000000092f00000, 0x0000000093000000, 0x0000000093000000|100%| O|  |TAMS 0x0000000092f00000, 0x0000000092f00000| Untracked 
| 304|0x0000000093000000, 0x0000000093100000, 0x0000000093100000|100%| O|  |TAMS 0x0000000093000000, 0x0000000093000000| Untracked 
| 305|0x0000000093100000, 0x0000000093200000, 0x0000000093200000|100%| O|  |TAMS 0x0000000093100000, 0x0000000093100000| Untracked 
| 306|0x0000000093200000, 0x0000000093300000, 0x0000000093300000|100%| O|  |TAMS 0x0000000093200000, 0x0000000093200000| Untracked 
| 307|0x0000000093300000, 0x0000000093400000, 0x0000000093400000|100%| O|  |TAMS 0x0000000093300000, 0x0000000093300000| Untracked 
| 308|0x0000000093400000, 0x0000000093500000, 0x0000000093500000|100%| O|  |TAMS 0x0000000093400000, 0x0000000093400000| Untracked 
| 309|0x0000000093500000, 0x0000000093600000, 0x0000000093600000|100%| O|  |TAMS 0x0000000093500000, 0x0000000093500000| Untracked 
| 310|0x0000000093600000, 0x0000000093700000, 0x0000000093700000|100%| O|  |TAMS 0x0000000093600000, 0x0000000093600000| Untracked 
| 311|0x0000000093700000, 0x0000000093800000, 0x0000000093800000|100%| O|  |TAMS 0x0000000093700000, 0x0000000093700000| Untracked 
| 312|0x0000000093800000, 0x0000000093900000, 0x0000000093900000|100%| O|  |TAMS 0x0000000093800000, 0x0000000093800000| Untracked 
| 313|0x0000000093900000, 0x0000000093a00000, 0x0000000093a00000|100%| O|  |TAMS 0x0000000093900000, 0x0000000093900000| Untracked 
| 314|0x0000000093a00000, 0x0000000093b00000, 0x0000000093b00000|100%| O|  |TAMS 0x0000000093a00000, 0x0000000093a00000| Untracked 
| 315|0x0000000093b00000, 0x0000000093c00000, 0x0000000093c00000|100%| O|  |TAMS 0x0000000093b00000, 0x0000000093b00000| Untracked 
| 316|0x0000000093c00000, 0x0000000093d00000, 0x0000000093d00000|100%| O|  |TAMS 0x0000000093c00000, 0x0000000093c00000| Untracked 
| 317|0x0000000093d00000, 0x0000000093e00000, 0x0000000093e00000|100%| O|  |TAMS 0x0000000093d00000, 0x0000000093d00000| Untracked 
| 318|0x0000000093e00000, 0x0000000093f00000, 0x0000000093f00000|100%| O|  |TAMS 0x0000000093e00000, 0x0000000093e00000| Untracked 
| 319|0x0000000093f00000, 0x0000000094000000, 0x0000000094000000|100%| O|  |TAMS 0x0000000093f00000, 0x0000000093f00000| Untracked 
| 320|0x0000000094000000, 0x0000000094100000, 0x0000000094100000|100%| O|  |TAMS 0x0000000094000000, 0x0000000094000000| Untracked 
| 321|0x0000000094100000, 0x0000000094200000, 0x0000000094200000|100%| O|  |TAMS 0x0000000094100000, 0x0000000094100000| Untracked 
| 322|0x0000000094200000, 0x0000000094300000, 0x0000000094300000|100%| O|  |TAMS 0x0000000094200000, 0x0000000094200000| Untracked 
| 323|0x0000000094300000, 0x0000000094400000, 0x0000000094400000|100%| O|  |TAMS 0x0000000094300000, 0x0000000094300000| Untracked 
| 324|0x0000000094400000, 0x0000000094500000, 0x0000000094500000|100%| O|  |TAMS 0x0000000094400000, 0x0000000094400000| Untracked 
| 325|0x0000000094500000, 0x0000000094600000, 0x0000000094600000|100%| O|  |TAMS 0x0000000094500000, 0x0000000094500000| Untracked 
| 326|0x0000000094600000, 0x0000000094700000, 0x0000000094700000|100%| O|  |TAMS 0x0000000094600000, 0x0000000094600000| Untracked 
| 327|0x0000000094700000, 0x0000000094800000, 0x0000000094800000|100%| O|  |TAMS 0x0000000094700000, 0x0000000094700000| Untracked 
| 328|0x0000000094800000, 0x0000000094900000, 0x0000000094900000|100%| O|  |TAMS 0x0000000094800000, 0x0000000094800000| Untracked 
| 329|0x0000000094900000, 0x0000000094a00000, 0x0000000094a00000|100%| O|  |TAMS 0x0000000094900000, 0x0000000094900000| Untracked 
| 330|0x0000000094a00000, 0x0000000094b00000, 0x0000000094b00000|100%| O|  |TAMS 0x0000000094a00000, 0x0000000094a00000| Untracked 
| 331|0x0000000094b00000, 0x0000000094c00000, 0x0000000094c00000|100%| O|  |TAMS 0x0000000094b00000, 0x0000000094b00000| Untracked 
| 332|0x0000000094c00000, 0x0000000094d00000, 0x0000000094d00000|100%| O|  |TAMS 0x0000000094c00000, 0x0000000094c00000| Untracked 
| 333|0x0000000094d00000, 0x0000000094e00000, 0x0000000094e00000|100%| O|  |TAMS 0x0000000094d00000, 0x0000000094d00000| Untracked 
| 334|0x0000000094e00000, 0x0000000094f00000, 0x0000000094f00000|100%| O|  |TAMS 0x0000000094e00000, 0x0000000094e00000| Untracked 
| 335|0x0000000094f00000, 0x0000000095000000, 0x0000000095000000|100%| O|  |TAMS 0x0000000094f00000, 0x0000000094f00000| Untracked 
| 336|0x0000000095000000, 0x0000000095100000, 0x0000000095100000|100%| O|  |TAMS 0x0000000095000000, 0x0000000095000000| Untracked 
| 337|0x0000000095100000, 0x0000000095200000, 0x0000000095200000|100%| O|  |TAMS 0x0000000095100000, 0x0000000095100000| Untracked 
| 338|0x0000000095200000, 0x0000000095300000, 0x0000000095300000|100%| O|  |TAMS 0x0000000095200000, 0x0000000095200000| Untracked 
| 339|0x0000000095300000, 0x0000000095400000, 0x0000000095400000|100%| O|  |TAMS 0x0000000095300000, 0x0000000095300000| Untracked 
| 340|0x0000000095400000, 0x0000000095500000, 0x0000000095500000|100%| O|  |TAMS 0x0000000095400000, 0x0000000095400000| Untracked 
| 341|0x0000000095500000, 0x0000000095600000, 0x0000000095600000|100%| O|  |TAMS 0x0000000095500000, 0x0000000095500000| Untracked 
| 342|0x0000000095600000, 0x0000000095700000, 0x0000000095700000|100%| O|  |TAMS 0x0000000095600000, 0x0000000095600000| Untracked 
| 343|0x0000000095700000, 0x0000000095800000, 0x0000000095800000|100%| O|  |TAMS 0x0000000095700000, 0x0000000095700000| Untracked 
| 344|0x0000000095800000, 0x0000000095900000, 0x0000000095900000|100%| O|  |TAMS 0x0000000095800000, 0x0000000095800000| Untracked 
| 345|0x0000000095900000, 0x0000000095a00000, 0x0000000095a00000|100%| O|  |TAMS 0x0000000095900000, 0x0000000095900000| Untracked 
| 346|0x0000000095a00000, 0x0000000095b00000, 0x0000000095b00000|100%| O|  |TAMS 0x0000000095a00000, 0x0000000095a00000| Untracked 
| 347|0x0000000095b00000, 0x0000000095c00000, 0x0000000095c00000|100%| O|  |TAMS 0x0000000095b00000, 0x0000000095b00000| Untracked 
| 348|0x0000000095c00000, 0x0000000095d00000, 0x0000000095d00000|100%| O|  |TAMS 0x0000000095c00000, 0x0000000095c00000| Untracked 
| 349|0x0000000095d00000, 0x0000000095e00000, 0x0000000095e00000|100%| O|  |TAMS 0x0000000095d00000, 0x0000000095d00000| Untracked 
| 350|0x0000000095e00000, 0x0000000095f00000, 0x0000000095f00000|100%| O|  |TAMS 0x0000000095e00000, 0x0000000095e00000| Untracked 
| 351|0x0000000095f00000, 0x0000000096000000, 0x0000000096000000|100%| O|  |TAMS 0x0000000095f00000, 0x0000000095f00000| Untracked 
| 352|0x0000000096000000, 0x0000000096100000, 0x0000000096100000|100%| O|  |TAMS 0x0000000096000000, 0x0000000096000000| Untracked 
| 353|0x0000000096100000, 0x0000000096200000, 0x0000000096200000|100%| O|  |TAMS 0x0000000096100000, 0x0000000096100000| Untracked 
| 354|0x0000000096200000, 0x0000000096300000, 0x0000000096300000|100%| O|  |TAMS 0x0000000096200000, 0x0000000096200000| Untracked 
| 355|0x0000000096300000, 0x0000000096400000, 0x0000000096400000|100%| O|  |TAMS 0x0000000096300000, 0x0000000096300000| Untracked 
| 356|0x0000000096400000, 0x0000000096500000, 0x0000000096500000|100%| O|  |TAMS 0x0000000096400000, 0x0000000096400000| Untracked 
| 357|0x0000000096500000, 0x0000000096600000, 0x0000000096600000|100%| O|  |TAMS 0x0000000096500000, 0x0000000096500000| Untracked 
| 358|0x0000000096600000, 0x0000000096700000, 0x0000000096700000|100%| O|  |TAMS 0x0000000096600000, 0x0000000096600000| Untracked 
| 359|0x0000000096700000, 0x0000000096800000, 0x0000000096800000|100%| O|  |TAMS 0x0000000096700000, 0x0000000096700000| Untracked 
| 360|0x0000000096800000, 0x0000000096900000, 0x0000000096900000|100%| O|  |TAMS 0x0000000096800000, 0x0000000096800000| Untracked 
| 361|0x0000000096900000, 0x0000000096a00000, 0x0000000096a00000|100%| O|  |TAMS 0x0000000096900000, 0x0000000096900000| Untracked 
| 362|0x0000000096a00000, 0x0000000096a00000, 0x0000000096b00000|  0%| F|  |TAMS 0x0000000096a00000, 0x0000000096a00000| Untracked 
| 363|0x0000000096b00000, 0x0000000096b00000, 0x0000000096c00000|  0%| F|  |TAMS 0x0000000096b00000, 0x0000000096b00000| Untracked 
| 364|0x0000000096c00000, 0x0000000096c00000, 0x0000000096d00000|  0%| F|  |TAMS 0x0000000096c00000, 0x0000000096c00000| Untracked 
| 365|0x0000000096d00000, 0x0000000096d00000, 0x0000000096e00000|  0%| F|  |TAMS 0x0000000096d00000, 0x0000000096d00000| Untracked 
| 366|0x0000000096e00000, 0x0000000096e00000, 0x0000000096f00000|  0%| F|  |TAMS 0x0000000096e00000, 0x0000000096e00000| Untracked 
| 367|0x0000000096f00000, 0x0000000096f00000, 0x0000000097000000|  0%| F|  |TAMS 0x0000000096f00000, 0x0000000096f00000| Untracked 
| 368|0x0000000097000000, 0x0000000097000000, 0x0000000097100000|  0%| F|  |TAMS 0x0000000097000000, 0x0000000097000000| Untracked 
| 369|0x0000000097100000, 0x0000000097100000, 0x0000000097200000|  0%| F|  |TAMS 0x0000000097100000, 0x0000000097100000| Untracked 
| 370|0x0000000097200000, 0x0000000097200000, 0x0000000097300000|  0%| F|  |TAMS 0x0000000097200000, 0x0000000097200000| Untracked 
| 371|0x0000000097300000, 0x0000000097300000, 0x0000000097400000|  0%| F|  |TAMS 0x0000000097300000, 0x0000000097300000| Untracked 
| 372|0x0000000097400000, 0x0000000097400000, 0x0000000097500000|  0%| F|  |TAMS 0x0000000097400000, 0x0000000097400000| Untracked 
| 373|0x0000000097500000, 0x0000000097500000, 0x0000000097600000|  0%| F|  |TAMS 0x0000000097500000, 0x0000000097500000| Untracked 
| 374|0x0000000097600000, 0x0000000097600000, 0x0000000097700000|  0%| F|  |TAMS 0x0000000097600000, 0x0000000097600000| Untracked 
| 375|0x0000000097700000, 0x0000000097700000, 0x0000000097800000|  0%| F|  |TAMS 0x0000000097700000, 0x0000000097700000| Untracked 
| 376|0x0000000097800000, 0x0000000097800000, 0x0000000097900000|  0%| F|  |TAMS 0x0000000097800000, 0x0000000097800000| Untracked 
| 377|0x0000000097900000, 0x0000000097900000, 0x0000000097a00000|  0%| F|  |TAMS 0x0000000097900000, 0x0000000097900000| Untracked 
| 378|0x0000000097a00000, 0x0000000097a00000, 0x0000000097b00000|  0%| F|  |TAMS 0x0000000097a00000, 0x0000000097a00000| Untracked 
| 379|0x0000000097b00000, 0x0000000097b00000, 0x0000000097c00000|  0%| F|  |TAMS 0x0000000097b00000, 0x0000000097b00000| Untracked 
| 380|0x0000000097c00000, 0x0000000097c00000, 0x0000000097d00000|  0%| F|  |TAMS 0x0000000097c00000, 0x0000000097c00000| Untracked 
| 381|0x0000000097d00000, 0x0000000097d00000, 0x0000000097e00000|  0%| F|  |TAMS 0x0000000097d00000, 0x0000000097d00000| Untracked 
| 382|0x0000000097e00000, 0x0000000097e00000, 0x0000000097f00000|  0%| F|  |TAMS 0x0000000097e00000, 0x0000000097e00000| Untracked 
| 383|0x0000000097f00000, 0x0000000097f00000, 0x0000000098000000|  0%| F|  |TAMS 0x0000000097f00000, 0x0000000097f00000| Untracked 
| 384|0x0000000098000000, 0x0000000098000000, 0x0000000098100000|  0%| F|  |TAMS 0x0000000098000000, 0x0000000098000000| Untracked 
| 385|0x0000000098100000, 0x0000000098100000, 0x0000000098200000|  0%| F|  |TAMS 0x0000000098100000, 0x0000000098100000| Untracked 
| 386|0x0000000098200000, 0x0000000098200000, 0x0000000098300000|  0%| F|  |TAMS 0x0000000098200000, 0x0000000098200000| Untracked 
| 387|0x0000000098300000, 0x0000000098300000, 0x0000000098400000|  0%| F|  |TAMS 0x0000000098300000, 0x0000000098300000| Untracked 
| 388|0x0000000098400000, 0x0000000098400000, 0x0000000098500000|  0%| F|  |TAMS 0x0000000098400000, 0x0000000098400000| Untracked 
| 389|0x0000000098500000, 0x0000000098500000, 0x0000000098600000|  0%| F|  |TAMS 0x0000000098500000, 0x0000000098500000| Untracked 
| 390|0x0000000098600000, 0x0000000098600000, 0x0000000098700000|  0%| F|  |TAMS 0x0000000098600000, 0x0000000098600000| Untracked 
| 391|0x0000000098700000, 0x0000000098700000, 0x0000000098800000|  0%| F|  |TAMS 0x0000000098700000, 0x0000000098700000| Untracked 
| 392|0x0000000098800000, 0x0000000098800000, 0x0000000098900000|  0%| F|  |TAMS 0x0000000098800000, 0x0000000098800000| Untracked 
| 393|0x0000000098900000, 0x0000000098900000, 0x0000000098a00000|  0%| F|  |TAMS 0x0000000098900000, 0x0000000098900000| Untracked 
| 394|0x0000000098a00000, 0x0000000098a00000, 0x0000000098b00000|  0%| F|  |TAMS 0x0000000098a00000, 0x0000000098a00000| Untracked 
| 395|0x0000000098b00000, 0x0000000098b00000, 0x0000000098c00000|  0%| F|  |TAMS 0x0000000098b00000, 0x0000000098b00000| Untracked 
| 396|0x0000000098c00000, 0x0000000098c00000, 0x0000000098d00000|  0%| F|  |TAMS 0x0000000098c00000, 0x0000000098c00000| Untracked 
| 397|0x0000000098d00000, 0x0000000098d00000, 0x0000000098e00000|  0%| F|  |TAMS 0x0000000098d00000, 0x0000000098d00000| Untracked 
| 398|0x0000000098e00000, 0x0000000098e00000, 0x0000000098f00000|  0%| F|  |TAMS 0x0000000098e00000, 0x0000000098e00000| Untracked 
| 399|0x0000000098f00000, 0x0000000098f00000, 0x0000000099000000|  0%| F|  |TAMS 0x0000000098f00000, 0x0000000098f00000| Untracked 
| 400|0x0000000099000000, 0x0000000099000000, 0x0000000099100000|  0%| F|  |TAMS 0x0000000099000000, 0x0000000099000000| Untracked 
| 401|0x0000000099100000, 0x0000000099100000, 0x0000000099200000|  0%| F|  |TAMS 0x0000000099100000, 0x0000000099100000| Untracked 
| 402|0x0000000099200000, 0x0000000099200000, 0x0000000099300000|  0%| F|  |TAMS 0x0000000099200000, 0x0000000099200000| Untracked 
| 403|0x0000000099300000, 0x0000000099300000, 0x0000000099400000|  0%| F|  |TAMS 0x0000000099300000, 0x0000000099300000| Untracked 
| 404|0x0000000099400000, 0x0000000099400000, 0x0000000099500000|  0%| F|  |TAMS 0x0000000099400000, 0x0000000099400000| Untracked 
| 405|0x0000000099500000, 0x0000000099500000, 0x0000000099600000|  0%| F|  |TAMS 0x0000000099500000, 0x0000000099500000| Untracked 
| 406|0x0000000099600000, 0x0000000099600000, 0x0000000099700000|  0%| F|  |TAMS 0x0000000099600000, 0x0000000099600000| Untracked 
| 407|0x0000000099700000, 0x0000000099700000, 0x0000000099800000|  0%| F|  |TAMS 0x0000000099700000, 0x0000000099700000| Untracked 
| 408|0x0000000099800000, 0x0000000099800000, 0x0000000099900000|  0%| F|  |TAMS 0x0000000099800000, 0x0000000099800000| Untracked 
| 409|0x0000000099900000, 0x0000000099900000, 0x0000000099a00000|  0%| F|  |TAMS 0x0000000099900000, 0x0000000099900000| Untracked 
| 410|0x0000000099a00000, 0x0000000099a00000, 0x0000000099b00000|  0%| F|  |TAMS 0x0000000099a00000, 0x0000000099a00000| Untracked 
| 411|0x0000000099b00000, 0x0000000099b00000, 0x0000000099c00000|  0%| F|  |TAMS 0x0000000099b00000, 0x0000000099b00000| Untracked 
| 412|0x0000000099c00000, 0x0000000099c00000, 0x0000000099d00000|  0%| F|  |TAMS 0x0000000099c00000, 0x0000000099c00000| Untracked 
| 413|0x0000000099d00000, 0x0000000099d00000, 0x0000000099e00000|  0%| F|  |TAMS 0x0000000099d00000, 0x0000000099d00000| Untracked 
| 414|0x0000000099e00000, 0x0000000099e00000, 0x0000000099f00000|  0%| F|  |TAMS 0x0000000099e00000, 0x0000000099e00000| Untracked 
| 415|0x0000000099f00000, 0x0000000099f00000, 0x000000009a000000|  0%| F|  |TAMS 0x0000000099f00000, 0x0000000099f00000| Untracked 
| 416|0x000000009a000000, 0x000000009a000000, 0x000000009a100000|  0%| F|  |TAMS 0x000000009a000000, 0x000000009a000000| Untracked 
| 417|0x000000009a100000, 0x000000009a100000, 0x000000009a200000|  0%| F|  |TAMS 0x000000009a100000, 0x000000009a100000| Untracked 
| 418|0x000000009a200000, 0x000000009a200000, 0x000000009a300000|  0%| F|  |TAMS 0x000000009a200000, 0x000000009a200000| Untracked 
| 419|0x000000009a300000, 0x000000009a300000, 0x000000009a400000|  0%| F|  |TAMS 0x000000009a300000, 0x000000009a300000| Untracked 
| 420|0x000000009a400000, 0x000000009a400000, 0x000000009a500000|  0%| F|  |TAMS 0x000000009a400000, 0x000000009a400000| Untracked 
| 421|0x000000009a500000, 0x000000009a500000, 0x000000009a600000|  0%| F|  |TAMS 0x000000009a500000, 0x000000009a500000| Untracked 
| 422|0x000000009a600000, 0x000000009a600000, 0x000000009a700000|  0%| F|  |TAMS 0x000000009a600000, 0x000000009a600000| Untracked 
| 423|0x000000009a700000, 0x000000009a700000, 0x000000009a800000|  0%| F|  |TAMS 0x000000009a700000, 0x000000009a700000| Untracked 
| 424|0x000000009a800000, 0x000000009a800000, 0x000000009a900000|  0%| F|  |TAMS 0x000000009a800000, 0x000000009a800000| Untracked 
| 425|0x000000009a900000, 0x000000009a900000, 0x000000009aa00000|  0%| F|  |TAMS 0x000000009a900000, 0x000000009a900000| Untracked 
| 426|0x000000009aa00000, 0x000000009aa00000, 0x000000009ab00000|  0%| F|  |TAMS 0x000000009aa00000, 0x000000009aa00000| Untracked 
| 427|0x000000009ab00000, 0x000000009ab00000, 0x000000009ac00000|  0%| F|  |TAMS 0x000000009ab00000, 0x000000009ab00000| Untracked 
| 428|0x000000009ac00000, 0x000000009ac00000, 0x000000009ad00000|  0%| F|  |TAMS 0x000000009ac00000, 0x000000009ac00000| Untracked 
| 429|0x000000009ad00000, 0x000000009ad00000, 0x000000009ae00000|  0%| F|  |TAMS 0x000000009ad00000, 0x000000009ad00000| Untracked 
| 430|0x000000009ae00000, 0x000000009ae00000, 0x000000009af00000|  0%| F|  |TAMS 0x000000009ae00000, 0x000000009ae00000| Untracked 
| 431|0x000000009af00000, 0x000000009af00000, 0x000000009b000000|  0%| F|  |TAMS 0x000000009af00000, 0x000000009af00000| Untracked 
| 432|0x000000009b000000, 0x000000009b000000, 0x000000009b100000|  0%| F|  |TAMS 0x000000009b000000, 0x000000009b000000| Untracked 
| 433|0x000000009b100000, 0x000000009b100000, 0x000000009b200000|  0%| F|  |TAMS 0x000000009b100000, 0x000000009b100000| Untracked 
| 434|0x000000009b200000, 0x000000009b200000, 0x000000009b300000|  0%| F|  |TAMS 0x000000009b200000, 0x000000009b200000| Untracked 
| 435|0x000000009b300000, 0x000000009b300000, 0x000000009b400000|  0%| F|  |TAMS 0x000000009b300000, 0x000000009b300000| Untracked 
| 436|0x000000009b400000, 0x000000009b400000, 0x000000009b500000|  0%| F|  |TAMS 0x000000009b400000, 0x000000009b400000| Untracked 
| 437|0x000000009b500000, 0x000000009b500000, 0x000000009b600000|  0%| F|  |TAMS 0x000000009b500000, 0x000000009b500000| Untracked 
| 438|0x000000009b600000, 0x000000009b600000, 0x000000009b700000|  0%| F|  |TAMS 0x000000009b600000, 0x000000009b600000| Untracked 
| 439|0x000000009b700000, 0x000000009b700000, 0x000000009b800000|  0%| F|  |TAMS 0x000000009b700000, 0x000000009b700000| Untracked 
| 440|0x000000009b800000, 0x000000009b800000, 0x000000009b900000|  0%| F|  |TAMS 0x000000009b800000, 0x000000009b800000| Untracked 
| 441|0x000000009b900000, 0x000000009b900000, 0x000000009ba00000|  0%| F|  |TAMS 0x000000009b900000, 0x000000009b900000| Untracked 
| 442|0x000000009ba00000, 0x000000009ba00000, 0x000000009bb00000|  0%| F|  |TAMS 0x000000009ba00000, 0x000000009ba00000| Untracked 
| 443|0x000000009bb00000, 0x000000009bb00000, 0x000000009bc00000|  0%| F|  |TAMS 0x000000009bb00000, 0x000000009bb00000| Untracked 
| 444|0x000000009bc00000, 0x000000009bc00000, 0x000000009bd00000|  0%| F|  |TAMS 0x000000009bc00000, 0x000000009bc00000| Untracked 
| 445|0x000000009bd00000, 0x000000009bd00000, 0x000000009be00000|  0%| F|  |TAMS 0x000000009bd00000, 0x000000009bd00000| Untracked 
| 446|0x000000009be00000, 0x000000009be00000, 0x000000009bf00000|  0%| F|  |TAMS 0x000000009be00000, 0x000000009be00000| Untracked 
| 447|0x000000009bf00000, 0x000000009bf00000, 0x000000009c000000|  0%| F|  |TAMS 0x000000009bf00000, 0x000000009bf00000| Untracked 
| 448|0x000000009c000000, 0x000000009c000000, 0x000000009c100000|  0%| F|  |TAMS 0x000000009c000000, 0x000000009c000000| Untracked 
| 449|0x000000009c100000, 0x000000009c100000, 0x000000009c200000|  0%| F|  |TAMS 0x000000009c100000, 0x000000009c100000| Untracked 
| 450|0x000000009c200000, 0x000000009c200000, 0x000000009c300000|  0%| F|  |TAMS 0x000000009c200000, 0x000000009c200000| Untracked 
| 451|0x000000009c300000, 0x000000009c300000, 0x000000009c400000|  0%| F|  |TAMS 0x000000009c300000, 0x000000009c300000| Untracked 
| 452|0x000000009c400000, 0x000000009c400000, 0x000000009c500000|  0%| F|  |TAMS 0x000000009c400000, 0x000000009c400000| Untracked 
| 453|0x000000009c500000, 0x000000009c500000, 0x000000009c600000|  0%| F|  |TAMS 0x000000009c500000, 0x000000009c500000| Untracked 
| 454|0x000000009c600000, 0x000000009c600000, 0x000000009c700000|  0%| F|  |TAMS 0x000000009c600000, 0x000000009c600000| Untracked 
| 455|0x000000009c700000, 0x000000009c700000, 0x000000009c800000|  0%| F|  |TAMS 0x000000009c700000, 0x000000009c700000| Untracked 
| 456|0x000000009c800000, 0x000000009c800000, 0x000000009c900000|  0%| F|  |TAMS 0x000000009c800000, 0x000000009c800000| Untracked 
| 457|0x000000009c900000, 0x000000009c900000, 0x000000009ca00000|  0%| F|  |TAMS 0x000000009c900000, 0x000000009c900000| Untracked 
| 458|0x000000009ca00000, 0x000000009ca00000, 0x000000009cb00000|  0%| F|  |TAMS 0x000000009ca00000, 0x000000009ca00000| Untracked 
| 459|0x000000009cb00000, 0x000000009cb00000, 0x000000009cc00000|  0%| F|  |TAMS 0x000000009cb00000, 0x000000009cb00000| Untracked 
| 460|0x000000009cc00000, 0x000000009cc00000, 0x000000009cd00000|  0%| F|  |TAMS 0x000000009cc00000, 0x000000009cc00000| Untracked 
| 461|0x000000009cd00000, 0x000000009cd00000, 0x000000009ce00000|  0%| F|  |TAMS 0x000000009cd00000, 0x000000009cd00000| Untracked 
| 462|0x000000009ce00000, 0x000000009ce00000, 0x000000009cf00000|  0%| F|  |TAMS 0x000000009ce00000, 0x000000009ce00000| Untracked 
| 463|0x000000009cf00000, 0x000000009cf00000, 0x000000009d000000|  0%| F|  |TAMS 0x000000009cf00000, 0x000000009cf00000| Untracked 
| 464|0x000000009d000000, 0x000000009d000000, 0x000000009d100000|  0%| F|  |TAMS 0x000000009d000000, 0x000000009d000000| Untracked 
| 465|0x000000009d100000, 0x000000009d100000, 0x000000009d200000|  0%| F|  |TAMS 0x000000009d100000, 0x000000009d100000| Untracked 
| 466|0x000000009d200000, 0x000000009d200000, 0x000000009d300000|  0%| F|  |TAMS 0x000000009d200000, 0x000000009d200000| Untracked 
| 467|0x000000009d300000, 0x000000009d300000, 0x000000009d400000|  0%| F|  |TAMS 0x000000009d300000, 0x000000009d300000| Untracked 
| 468|0x000000009d400000, 0x000000009d400000, 0x000000009d500000|  0%| F|  |TAMS 0x000000009d400000, 0x000000009d400000| Untracked 
| 469|0x000000009d500000, 0x000000009d55a870, 0x000000009d600000| 35%| S|CS|TAMS 0x000000009d500000, 0x000000009d500000| Complete 
| 470|0x000000009d600000, 0x000000009d700000, 0x000000009d700000|100%| S|CS|TAMS 0x000000009d600000, 0x000000009d600000| Complete 
| 471|0x000000009d700000, 0x000000009d800000, 0x000000009d800000|100%| S|CS|TAMS 0x000000009d700000, 0x000000009d700000| Complete 
| 472|0x000000009d800000, 0x000000009d900000, 0x000000009d900000|100%| S|CS|TAMS 0x000000009d800000, 0x000000009d800000| Complete 
| 473|0x000000009d900000, 0x000000009da00000, 0x000000009da00000|100%| S|CS|TAMS 0x000000009d900000, 0x000000009d900000| Complete 
| 474|0x000000009da00000, 0x000000009db00000, 0x000000009db00000|100%| S|CS|TAMS 0x000000009da00000, 0x000000009da00000| Complete 
| 475|0x000000009db00000, 0x000000009dc00000, 0x000000009dc00000|100%| S|CS|TAMS 0x000000009db00000, 0x000000009db00000| Complete 
| 476|0x000000009dc00000, 0x000000009dd00000, 0x000000009dd00000|100%| S|CS|TAMS 0x000000009dc00000, 0x000000009dc00000| Complete 
| 477|0x000000009dd00000, 0x000000009de00000, 0x000000009de00000|100%| S|CS|TAMS 0x000000009dd00000, 0x000000009dd00000| Complete 
| 478|0x000000009de00000, 0x000000009df00000, 0x000000009df00000|100%| S|CS|TAMS 0x000000009de00000, 0x000000009de00000| Complete 
| 479|0x000000009df00000, 0x000000009e000000, 0x000000009e000000|100%| S|CS|TAMS 0x000000009df00000, 0x000000009df00000| Complete 
| 480|0x000000009e000000, 0x000000009e100000, 0x000000009e100000|100%| S|CS|TAMS 0x000000009e000000, 0x000000009e000000| Complete 
| 481|0x000000009e100000, 0x000000009e200000, 0x000000009e200000|100%| S|CS|TAMS 0x000000009e100000, 0x000000009e100000| Complete 
| 482|0x000000009e200000, 0x000000009e300000, 0x000000009e300000|100%| S|CS|TAMS 0x000000009e200000, 0x000000009e200000| Complete 
| 483|0x000000009e300000, 0x000000009e400000, 0x000000009e400000|100%| S|CS|TAMS 0x000000009e300000, 0x000000009e300000| Complete 
| 484|0x000000009e400000, 0x000000009e500000, 0x000000009e500000|100%| S|CS|TAMS 0x000000009e400000, 0x000000009e400000| Complete 
| 485|0x000000009e500000, 0x000000009e600000, 0x000000009e600000|100%| S|CS|TAMS 0x000000009e500000, 0x000000009e500000| Complete 
| 486|0x000000009e600000, 0x000000009e700000, 0x000000009e700000|100%| S|CS|TAMS 0x000000009e600000, 0x000000009e600000| Complete 
| 487|0x000000009e700000, 0x000000009e800000, 0x000000009e800000|100%| S|CS|TAMS 0x000000009e700000, 0x000000009e700000| Complete 
| 488|0x000000009e800000, 0x000000009e800000, 0x000000009e900000|  0%| F|  |TAMS 0x000000009e800000, 0x000000009e800000| Untracked 
| 489|0x000000009e900000, 0x000000009e900000, 0x000000009ea00000|  0%| F|  |TAMS 0x000000009e900000, 0x000000009e900000| Untracked 
| 490|0x000000009ea00000, 0x000000009ea00000, 0x000000009eb00000|  0%| F|  |TAMS 0x000000009ea00000, 0x000000009ea00000| Untracked 
| 491|0x000000009eb00000, 0x000000009eb00000, 0x000000009ec00000|  0%| F|  |TAMS 0x000000009eb00000, 0x000000009eb00000| Untracked 
| 492|0x000000009ec00000, 0x000000009ec00000, 0x000000009ed00000|  0%| F|  |TAMS 0x000000009ec00000, 0x000000009ec00000| Untracked 
| 493|0x000000009ed00000, 0x000000009ed00000, 0x000000009ee00000|  0%| F|  |TAMS 0x000000009ed00000, 0x000000009ed00000| Untracked 
| 494|0x000000009ee00000, 0x000000009ee00000, 0x000000009ef00000|  0%| F|  |TAMS 0x000000009ee00000, 0x000000009ee00000| Untracked 
| 495|0x000000009ef00000, 0x000000009ef00000, 0x000000009f000000|  0%| F|  |TAMS 0x000000009ef00000, 0x000000009ef00000| Untracked 
| 496|0x000000009f000000, 0x000000009f000000, 0x000000009f100000|  0%| F|  |TAMS 0x000000009f000000, 0x000000009f000000| Untracked 
| 497|0x000000009f100000, 0x000000009f100000, 0x000000009f200000|  0%| F|  |TAMS 0x000000009f100000, 0x000000009f100000| Untracked 
| 498|0x000000009f200000, 0x000000009f200000, 0x000000009f300000|  0%| F|  |TAMS 0x000000009f200000, 0x000000009f200000| Untracked 
| 499|0x000000009f300000, 0x000000009f300000, 0x000000009f400000|  0%| F|  |TAMS 0x000000009f300000, 0x000000009f300000| Untracked 
| 500|0x000000009f400000, 0x000000009f400000, 0x000000009f500000|  0%| F|  |TAMS 0x000000009f400000, 0x000000009f400000| Untracked 
| 501|0x000000009f500000, 0x000000009f500000, 0x000000009f600000|  0%| F|  |TAMS 0x000000009f500000, 0x000000009f500000| Untracked 
| 502|0x000000009f600000, 0x000000009f600000, 0x000000009f700000|  0%| F|  |TAMS 0x000000009f600000, 0x000000009f600000| Untracked 
| 503|0x000000009f700000, 0x000000009f700000, 0x000000009f800000|  0%| F|  |TAMS 0x000000009f700000, 0x000000009f700000| Untracked 
| 504|0x000000009f800000, 0x000000009f800000, 0x000000009f900000|  0%| F|  |TAMS 0x000000009f800000, 0x000000009f800000| Untracked 
| 505|0x000000009f900000, 0x000000009f900000, 0x000000009fa00000|  0%| F|  |TAMS 0x000000009f900000, 0x000000009f900000| Untracked 
| 506|0x000000009fa00000, 0x000000009fa00000, 0x000000009fb00000|  0%| F|  |TAMS 0x000000009fa00000, 0x000000009fa00000| Untracked 
| 507|0x000000009fb00000, 0x000000009fb00000, 0x000000009fc00000|  0%| F|  |TAMS 0x000000009fb00000, 0x000000009fb00000| Untracked 
| 508|0x000000009fc00000, 0x000000009fc00000, 0x000000009fd00000|  0%| F|  |TAMS 0x000000009fc00000, 0x000000009fc00000| Untracked 
| 509|0x000000009fd00000, 0x000000009fd00000, 0x000000009fe00000|  0%| F|  |TAMS 0x000000009fd00000, 0x000000009fd00000| Untracked 
| 510|0x000000009fe00000, 0x000000009fe00000, 0x000000009ff00000|  0%| F|  |TAMS 0x000000009fe00000, 0x000000009fe00000| Untracked 
| 511|0x000000009ff00000, 0x000000009ff00000, 0x00000000a0000000|  0%| F|  |TAMS 0x000000009ff00000, 0x000000009ff00000| Untracked 
| 512|0x00000000a0000000, 0x00000000a0000000, 0x00000000a0100000|  0%| F|  |TAMS 0x00000000a0000000, 0x00000000a0000000| Untracked 
| 513|0x00000000a0100000, 0x00000000a0100000, 0x00000000a0200000|  0%| F|  |TAMS 0x00000000a0100000, 0x00000000a0100000| Untracked 
| 514|0x00000000a0200000, 0x00000000a0200000, 0x00000000a0300000|  0%| F|  |TAMS 0x00000000a0200000, 0x00000000a0200000| Untracked 
| 515|0x00000000a0300000, 0x00000000a0300000, 0x00000000a0400000|  0%| F|  |TAMS 0x00000000a0300000, 0x00000000a0300000| Untracked 
| 516|0x00000000a0400000, 0x00000000a0400000, 0x00000000a0500000|  0%| F|  |TAMS 0x00000000a0400000, 0x00000000a0400000| Untracked 
| 517|0x00000000a0500000, 0x00000000a0500000, 0x00000000a0600000|  0%| F|  |TAMS 0x00000000a0500000, 0x00000000a0500000| Untracked 
| 518|0x00000000a0600000, 0x00000000a0600000, 0x00000000a0700000|  0%| F|  |TAMS 0x00000000a0600000, 0x00000000a0600000| Untracked 
| 519|0x00000000a0700000, 0x00000000a0800000, 0x00000000a0800000|100%| S|CS|TAMS 0x00000000a0700000, 0x00000000a0700000| Complete 
| 520|0x00000000a0800000, 0x00000000a0900000, 0x00000000a0900000|100%| S|CS|TAMS 0x00000000a0800000, 0x00000000a0800000| Complete 
| 521|0x00000000a0900000, 0x00000000a0a00000, 0x00000000a0a00000|100%| S|CS|TAMS 0x00000000a0900000, 0x00000000a0900000| Complete 
| 522|0x00000000a0a00000, 0x00000000a0b00000, 0x00000000a0b00000|100%| S|CS|TAMS 0x00000000a0a00000, 0x00000000a0a00000| Complete 
| 523|0x00000000a0b00000, 0x00000000a0c00000, 0x00000000a0c00000|100%| S|CS|TAMS 0x00000000a0b00000, 0x00000000a0b00000| Complete 
| 524|0x00000000a0c00000, 0x00000000a0d00000, 0x00000000a0d00000|100%| S|CS|TAMS 0x00000000a0c00000, 0x00000000a0c00000| Complete 
| 525|0x00000000a0d00000, 0x00000000a0e00000, 0x00000000a0e00000|100%| S|CS|TAMS 0x00000000a0d00000, 0x00000000a0d00000| Complete 
| 526|0x00000000a0e00000, 0x00000000a0f00000, 0x00000000a0f00000|100%| S|CS|TAMS 0x00000000a0e00000, 0x00000000a0e00000| Complete 
| 527|0x00000000a0f00000, 0x00000000a1000000, 0x00000000a1000000|100%| S|CS|TAMS 0x00000000a0f00000, 0x00000000a0f00000| Complete 
| 528|0x00000000a1000000, 0x00000000a1100000, 0x00000000a1100000|100%| S|CS|TAMS 0x00000000a1000000, 0x00000000a1000000| Complete 
| 529|0x00000000a1100000, 0x00000000a1200000, 0x00000000a1200000|100%| S|CS|TAMS 0x00000000a1100000, 0x00000000a1100000| Complete 
| 530|0x00000000a1200000, 0x00000000a1300000, 0x00000000a1300000|100%| S|CS|TAMS 0x00000000a1200000, 0x00000000a1200000| Complete 
| 531|0x00000000a1300000, 0x00000000a1400000, 0x00000000a1400000|100%| S|CS|TAMS 0x00000000a1300000, 0x00000000a1300000| Complete 
| 532|0x00000000a1400000, 0x00000000a1400000, 0x00000000a1500000|  0%| F|  |TAMS 0x00000000a1400000, 0x00000000a1400000| Untracked 
| 533|0x00000000a1500000, 0x00000000a1500000, 0x00000000a1600000|  0%| F|  |TAMS 0x00000000a1500000, 0x00000000a1500000| Untracked 
| 534|0x00000000a1600000, 0x00000000a1600000, 0x00000000a1700000|  0%| F|  |TAMS 0x00000000a1600000, 0x00000000a1600000| Untracked 
| 535|0x00000000a1700000, 0x00000000a1700000, 0x00000000a1800000|  0%| F|  |TAMS 0x00000000a1700000, 0x00000000a1700000| Untracked 
| 536|0x00000000a1800000, 0x00000000a1800000, 0x00000000a1900000|  0%| F|  |TAMS 0x00000000a1800000, 0x00000000a1800000| Untracked 
| 537|0x00000000a1900000, 0x00000000a1900000, 0x00000000a1a00000|  0%| F|  |TAMS 0x00000000a1900000, 0x00000000a1900000| Untracked 
| 538|0x00000000a1a00000, 0x00000000a1a00000, 0x00000000a1b00000|  0%| F|  |TAMS 0x00000000a1a00000, 0x00000000a1a00000| Untracked 
| 539|0x00000000a1b00000, 0x00000000a1b00000, 0x00000000a1c00000|  0%| F|  |TAMS 0x00000000a1b00000, 0x00000000a1b00000| Untracked 
| 540|0x00000000a1c00000, 0x00000000a1c00000, 0x00000000a1d00000|  0%| F|  |TAMS 0x00000000a1c00000, 0x00000000a1c00000| Untracked 
| 541|0x00000000a1d00000, 0x00000000a1d00000, 0x00000000a1e00000|  0%| F|  |TAMS 0x00000000a1d00000, 0x00000000a1d00000| Untracked 
| 542|0x00000000a1e00000, 0x00000000a1e00000, 0x00000000a1f00000|  0%| F|  |TAMS 0x00000000a1e00000, 0x00000000a1e00000| Untracked 
| 543|0x00000000a1f00000, 0x00000000a1f00000, 0x00000000a2000000|  0%| F|  |TAMS 0x00000000a1f00000, 0x00000000a1f00000| Untracked 
| 544|0x00000000a2000000, 0x00000000a2000000, 0x00000000a2100000|  0%| F|  |TAMS 0x00000000a2000000, 0x00000000a2000000| Untracked 
| 545|0x00000000a2100000, 0x00000000a2100000, 0x00000000a2200000|  0%| F|  |TAMS 0x00000000a2100000, 0x00000000a2100000| Untracked 
| 546|0x00000000a2200000, 0x00000000a2200000, 0x00000000a2300000|  0%| F|  |TAMS 0x00000000a2200000, 0x00000000a2200000| Untracked 
| 547|0x00000000a2300000, 0x00000000a2300000, 0x00000000a2400000|  0%| F|  |TAMS 0x00000000a2300000, 0x00000000a2300000| Untracked 
| 548|0x00000000a2400000, 0x00000000a2400000, 0x00000000a2500000|  0%| F|  |TAMS 0x00000000a2400000, 0x00000000a2400000| Untracked 
| 549|0x00000000a2500000, 0x00000000a2500000, 0x00000000a2600000|  0%| F|  |TAMS 0x00000000a2500000, 0x00000000a2500000| Untracked 
| 550|0x00000000a2600000, 0x00000000a2600000, 0x00000000a2700000|  0%| F|  |TAMS 0x00000000a2600000, 0x00000000a2600000| Untracked 
| 551|0x00000000a2700000, 0x00000000a2700000, 0x00000000a2800000|  0%| F|  |TAMS 0x00000000a2700000, 0x00000000a2700000| Untracked 
| 552|0x00000000a2800000, 0x00000000a2800000, 0x00000000a2900000|  0%| F|  |TAMS 0x00000000a2800000, 0x00000000a2800000| Untracked 
| 553|0x00000000a2900000, 0x00000000a2900000, 0x00000000a2a00000|  0%| F|  |TAMS 0x00000000a2900000, 0x00000000a2900000| Untracked 
| 554|0x00000000a2a00000, 0x00000000a2a00000, 0x00000000a2b00000|  0%| F|  |TAMS 0x00000000a2a00000, 0x00000000a2a00000| Untracked 
| 555|0x00000000a2b00000, 0x00000000a2b00000, 0x00000000a2c00000|  0%| F|  |TAMS 0x00000000a2b00000, 0x00000000a2b00000| Untracked 
| 556|0x00000000a2c00000, 0x00000000a2c00000, 0x00000000a2d00000|  0%| F|  |TAMS 0x00000000a2c00000, 0x00000000a2c00000| Untracked 
| 557|0x00000000a2d00000, 0x00000000a2d00000, 0x00000000a2e00000|  0%| F|  |TAMS 0x00000000a2d00000, 0x00000000a2d00000| Untracked 
| 558|0x00000000a2e00000, 0x00000000a2e00000, 0x00000000a2f00000|  0%| F|  |TAMS 0x00000000a2e00000, 0x00000000a2e00000| Untracked 
| 559|0x00000000a2f00000, 0x00000000a2f00000, 0x00000000a3000000|  0%| F|  |TAMS 0x00000000a2f00000, 0x00000000a2f00000| Untracked 
| 560|0x00000000a3000000, 0x00000000a3000000, 0x00000000a3100000|  0%| F|  |TAMS 0x00000000a3000000, 0x00000000a3000000| Untracked 
| 561|0x00000000a3100000, 0x00000000a3100000, 0x00000000a3200000|  0%| F|  |TAMS 0x00000000a3100000, 0x00000000a3100000| Untracked 
| 562|0x00000000a3200000, 0x00000000a3200000, 0x00000000a3300000|  0%| F|  |TAMS 0x00000000a3200000, 0x00000000a3200000| Untracked 
| 563|0x00000000a3300000, 0x00000000a3300000, 0x00000000a3400000|  0%| F|  |TAMS 0x00000000a3300000, 0x00000000a3300000| Untracked 
| 564|0x00000000a3400000, 0x00000000a3400000, 0x00000000a3500000|  0%| F|  |TAMS 0x00000000a3400000, 0x00000000a3400000| Untracked 
| 565|0x00000000a3500000, 0x00000000a3500000, 0x00000000a3600000|  0%| F|  |TAMS 0x00000000a3500000, 0x00000000a3500000| Untracked 
| 566|0x00000000a3600000, 0x00000000a3600000, 0x00000000a3700000|  0%| F|  |TAMS 0x00000000a3600000, 0x00000000a3600000| Untracked 
| 567|0x00000000a3700000, 0x00000000a3700000, 0x00000000a3800000|  0%| F|  |TAMS 0x00000000a3700000, 0x00000000a3700000| Untracked 
| 568|0x00000000a3800000, 0x00000000a3800000, 0x00000000a3900000|  0%| F|  |TAMS 0x00000000a3800000, 0x00000000a3800000| Untracked 
| 569|0x00000000a3900000, 0x00000000a3900000, 0x00000000a3a00000|  0%| F|  |TAMS 0x00000000a3900000, 0x00000000a3900000| Untracked 
| 570|0x00000000a3a00000, 0x00000000a3a00000, 0x00000000a3b00000|  0%| F|  |TAMS 0x00000000a3a00000, 0x00000000a3a00000| Untracked 
| 571|0x00000000a3b00000, 0x00000000a3b00000, 0x00000000a3c00000|  0%| F|  |TAMS 0x00000000a3b00000, 0x00000000a3b00000| Untracked 
| 572|0x00000000a3c00000, 0x00000000a3c00000, 0x00000000a3d00000|  0%| F|  |TAMS 0x00000000a3c00000, 0x00000000a3c00000| Untracked 
| 573|0x00000000a3d00000, 0x00000000a3d00000, 0x00000000a3e00000|  0%| F|  |TAMS 0x00000000a3d00000, 0x00000000a3d00000| Untracked 
| 574|0x00000000a3e00000, 0x00000000a3e00000, 0x00000000a3f00000|  0%| F|  |TAMS 0x00000000a3e00000, 0x00000000a3e00000| Untracked 
| 575|0x00000000a3f00000, 0x00000000a3f00000, 0x00000000a4000000|  0%| F|  |TAMS 0x00000000a3f00000, 0x00000000a3f00000| Untracked 
| 576|0x00000000a4000000, 0x00000000a4000000, 0x00000000a4100000|  0%| F|  |TAMS 0x00000000a4000000, 0x00000000a4000000| Untracked 
| 577|0x00000000a4100000, 0x00000000a4100000, 0x00000000a4200000|  0%| F|  |TAMS 0x00000000a4100000, 0x00000000a4100000| Untracked 
| 578|0x00000000a4200000, 0x00000000a4200000, 0x00000000a4300000|  0%| F|  |TAMS 0x00000000a4200000, 0x00000000a4200000| Untracked 
| 579|0x00000000a4300000, 0x00000000a4300000, 0x00000000a4400000|  0%| F|  |TAMS 0x00000000a4300000, 0x00000000a4300000| Untracked 
| 580|0x00000000a4400000, 0x00000000a4400000, 0x00000000a4500000|  0%| F|  |TAMS 0x00000000a4400000, 0x00000000a4400000| Untracked 
| 581|0x00000000a4500000, 0x00000000a4500000, 0x00000000a4600000|  0%| F|  |TAMS 0x00000000a4500000, 0x00000000a4500000| Untracked 
| 582|0x00000000a4600000, 0x00000000a4600000, 0x00000000a4700000|  0%| F|  |TAMS 0x00000000a4600000, 0x00000000a4600000| Untracked 
| 583|0x00000000a4700000, 0x00000000a4700000, 0x00000000a4800000|  0%| F|  |TAMS 0x00000000a4700000, 0x00000000a4700000| Untracked 
| 584|0x00000000a4800000, 0x00000000a4800000, 0x00000000a4900000|  0%| F|  |TAMS 0x00000000a4800000, 0x00000000a4800000| Untracked 
| 585|0x00000000a4900000, 0x00000000a4900000, 0x00000000a4a00000|  0%| F|  |TAMS 0x00000000a4900000, 0x00000000a4900000| Untracked 
| 586|0x00000000a4a00000, 0x00000000a4a00000, 0x00000000a4b00000|  0%| F|  |TAMS 0x00000000a4a00000, 0x00000000a4a00000| Untracked 
| 587|0x00000000a4b00000, 0x00000000a4b00000, 0x00000000a4c00000|  0%| F|  |TAMS 0x00000000a4b00000, 0x00000000a4b00000| Untracked 
| 588|0x00000000a4c00000, 0x00000000a4c00000, 0x00000000a4d00000|  0%| F|  |TAMS 0x00000000a4c00000, 0x00000000a4c00000| Untracked 
| 589|0x00000000a4d00000, 0x00000000a4d00000, 0x00000000a4e00000|  0%| F|  |TAMS 0x00000000a4d00000, 0x00000000a4d00000| Untracked 
| 590|0x00000000a4e00000, 0x00000000a4e00000, 0x00000000a4f00000|  0%| F|  |TAMS 0x00000000a4e00000, 0x00000000a4e00000| Untracked 
| 591|0x00000000a4f00000, 0x00000000a4f00000, 0x00000000a5000000|  0%| F|  |TAMS 0x00000000a4f00000, 0x00000000a4f00000| Untracked 
| 592|0x00000000a5000000, 0x00000000a5000000, 0x00000000a5100000|  0%| F|  |TAMS 0x00000000a5000000, 0x00000000a5000000| Untracked 
| 593|0x00000000a5100000, 0x00000000a5100000, 0x00000000a5200000|  0%| F|  |TAMS 0x00000000a5100000, 0x00000000a5100000| Untracked 
| 594|0x00000000a5200000, 0x00000000a5200000, 0x00000000a5300000|  0%| F|  |TAMS 0x00000000a5200000, 0x00000000a5200000| Untracked 
| 595|0x00000000a5300000, 0x00000000a5300000, 0x00000000a5400000|  0%| F|  |TAMS 0x00000000a5300000, 0x00000000a5300000| Untracked 
| 596|0x00000000a5400000, 0x00000000a5400000, 0x00000000a5500000|  0%| F|  |TAMS 0x00000000a5400000, 0x00000000a5400000| Untracked 
| 597|0x00000000a5500000, 0x00000000a5500000, 0x00000000a5600000|  0%| F|  |TAMS 0x00000000a5500000, 0x00000000a5500000| Untracked 
| 598|0x00000000a5600000, 0x00000000a5600000, 0x00000000a5700000|  0%| F|  |TAMS 0x00000000a5600000, 0x00000000a5600000| Untracked 
| 599|0x00000000a5700000, 0x00000000a5700000, 0x00000000a5800000|  0%| F|  |TAMS 0x00000000a5700000, 0x00000000a5700000| Untracked 
| 600|0x00000000a5800000, 0x00000000a5800000, 0x00000000a5900000|  0%| F|  |TAMS 0x00000000a5800000, 0x00000000a5800000| Untracked 
| 601|0x00000000a5900000, 0x00000000a5900000, 0x00000000a5a00000|  0%| F|  |TAMS 0x00000000a5900000, 0x00000000a5900000| Untracked 
| 602|0x00000000a5a00000, 0x00000000a5a00000, 0x00000000a5b00000|  0%| F|  |TAMS 0x00000000a5a00000, 0x00000000a5a00000| Untracked 
| 603|0x00000000a5b00000, 0x00000000a5b00000, 0x00000000a5c00000|  0%| F|  |TAMS 0x00000000a5b00000, 0x00000000a5b00000| Untracked 
| 604|0x00000000a5c00000, 0x00000000a5c00000, 0x00000000a5d00000|  0%| F|  |TAMS 0x00000000a5c00000, 0x00000000a5c00000| Untracked 
| 605|0x00000000a5d00000, 0x00000000a5d00000, 0x00000000a5e00000|  0%| F|  |TAMS 0x00000000a5d00000, 0x00000000a5d00000| Untracked 
| 606|0x00000000a5e00000, 0x00000000a5e00000, 0x00000000a5f00000|  0%| F|  |TAMS 0x00000000a5e00000, 0x00000000a5e00000| Untracked 
| 607|0x00000000a5f00000, 0x00000000a5f00000, 0x00000000a6000000|  0%| F|  |TAMS 0x00000000a5f00000, 0x00000000a5f00000| Untracked 
| 608|0x00000000a6000000, 0x00000000a6000000, 0x00000000a6100000|  0%| F|  |TAMS 0x00000000a6000000, 0x00000000a6000000| Untracked 
| 609|0x00000000a6100000, 0x00000000a6100000, 0x00000000a6200000|  0%| F|  |TAMS 0x00000000a6100000, 0x00000000a6100000| Untracked 
| 610|0x00000000a6200000, 0x00000000a6200000, 0x00000000a6300000|  0%| F|  |TAMS 0x00000000a6200000, 0x00000000a6200000| Untracked 
| 611|0x00000000a6300000, 0x00000000a6300000, 0x00000000a6400000|  0%| F|  |TAMS 0x00000000a6300000, 0x00000000a6300000| Untracked 
| 612|0x00000000a6400000, 0x00000000a6400000, 0x00000000a6500000|  0%| F|  |TAMS 0x00000000a6400000, 0x00000000a6400000| Untracked 
| 613|0x00000000a6500000, 0x00000000a6500000, 0x00000000a6600000|  0%| F|  |TAMS 0x00000000a6500000, 0x00000000a6500000| Untracked 
| 614|0x00000000a6600000, 0x00000000a6600000, 0x00000000a6700000|  0%| F|  |TAMS 0x00000000a6600000, 0x00000000a6600000| Untracked 
| 615|0x00000000a6700000, 0x00000000a6700000, 0x00000000a6800000|  0%| F|  |TAMS 0x00000000a6700000, 0x00000000a6700000| Untracked 
| 616|0x00000000a6800000, 0x00000000a6800000, 0x00000000a6900000|  0%| F|  |TAMS 0x00000000a6800000, 0x00000000a6800000| Untracked 
| 617|0x00000000a6900000, 0x00000000a6900000, 0x00000000a6a00000|  0%| F|  |TAMS 0x00000000a6900000, 0x00000000a6900000| Untracked 
| 618|0x00000000a6a00000, 0x00000000a6a00000, 0x00000000a6b00000|  0%| F|  |TAMS 0x00000000a6a00000, 0x00000000a6a00000| Untracked 
| 619|0x00000000a6b00000, 0x00000000a6b00000, 0x00000000a6c00000|  0%| F|  |TAMS 0x00000000a6b00000, 0x00000000a6b00000| Untracked 
| 620|0x00000000a6c00000, 0x00000000a6c00000, 0x00000000a6d00000|  0%| F|  |TAMS 0x00000000a6c00000, 0x00000000a6c00000| Untracked 
| 621|0x00000000a6d00000, 0x00000000a6d00000, 0x00000000a6e00000|  0%| F|  |TAMS 0x00000000a6d00000, 0x00000000a6d00000| Untracked 
| 622|0x00000000a6e00000, 0x00000000a6e00000, 0x00000000a6f00000|  0%| F|  |TAMS 0x00000000a6e00000, 0x00000000a6e00000| Untracked 
| 623|0x00000000a6f00000, 0x00000000a6f00000, 0x00000000a7000000|  0%| F|  |TAMS 0x00000000a6f00000, 0x00000000a6f00000| Untracked 
| 624|0x00000000a7000000, 0x00000000a7000000, 0x00000000a7100000|  0%| F|  |TAMS 0x00000000a7000000, 0x00000000a7000000| Untracked 
| 625|0x00000000a7100000, 0x00000000a7100000, 0x00000000a7200000|  0%| F|  |TAMS 0x00000000a7100000, 0x00000000a7100000| Untracked 
| 626|0x00000000a7200000, 0x00000000a7200000, 0x00000000a7300000|  0%| F|  |TAMS 0x00000000a7200000, 0x00000000a7200000| Untracked 
| 627|0x00000000a7300000, 0x00000000a7300000, 0x00000000a7400000|  0%| F|  |TAMS 0x00000000a7300000, 0x00000000a7300000| Untracked 
| 628|0x00000000a7400000, 0x00000000a7400000, 0x00000000a7500000|  0%| F|  |TAMS 0x00000000a7400000, 0x00000000a7400000| Untracked 
| 629|0x00000000a7500000, 0x00000000a7500000, 0x00000000a7600000|  0%| F|  |TAMS 0x00000000a7500000, 0x00000000a7500000| Untracked 
| 630|0x00000000a7600000, 0x00000000a7600000, 0x00000000a7700000|  0%| F|  |TAMS 0x00000000a7600000, 0x00000000a7600000| Untracked 
| 631|0x00000000a7700000, 0x00000000a7700000, 0x00000000a7800000|  0%| F|  |TAMS 0x00000000a7700000, 0x00000000a7700000| Untracked 
| 632|0x00000000a7800000, 0x00000000a7800000, 0x00000000a7900000|  0%| F|  |TAMS 0x00000000a7800000, 0x00000000a7800000| Untracked 
| 633|0x00000000a7900000, 0x00000000a7900000, 0x00000000a7a00000|  0%| F|  |TAMS 0x00000000a7900000, 0x00000000a7900000| Untracked 
| 634|0x00000000a7a00000, 0x00000000a7a00000, 0x00000000a7b00000|  0%| F|  |TAMS 0x00000000a7a00000, 0x00000000a7a00000| Untracked 
| 635|0x00000000a7b00000, 0x00000000a7b00000, 0x00000000a7c00000|  0%| F|  |TAMS 0x00000000a7b00000, 0x00000000a7b00000| Untracked 
| 636|0x00000000a7c00000, 0x00000000a7c00000, 0x00000000a7d00000|  0%| F|  |TAMS 0x00000000a7c00000, 0x00000000a7c00000| Untracked 
| 637|0x00000000a7d00000, 0x00000000a7d00000, 0x00000000a7e00000|  0%| F|  |TAMS 0x00000000a7d00000, 0x00000000a7d00000| Untracked 
| 638|0x00000000a7e00000, 0x00000000a7e00000, 0x00000000a7f00000|  0%| F|  |TAMS 0x00000000a7e00000, 0x00000000a7e00000| Untracked 
| 639|0x00000000a7f00000, 0x00000000a7f00000, 0x00000000a8000000|  0%| F|  |TAMS 0x00000000a7f00000, 0x00000000a7f00000| Untracked 
| 640|0x00000000a8000000, 0x00000000a8000000, 0x00000000a8100000|  0%| F|  |TAMS 0x00000000a8000000, 0x00000000a8000000| Untracked 
| 641|0x00000000a8100000, 0x00000000a8100000, 0x00000000a8200000|  0%| F|  |TAMS 0x00000000a8100000, 0x00000000a8100000| Untracked 
| 642|0x00000000a8200000, 0x00000000a8200000, 0x00000000a8300000|  0%| F|  |TAMS 0x00000000a8200000, 0x00000000a8200000| Untracked 
| 643|0x00000000a8300000, 0x00000000a8300000, 0x00000000a8400000|  0%| F|  |TAMS 0x00000000a8300000, 0x00000000a8300000| Untracked 
| 644|0x00000000a8400000, 0x00000000a8400000, 0x00000000a8500000|  0%| F|  |TAMS 0x00000000a8400000, 0x00000000a8400000| Untracked 
| 645|0x00000000a8500000, 0x00000000a8500000, 0x00000000a8600000|  0%| F|  |TAMS 0x00000000a8500000, 0x00000000a8500000| Untracked 
| 646|0x00000000a8600000, 0x00000000a8600000, 0x00000000a8700000|  0%| F|  |TAMS 0x00000000a8600000, 0x00000000a8600000| Untracked 
| 647|0x00000000a8700000, 0x00000000a8700000, 0x00000000a8800000|  0%| F|  |TAMS 0x00000000a8700000, 0x00000000a8700000| Untracked 
| 648|0x00000000a8800000, 0x00000000a8800000, 0x00000000a8900000|  0%| F|  |TAMS 0x00000000a8800000, 0x00000000a8800000| Untracked 
| 649|0x00000000a8900000, 0x00000000a8900000, 0x00000000a8a00000|  0%| F|  |TAMS 0x00000000a8900000, 0x00000000a8900000| Untracked 
| 650|0x00000000a8a00000, 0x00000000a8a00000, 0x00000000a8b00000|  0%| F|  |TAMS 0x00000000a8a00000, 0x00000000a8a00000| Untracked 
| 651|0x00000000a8b00000, 0x00000000a8b00000, 0x00000000a8c00000|  0%| F|  |TAMS 0x00000000a8b00000, 0x00000000a8b00000| Untracked 
| 652|0x00000000a8c00000, 0x00000000a8c00000, 0x00000000a8d00000|  0%| F|  |TAMS 0x00000000a8c00000, 0x00000000a8c00000| Untracked 
| 653|0x00000000a8d00000, 0x00000000a8d00000, 0x00000000a8e00000|  0%| F|  |TAMS 0x00000000a8d00000, 0x00000000a8d00000| Untracked 
| 654|0x00000000a8e00000, 0x00000000a8e00000, 0x00000000a8f00000|  0%| F|  |TAMS 0x00000000a8e00000, 0x00000000a8e00000| Untracked 
| 655|0x00000000a8f00000, 0x00000000a8f00000, 0x00000000a9000000|  0%| F|  |TAMS 0x00000000a8f00000, 0x00000000a8f00000| Untracked 
| 656|0x00000000a9000000, 0x00000000a9000000, 0x00000000a9100000|  0%| F|  |TAMS 0x00000000a9000000, 0x00000000a9000000| Untracked 
| 657|0x00000000a9100000, 0x00000000a9100000, 0x00000000a9200000|  0%| F|  |TAMS 0x00000000a9100000, 0x00000000a9100000| Untracked 
| 658|0x00000000a9200000, 0x00000000a9200000, 0x00000000a9300000|  0%| F|  |TAMS 0x00000000a9200000, 0x00000000a9200000| Untracked 
| 659|0x00000000a9300000, 0x00000000a9300000, 0x00000000a9400000|  0%| F|  |TAMS 0x00000000a9300000, 0x00000000a9300000| Untracked 
| 660|0x00000000a9400000, 0x00000000a9400000, 0x00000000a9500000|  0%| F|  |TAMS 0x00000000a9400000, 0x00000000a9400000| Untracked 
| 661|0x00000000a9500000, 0x00000000a9500000, 0x00000000a9600000|  0%| F|  |TAMS 0x00000000a9500000, 0x00000000a9500000| Untracked 
| 662|0x00000000a9600000, 0x00000000a9600000, 0x00000000a9700000|  0%| F|  |TAMS 0x00000000a9600000, 0x00000000a9600000| Untracked 
| 663|0x00000000a9700000, 0x00000000a9700000, 0x00000000a9800000|  0%| F|  |TAMS 0x00000000a9700000, 0x00000000a9700000| Untracked 
| 664|0x00000000a9800000, 0x00000000a9800000, 0x00000000a9900000|  0%| F|  |TAMS 0x00000000a9800000, 0x00000000a9800000| Untracked 
| 665|0x00000000a9900000, 0x00000000a9900000, 0x00000000a9a00000|  0%| F|  |TAMS 0x00000000a9900000, 0x00000000a9900000| Untracked 
| 666|0x00000000a9a00000, 0x00000000a9a00000, 0x00000000a9b00000|  0%| F|  |TAMS 0x00000000a9a00000, 0x00000000a9a00000| Untracked 
| 667|0x00000000a9b00000, 0x00000000a9b00000, 0x00000000a9c00000|  0%| F|  |TAMS 0x00000000a9b00000, 0x00000000a9b00000| Untracked 
| 668|0x00000000a9c00000, 0x00000000a9c00000, 0x00000000a9d00000|  0%| F|  |TAMS 0x00000000a9c00000, 0x00000000a9c00000| Untracked 
| 669|0x00000000a9d00000, 0x00000000a9d00000, 0x00000000a9e00000|  0%| F|  |TAMS 0x00000000a9d00000, 0x00000000a9d00000| Untracked 
| 670|0x00000000a9e00000, 0x00000000a9e00000, 0x00000000a9f00000|  0%| F|  |TAMS 0x00000000a9e00000, 0x00000000a9e00000| Untracked 
| 671|0x00000000a9f00000, 0x00000000a9f00000, 0x00000000aa000000|  0%| F|  |TAMS 0x00000000a9f00000, 0x00000000a9f00000| Untracked 
| 672|0x00000000aa000000, 0x00000000aa000000, 0x00000000aa100000|  0%| F|  |TAMS 0x00000000aa000000, 0x00000000aa000000| Untracked 
| 673|0x00000000aa100000, 0x00000000aa100000, 0x00000000aa200000|  0%| F|  |TAMS 0x00000000aa100000, 0x00000000aa100000| Untracked 
| 674|0x00000000aa200000, 0x00000000aa200000, 0x00000000aa300000|  0%| F|  |TAMS 0x00000000aa200000, 0x00000000aa200000| Untracked 
| 675|0x00000000aa300000, 0x00000000aa300000, 0x00000000aa400000|  0%| F|  |TAMS 0x00000000aa300000, 0x00000000aa300000| Untracked 
| 676|0x00000000aa400000, 0x00000000aa400000, 0x00000000aa500000|  0%| F|  |TAMS 0x00000000aa400000, 0x00000000aa400000| Untracked 
| 677|0x00000000aa500000, 0x00000000aa500000, 0x00000000aa600000|  0%| F|  |TAMS 0x00000000aa500000, 0x00000000aa500000| Untracked 
| 678|0x00000000aa600000, 0x00000000aa600000, 0x00000000aa700000|  0%| F|  |TAMS 0x00000000aa600000, 0x00000000aa600000| Untracked 
| 679|0x00000000aa700000, 0x00000000aa700000, 0x00000000aa800000|  0%| F|  |TAMS 0x00000000aa700000, 0x00000000aa700000| Untracked 
| 680|0x00000000aa800000, 0x00000000aa800000, 0x00000000aa900000|  0%| F|  |TAMS 0x00000000aa800000, 0x00000000aa800000| Untracked 
| 681|0x00000000aa900000, 0x00000000aa900000, 0x00000000aaa00000|  0%| F|  |TAMS 0x00000000aa900000, 0x00000000aa900000| Untracked 
| 682|0x00000000aaa00000, 0x00000000aaa00000, 0x00000000aab00000|  0%| F|  |TAMS 0x00000000aaa00000, 0x00000000aaa00000| Untracked 
| 683|0x00000000aab00000, 0x00000000aab00000, 0x00000000aac00000|  0%| F|  |TAMS 0x00000000aab00000, 0x00000000aab00000| Untracked 
| 684|0x00000000aac00000, 0x00000000aac00000, 0x00000000aad00000|  0%| F|  |TAMS 0x00000000aac00000, 0x00000000aac00000| Untracked 
| 685|0x00000000aad00000, 0x00000000aad00000, 0x00000000aae00000|  0%| F|  |TAMS 0x00000000aad00000, 0x00000000aad00000| Untracked 
| 686|0x00000000aae00000, 0x00000000aae00000, 0x00000000aaf00000|  0%| F|  |TAMS 0x00000000aae00000, 0x00000000aae00000| Untracked 
| 687|0x00000000aaf00000, 0x00000000aaf00000, 0x00000000ab000000|  0%| F|  |TAMS 0x00000000aaf00000, 0x00000000aaf00000| Untracked 
| 688|0x00000000ab000000, 0x00000000ab000000, 0x00000000ab100000|  0%| F|  |TAMS 0x00000000ab000000, 0x00000000ab000000| Untracked 
| 689|0x00000000ab100000, 0x00000000ab100000, 0x00000000ab200000|  0%| F|  |TAMS 0x00000000ab100000, 0x00000000ab100000| Untracked 
| 690|0x00000000ab200000, 0x00000000ab200000, 0x00000000ab300000|  0%| F|  |TAMS 0x00000000ab200000, 0x00000000ab200000| Untracked 
| 691|0x00000000ab300000, 0x00000000ab300000, 0x00000000ab400000|  0%| F|  |TAMS 0x00000000ab300000, 0x00000000ab300000| Untracked 
| 692|0x00000000ab400000, 0x00000000ab400000, 0x00000000ab500000|  0%| F|  |TAMS 0x00000000ab400000, 0x00000000ab400000| Untracked 
| 693|0x00000000ab500000, 0x00000000ab500000, 0x00000000ab600000|  0%| F|  |TAMS 0x00000000ab500000, 0x00000000ab500000| Untracked 
| 694|0x00000000ab600000, 0x00000000ab600000, 0x00000000ab700000|  0%| F|  |TAMS 0x00000000ab600000, 0x00000000ab600000| Untracked 
| 695|0x00000000ab700000, 0x00000000ab700000, 0x00000000ab800000|  0%| F|  |TAMS 0x00000000ab700000, 0x00000000ab700000| Untracked 
| 696|0x00000000ab800000, 0x00000000ab800000, 0x00000000ab900000|  0%| F|  |TAMS 0x00000000ab800000, 0x00000000ab800000| Untracked 
| 697|0x00000000ab900000, 0x00000000ab900000, 0x00000000aba00000|  0%| F|  |TAMS 0x00000000ab900000, 0x00000000ab900000| Untracked 
| 698|0x00000000aba00000, 0x00000000aba00000, 0x00000000abb00000|  0%| F|  |TAMS 0x00000000aba00000, 0x00000000aba00000| Untracked 
| 699|0x00000000abb00000, 0x00000000abb00000, 0x00000000abc00000|  0%| F|  |TAMS 0x00000000abb00000, 0x00000000abb00000| Untracked 
| 700|0x00000000abc00000, 0x00000000abc00000, 0x00000000abd00000|  0%| F|  |TAMS 0x00000000abc00000, 0x00000000abc00000| Untracked 
| 701|0x00000000abd00000, 0x00000000abd00000, 0x00000000abe00000|  0%| F|  |TAMS 0x00000000abd00000, 0x00000000abd00000| Untracked 
| 702|0x00000000abe00000, 0x00000000abe00000, 0x00000000abf00000|  0%| F|  |TAMS 0x00000000abe00000, 0x00000000abe00000| Untracked 
| 703|0x00000000abf00000, 0x00000000abf00000, 0x00000000ac000000|  0%| F|  |TAMS 0x00000000abf00000, 0x00000000abf00000| Untracked 
| 704|0x00000000ac000000, 0x00000000ac000000, 0x00000000ac100000|  0%| F|  |TAMS 0x00000000ac000000, 0x00000000ac000000| Untracked 
| 705|0x00000000ac100000, 0x00000000ac100000, 0x00000000ac200000|  0%| F|  |TAMS 0x00000000ac100000, 0x00000000ac100000| Untracked 
| 706|0x00000000ac200000, 0x00000000ac200000, 0x00000000ac300000|  0%| F|  |TAMS 0x00000000ac200000, 0x00000000ac200000| Untracked 
| 707|0x00000000ac300000, 0x00000000ac300000, 0x00000000ac400000|  0%| F|  |TAMS 0x00000000ac300000, 0x00000000ac300000| Untracked 
| 708|0x00000000ac400000, 0x00000000ac400000, 0x00000000ac500000|  0%| F|  |TAMS 0x00000000ac400000, 0x00000000ac400000| Untracked 
| 709|0x00000000ac500000, 0x00000000ac500000, 0x00000000ac600000|  0%| F|  |TAMS 0x00000000ac500000, 0x00000000ac500000| Untracked 
| 710|0x00000000ac600000, 0x00000000ac600000, 0x00000000ac700000|  0%| F|  |TAMS 0x00000000ac600000, 0x00000000ac600000| Untracked 
| 711|0x00000000ac700000, 0x00000000ac700000, 0x00000000ac800000|  0%| F|  |TAMS 0x00000000ac700000, 0x00000000ac700000| Untracked 
| 712|0x00000000ac800000, 0x00000000ac800000, 0x00000000ac900000|  0%| F|  |TAMS 0x00000000ac800000, 0x00000000ac800000| Untracked 
| 713|0x00000000ac900000, 0x00000000ac900000, 0x00000000aca00000|  0%| F|  |TAMS 0x00000000ac900000, 0x00000000ac900000| Untracked 
| 714|0x00000000aca00000, 0x00000000aca00000, 0x00000000acb00000|  0%| F|  |TAMS 0x00000000aca00000, 0x00000000aca00000| Untracked 
| 715|0x00000000acb00000, 0x00000000acb00000, 0x00000000acc00000|  0%| F|  |TAMS 0x00000000acb00000, 0x00000000acb00000| Untracked 
| 716|0x00000000acc00000, 0x00000000acc00000, 0x00000000acd00000|  0%| F|  |TAMS 0x00000000acc00000, 0x00000000acc00000| Untracked 
| 717|0x00000000acd00000, 0x00000000acd00000, 0x00000000ace00000|  0%| F|  |TAMS 0x00000000acd00000, 0x00000000acd00000| Untracked 
| 718|0x00000000ace00000, 0x00000000ace00000, 0x00000000acf00000|  0%| F|  |TAMS 0x00000000ace00000, 0x00000000ace00000| Untracked 
| 719|0x00000000acf00000, 0x00000000acf00000, 0x00000000ad000000|  0%| F|  |TAMS 0x00000000acf00000, 0x00000000acf00000| Untracked 
| 720|0x00000000ad000000, 0x00000000ad000000, 0x00000000ad100000|  0%| F|  |TAMS 0x00000000ad000000, 0x00000000ad000000| Untracked 
| 721|0x00000000ad100000, 0x00000000ad100000, 0x00000000ad200000|  0%| F|  |TAMS 0x00000000ad100000, 0x00000000ad100000| Untracked 
| 722|0x00000000ad200000, 0x00000000ad200000, 0x00000000ad300000|  0%| F|  |TAMS 0x00000000ad200000, 0x00000000ad200000| Untracked 
| 723|0x00000000ad300000, 0x00000000ad300000, 0x00000000ad400000|  0%| F|  |TAMS 0x00000000ad300000, 0x00000000ad300000| Untracked 
| 724|0x00000000ad400000, 0x00000000ad400000, 0x00000000ad500000|  0%| F|  |TAMS 0x00000000ad400000, 0x00000000ad400000| Untracked 
| 725|0x00000000ad500000, 0x00000000ad500000, 0x00000000ad600000|  0%| F|  |TAMS 0x00000000ad500000, 0x00000000ad500000| Untracked 
| 726|0x00000000ad600000, 0x00000000ad600000, 0x00000000ad700000|  0%| F|  |TAMS 0x00000000ad600000, 0x00000000ad600000| Untracked 
| 727|0x00000000ad700000, 0x00000000ad700000, 0x00000000ad800000|  0%| F|  |TAMS 0x00000000ad700000, 0x00000000ad700000| Untracked 
| 728|0x00000000ad800000, 0x00000000ad800000, 0x00000000ad900000|  0%| F|  |TAMS 0x00000000ad800000, 0x00000000ad800000| Untracked 
| 729|0x00000000ad900000, 0x00000000ad900000, 0x00000000ada00000|  0%| F|  |TAMS 0x00000000ad900000, 0x00000000ad900000| Untracked 
| 730|0x00000000ada00000, 0x00000000ada00000, 0x00000000adb00000|  0%| F|  |TAMS 0x00000000ada00000, 0x00000000ada00000| Untracked 
| 731|0x00000000adb00000, 0x00000000adb00000, 0x00000000adc00000|  0%| F|  |TAMS 0x00000000adb00000, 0x00000000adb00000| Untracked 
| 732|0x00000000adc00000, 0x00000000adc00000, 0x00000000add00000|  0%| F|  |TAMS 0x00000000adc00000, 0x00000000adc00000| Untracked 
| 733|0x00000000add00000, 0x00000000add00000, 0x00000000ade00000|  0%| F|  |TAMS 0x00000000add00000, 0x00000000add00000| Untracked 
| 734|0x00000000ade00000, 0x00000000ade00000, 0x00000000adf00000|  0%| F|  |TAMS 0x00000000ade00000, 0x00000000ade00000| Untracked 
| 735|0x00000000adf00000, 0x00000000adf00000, 0x00000000ae000000|  0%| F|  |TAMS 0x00000000adf00000, 0x00000000adf00000| Untracked 
| 736|0x00000000ae000000, 0x00000000ae000000, 0x00000000ae100000|  0%| F|  |TAMS 0x00000000ae000000, 0x00000000ae000000| Untracked 
| 737|0x00000000ae100000, 0x00000000ae100000, 0x00000000ae200000|  0%| F|  |TAMS 0x00000000ae100000, 0x00000000ae100000| Untracked 
| 738|0x00000000ae200000, 0x00000000ae200000, 0x00000000ae300000|  0%| F|  |TAMS 0x00000000ae200000, 0x00000000ae200000| Untracked 
| 739|0x00000000ae300000, 0x00000000ae300000, 0x00000000ae400000|  0%| F|  |TAMS 0x00000000ae300000, 0x00000000ae300000| Untracked 
| 740|0x00000000ae400000, 0x00000000ae400000, 0x00000000ae500000|  0%| F|  |TAMS 0x00000000ae400000, 0x00000000ae400000| Untracked 
| 741|0x00000000ae500000, 0x00000000ae500000, 0x00000000ae600000|  0%| F|  |TAMS 0x00000000ae500000, 0x00000000ae500000| Untracked 
| 742|0x00000000ae600000, 0x00000000ae600000, 0x00000000ae700000|  0%| F|  |TAMS 0x00000000ae600000, 0x00000000ae600000| Untracked 
| 743|0x00000000ae700000, 0x00000000ae700000, 0x00000000ae800000|  0%| F|  |TAMS 0x00000000ae700000, 0x00000000ae700000| Untracked 
| 744|0x00000000ae800000, 0x00000000ae800000, 0x00000000ae900000|  0%| F|  |TAMS 0x00000000ae800000, 0x00000000ae800000| Untracked 
| 745|0x00000000ae900000, 0x00000000ae900000, 0x00000000aea00000|  0%| F|  |TAMS 0x00000000ae900000, 0x00000000ae900000| Untracked 
| 746|0x00000000aea00000, 0x00000000aea00000, 0x00000000aeb00000|  0%| F|  |TAMS 0x00000000aea00000, 0x00000000aea00000| Untracked 
| 747|0x00000000aeb00000, 0x00000000aeb00000, 0x00000000aec00000|  0%| F|  |TAMS 0x00000000aeb00000, 0x00000000aeb00000| Untracked 
| 748|0x00000000aec00000, 0x00000000aec00000, 0x00000000aed00000|  0%| F|  |TAMS 0x00000000aec00000, 0x00000000aec00000| Untracked 
| 749|0x00000000aed00000, 0x00000000aed00000, 0x00000000aee00000|  0%| F|  |TAMS 0x00000000aed00000, 0x00000000aed00000| Untracked 
| 750|0x00000000aee00000, 0x00000000aee00000, 0x00000000aef00000|  0%| F|  |TAMS 0x00000000aee00000, 0x00000000aee00000| Untracked 
| 751|0x00000000aef00000, 0x00000000aef00000, 0x00000000af000000|  0%| F|  |TAMS 0x00000000aef00000, 0x00000000aef00000| Untracked 
| 752|0x00000000af000000, 0x00000000af000000, 0x00000000af100000|  0%| F|  |TAMS 0x00000000af000000, 0x00000000af000000| Untracked 
| 753|0x00000000af100000, 0x00000000af100000, 0x00000000af200000|  0%| F|  |TAMS 0x00000000af100000, 0x00000000af100000| Untracked 
| 754|0x00000000af200000, 0x00000000af200000, 0x00000000af300000|  0%| F|  |TAMS 0x00000000af200000, 0x00000000af200000| Untracked 
| 755|0x00000000af300000, 0x00000000af300000, 0x00000000af400000|  0%| F|  |TAMS 0x00000000af300000, 0x00000000af300000| Untracked 
| 756|0x00000000af400000, 0x00000000af400000, 0x00000000af500000|  0%| F|  |TAMS 0x00000000af400000, 0x00000000af400000| Untracked 
| 757|0x00000000af500000, 0x00000000af500000, 0x00000000af600000|  0%| F|  |TAMS 0x00000000af500000, 0x00000000af500000| Untracked 
| 758|0x00000000af600000, 0x00000000af600000, 0x00000000af700000|  0%| F|  |TAMS 0x00000000af600000, 0x00000000af600000| Untracked 
| 759|0x00000000af700000, 0x00000000af700000, 0x00000000af800000|  0%| F|  |TAMS 0x00000000af700000, 0x00000000af700000| Untracked 
| 760|0x00000000af800000, 0x00000000af800000, 0x00000000af900000|  0%| F|  |TAMS 0x00000000af800000, 0x00000000af800000| Untracked 
| 761|0x00000000af900000, 0x00000000af900000, 0x00000000afa00000|  0%| F|  |TAMS 0x00000000af900000, 0x00000000af900000| Untracked 
| 762|0x00000000afa00000, 0x00000000afa00000, 0x00000000afb00000|  0%| F|  |TAMS 0x00000000afa00000, 0x00000000afa00000| Untracked 
| 763|0x00000000afb00000, 0x00000000afb00000, 0x00000000afc00000|  0%| F|  |TAMS 0x00000000afb00000, 0x00000000afb00000| Untracked 
| 764|0x00000000afc00000, 0x00000000afc00000, 0x00000000afd00000|  0%| F|  |TAMS 0x00000000afc00000, 0x00000000afc00000| Untracked 

Card table byte_map: [0x000001d4f4df0000,0x000001d4f51f0000] _byte_map_base: 0x000001d4f49f0000

Marking Bits (Prev, Next): (CMBitMap*) 0x000001d4dd916980, (CMBitMap*) 0x000001d4dd916940
 Prev Bits: [0x000001d4f75f0000, 0x000001d4f95f0000)
 Next Bits: [0x000001d4f55f0000, 0x000001d4f75f0000)

Polling page: 0x000001d4db830000

Metaspace:

Usage:
  Non-class:     99.11 MB used.
      Class:     15.48 MB used.
       Both:    114.59 MB used.

Virtual space:
  Non-class space:      128.00 MB reserved,      99.62 MB ( 78%) committed,  2 nodes.
      Class space:        1.00 GB reserved,      15.94 MB (  2%) committed,  1 nodes.
             Both:        1.12 GB reserved,     115.56 MB ( 10%) committed. 

Chunk freelists:
   Non-Class:  11.80 MB
       Class:  23.00 KB
        Both:  11.82 MB

MaxMetaspaceSize: unlimited
CompressedClassSpaceSize: 1.00 GB
Initial GC threshold: 21.00 MB
Current GC threshold: 192.12 MB
CDS: on
MetaspaceReclaimPolicy: balanced
 - commit_granule_bytes: 65536.
 - commit_granule_words: 8192.
 - virtual_space_node_default_size: 8388608.
 - enlarge_chunks_in_place: 1.
 - new_chunks_are_fully_committed: 0.
 - uncommit_free_chunks: 1.
 - use_allocation_guard: 0.
 - handle_deallocations: 1.


Internal statistics:

num_allocs_failed_limit: 6.
num_arena_births: 1402.
num_arena_deaths: 72.
num_vsnodes_births: 3.
num_vsnodes_deaths: 0.
num_space_committed: 1849.
num_space_uncommitted: 0.
num_chunks_returned_to_freelist: 110.
num_chunks_taken_from_freelist: 6488.
num_chunk_merges: 29.
num_chunk_splits: 4206.
num_chunks_enlarged: 2720.
num_inconsistent_stats: 0.

CodeHeap 'non-profiled nmethods': size=119168Kb used=6991Kb max_used=6991Kb free=112176Kb
 bounds [0x000001d4ecd10000, 0x000001d4ed3f0000, 0x000001d4f4170000]
CodeHeap 'profiled nmethods': size=119104Kb used=50254Kb max_used=50254Kb free=68849Kb
 bounds [0x000001d4e5170000, 0x000001d4e8290000, 0x000001d4ec5c0000]
CodeHeap 'non-nmethods': size=7488Kb used=4139Kb max_used=4212Kb free=3348Kb
 bounds [0x000001d4ec5c0000, 0x000001d4ec9f0000, 0x000001d4ecd10000]
 total_blobs=22936 nmethods=21947 adapters=896
 compilation: enabled
              stopped_count=0, restarted_count=0
 full_count=0

Compilation events (20 events):
Event: 19.550 Thread 0x000001d4fc7727a0 nmethod 27281 0x000001d4e8276e90 code [0x000001d4e82770c0, 0x000001d4e82779b8]
Event: 19.550 Thread 0x000001d4fc7727a0 27279       3       com.android.tools.r8.internal.oG::S0 (35 bytes)
Event: 19.551 Thread 0x000001d4fc7727a0 nmethod 27279 0x000001d4e8277c90 code [0x000001d4e8277e80, 0x000001d4e8278598]
Event: 19.551 Thread 0x000001d4fc7727a0 27280       3       java.util.ArrayList$SubList::toArray (28 bytes)
Event: 19.552 Thread 0x000001d4fc62e2e0 nmethod 27272 0x000001d4e8278810 code [0x000001d4e8278b00, 0x000001d4e82799d8]
Event: 19.552 Thread 0x000001d4fc62e2e0 27275       3       com.android.tools.r8.graph.u1::T (12 bytes)
Event: 19.552 Thread 0x000001d4fc7727a0 nmethod 27280 0x000001d4e827a390 code [0x000001d4e827a560, 0x000001d4e827a8d8]
Event: 19.552 Thread 0x000001d4fc7727a0 27274       2       com.android.tools.r8.internal.QG::compare (22 bytes)
Event: 19.553 Thread 0x000001d4fc62e2e0 nmethod 27275 0x000001d4e827aa90 code [0x000001d4e827ac20, 0x000001d4e827adf8]
Event: 19.553 Thread 0x000001d4fc7727a0 nmethod 27274 0x000001d4e827ae90 code [0x000001d4e827b040, 0x000001d4e827b258]
Event: 19.553 Thread 0x000001d4fc7727a0 27283       3       com.android.tools.r8.internal.iv::a (126 bytes)
Event: 19.553 Thread 0x000001d4fc620e40 nmethod 25873% 0x000001d4ed3cf410 code [0x000001d4ed3cfee0, 0x000001d4ed3db518]
Event: 19.554 Thread 0x000001d4fc7727a0 nmethod 27283 0x000001d4e827b390 code [0x000001d4e827b5c0, 0x000001d4e827bd68]
Event: 19.554 Thread 0x000001d4fd2a0010 nmethod 27270 0x000001d4e827c110 code [0x000001d4e827c5a0, 0x000001d4e827d918]
Event: 19.554 Thread 0x000001d4fc7727a0 27284       2       com.android.tools.r8.internal.nR$$Lambda$2459/0x000001d481ee8cc0::test (8 bytes)
Event: 19.555 Thread 0x000001d4fda3a580 nmethod 27277 0x000001d4e827eb10 code [0x000001d4e827f060, 0x000001d4e8281ed8]
Event: 19.555 Thread 0x000001d4fc620e40 27007   !   4       org.gradle.internal.fingerprint.classpath.impl.ClasspathFingerprintingStrategy$ClasspathFingerprintingVisitor::hashContent (133 bytes)
Event: 19.555 Thread 0x000001d4fc7727a0 nmethod 27284 0x000001d4e8282f90 code [0x000001d4e8283140, 0x000001d4e82832a8]
Event: 19.559 Thread 0x000001d4fc62e2e0 27286       2       java.util.HashMap$TreeNode::rotateLeft (91 bytes)
Event: 19.559 Thread 0x000001d4fc62e2e0 nmethod 27286 0x000001d4e8283390 code [0x000001d4e8283540, 0x000001d4e8283918]

GC Heap History (20 events):
Event: 17.920 GC heap after
{Heap after GC invocations=62 (full 0):
 garbage-first heap   total 452608K, used 241173K [0x0000000080000000, 0x0000000100000000)
  region size 1024K, 15 young (15360K), 15 survivors (15360K)
 Metaspace       used 116479K, committed 117504K, reserved 1179648K
  class space    used 15786K, committed 16256K, reserved 1048576K
}
Event: 18.095 GC heap before
{Heap before GC invocations=62 (full 0):
 garbage-first heap   total 452608K, used 384533K [0x0000000080000000, 0x0000000100000000)
  region size 1024K, 155 young (158720K), 15 survivors (15360K)
 Metaspace       used 116572K, committed 117568K, reserved 1179648K
  class space    used 15786K, committed 16256K, reserved 1048576K
}
Event: 18.102 GC heap after
{Heap after GC invocations=63 (full 0):
 garbage-first heap   total 452608K, used 249174K [0x0000000080000000, 0x0000000100000000)
  region size 1024K, 17 young (17408K), 17 survivors (17408K)
 Metaspace       used 116572K, committed 117568K, reserved 1179648K
  class space    used 15786K, committed 16256K, reserved 1048576K
}
Event: 18.288 GC heap before
{Heap before GC invocations=63 (full 0):
 garbage-first heap   total 452608K, used 385366K [0x0000000080000000, 0x0000000100000000)
  region size 1024K, 150 young (153600K), 17 survivors (17408K)
 Metaspace       used 116594K, committed 117632K, reserved 1179648K
  class space    used 15787K, committed 16256K, reserved 1048576K
}
Event: 18.297 GC heap after
{Heap after GC invocations=64 (full 0):
 garbage-first heap   total 452608K, used 260101K [0x0000000080000000, 0x0000000100000000)
  region size 1024K, 19 young (19456K), 19 survivors (19456K)
 Metaspace       used 116594K, committed 117632K, reserved 1179648K
  class space    used 15787K, committed 16256K, reserved 1048576K
}
Event: 18.432 GC heap before
{Heap before GC invocations=64 (full 0):
 garbage-first heap   total 452608K, used 382981K [0x0000000080000000, 0x0000000100000000)
  region size 1024K, 139 young (142336K), 19 survivors (19456K)
 Metaspace       used 116684K, committed 117696K, reserved 1179648K
  class space    used 15791K, committed 16256K, reserved 1048576K
}
Event: 18.443 GC heap after
{Heap after GC invocations=65 (full 0):
 garbage-first heap   total 452608K, used 277704K [0x0000000080000000, 0x0000000100000000)
  region size 1024K, 18 young (18432K), 18 survivors (18432K)
 Metaspace       used 116684K, committed 117696K, reserved 1179648K
  class space    used 15791K, committed 16256K, reserved 1048576K
}
Event: 18.512 GC heap before
{Heap before GC invocations=65 (full 0):
 garbage-first heap   total 452608K, used 379080K [0x0000000080000000, 0x0000000100000000)
  region size 1024K, 117 young (119808K), 18 survivors (18432K)
 Metaspace       used 116756K, committed 117824K, reserved 1179648K
  class space    used 15808K, committed 16320K, reserved 1048576K
}
Event: 18.522 GC heap after
{Heap after GC invocations=66 (full 0):
 garbage-first heap   total 452608K, used 292885K [0x0000000080000000, 0x0000000100000000)
  region size 1024K, 15 young (15360K), 15 survivors (15360K)
 Metaspace       used 116756K, committed 117824K, reserved 1179648K
  class space    used 15808K, committed 16320K, reserved 1048576K
}
Event: 18.573 GC heap before
{Heap before GC invocations=66 (full 0):
 garbage-first heap   total 452608K, used 376853K [0x0000000080000000, 0x0000000100000000)
  region size 1024K, 98 young (100352K), 15 survivors (15360K)
 Metaspace       used 116893K, committed 117888K, reserved 1179648K
  class space    used 15828K, committed 16320K, reserved 1048576K
}
Event: 18.583 GC heap after
{Heap after GC invocations=67 (full 0):
 garbage-first heap   total 623616K, used 306993K [0x0000000080000000, 0x0000000100000000)
  region size 1024K, 13 young (13312K), 13 survivors (13312K)
 Metaspace       used 116893K, committed 117888K, reserved 1179648K
  class space    used 15828K, committed 16320K, reserved 1048576K
}
Event: 18.846 GC heap before
{Heap before GC invocations=67 (full 0):
 garbage-first heap   total 783360K, used 500529K [0x0000000080000000, 0x0000000100000000)
  region size 1024K, 204 young (208896K), 13 survivors (13312K)
 Metaspace       used 116929K, committed 118016K, reserved 1179648K
  class space    used 15820K, committed 16320K, reserved 1048576K
}
Event: 18.865 GC heap after
{Heap after GC invocations=68 (full 0):
 garbage-first heap   total 783360K, used 342040K [0x0000000080000000, 0x0000000100000000)
  region size 1024K, 26 young (26624K), 26 survivors (26624K)
 Metaspace       used 116929K, committed 118016K, reserved 1179648K
  class space    used 15820K, committed 16320K, reserved 1048576K
}
Event: 19.096 GC heap before
{Heap before GC invocations=69 (full 0):
 garbage-first heap   total 783360K, used 584728K [0x0000000080000000, 0x0000000100000000)
  region size 1024K, 264 young (270336K), 26 survivors (26624K)
 Metaspace       used 117035K, committed 118080K, reserved 1179648K
  class space    used 15824K, committed 16320K, reserved 1048576K
}
Event: 19.112 GC heap after
{Heap after GC invocations=70 (full 0):
 garbage-first heap   total 783360K, used 369031K [0x0000000080000000, 0x0000000100000000)
  region size 1024K, 29 young (29696K), 29 survivors (29696K)
 Metaspace       used 117035K, committed 118080K, reserved 1179648K
  class space    used 15824K, committed 16320K, reserved 1048576K
}
Event: 19.119 GC heap before
{Heap before GC invocations=70 (full 0):
 garbage-first heap   total 783360K, used 377223K [0x0000000080000000, 0x0000000100000000)
  region size 1024K, 38 young (38912K), 29 survivors (29696K)
 Metaspace       used 117044K, committed 118080K, reserved 1179648K
  class space    used 15824K, committed 16320K, reserved 1048576K
}
Event: 19.130 GC heap after
{Heap after GC invocations=71 (full 0):
 garbage-first heap   total 783360K, used 344918K [0x0000000080000000, 0x0000000100000000)
  region size 1024K, 5 young (5120K), 5 survivors (5120K)
 Metaspace       used 117044K, committed 118080K, reserved 1179648K
  class space    used 15824K, committed 16320K, reserved 1048576K
}
Event: 19.325 GC heap before
{Heap before GC invocations=71 (full 0):
 garbage-first heap   total 783360K, used 590678K [0x0000000080000000, 0x0000000100000000)
  region size 1024K, 246 young (251904K), 5 survivors (5120K)
 Metaspace       used 117154K, committed 118144K, reserved 1179648K
  class space    used 15829K, committed 16320K, reserved 1048576K
}
Event: 19.340 GC heap after
{Heap after GC invocations=72 (full 0):
 garbage-first heap   total 783360K, used 371363K [0x0000000080000000, 0x0000000100000000)
  region size 1024K, 31 young (31744K), 31 survivors (31744K)
 Metaspace       used 117154K, committed 118144K, reserved 1179648K
  class space    used 15829K, committed 16320K, reserved 1048576K
}
Event: 19.560 GC heap before
{Heap before GC invocations=72 (full 0):
 garbage-first heap   total 783360K, used 608931K [0x0000000080000000, 0x0000000100000000)
  region size 1024K, 264 young (270336K), 31 survivors (31744K)
 Metaspace       used 117343K, committed 118336K, reserved 1179648K
  class space    used 15856K, committed 16320K, reserved 1048576K
}

Deoptimization events (20 events):
Event: 19.482 Thread 0x000001d4c7f7a670 DEOPT PACKING pc=0x000001d4e703d693 sp=0x000000158d1fa860
Event: 19.482 Thread 0x000001d4c7f7a670 DEOPT UNPACKING pc=0x000001d4ec612b43 sp=0x000000158d1f9da8 mode 0
Event: 19.536 Thread 0x000001d4c828b130 DEOPT PACKING pc=0x000001d4e54b7459 sp=0x00000015906fa510
Event: 19.536 Thread 0x000001d4c828b130 DEOPT UNPACKING pc=0x000001d4ec612b43 sp=0x00000015906f9988 mode 0
Event: 19.536 Thread 0x000001d4c828b130 DEOPT PACKING pc=0x000001d4e54b7420 sp=0x00000015906fa510
Event: 19.536 Thread 0x000001d4c828b130 DEOPT UNPACKING pc=0x000001d4ec612b43 sp=0x00000015906f9988 mode 0
Event: 19.538 Thread 0x000001d4c82f2d00 DEOPT PACKING pc=0x000001d4e80cb774 sp=0x0000001596dfbf60
Event: 19.538 Thread 0x000001d4c82f2d00 DEOPT UNPACKING pc=0x000001d4ec612b43 sp=0x0000001596dfb6c0 mode 0
Event: 19.542 Thread 0x000001d4c58b9a60 DEOPT PACKING pc=0x000001d4e703d693 sp=0x00000015963fa9f0
Event: 19.542 Thread 0x000001d4c58b9a60 DEOPT UNPACKING pc=0x000001d4ec612b43 sp=0x00000015963f9f38 mode 0
Event: 19.545 Thread 0x000001d4c81c3ae0 DEOPT PACKING pc=0x000001d4e6da1e12 sp=0x000000158dbf9170
Event: 19.545 Thread 0x000001d4c81c3ae0 DEOPT UNPACKING pc=0x000001d4ec612b43 sp=0x000000158dbf86d0 mode 0
Event: 19.548 Thread 0x000001d4c58b9a60 DEOPT PACKING pc=0x000001d4e703d693 sp=0x00000015963fa9f0
Event: 19.548 Thread 0x000001d4c58b9a60 DEOPT UNPACKING pc=0x000001d4ec612b43 sp=0x00000015963f9f38 mode 0
Event: 19.551 Thread 0x000001d4c58b9a60 DEOPT PACKING pc=0x000001d4e703d693 sp=0x00000015963fa9f0
Event: 19.551 Thread 0x000001d4c58b9a60 DEOPT UNPACKING pc=0x000001d4ec612b43 sp=0x00000015963f9f38 mode 0
Event: 19.553 Thread 0x000001d4c58b9a60 DEOPT PACKING pc=0x000001d4e703d693 sp=0x00000015963fa9f0
Event: 19.553 Thread 0x000001d4c58b9a60 DEOPT UNPACKING pc=0x000001d4ec612b43 sp=0x00000015963f9f38 mode 0
Event: 19.555 Thread 0x000001d4c58b9a60 DEOPT PACKING pc=0x000001d4e703d693 sp=0x00000015963fa9f0
Event: 19.555 Thread 0x000001d4c58b9a60 DEOPT UNPACKING pc=0x000001d4ec612b43 sp=0x00000015963f9f38 mode 0

Classes unloaded (20 events):
Event: 18.763 Thread 0x000001d4fc612010 Unloading class 0x000001d481d78800 'java/lang/invoke/LambdaForm$DMH+0x000001d481d78800'
Event: 18.763 Thread 0x000001d4fc612010 Unloading class 0x000001d481cc1400 'jdk/internal/reflect/GeneratedSerializationConstructorAccessor70'
Event: 18.763 Thread 0x000001d4fc612010 Unloading class 0x000001d481cc0c00 'jdk/internal/reflect/GeneratedSerializationConstructorAccessor71'
Event: 18.763 Thread 0x000001d4fc612010 Unloading class 0x000001d481cc0400 'jdk/internal/reflect/GeneratedSerializationConstructorAccessor67'
Event: 18.763 Thread 0x000001d4fc612010 Unloading class 0x000001d481cc0000 'jdk/internal/reflect/GeneratedSerializationConstructorAccessor66'
Event: 18.763 Thread 0x000001d4fc612010 Unloading class 0x000001d481cb8800 'jdk/internal/reflect/GeneratedSerializationConstructorAccessor65'
Event: 18.763 Thread 0x000001d4fc612010 Unloading class 0x000001d481cb8400 'jdk/internal/reflect/GeneratedSerializationConstructorAccessor64'
Event: 18.763 Thread 0x000001d4fc612010 Unloading class 0x000001d481c51400 'java/lang/invoke/LambdaForm$DMH+0x000001d481c51400'
Event: 18.763 Thread 0x000001d4fc612010 Unloading class 0x000001d481c51800 'java/lang/invoke/LambdaForm$DMH+0x000001d481c51800'
Event: 18.763 Thread 0x000001d4fc612010 Unloading class 0x000001d481c51000 'java/lang/invoke/LambdaForm$DMH+0x000001d481c51000'
Event: 18.763 Thread 0x000001d4fc612010 Unloading class 0x000001d481c50c00 'java/lang/invoke/LambdaForm$DMH+0x000001d481c50c00'
Event: 18.763 Thread 0x000001d4fc612010 Unloading class 0x000001d481c4dc00 'java/lang/invoke/LambdaForm$DMH+0x000001d481c4dc00'
Event: 18.763 Thread 0x000001d4fc612010 Unloading class 0x000001d481c50400 'java/lang/invoke/LambdaForm$DMH+0x000001d481c50400'
Event: 18.763 Thread 0x000001d4fc612010 Unloading class 0x000001d481c50000 'java/lang/invoke/LambdaForm$DMH+0x000001d481c50000'
Event: 18.763 Thread 0x000001d4fc612010 Unloading class 0x000001d481c4d400 'java/lang/invoke/LambdaForm$DMH+0x000001d481c4d400'
Event: 18.763 Thread 0x000001d4fc612010 Unloading class 0x000001d481c50800 'java/lang/invoke/LambdaForm$DMH+0x000001d481c50800'
Event: 18.763 Thread 0x000001d4fc612010 Unloading class 0x000001d481c4cc00 'java/lang/invoke/LambdaForm$DMH+0x000001d481c4cc00'
Event: 18.763 Thread 0x000001d4fc612010 Unloading class 0x000001d481c1cc00 'java/lang/invoke/LambdaForm$DMH+0x000001d481c1cc00'
Event: 18.763 Thread 0x000001d4fc612010 Unloading class 0x000001d481c1d000 'java/lang/invoke/LambdaForm$DMH+0x000001d481c1d000'
Event: 18.763 Thread 0x000001d4fc612010 Unloading class 0x000001d481c1c000 'java/lang/invoke/LambdaForm$DMH+0x000001d481c1c000'

Classes redefined (0 events):
No events

Internal exceptions (20 events):
Event: 18.633 Thread 0x000001d4c7f5c920 Exception <a 'sun/nio/fs/WindowsException'{0x00000000a3492ca8}> (0x00000000a3492ca8) 
thrown [s\open\src\hotspot\share\prims\jni.cpp, line 516]
Event: 18.638 Thread 0x000001d4c81c86d0 Exception <a 'sun/nio/fs/WindowsException'{0x00000000a2ef3478}> (0x00000000a2ef3478) 
thrown [s\open\src\hotspot\share\prims\jni.cpp, line 516]
Event: 18.647 Thread 0x000001d4c7f7c9e0 Exception <a 'sun/nio/fs/WindowsException'{0x00000000a2454d70}> (0x00000000a2454d70) 
thrown [s\open\src\hotspot\share\prims\jni.cpp, line 516]
Event: 18.702 Thread 0x000001d4c824ecb0 Exception <a 'sun/nio/fs/WindowsException'{0x000000009f9a6950}> (0x000000009f9a6950) 
thrown [s\open\src\hotspot\share\prims\jni.cpp, line 516]
Event: 18.945 Thread 0x000001d4c828a710 Exception <a 'sun/nio/fs/WindowsException'{0x00000000aa6cab60}> (0x00000000aa6cab60) 
thrown [s\open\src\hotspot\share\prims\jni.cpp, line 516]
Event: 19.000 Thread 0x000001d4c824c430 Exception <a 'sun/nio/fs/WindowsException'{0x00000000a6067360}> (0x00000000a6067360) 
thrown [s\open\src\hotspot\share\prims\jni.cpp, line 516]
Event: 19.062 Thread 0x000001d4c7f7a670 Exception <a 'sun/nio/fs/WindowsException'{0x00000000a2786a60}> (0x00000000a2786a60) 
thrown [s\open\src\hotspot\share\prims\jni.cpp, line 516]
Event: 19.075 Thread 0x000001d4c8250b10 Exception <a 'sun/nio/fs/WindowsException'{0x00000000a1b35010}> (0x00000000a1b35010) 
thrown [s\open\src\hotspot\share\prims\jni.cpp, line 516]
Event: 19.152 Thread 0x000001d4c824dd80 Exception <a 'sun/nio/fs/WindowsException'{0x00000000ae35f188}> (0x00000000ae35f188) 
thrown [s\open\src\hotspot\share\prims\jni.cpp, line 516]
Event: 19.204 Thread 0x000001d4c828b130 Exception <a 'sun/nio/fs/WindowsException'{0x00000000aa08d518}> (0x00000000aa08d518) 
thrown [s\open\src\hotspot\share\prims\jni.cpp, line 516]
Event: 19.213 Thread 0x000001d4c824d360 Exception <a 'sun/nio/fs/WindowsException'{0x00000000a9208150}> (0x00000000a9208150) 
thrown [s\open\src\hotspot\share\prims\jni.cpp, line 516]
Event: 19.216 Thread 0x000001d4c8212460 Exception <a 'sun/nio/fs/WindowsException'{0x00000000a95ef598}> (0x00000000a95ef598) 
thrown [s\open\src\hotspot\share\prims\jni.cpp, line 516]
Event: 19.228 Thread 0x000001d4c81c35d0 Exception <a 'sun/nio/fs/WindowsException'{0x00000000a808f8f0}> (0x00000000a808f8f0) 
thrown [s\open\src\hotspot\share\prims\jni.cpp, line 516]
Event: 19.245 Thread 0x000001d4c81c86d0 Exception <a 'sun/nio/fs/WindowsException'{0x00000000a6ff3f00}> (0x00000000a6ff3f00) 
thrown [s\open\src\hotspot\share\prims\jni.cpp, line 516]
Event: 19.266 Thread 0x000001d4c7f75f90 Exception <a 'sun/nio/fs/WindowsException'{0x00000000a4cff5a8}> (0x00000000a4cff5a8) 
thrown [s\open\src\hotspot\share\prims\jni.cpp, line 516]
Event: 19.311 Thread 0x000001d4c7f79740 Exception <a 'sun/nio/fs/WindowsException'{0x00000000a1366440}> (0x00000000a1366440) 
thrown [s\open\src\hotspot\share\prims\jni.cpp, line 516]
Event: 19.353 Thread 0x000001d4c81c77a0 Exception <a 'sun/nio/fs/WindowsException'{0x00000000aecb39e0}> (0x00000000aecb39e0) 
thrown [s\open\src\hotspot\share\prims\jni.cpp, line 516]
Event: 19.399 Thread 0x000001d4c824c430 Exception <a 'sun/nio/fs/WindowsException'{0x00000000ab0fcd68}> (0x00000000ab0fcd68) 
thrown [s\open\src\hotspot\share\prims\jni.cpp, line 516]
Event: 19.442 Thread 0x000001d4c58b9a60 Exception <a 'sun/nio/fs/WindowsException'{0x00000000a79b6c80}> (0x00000000a79b6c80) 
thrown [s\open\src\hotspot\share\prims\jni.cpp, line 516]
Event: 19.537 Thread 0x000001d4c828b130 Exception <a 'sun/nio/fs/WindowsException'{0x00000000a2a77f60}> (0x00000000a2a77f60) 
thrown [s\open\src\hotspot\share\prims\jni.cpp, line 516]

VM Operations (20 events):
Event: 19.114 Executing VM operation: G1CollectForAllocation done
Event: 19.119 Executing VM operation: G1CollectForAllocation
Event: 19.131 Executing VM operation: G1CollectForAllocation done
Event: 19.285 Executing VM operation: HandshakeAllThreads
Event: 19.314 Executing VM operation: HandshakeAllThreads done
Event: 19.314 Executing VM operation: ICBufferFull
Event: 19.321 Executing VM operation: ICBufferFull done
Event: 19.322 Executing VM operation: G1CollectForAllocation
Event: 19.340 Executing VM operation: G1CollectForAllocation done
Event: 19.340 Executing VM operation: HandshakeAllThreads
Event: 19.341 Executing VM operation: HandshakeAllThreads done
Event: 19.346 Executing VM operation: HandshakeAllThreads
Event: 19.361 Executing VM operation: HandshakeAllThreads done
Event: 19.361 Executing VM operation: HandshakeAllThreads
Event: 19.377 Executing VM operation: HandshakeAllThreads done
Event: 19.401 Executing VM operation: HandshakeAllThreads
Event: 19.424 Executing VM operation: HandshakeAllThreads done
Event: 19.537 Executing VM operation: HandshakeAllThreads
Event: 19.549 Executing VM operation: HandshakeAllThreads done
Event: 19.559 Executing VM operation: G1CollectForAllocation

Events (20 events):
Event: 18.525 loading class java/util/stream/ReferencePipeline$15$1
Event: 18.525 loading class java/util/stream/ReferencePipeline$15$1 done
Event: 19.362 Thread 0x000001d4fc654110 flushing nmethod 0x000001d4ece4b290
Event: 19.364 Thread 0x000001d4fc654110 flushing nmethod 0x000001d4ed08f710
Event: 19.415 Thread 0x000001d4fc654110 flushing nmethod 0x000001d4e6fe0290
Event: 19.421 Thread 0x000001d4fc654110 flushing nmethod 0x000001d4e75acd90
Event: 19.421 Thread 0x000001d4fc654110 flushing nmethod 0x000001d4e75f7a10
Event: 19.422 Thread 0x000001d4fc654110 flushing nmethod 0x000001d4e761db90
Event: 19.422 Thread 0x000001d4fc654110 flushing nmethod 0x000001d4e764bb10
Event: 19.423 Thread 0x000001d4fc654110 flushing nmethod 0x000001d4e7838010
Event: 19.424 Thread 0x000001d4fc654110 flushing nmethod 0x000001d4e787a790
Event: 19.425 Thread 0x000001d4fc654110 flushing nmethod 0x000001d4e793e610
Event: 19.428 Thread 0x000001d4fc654110 flushing nmethod 0x000001d4e7a88710
Event: 19.428 Thread 0x000001d4fc654110 flushing nmethod 0x000001d4e7a8a490
Event: 19.428 Thread 0x000001d4fc654110 flushing nmethod 0x000001d4e7aa1690
Event: 19.433 Thread 0x000001d4fc654110 flushing nmethod 0x000001d4e7cf4090
Event: 19.436 Thread 0x000001d4fc654110 flushing nmethod 0x000001d4e7f9e110
Event: 19.436 Thread 0x000001d4fc654110 flushing nmethod 0x000001d4e7fb1f10
Event: 19.436 Thread 0x000001d4fc654110 flushing nmethod 0x000001d4e7fb5810
Event: 19.437 Thread 0x000001d4fc654110 flushing nmethod 0x000001d4e7fe1e90


Dynamic libraries:
0x00007ff72ce90000 - 0x00007ff72cea0000 	C:\Program Files\Java\jdk-17\bin\java.exe
0x00007ffd93b20000 - 0x00007ffd93d87000 	C:\WINDOWS\SYSTEM32\ntdll.dll
0x00007ffd92430000 - 0x00007ffd924fb000 	C:\WINDOWS\System32\KERNEL32.DLL
0x00007ffd91430000 - 0x00007ffd91832000 	C:\WINDOWS\System32\KERNELBASE.dll
0x00007ffd90f00000 - 0x00007ffd9104c000 	C:\WINDOWS\System32\ucrtbase.dll
0x00007ffd8b8e0000 - 0x00007ffd8b8fb000 	C:\Program Files\Java\jdk-17\bin\VCRUNTIME140.dll
0x00007ffd8b8c0000 - 0x00007ffd8b8d9000 	C:\Program Files\Java\jdk-17\bin\jli.dll
0x00007ffd91840000 - 0x00007ffd918fc000 	C:\WINDOWS\System32\ADVAPI32.dll
0x00007ffd91910000 - 0x00007ffd919b9000 	C:\WINDOWS\System32\msvcrt.dll
0x00007ffd91f50000 - 0x00007ffd91ff9000 	C:\WINDOWS\System32\sechost.dll
0x00007ffd93670000 - 0x00007ffd93788000 	C:\WINDOWS\System32\RPCRT4.dll
0x00007ffd93810000 - 0x00007ffd939df000 	C:\WINDOWS\System32\USER32.dll
0x00007ffd75380000 - 0x00007ffd75610000 	C:\WINDOWS\WinSxS\amd64_microsoft.windows.common-controls_6595b64144ccf1df_6.0.26100.9278_none_3e0d1ba8e3303201\COMCTL32.dll
0x00007ffd91400000 - 0x00007ffd91427000 	C:\WINDOWS\System32\win32u.dll
0x00007ffd92110000 - 0x00007ffd9213b000 	C:\WINDOWS\System32\GDI32.dll
0x00007ffd90d20000 - 0x00007ffd90e49000 	C:\WINDOWS\System32\gdi32full.dll
0x00007ffd90e50000 - 0x00007ffd90ef3000 	C:\WINDOWS\System32\msvcp_win.dll
0x00007ffd88f50000 - 0x00007ffd88f5b000 	C:\WINDOWS\SYSTEM32\VERSION.dll
0x00007ffd933c0000 - 0x00007ffd933f1000 	C:\WINDOWS\System32\IMM32.DLL
0x00007ffd8b960000 - 0x00007ffd8b96c000 	C:\Program Files\Java\jdk-17\bin\vcruntime140_1.dll
0x00007ffd50ec0000 - 0x00007ffd50f4e000 	C:\Program Files\Java\jdk-17\bin\msvcp140.dll
0x00007ffd22f50000 - 0x00007ffd23b30000 	C:\Program Files\Java\jdk-17\bin\server\jvm.dll
0x00007ffd91f40000 - 0x00007ffd91f48000 	C:\WINDOWS\System32\PSAPI.DLL
0x00007ffd81220000 - 0x00007ffd8122a000 	C:\WINDOWS\SYSTEM32\WSOCK32.dll
0x00007ffd826a0000 - 0x00007ffd826d6000 	C:\WINDOWS\SYSTEM32\WINMM.dll
0x00007ffd93a50000 - 0x00007ffd93ad0000 	C:\WINDOWS\System32\WS2_32.dll
0x00007ffd8f9b0000 - 0x00007ffd8f9cb000 	C:\WINDOWS\SYSTEM32\kernel.appcore.dll
0x00007ffd8b8b0000 - 0x00007ffd8b8ba000 	C:\Program Files\Java\jdk-17\bin\jimage.dll
0x00007ffd8e260000 - 0x00007ffd8e4ac000 	C:\WINDOWS\SYSTEM32\DBGHELP.DLL
0x00007ffd92e00000 - 0x00007ffd93185000 	C:\WINDOWS\System32\combase.dll
0x00007ffd93490000 - 0x00007ffd93569000 	C:\WINDOWS\System32\OLEAUT32.dll
0x00007ffd79ef0000 - 0x00007ffd79f2b000 	C:\WINDOWS\SYSTEM32\dbgcore.DLL
0x00007ffd910f0000 - 0x00007ffd9119c000 	C:\WINDOWS\System32\bcryptPrimitives.dll
0x00007ffd8b880000 - 0x00007ffd8b8a5000 	C:\Program Files\Java\jdk-17\bin\java.dll
0x00007ffd22e70000 - 0x00007ffd22f47000 	C:\Program Files\Java\jdk-17\bin\jsvml.dll
0x00007ffd92660000 - 0x00007ffd92df8000 	C:\WINDOWS\System32\SHELL32.dll
0x00007ffd8e740000 - 0x00007ffd8efee000 	C:\WINDOWS\SYSTEM32\windows.storage.dll
0x00007ffd93570000 - 0x00007ffd9366b000 	C:\WINDOWS\System32\SHCORE.dll
0x00007ffd92340000 - 0x00007ffd923a6000 	C:\WINDOWS\System32\shlwapi.dll
0x00007ffd90c40000 - 0x00007ffd90c69000 	C:\WINDOWS\SYSTEM32\profapi.dll
0x00007ffd5ea10000 - 0x00007ffd5ea29000 	C:\Program Files\Java\jdk-17\bin\net.dll
0x00007ffd8ae00000 - 0x00007ffd8af2a000 	C:\WINDOWS\SYSTEM32\WINHTTP.dll
0x00007ffd8ff50000 - 0x00007ffd8ffbc000 	C:\WINDOWS\system32\mswsock.dll
0x00007ffd5bac0000 - 0x00007ffd5bad6000 	C:\Program Files\Java\jdk-17\bin\nio.dll
0x00007ffd55110000 - 0x00007ffd55128000 	C:\Program Files\Java\jdk-17\bin\zip.dll
0x00007ffd88f20000 - 0x00007ffd88f30000 	C:\Program Files\Java\jdk-17\bin\verify.dll
0x00007ffce9700000 - 0x00007ffce9727000 	C:\Users\ASUS\.gradle\native\e1d6ef7f7dcc3fd88c89a11ec53ec762bb8ba0a96d01ffa2cd45eb1d1d8dd5c5\windows-amd64\native-platform.dll
0x00007ffcf2a10000 - 0x00007ffcf2b54000 	C:\Users\ASUS\.gradle\native\0d407fdbe67a94daf76414ababcb853783967236a71b16ec16e742cd7a986fd3\windows-amd64\native-platform-file-events.dll
0x00007ffd668b0000 - 0x00007ffd668ba000 	C:\Program Files\Java\jdk-17\bin\management.dll
0x00007ffd5ea00000 - 0x00007ffd5ea0b000 	C:\Program Files\Java\jdk-17\bin\management_ext.dll
0x00007ffd90370000 - 0x00007ffd9038b000 	C:\WINDOWS\SYSTEM32\CRYPTSP.dll
0x00007ffd8f910000 - 0x00007ffd8f949000 	C:\WINDOWS\system32\rsaenh.dll
0x00007ffd90000000 - 0x00007ffd90034000 	C:\WINDOWS\SYSTEM32\USERENV.dll
0x00007ffd90c10000 - 0x00007ffd90c3a000 	C:\WINDOWS\SYSTEM32\bcrypt.dll
0x00007ffd901b0000 - 0x00007ffd901bc000 	C:\WINDOWS\SYSTEM32\CRYPTBASE.dll
0x00007ffd8f3b0000 - 0x00007ffd8f3e3000 	C:\WINDOWS\SYSTEM32\IPHLPAPI.DLL
0x00007ffd91f30000 - 0x00007ffd91f3a000 	C:\WINDOWS\System32\NSI.dll
0x00007ffd8b000000 - 0x00007ffd8b01d000 	C:\WINDOWS\SYSTEM32\dhcpcsvc6.DLL
0x00007ffd8afd0000 - 0x00007ffd8aff5000 	C:\WINDOWS\SYSTEM32\dhcpcsvc.DLL
0x00007ffd8f450000 - 0x00007ffd8f5a8000 	C:\WINDOWS\SYSTEM32\DNSAPI.dll
0x00007ffd8fd70000 - 0x00007ffd8fd7d000 	C:\WINDOWS\SYSTEM32\DSPARSE.dll
0x00007ffd551b0000 - 0x00007ffd551be000 	C:\Program Files\Java\jdk-17\bin\sunmscapi.dll
0x00007ffd911b0000 - 0x00007ffd9132e000 	C:\WINDOWS\System32\CRYPT32.dll
0x00007ffd904e0000 - 0x00007ffd90510000 	C:\WINDOWS\SYSTEM32\ncrypt.dll
0x00007ffd90490000 - 0x00007ffd904cf000 	C:\WINDOWS\SYSTEM32\NTASN1.dll
0x00007ffd777e0000 - 0x00007ffd777e8000 	C:\WINDOWS\system32\wshunix.dll

dbghelp: loaded successfully - version: 4.0.5 - missing functions: none
symbol engine: initialized successfully - sym options: 0x614 - pdb path: .;C:\Program Files\Java\jdk-17\bin;C:\WINDOWS\SYSTEM32;C:\WINDOWS\WinSxS\amd64_microsoft.windows.common-controls_6595b64144ccf1df_6.0.26100.9278_none_3e0d1ba8e3303201;C:\Program Files\Java\jdk-17\bin\server;C:\Users\ASUS\.gradle\native\e1d6ef7f7dcc3fd88c89a11ec53ec762bb8ba0a96d01ffa2cd45eb1d1d8dd5c5\windows-amd64;C:\Users\ASUS\.gradle\native\0d407fdbe67a94daf76414ababcb853783967236a71b16ec16e742cd7a986fd3\windows-amd64

VM Arguments:
jvm_args: --add-opens=java.base/java.util=ALL-UNNAMED --add-opens=java.base/java.lang=ALL-UNNAMED --add-opens=java.base/java.lang.invoke=ALL-UNNAMED --add-opens=java.base/java.util=ALL-UNNAMED --add-opens=java.prefs/java.util.prefs=ALL-UNNAMED --add-opens=java.prefs/java.util.prefs=ALL-UNNAMED --add-opens=java.base/java.nio.charset=ALL-UNNAMED --add-opens=java.base/java.net=ALL-UNNAMED --add-opens=java.base/java.util.concurrent.atomic=ALL-UNNAMED -Xmx2048m -Dfile.encoding=UTF-8 -Duser.country=US -Duser.language=en -Duser.variant 
java_command: org.gradle.launcher.daemon.bootstrap.GradleDaemon 7.4
java_class_path (initial): C:\Users\ASUS\.gradle\wrapper\dists\gradle-7.4-bin\c0gwcg53nkjbqw7r0h0umtfvt\gradle-7.4\lib\gradle-launcher-7.4.jar
Launcher Type: SUN_STANDARD

[Global flags]
     intx CICompilerCount                          = 12                                        {product} {ergonomic}
     uint ConcGCThreads                            = 3                                         {product} {ergonomic}
     uint G1ConcRefinementThreads                  = 13                                        {product} {ergonomic}
   size_t G1HeapRegionSize                         = 1048576                                   {product} {ergonomic}
    uintx GCDrainStackTargetSize                   = 64                                        {product} {ergonomic}
   size_t InitialHeapSize                          = 266338304                                 {product} {ergonomic}
   size_t MarkStackSize                            = 4194304                                   {product} {ergonomic}
   size_t MaxHeapSize                              = 2147483648                                {product} {command line}
   size_t MaxNewSize                               = 1287651328                                {product} {ergonomic}
   size_t MinHeapDeltaBytes                        = 1048576                                   {product} {ergonomic}
   size_t MinHeapSize                              = 8388608                                   {product} {ergonomic}
    uintx NonNMethodCodeHeapSize                   = 7602480                                {pd product} {ergonomic}
    uintx NonProfiledCodeHeapSize                  = 122027880                              {pd product} {ergonomic}
    uintx ProfiledCodeHeapSize                     = 122027880                              {pd product} {ergonomic}
    uintx ReservedCodeCacheSize                    = 251658240                              {pd product} {ergonomic}
     bool SegmentedCodeCache                       = true                                      {product} {ergonomic}
   size_t SoftMaxHeapSize                          = 2147483648                             {manageable} {ergonomic}
     bool UseCompressedClassPointers               = true                           {product lp64_product} {ergonomic}
     bool UseCompressedOops                        = true                           {product lp64_product} {ergonomic}
     bool UseG1GC                                  = true                                      {product} {ergonomic}
     bool UseLargePagesIndividualAllocation        = false                                  {pd product} {ergonomic}

Logging:
Log output configuration:
 #0: stdout all=warning uptime,level,tags
 #1: stderr all=off uptime,level,tags

Environment Variables:
PATH=C:\Program Files\NVIDIA GPU Computing Toolkit\CUDA\v12.6\bin;C:\Program Files\NVIDIA GPU Computing Toolkit\CUDA\v12.6\libnvvp;C:\Program Files\NVIDIA GPU Computing Toolkit\CUDA\v13.3\bin\x64;C:\Program Files\NVIDIA GPU Computing Toolkit\CUDA\v13.3\bin;c:\Users\ASUS\AppData\Local\Programs\cursor\resources\app\bin;C:\Program Files\Common Files\Oracle\Java\javapath;C:\WINDOWS\system32;C:\WINDOWS;C:\WINDOWS\System32\Wbem;C:\WINDOWS\System32\WindowsPowerShell\v1.0\;C:\WINDOWS\System32\OpenSSH\;C:\Program Files (x86)\NVIDIA Corporation\PhysX\Common;C:\Program Files\dotnet\;C:\Program Files\Java\jdk-17\bin;C:\Program Files\nodejs\;C:\Program Files\PostgreSQL\17\bin;C:\Program Files\Git\cmd;C:\Users\ASUS\AppData\Local\Programs\Python\Launcher\;C:\Users\ASUS\scoop\shims;C:\Users\ASUS\AppData\Local\Microsoft\WindowsApps;C:\Users\ASUS\AppData\Roaming\npm;C:\Users\ASUS\AppData\Local\Programs\Python\Python313;C:\Users\ASUS\AppData\Local\Programs\Python\Python313\Scripts;C:\Users\ASUS\AppData\Local\Programs\cursor\resources\app\bin;c:\Users\ASUS\AppData\Local\Programs\cursor\resources\app\bin;C:\Program Files\Git\cmd;C:\Program Files\NVIDIA Corporation\NVIDIA App\NvDLISR;C:\Program Files (x86)\BaseX\bin;C:\Program Files\Apache\apache-maven-3.9.12\bin;C:\Program Files\Docker\Docker\resources\bin;C:\tools\rtk-x86_64-pc-windows-msvc;C:\Program Files\NVIDIA Corporation\Nsight Compute 2024.3.0\;C:\Program Files\NVIDIA GPU Computing Toolkit\CUDA\v12.6\bin;C:\Program Files\NVIDIA GPU Computing Toolkit\CUDA\v12.6\libnvvp;C:\Program Files\NVIDIA GPU Computing Toolkit\CUDA\v13.3\bin\x64;C:\Program Files\NVIDIA GPU Computing Toolkit\CUDA\v13.3\bin;c:\Users\ASUS\AppData\Local\Programs\cursor\resources\app\bin;C:\Program Files\Common Files\Oracle\Java\javapath;C:\WINDOWS\system32;C:\WINDOWS;C:\WINDOWS\System32\Wbem;C:\WINDOWS\System32\WindowsPowerShell\v1.0\;C:\WINDOWS\System32\OpenSSH\;C:\Program Files (x86)\NVIDIA Corporation\PhysX\Common;C:\Program Files\dotnet\;C:\Program Files\Java\jdk
USERNAME=ASUS
OS=Windows_NT
PROCESSOR_IDENTIFIER=AMD64 Family 25 Model 68 Stepping 1, AuthenticAMD



---------------  S Y S T E M  ---------------

OS:
 Windows 11 , 64 bit Build 26100 (10.0.26100.9444)
OS uptime: 0 days 0:22 hours
Hyper-V role detected

CPU: total 16 (initial active 16) (16 cores per cpu, 2 threads per core) family 25 model 68 stepping 1 microcode 0xa404107, cx8, cmov, fxsr, ht, mmx, 3dnowpref, sse, sse2, sse3, ssse3, sse4a, sse4.1, sse4.2, popcnt, lzcnt, tsc, tscinvbit, avx, avx2, aes, erms, clmul, bmi1, bmi2, adx, sha, fma, vzeroupper, clflush, clflushopt, hv

Memory: 4k page, system-wide physical 16202M (179M free)
TotalPageFile size 24489M (AvailPageFile size 180M)
current process WorkingSet (physical memory assigned to process): 1213M, peak: 1216M
current process commit charge ("private bytes"): 1322M, peak: 1671M

vm_info: Java HotSpot(TM) 64-Bit Server VM (17.0.12+8-LTS-286) for windows-amd64 JRE (17.0.12+8-LTS-286), built on Jun  5 2024 06:46:59 by "mach5one" with MS VC++ 17.6 (VS2022)

END.
