#
# There is insufficient memory for the Java Runtime Environment to continue.
# Native memory allocation (malloc) failed to allocate 1050656 bytes for Chunk::new
# Possible reasons:
#   The system is out of physical RAM or swap space
#   The process is running with CompressedOops enabled, and the Java Heap may be blocking the growth of the native heap
# Possible solutions:
#   Reduce memory load on the system
#   Increase physical memory or swap space
#   Check if swap backing store is full
#   Decrease Java heap size (-Xmx/-Xms)
#   Decrease number of Java threads
#   Decrease Java thread stack sizes (-Xss)
#   Set larger code cache with -XX:ReservedCodeCacheSize=
#   JVM is running with Unscaled Compressed Oops mode in which the Java heap is
#     placed in the first 4GB address space. The Java Heap base address is the
#     maximum limit for the native heap growth. Please use -XX:HeapBaseMinAddress
#     to set the Java Heap base and to place the Java Heap above 4GB virtual address.
# This output file may be truncated or incomplete.
#
#  Out of Memory Error (arena.cpp:189), pid=22344, tid=13992
#
# JRE version: Java(TM) SE Runtime Environment (17.0.12+8) (build 17.0.12+8-LTS-286)
# Java VM: Java HotSpot(TM) 64-Bit Server VM (17.0.12+8-LTS-286, mixed mode, sharing, tiered, compressed oops, compressed class ptrs, g1 gc, windows-amd64)
# No core dump will be written. Minidumps are not enabled by default on client versions of Windows
#

---------------  S U M M A R Y ------------

Command Line: --add-opens=java.base/java.util=ALL-UNNAMED --add-opens=java.base/java.lang=ALL-UNNAMED --add-opens=java.base/java.lang.invoke=ALL-UNNAMED --add-opens=java.base/java.util=ALL-UNNAMED --add-opens=java.prefs/java.util.prefs=ALL-UNNAMED --add-opens=java.prefs/java.util.prefs=ALL-UNNAMED --add-opens=java.base/java.nio.charset=ALL-UNNAMED --add-opens=java.base/java.net=ALL-UNNAMED --add-opens=java.base/java.util.concurrent.atomic=ALL-UNNAMED -Xmx2048m -Dfile.encoding=UTF-8 -Duser.country=US -Duser.language=en -Duser.variant org.gradle.launcher.daemon.bootstrap.GradleDaemon 7.4

Host: AMD Ryzen 7 7435HS                             , 16 cores, 15G,  Windows 11 , 64 bit Build 26100 (10.0.26100.9444)
Time: Tue Sep 29 12:38:36 2026 Sri Lanka Standard Time elapsed time: 17.289701 seconds (0d 0h 0m 17s)

---------------  T H R E A D  ---------------

Current thread (0x0000024976ba3500):  JavaThread "C2 CompilerThread2" daemon [_thread_in_native, id=13992, stack(0x000000938f300000,0x000000938f400000)]


Current CompileTask:
C2:  17289 19155       4       com.android.tools.r8.internal.Yf::a (294 bytes)

Stack: [0x000000938f300000,0x000000938f400000]
Native frames: (J=compiled Java code, j=interpreted, Vv=VM code, C=native code)
V  [jvm.dll+0x67a04a]
V  [jvm.dll+0x7da4ed]
V  [jvm.dll+0x7dbe33]
V  [jvm.dll+0x7dc4a3]
V  [jvm.dll+0x24508f]
V  [jvm.dll+0xab773]
V  [jvm.dll+0xabd3c]
V  [jvm.dll+0x2aa52f]
V  [jvm.dll+0x581eb9]
V  [jvm.dll+0x21f422]
V  [jvm.dll+0x21f81f]
V  [jvm.dll+0x218aa0]
V  [jvm.dll+0x215b65]
V  [jvm.dll+0x1a2960]
V  [jvm.dll+0x22610b]
V  [jvm.dll+0x2242ab]
V  [jvm.dll+0x79075c]
V  [jvm.dll+0x78abea]
V  [jvm.dll+0x678f35]
C  [ucrtbase.dll+0x2cd30]
C  [KERNEL32.DLL+0x2cd87]
C  [ntdll.dll+0xacaec]


---------------  P R O C E S S  ---------------

Threads class SMR info:
_java_thread_list=0x000002497c6d02e0, length=268, elements={
0x000002490f047680, 0x0000024973043650, 0x000002492dd61ef0, 0x000002497304c910,
0x000002497304d2e0, 0x000002497304fcb0, 0x0000024973050670, 0x0000024973051360,
0x0000024973065d80, 0x0000024973072bb0, 0x0000024973194a20, 0x0000024973197000,
0x00000249731975d0, 0x00000249731ee980, 0x00000249731eee60, 0x00000249732fe680,
0x00000249755abe30, 0x00000249755ae1a0, 0x00000249755ae6b0, 0x00000249755adc90,
0x00000249755acd60, 0x00000249755ac340, 0x00000249755ad780, 0x00000249755ac850,
0x00000249755ad270, 0x00000249755aebc0, 0x00000249755af5e0, 0x0000024974ffcfa0,
0x0000024974ffc070, 0x0000024974ffd4b0, 0x0000024974ffd9c0, 0x0000024974ffb140,
0x0000024974ffc580, 0x0000024974ffded0, 0x0000024974ffe3e0, 0x0000024974ffe8f0,
0x0000024974ffee00, 0x0000024974ffb650, 0x0000024974fff820, 0x00000249750025b0,
0x0000024975002ac0, 0x0000024975000750, 0x0000024975000c60, 0x0000024975001170,
0x0000024975001680, 0x0000024975001b90, 0x00000249750020a0, 0x00000249768bbb90,
0x00000249768bc5b0, 0x00000249768bc0a0, 0x00000249768bd9f0, 0x00000249768bcac0,
0x00000249768bcfd0, 0x00000249768ba240, 0x00000249768bdf00, 0x00000249768ba750,
0x00000249768be410, 0x00000249768bac60, 0x00000249768be920, 0x00000249768bb170,
0x00000249768bee30, 0x00000249768bb680, 0x00000249768c0270, 0x00000249768c0780,
0x00000249768bfd60, 0x00000249768c1bc0, 0x00000249768c16b0, 0x00000249768c11a0,
0x00000249768bf340, 0x00000249768bf850, 0x00000249768c0c90, 0x0000024979a93330,
0x0000024979a92e20, 0x0000024979a93d50, 0x0000024979a94260, 0x0000024979a94770,
0x0000024979a94c80, 0x0000024979a95190, 0x0000024979a956a0, 0x0000024979a92910,
0x0000024979a95bb0, 0x0000024979a93840, 0x0000024979a92400, 0x0000024979a99360,
0x0000024979a97500, 0x0000024979a97a10, 0x0000024979a98940, 0x0000024979a98430,
0x0000024979a98e50, 0x0000024979a99870, 0x0000024979a960c0, 0x0000024979a99d80,
0x0000024979a97f20, 0x0000024979a965d0, 0x0000024979a96ae0, 0x0000024979a96ff0,
0x0000024976398d80, 0x0000024976399290, 0x0000024976397940, 0x0000024976397430,
0x000002497639a6d0, 0x0000024976397e50, 0x000002497639abe0, 0x000002497639a1c0,
0x000002497639b0f0, 0x00000249763997a0, 0x000002497639b600, 0x000002497639bb10,
0x0000024976399cb0, 0x0000024976398360, 0x000002497639c020, 0x0000024976398870,
0x000002497639c530, 0x000002497639d460, 0x000002497639ca40, 0x000002497639cf50,
0x000002497639d970, 0x000002497639de80, 0x000002497639e390, 0x000002497639e8a0,
0x000002497639edb0, 0x0000024979e4a900, 0x0000024979e4b830, 0x0000024979e48590,
0x0000024979e48aa0, 0x0000024979e494c0, 0x0000024979e4ae10, 0x0000024979e49ee0,
0x0000024979e4a3f0, 0x0000024979e48fb0, 0x0000024979e48080, 0x0000024979e499d0,
0x0000024979e4ead0, 0x0000024979e4d180, 0x0000024979e4e0b0, 0x0000024979e4b320,
0x0000024979e4bd40, 0x0000024979e4e5c0, 0x0000024979e4efe0, 0x0000024979e4f4f0,
0x0000024979e4dba0, 0x0000024979e4fa00, 0x0000024979e4c250, 0x0000024979e4c760,
0x0000024979e4cc70, 0x0000024979e4d690, 0x0000024975dda7e0, 0x0000024975dd8e90,
0x0000024975ddb200, 0x0000024975dd9dc0, 0x0000024975dd98b0, 0x0000024975ddacf0,
0x0000024975dd7f60, 0x0000024975dd93a0, 0x0000024975dda2d0, 0x0000024975ddbc20,
0x0000024975dd8980, 0x0000024975dd8470, 0x0000024975dddf90, 0x0000024975dde9b0,
0x0000024975ddcb50, 0x0000024975ddd570, 0x0000024975ddc640, 0x0000024975ddd060,
0x0000024975ddda80, 0x0000024975ddb710, 0x0000024975dde4a0, 0x0000024975ddeec0,
0x0000024975ddf3d0, 0x0000024975ddc130, 0x0000024975ddf8e0, 0x0000024977de76a0,
0x0000024977de3ef0, 0x0000024977de4910, 0x0000024977de6770, 0x0000024977de6260,
0x0000024977de5330, 0x0000024977de6c80, 0x0000024977de7bb0, 0x0000024977de7190,
0x0000024977de5840, 0x0000024977de4400, 0x0000024977de80c0, 0x0000024977de85d0,
0x0000024977de5d50, 0x0000024977de4e20, 0x0000024977dea430, 0x0000024977de8ae0,
0x0000024977de8ff0, 0x0000024977de9500, 0x0000024977de9a10, 0x0000024977de9f20,
0x0000024977dea940, 0x0000024977deae50, 0x0000024977deb870, 0x0000024977deb360,
0x000002497a122040, 0x000002497a122f70, 0x000002497a121620, 0x000002497a1206f0,
0x000002497a121110, 0x000002497a123990, 0x000002497a122550, 0x000002497a120c00,
0x0000024976ba3500, 0x0000024976ba2a60, 0x000002497a121b30, 0x000002497a125d00,
0x000002497a126720, 0x000002497a127b60, 0x000002497a1257f0, 0x000002497a126c30,
0x0000024976ba4f90, 0x0000024976ba1a70, 0x0000024976ba2fb0, 0x000002497a128070,
0x0000024977c888b0, 0x0000024977c8c570, 0x0000024977c88dc0, 0x0000024977c89cf0,
0x0000024977c8a710, 0x0000024977c8ac20, 0x0000024977c8b130, 0x0000024977c8b640,
0x0000024977c8bb50, 0x0000024977c8c060, 0x0000024977c8ca80, 0x0000024977c892d0,
0x0000024977c8cf90, 0x0000024977c897e0, 0x0000024977c8dec0, 0x0000024977c8e8e0,
0x0000024977c8edf0, 0x0000024977c934d0, 0x0000024977c8f300, 0x000002497b4991c0,
0x000002497b721540, 0x00000249736bf840, 0x0000024977c8f810, 0x0000024977c8fd20,
0x00000249765a3060, 0x00000249767ef760, 0x0000024978ee49e0, 0x00000249790f0c60,
0x000002497c7cc580, 0x00000249767ef250, 0x000002497baaf8e0, 0x00000249765a3570,
0x00000249765a2640, 0x0000024978ee4ef0, 0x000002497b720b20, 0x0000024977c90230,
0x00000249765a3f90, 0x000002497b720100, 0x000002497b49a0f0, 0x000002497b49a600,
0x000002497ba40a20, 0x00000249765a2b50, 0x000002497baafdf0, 0x000002497b4996d0,
0x0000024978ee44d0, 0x00000249747fd720, 0x000002497b498cb0, 0x00000249736bee20,
0x000002497ba40f30, 0x000002497cafb1f0, 0x00000249767f0690, 0x00000249767f0180
}

Java Threads: ( => current thread )
  0x000002490f047680 JavaThread "main" [_thread_blocked, id=33008, stack(0x000000938dc00000,0x000000938dd00000)]
  0x0000024973043650 JavaThread "Reference Handler" daemon [_thread_blocked, id=16408, stack(0x000000938e300000,0x000000938e400000)]
  0x000002492dd61ef0 JavaThread "Finalizer" daemon [_thread_blocked, id=19012, stack(0x000000938e400000,0x000000938e500000)]
  0x000002497304c910 JavaThread "Signal Dispatcher" daemon [_thread_blocked, id=19092, stack(0x000000938e500000,0x000000938e600000)]
  0x000002497304d2e0 JavaThread "Attach Listener" daemon [_thread_blocked, id=15760, stack(0x000000938e600000,0x000000938e700000)]
  0x000002497304fcb0 JavaThread "Service Thread" daemon [_thread_blocked, id=35008, stack(0x000000938e700000,0x000000938e800000)]
  0x0000024973050670 JavaThread "Monitor Deflation Thread" daemon [_thread_blocked, id=30860, stack(0x000000938e800000,0x000000938e900000)]
  0x0000024973051360 JavaThread "C2 CompilerThread0" daemon [_thread_in_native, id=2736, stack(0x000000938e900000,0x000000938ea00000)]
  0x0000024973065d80 JavaThread "C1 CompilerThread0" daemon [_thread_blocked, id=13012, stack(0x000000938ea00000,0x000000938eb00000)]
  0x0000024973072bb0 JavaThread "Sweeper thread" daemon [_thread_blocked, id=17524, stack(0x000000938eb00000,0x000000938ec00000)]
  0x0000024973194a20 JavaThread "C1 CompilerThread1" daemon [_thread_blocked, id=13004, stack(0x000000938ec00000,0x000000938ed00000)]
  0x0000024973197000 JavaThread "C1 CompilerThread2" daemon [_thread_blocked, id=9764, stack(0x000000938ed00000,0x000000938ee00000)]
  0x00000249731975d0 JavaThread "C1 CompilerThread3" daemon [_thread_blocked, id=12872, stack(0x000000938ee00000,0x000000938ef00000)]
  0x00000249731ee980 JavaThread "Common-Cleaner" daemon [_thread_blocked, id=31864, stack(0x000000938ef00000,0x000000938f000000)]
  0x00000249731eee60 JavaThread "Notification Thread" daemon [_thread_blocked, id=16440, stack(0x000000938f000000,0x000000938f100000)]
  0x00000249732fe680 JavaThread "C2 CompilerThread1" daemon [_thread_in_native, id=28340, stack(0x000000938f200000,0x000000938f300000)]
  0x00000249755abe30 JavaThread "Daemon health stats" [_thread_blocked, id=22444, stack(0x000000938fb00000,0x000000938fc00000)]
  0x00000249755ae1a0 JavaThread "Incoming local TCP Connector on port 58648" [_thread_in_native, id=12264, stack(0x000000938f500000,0x000000938f600000)]
  0x00000249755ae6b0 JavaThread "Daemon periodic checks" [_thread_blocked, id=5860, stack(0x000000938fc00000,0x000000938fd00000)]
  0x00000249755adc90 JavaThread "Daemon" [_thread_blocked, id=4728, stack(0x000000938fd00000,0x000000938fe00000)]
  0x00000249755acd60 JavaThread "Handler for socket connection from /127.0.0.1:58648 to /127.0.0.1:58649" [_thread_in_native, id=22204, stack(0x000000938fe00000,0x000000938ff00000)]
  0x00000249755ac340 JavaThread "Cancel handler" [_thread_blocked, id=21240, stack(0x000000938ff00000,0x0000009390000000)]
  0x00000249755ad780 JavaThread "Daemon worker" [_thread_blocked, id=23524, stack(0x0000009390000000,0x0000009390100000)]
  0x00000249755ac850 JavaThread "Asynchronous log dispatcher for DefaultDaemonConnection: socket connection from /127.0.0.1:58648 to /127.0.0.1:58649" [_thread_blocked, id=34716, stack(0x0000009390100000,0x0000009390200000)]
  0x00000249755ad270 JavaThread "Stdin handler" [_thread_blocked, id=8312, stack(0x0000009390200000,0x0000009390300000)]
  0x00000249755aebc0 JavaThread "Daemon client event forwarder" [_thread_blocked, id=12248, stack(0x0000009390300000,0x0000009390400000)]
  0x00000249755af5e0 JavaThread "Cache worker for journal cache (C:\Users\ASUS\.gradle\caches\journal-1)" [_thread_blocked, id=18620, stack(0x0000009390400000,0x0000009390500000)]
  0x0000024974ffcfa0 JavaThread "File lock request listener" [_thread_in_native, id=8212, stack(0x0000009390500000,0x0000009390600000)]
  0x0000024974ffc070 JavaThread "Cache worker for file hash cache (C:\Users\ASUS\.gradle\caches\7.4\fileHashes)" [_thread_blocked, id=23396, stack(0x0000009390600000,0x0000009390700000)]
  0x0000024974ffd4b0 JavaThread "File watcher server" daemon [_thread_in_native, id=9224, stack(0x0000009390700000,0x0000009390800000)]
  0x0000024974ffd9c0 JavaThread "File watcher consumer" daemon [_thread_blocked, id=8724, stack(0x0000009390800000,0x0000009390900000)]
  0x0000024974ffb140 JavaThread "Cache worker for checksums cache (D:\OneDrive - University of Westminster\Documents\GitHub\ViMusic\.gradle\7.4\checksums)" [_thread_blocked, id=12920, stack(0x0000009390900000,0x0000009390a00000)]
  0x0000024974ffc580 JavaThread "Cache worker for cache directory md-rule (C:\Users\ASUS\.gradle\caches\7.4\md-rule)" [_thread_blocked, id=30916, stack(0x0000009390a00000,0x0000009390b00000)]
  0x0000024974ffded0 JavaThread "Cache worker for file hash cache (D:\OneDrive - University of Westminster\Documents\GitHub\ViMusic\.gradle\7.4\fileHashes)" [_thread_blocked, id=13292, stack(0x0000009390b00000,0x0000009390c00000)]
  0x0000024974ffe3e0 JavaThread "Cache worker for cache directory md-supplier (C:\Users\ASUS\.gradle\caches\7.4\md-supplier)" [_thread_blocked, id=13880, stack(0x0000009390c00000,0x0000009390d00000)]
  0x0000024974ffe8f0 JavaThread "Cache worker for execution history cache (C:\Users\ASUS\.gradle\caches\7.4\executionHistory)" [_thread_blocked, id=23136, stack(0x0000009391600000,0x0000009391700000)]
  0x0000024974ffee00 JavaThread "jar transforms" [_thread_blocked, id=3252, stack(0x0000009391700000,0x0000009391800000)]
  0x0000024974ffb650 JavaThread "jar transforms Thread 2" [_thread_blocked, id=13084, stack(0x0000009391800000,0x0000009391900000)]
  0x0000024974fff820 JavaThread "Cache worker for file content cache (C:\Users\ASUS\.gradle\caches\7.4\fileContent)" [_thread_blocked, id=20780, stack(0x0000009391c00000,0x0000009391d00000)]
  0x00000249750025b0 JavaThread "jar transforms Thread 3" [_thread_blocked, id=14964, stack(0x0000009391d00000,0x0000009391e00000)]
  0x0000024975002ac0 JavaThread "jar transforms Thread 4" [_thread_blocked, id=2712, stack(0x0000009391e00000,0x0000009391f00000)]
  0x0000024975000750 JavaThread "jar transforms Thread 5" [_thread_blocked, id=36740, stack(0x0000009391f00000,0x0000009392000000)]
  0x0000024975000c60 JavaThread "jar transforms Thread 6" [_thread_blocked, id=30832, stack(0x0000009392000000,0x0000009392100000)]
  0x0000024975001170 JavaThread "jar transforms Thread 7" [_thread_blocked, id=17956, stack(0x0000009392100000,0x0000009392200000)]
  0x0000024975001680 JavaThread "jar transforms Thread 8" [_thread_blocked, id=34900, stack(0x0000009392200000,0x0000009392300000)]
  0x0000024975001b90 JavaThread "jar transforms Thread 9" [_thread_blocked, id=4576, stack(0x0000009392300000,0x0000009392400000)]
  0x00000249750020a0 JavaThread "jar transforms Thread 10" [_thread_blocked, id=29812, stack(0x0000009392400000,0x0000009392500000)]
  0x00000249768bbb90 JavaThread "jar transforms Thread 11" [_thread_blocked, id=8584, stack(0x0000009392500000,0x0000009392600000)]
  0x00000249768bc5b0 JavaThread "jar transforms Thread 12" [_thread_blocked, id=28096, stack(0x0000009392600000,0x0000009392700000)]
  0x00000249768bc0a0 JavaThread "jar transforms Thread 13" [_thread_blocked, id=29252, stack(0x0000009392700000,0x0000009392800000)]
  0x00000249768bd9f0 JavaThread "jar transforms Thread 14" [_thread_blocked, id=6840, stack(0x0000009392800000,0x0000009392900000)]
  0x00000249768bcac0 JavaThread "jar transforms Thread 15" [_thread_blocked, id=24512, stack(0x0000009392900000,0x0000009392a00000)]
  0x00000249768bcfd0 JavaThread "jar transforms Thread 16" [_thread_blocked, id=13300, stack(0x0000009392a00000,0x0000009392b00000)]
  0x00000249768ba240 JavaThread "Cache worker for kotlin-dsl (C:\Users\ASUS\.gradle\caches\7.4\kotlin-dsl)" [_thread_blocked, id=20928, stack(0x0000009392b00000,0x0000009392c00000)]
  0x00000249768bdf00 JavaThread "Cache worker for dependencies-accessors (D:\OneDrive - University of Westminster\Documents\GitHub\ViMusic\.gradle\7.4\dependencies-accessors)" [_thread_blocked, id=34492, stack(0x0000009391b00000,0x0000009391c00000)]
  0x00000249768ba750 JavaThread "Cache worker for Build Output Cleanup Cache (D:\OneDrive - University of Westminster\Documents\GitHub\ViMusic\.gradle\buildOutputCleanup)" [_thread_blocked, id=3548, stack(0x0000009392c00000,0x0000009392d00000)]
  0x00000249768be410 JavaThread "Unconstrained build operations" [_thread_blocked, id=33868, stack(0x0000009392d00000,0x0000009392e00000)]
  0x00000249768bac60 JavaThread "Unconstrained build operations Thread 2" [_thread_blocked, id=9868, stack(0x0000009392e00000,0x0000009392f00000)]
  0x00000249768be920 JavaThread "Unconstrained build operations Thread 3" [_thread_blocked, id=15476, stack(0x0000009392f00000,0x0000009393000000)]
  0x00000249768bb170 JavaThread "Unconstrained build operations Thread 4" [_thread_blocked, id=25684, stack(0x0000009393000000,0x0000009393100000)]
  0x00000249768bee30 JavaThread "Unconstrained build operations Thread 5" [_thread_blocked, id=14884, stack(0x0000009393100000,0x0000009393200000)]
  0x00000249768bb680 JavaThread "Unconstrained build operations Thread 6" [_thread_blocked, id=8220, stack(0x0000009393200000,0x0000009393300000)]
  0x00000249768c0270 JavaThread "Unconstrained build operations Thread 7" [_thread_blocked, id=11820, stack(0x0000009393300000,0x0000009393400000)]
  0x00000249768c0780 JavaThread "Unconstrained build operations Thread 8" [_thread_blocked, id=15752, stack(0x0000009393400000,0x0000009393500000)]
  0x00000249768bfd60 JavaThread "Unconstrained build operations Thread 9" [_thread_blocked, id=25852, stack(0x0000009393500000,0x0000009393600000)]
  0x00000249768c1bc0 JavaThread "Unconstrained build operations Thread 10" [_thread_blocked, id=17668, stack(0x0000009393600000,0x0000009393700000)]
  0x00000249768c16b0 JavaThread "Unconstrained build operations Thread 11" [_thread_blocked, id=27036, stack(0x0000009393700000,0x0000009393800000)]
  0x00000249768c11a0 JavaThread "Unconstrained build operations Thread 12" [_thread_blocked, id=11356, stack(0x0000009393800000,0x0000009393900000)]
  0x00000249768bf340 JavaThread "Unconstrained build operations Thread 13" [_thread_blocked, id=16808, stack(0x0000009393900000,0x0000009393a00000)]
  0x00000249768bf850 JavaThread "Unconstrained build operations Thread 14" [_thread_blocked, id=29248, stack(0x0000009393a00000,0x0000009393b00000)]
  0x00000249768c0c90 JavaThread "Unconstrained build operations Thread 15" [_thread_blocked, id=22500, stack(0x0000009393b00000,0x0000009393c00000)]
  0x0000024979a93330 JavaThread "Unconstrained build operations Thread 16" [_thread_blocked, id=12328, stack(0x0000009393c00000,0x0000009393d00000)]
  0x0000024979a92e20 JavaThread "Unconstrained build operations Thread 17" [_thread_blocked, id=33432, stack(0x0000009393d00000,0x0000009393e00000)]
  0x0000024979a93d50 JavaThread "Unconstrained build operations Thread 18" [_thread_blocked, id=18624, stack(0x0000009393e00000,0x0000009393f00000)]
  0x0000024979a94260 JavaThread "Unconstrained build operations Thread 19" [_thread_blocked, id=14112, stack(0x0000009393f00000,0x0000009394000000)]
  0x0000024979a94770 JavaThread "Unconstrained build operations Thread 20" [_thread_blocked, id=15188, stack(0x0000009394000000,0x0000009394100000)]
  0x0000024979a94c80 JavaThread "Unconstrained build operations Thread 21" [_thread_blocked, id=28396, stack(0x0000009394100000,0x0000009394200000)]
  0x0000024979a95190 JavaThread "Unconstrained build operations Thread 22" [_thread_blocked, id=4688, stack(0x0000009394200000,0x0000009394300000)]
  0x0000024979a956a0 JavaThread "Unconstrained build operations Thread 23" [_thread_blocked, id=31176, stack(0x0000009394300000,0x0000009394400000)]
  0x0000024979a92910 JavaThread "Unconstrained build operations Thread 24" [_thread_blocked, id=5252, stack(0x0000009394400000,0x0000009394500000)]
  0x0000024979a95bb0 JavaThread "Unconstrained build operations Thread 25" [_thread_blocked, id=14936, stack(0x0000009394500000,0x0000009394600000)]
  0x0000024979a93840 JavaThread "Unconstrained build operations Thread 26" [_thread_blocked, id=6360, stack(0x0000009394600000,0x0000009394700000)]
  0x0000024979a92400 JavaThread "Unconstrained build operations Thread 27" [_thread_blocked, id=12816, stack(0x0000009394700000,0x0000009394800000)]
  0x0000024979a99360 JavaThread "Unconstrained build operations Thread 28" [_thread_blocked, id=9996, stack(0x0000009394800000,0x0000009394900000)]
  0x0000024979a97500 JavaThread "Unconstrained build operations Thread 29" [_thread_blocked, id=19228, stack(0x0000009394900000,0x0000009394a00000)]
  0x0000024979a97a10 JavaThread "Unconstrained build operations Thread 30" [_thread_blocked, id=16948, stack(0x0000009394a00000,0x0000009394b00000)]
  0x0000024979a98940 JavaThread "Unconstrained build operations Thread 31" [_thread_blocked, id=26848, stack(0x0000009394b00000,0x0000009394c00000)]
  0x0000024979a98430 JavaThread "Unconstrained build operations Thread 32" [_thread_blocked, id=29112, stack(0x0000009394c00000,0x0000009394d00000)]
  0x0000024979a98e50 JavaThread "Unconstrained build operations Thread 33" [_thread_blocked, id=14472, stack(0x0000009394d00000,0x0000009394e00000)]
  0x0000024979a99870 JavaThread "Unconstrained build operations Thread 34" [_thread_blocked, id=30064, stack(0x0000009394e00000,0x0000009394f00000)]
  0x0000024979a960c0 JavaThread "Unconstrained build operations Thread 35" [_thread_blocked, id=22180, stack(0x0000009394f00000,0x0000009395000000)]
  0x0000024979a99d80 JavaThread "Unconstrained build operations Thread 36" [_thread_blocked, id=9796, stack(0x0000009395000000,0x0000009395100000)]
  0x0000024979a97f20 JavaThread "Unconstrained build operations Thread 37" [_thread_blocked, id=33928, stack(0x0000009395100000,0x0000009395200000)]
  0x0000024979a965d0 JavaThread "Unconstrained build operations Thread 38" [_thread_blocked, id=34644, stack(0x0000009395200000,0x0000009395300000)]
  0x0000024979a96ae0 JavaThread "Unconstrained build operations Thread 39" [_thread_blocked, id=19164, stack(0x0000009395300000,0x0000009395400000)]
  0x0000024979a96ff0 JavaThread "Unconstrained build operations Thread 40" [_thread_blocked, id=26168, stack(0x0000009395400000,0x0000009395500000)]
  0x0000024976398d80 JavaThread "Unconstrained build operations Thread 41" [_thread_blocked, id=34420, stack(0x0000009395500000,0x0000009395600000)]
  0x0000024976399290 JavaThread "Unconstrained build operations Thread 42" [_thread_blocked, id=25284, stack(0x0000009395600000,0x0000009395700000)]
  0x0000024976397940 JavaThread "Unconstrained build operations Thread 43" [_thread_blocked, id=36416, stack(0x0000009395700000,0x0000009395800000)]
  0x0000024976397430 JavaThread "Unconstrained build operations Thread 44" [_thread_blocked, id=26428, stack(0x0000009395800000,0x0000009395900000)]
  0x000002497639a6d0 JavaThread "Unconstrained build operations Thread 45" [_thread_blocked, id=15208, stack(0x0000009395900000,0x0000009395a00000)]
  0x0000024976397e50 JavaThread "Unconstrained build operations Thread 46" [_thread_blocked, id=7248, stack(0x0000009395a00000,0x0000009395b00000)]
  0x000002497639abe0 JavaThread "Unconstrained build operations Thread 47" [_thread_blocked, id=29276, stack(0x0000009395b00000,0x0000009395c00000)]
  0x000002497639a1c0 JavaThread "Unconstrained build operations Thread 48" [_thread_blocked, id=23988, stack(0x0000009395c00000,0x0000009395d00000)]
  0x000002497639b0f0 JavaThread "Unconstrained build operations Thread 49" [_thread_blocked, id=22148, stack(0x0000009395d00000,0x0000009395e00000)]
  0x00000249763997a0 JavaThread "Unconstrained build operations Thread 50" [_thread_blocked, id=34088, stack(0x0000009395e00000,0x0000009395f00000)]
  0x000002497639b600 JavaThread "Unconstrained build operations Thread 51" [_thread_blocked, id=2860, stack(0x0000009395f00000,0x0000009396000000)]
  0x000002497639bb10 JavaThread "Unconstrained build operations Thread 52" [_thread_blocked, id=25728, stack(0x0000009396000000,0x0000009396100000)]
  0x0000024976399cb0 JavaThread "Unconstrained build operations Thread 53" [_thread_blocked, id=4720, stack(0x0000009396100000,0x0000009396200000)]
  0x0000024976398360 JavaThread "Unconstrained build operations Thread 54" [_thread_blocked, id=7112, stack(0x0000009396200000,0x0000009396300000)]
  0x000002497639c020 JavaThread "Unconstrained build operations Thread 55" [_thread_blocked, id=25984, stack(0x0000009396300000,0x0000009396400000)]
  0x0000024976398870 JavaThread "Unconstrained build operations Thread 56" [_thread_blocked, id=9900, stack(0x0000009396400000,0x0000009396500000)]
  0x000002497639c530 JavaThread "Unconstrained build operations Thread 57" [_thread_blocked, id=10076, stack(0x0000009396500000,0x0000009396600000)]
  0x000002497639d460 JavaThread "Unconstrained build operations Thread 58" [_thread_blocked, id=16960, stack(0x0000009396600000,0x0000009396700000)]
  0x000002497639ca40 JavaThread "Unconstrained build operations Thread 59" [_thread_blocked, id=25520, stack(0x0000009396700000,0x0000009396800000)]
  0x000002497639cf50 JavaThread "Unconstrained build operations Thread 60" [_thread_blocked, id=18948, stack(0x0000009396800000,0x0000009396900000)]
  0x000002497639d970 JavaThread "Unconstrained build operations Thread 61" [_thread_blocked, id=36596, stack(0x0000009396900000,0x0000009396a00000)]
  0x000002497639de80 JavaThread "Unconstrained build operations Thread 62" [_thread_blocked, id=20876, stack(0x0000009396a00000,0x0000009396b00000)]
  0x000002497639e390 JavaThread "Unconstrained build operations Thread 63" [_thread_blocked, id=5404, stack(0x0000009396b00000,0x0000009396c00000)]
  0x000002497639e8a0 JavaThread "Unconstrained build operations Thread 64" [_thread_blocked, id=28468, stack(0x0000009396c00000,0x0000009396d00000)]
  0x000002497639edb0 JavaThread "Unconstrained build operations Thread 65" [_thread_blocked, id=29980, stack(0x0000009396d00000,0x0000009396e00000)]
  0x0000024979e4a900 JavaThread "Unconstrained build operations Thread 66" [_thread_blocked, id=28964, stack(0x0000009396e00000,0x0000009396f00000)]
  0x0000024979e4b830 JavaThread "Unconstrained build operations Thread 67" [_thread_blocked, id=27112, stack(0x0000009396f00000,0x0000009397000000)]
  0x0000024979e48590 JavaThread "Unconstrained build operations Thread 68" [_thread_blocked, id=26580, stack(0x0000009397000000,0x0000009397100000)]
  0x0000024979e48aa0 JavaThread "Unconstrained build operations Thread 69" [_thread_blocked, id=19536, stack(0x0000009397100000,0x0000009397200000)]
  0x0000024979e494c0 JavaThread "Unconstrained build operations Thread 70" [_thread_blocked, id=2156, stack(0x0000009397200000,0x0000009397300000)]
  0x0000024979e4ae10 JavaThread "Unconstrained build operations Thread 71" [_thread_blocked, id=30328, stack(0x0000009397300000,0x0000009397400000)]
  0x0000024979e49ee0 JavaThread "Unconstrained build operations Thread 72" [_thread_blocked, id=30360, stack(0x0000009397400000,0x0000009397500000)]
  0x0000024979e4a3f0 JavaThread "Unconstrained build operations Thread 73" [_thread_blocked, id=33060, stack(0x0000009397500000,0x0000009397600000)]
  0x0000024979e48fb0 JavaThread "Unconstrained build operations Thread 74" [_thread_blocked, id=9516, stack(0x0000009397600000,0x0000009397700000)]
  0x0000024979e48080 JavaThread "Unconstrained build operations Thread 75" [_thread_blocked, id=17856, stack(0x0000009397700000,0x0000009397800000)]
  0x0000024979e499d0 JavaThread "Unconstrained build operations Thread 76" [_thread_blocked, id=7876, stack(0x0000009397800000,0x0000009397900000)]
  0x0000024979e4ead0 JavaThread "Unconstrained build operations Thread 77" [_thread_blocked, id=35716, stack(0x0000009397900000,0x0000009397a00000)]
  0x0000024979e4d180 JavaThread "Unconstrained build operations Thread 78" [_thread_blocked, id=22124, stack(0x0000009397a00000,0x0000009397b00000)]
  0x0000024979e4e0b0 JavaThread "Unconstrained build operations Thread 79" [_thread_blocked, id=7484, stack(0x0000009397b00000,0x0000009397c00000)]
  0x0000024979e4b320 JavaThread "Unconstrained build operations Thread 80" [_thread_blocked, id=30308, stack(0x0000009397c00000,0x0000009397d00000)]
  0x0000024979e4bd40 JavaThread "Unconstrained build operations Thread 81" [_thread_blocked, id=21568, stack(0x0000009397d00000,0x0000009397e00000)]
  0x0000024979e4e5c0 JavaThread "Unconstrained build operations Thread 82" [_thread_blocked, id=32988, stack(0x0000009397e00000,0x0000009397f00000)]
  0x0000024979e4efe0 JavaThread "Unconstrained build operations Thread 83" [_thread_blocked, id=31900, stack(0x0000009397f00000,0x0000009398000000)]
  0x0000024979e4f4f0 JavaThread "Unconstrained build operations Thread 84" [_thread_blocked, id=14972, stack(0x0000009398000000,0x0000009398100000)]
  0x0000024979e4dba0 JavaThread "Unconstrained build operations Thread 85" [_thread_blocked, id=28184, stack(0x0000009398100000,0x0000009398200000)]
  0x0000024979e4fa00 JavaThread "Unconstrained build operations Thread 86" [_thread_blocked, id=19976, stack(0x0000009398200000,0x0000009398300000)]
  0x0000024979e4c250 JavaThread "Unconstrained build operations Thread 87" [_thread_blocked, id=34616, stack(0x0000009398300000,0x0000009398400000)]
  0x0000024979e4c760 JavaThread "Unconstrained build operations Thread 88" [_thread_blocked, id=32188, stack(0x0000009398400000,0x0000009398500000)]
  0x0000024979e4cc70 JavaThread "Unconstrained build operations Thread 89" [_thread_blocked, id=10600, stack(0x0000009398500000,0x0000009398600000)]
  0x0000024979e4d690 JavaThread "Unconstrained build operations Thread 90" [_thread_blocked, id=16632, stack(0x0000009398600000,0x0000009398700000)]
  0x0000024975dda7e0 JavaThread "Unconstrained build operations Thread 91" [_thread_blocked, id=13684, stack(0x0000009398700000,0x0000009398800000)]
  0x0000024975dd8e90 JavaThread "Unconstrained build operations Thread 92" [_thread_blocked, id=6816, stack(0x0000009398800000,0x0000009398900000)]
  0x0000024975ddb200 JavaThread "Unconstrained build operations Thread 93" [_thread_blocked, id=26892, stack(0x0000009398900000,0x0000009398a00000)]
  0x0000024975dd9dc0 JavaThread "Unconstrained build operations Thread 94" [_thread_blocked, id=23732, stack(0x0000009398a00000,0x0000009398b00000)]
  0x0000024975dd98b0 JavaThread "Unconstrained build operations Thread 95" [_thread_blocked, id=12220, stack(0x0000009398b00000,0x0000009398c00000)]
  0x0000024975ddacf0 JavaThread "Unconstrained build operations Thread 96" [_thread_blocked, id=23580, stack(0x0000009398c00000,0x0000009398d00000)]
  0x0000024975dd7f60 JavaThread "Unconstrained build operations Thread 97" [_thread_blocked, id=23572, stack(0x0000009398d00000,0x0000009398e00000)]
  0x0000024975dd93a0 JavaThread "Unconstrained build operations Thread 98" [_thread_blocked, id=7132, stack(0x0000009398e00000,0x0000009398f00000)]
  0x0000024975dda2d0 JavaThread "Unconstrained build operations Thread 99" [_thread_blocked, id=34264, stack(0x0000009398f00000,0x0000009399000000)]
  0x0000024975ddbc20 JavaThread "Unconstrained build operations Thread 100" [_thread_blocked, id=31828, stack(0x0000009399000000,0x0000009399100000)]
  0x0000024975dd8980 JavaThread "Unconstrained build operations Thread 101" [_thread_blocked, id=5172, stack(0x0000009399100000,0x0000009399200000)]
  0x0000024975dd8470 JavaThread "Unconstrained build operations Thread 102" [_thread_blocked, id=32956, stack(0x0000009399200000,0x0000009399300000)]
  0x0000024975dddf90 JavaThread "Unconstrained build operations Thread 103" [_thread_blocked, id=32944, stack(0x0000009399300000,0x0000009399400000)]
  0x0000024975dde9b0 JavaThread "Unconstrained build operations Thread 104" [_thread_blocked, id=32484, stack(0x0000009399400000,0x0000009399500000)]
  0x0000024975ddcb50 JavaThread "Unconstrained build operations Thread 105" [_thread_blocked, id=14444, stack(0x0000009399500000,0x0000009399600000)]
  0x0000024975ddd570 JavaThread "Unconstrained build operations Thread 106" [_thread_blocked, id=20728, stack(0x0000009399600000,0x0000009399700000)]
  0x0000024975ddc640 JavaThread "Unconstrained build operations Thread 107" [_thread_blocked, id=30456, stack(0x0000009399700000,0x0000009399800000)]
  0x0000024975ddd060 JavaThread "Unconstrained build operations Thread 108" [_thread_blocked, id=20852, stack(0x0000009399800000,0x0000009399900000)]
  0x0000024975ddda80 JavaThread "Unconstrained build operations Thread 109" [_thread_blocked, id=23872, stack(0x0000009399900000,0x0000009399a00000)]
  0x0000024975ddb710 JavaThread "Unconstrained build operations Thread 110" [_thread_blocked, id=22864, stack(0x0000009399a00000,0x0000009399b00000)]
  0x0000024975dde4a0 JavaThread "Unconstrained build operations Thread 111" [_thread_blocked, id=17912, stack(0x0000009399b00000,0x0000009399c00000)]
  0x0000024975ddeec0 JavaThread "Unconstrained build operations Thread 112" [_thread_blocked, id=26556, stack(0x0000009399c00000,0x0000009399d00000)]
  0x0000024975ddf3d0 JavaThread "Unconstrained build operations Thread 113" [_thread_blocked, id=4604, stack(0x0000009399d00000,0x0000009399e00000)]
  0x0000024975ddc130 JavaThread "Unconstrained build operations Thread 114" [_thread_blocked, id=29624, stack(0x0000009399e00000,0x0000009399f00000)]
  0x0000024975ddf8e0 JavaThread "Unconstrained build operations Thread 115" [_thread_blocked, id=28884, stack(0x0000009399f00000,0x000000939a000000)]
  0x0000024977de76a0 JavaThread "Unconstrained build operations Thread 116" [_thread_blocked, id=33136, stack(0x000000939a000000,0x000000939a100000)]
  0x0000024977de3ef0 JavaThread "Unconstrained build operations Thread 117" [_thread_blocked, id=1444, stack(0x000000939a100000,0x000000939a200000)]
  0x0000024977de4910 JavaThread "Unconstrained build operations Thread 118" [_thread_blocked, id=6588, stack(0x000000939a200000,0x000000939a300000)]
  0x0000024977de6770 JavaThread "Unconstrained build operations Thread 119" [_thread_blocked, id=33964, stack(0x000000939a300000,0x000000939a400000)]
  0x0000024977de6260 JavaThread "Unconstrained build operations Thread 120" [_thread_blocked, id=30592, stack(0x000000939a400000,0x000000939a500000)]
  0x0000024977de5330 JavaThread "Unconstrained build operations Thread 121" [_thread_blocked, id=17752, stack(0x000000939a500000,0x000000939a600000)]
  0x0000024977de6c80 JavaThread "Unconstrained build operations Thread 122" [_thread_blocked, id=16152, stack(0x000000939a600000,0x000000939a700000)]
  0x0000024977de7bb0 JavaThread "Unconstrained build operations Thread 123" [_thread_blocked, id=13716, stack(0x000000939a700000,0x000000939a800000)]
  0x0000024977de7190 JavaThread "Unconstrained build operations Thread 124" [_thread_blocked, id=19916, stack(0x000000939a800000,0x000000939a900000)]
  0x0000024977de5840 JavaThread "Unconstrained build operations Thread 125" [_thread_blocked, id=14504, stack(0x000000939a900000,0x000000939aa00000)]
  0x0000024977de4400 JavaThread "Unconstrained build operations Thread 126" [_thread_blocked, id=31356, stack(0x000000939aa00000,0x000000939ab00000)]
  0x0000024977de80c0 JavaThread "Unconstrained build operations Thread 127" [_thread_blocked, id=10640, stack(0x000000939ab00000,0x000000939ac00000)]
  0x0000024977de85d0 JavaThread "Unconstrained build operations Thread 128" [_thread_blocked, id=1940, stack(0x000000939ac00000,0x000000939ad00000)]
  0x0000024977de5d50 JavaThread "Unconstrained build operations Thread 129" [_thread_blocked, id=18928, stack(0x000000939ad00000,0x000000939ae00000)]
  0x0000024977de4e20 JavaThread "Unconstrained build operations Thread 130" [_thread_blocked, id=35692, stack(0x000000939ae00000,0x000000939af00000)]
  0x0000024977dea430 JavaThread "Unconstrained build operations Thread 131" [_thread_blocked, id=31924, stack(0x000000939af00000,0x000000939b000000)]
  0x0000024977de8ae0 JavaThread "Unconstrained build operations Thread 132" [_thread_blocked, id=35468, stack(0x000000939b000000,0x000000939b100000)]
  0x0000024977de8ff0 JavaThread "Unconstrained build operations Thread 133" [_thread_blocked, id=29400, stack(0x000000939b100000,0x000000939b200000)]
  0x0000024977de9500 JavaThread "Unconstrained build operations Thread 134" [_thread_blocked, id=18408, stack(0x000000939b200000,0x000000939b300000)]
  0x0000024977de9a10 JavaThread "Unconstrained build operations Thread 135" [_thread_blocked, id=11440, stack(0x000000939b300000,0x000000939b400000)]
  0x0000024977de9f20 JavaThread "Unconstrained build operations Thread 136" [_thread_blocked, id=1224, stack(0x000000939b400000,0x000000939b500000)]
  0x0000024977dea940 JavaThread "Unconstrained build operations Thread 137" [_thread_blocked, id=14812, stack(0x000000939b500000,0x000000939b600000)]
  0x0000024977deae50 JavaThread "Unconstrained build operations Thread 138" [_thread_blocked, id=35420, stack(0x000000939b600000,0x000000939b700000)]
  0x0000024977deb870 JavaThread "Unconstrained build operations Thread 139" [_thread_blocked, id=22100, stack(0x000000939b700000,0x000000939b800000)]
  0x0000024977deb360 JavaThread "Unconstrained build operations Thread 140" [_thread_blocked, id=30648, stack(0x000000939b800000,0x000000939b900000)]
  0x000002497a122040 JavaThread "Unconstrained build operations Thread 141" [_thread_blocked, id=10052, stack(0x000000939b900000,0x000000939ba00000)]
  0x000002497a122f70 JavaThread "Unconstrained build operations Thread 142" [_thread_blocked, id=1760, stack(0x000000939ba00000,0x000000939bb00000)]
  0x000002497a121620 JavaThread "Unconstrained build operations Thread 143" [_thread_blocked, id=11824, stack(0x000000939bb00000,0x000000939bc00000)]
  0x000002497a1206f0 JavaThread "Unconstrained build operations Thread 144" [_thread_blocked, id=2348, stack(0x000000939bc00000,0x000000939bd00000)]
  0x000002497a121110 JavaThread "Unconstrained build operations Thread 145" [_thread_blocked, id=7492, stack(0x000000939bd00000,0x000000939be00000)]
  0x000002497a123990 JavaThread "Unconstrained build operations Thread 146" [_thread_blocked, id=31804, stack(0x000000939be00000,0x000000939bf00000)]
  0x000002497a122550 JavaThread "Unconstrained build operations Thread 147" [_thread_blocked, id=2312, stack(0x000000939bf00000,0x000000939c000000)]
  0x000002497a120c00 JavaThread "Memory manager" [_thread_blocked, id=36828, stack(0x0000009391a00000,0x0000009391b00000)]
=>0x0000024976ba3500 JavaThread "C2 CompilerThread2" daemon [_thread_in_native, id=13992, stack(0x000000938f300000,0x000000938f400000)]
  0x0000024976ba2a60 JavaThread "C2 CompilerThread3" daemon [_thread_in_native, id=4388, stack(0x000000938f400000,0x000000938f500000)]
  0x000002497a121b30 JavaThread "Unconstrained build operations Thread 148" [_thread_blocked, id=2616, stack(0x000000939c200000,0x000000939c300000)]
  0x000002497a125d00 JavaThread "Unconstrained build operations Thread 149" [_thread_blocked, id=3540, stack(0x000000939c300000,0x000000939c400000)]
  0x000002497a126720 JavaThread "Unconstrained build operations Thread 150" [_thread_blocked, id=17904, stack(0x000000939c400000,0x000000939c500000)]
  0x000002497a127b60 JavaThread "Unconstrained build operations Thread 151" [_thread_blocked, id=11404, stack(0x000000939c500000,0x000000939c600000)]
  0x000002497a1257f0 JavaThread "Unconstrained build operations Thread 152" [_thread_blocked, id=14412, stack(0x000000939c600000,0x000000939c700000)]
  0x000002497a126c30 JavaThread "Unconstrained build operations Thread 153" [_thread_blocked, id=25120, stack(0x000000939c700000,0x000000939c800000)]
  0x0000024976ba4f90 JavaThread "C2 CompilerThread4" daemon [_thread_in_native, id=28244, stack(0x0000009391900000,0x0000009391a00000)]
  0x0000024976ba1a70 JavaThread "C2 CompilerThread5" daemon [_thread_in_native, id=23048, stack(0x000000939c000000,0x000000939c100000)]
  0x0000024976ba2fb0 JavaThread "C2 CompilerThread6" daemon [_thread_in_native, id=28724, stack(0x000000939c100000,0x000000939c200000)]
  0x000002497a128070 JavaThread "build event listener" [_thread_blocked, id=20404, stack(0x000000939c800000,0x000000939c900000)]
  0x0000024977c888b0 JavaThread "pool-3-thread-1" [_thread_blocked, id=16428, stack(0x000000939c900000,0x000000939ca00000)]
  0x0000024977c8c570 JavaThread "build event listener" [_thread_blocked, id=25696, stack(0x000000939ca00000,0x000000939cb00000)]
  0x0000024977c88dc0 JavaThread "included builds" [_thread_blocked, id=16932, stack(0x000000939cb00000,0x000000939cc00000)]
  0x0000024977c89cf0 JavaThread "Execution worker for ':'" [_thread_blocked, id=20156, stack(0x000000939cc00000,0x000000939cd00000)]
  0x0000024977c8a710 JavaThread "Execution worker for ':' Thread 2" [_thread_blocked, id=2248, stack(0x000000939cd00000,0x000000939ce00000)]
  0x0000024977c8ac20 JavaThread "Execution worker for ':' Thread 3" [_thread_blocked, id=17372, stack(0x000000939ce00000,0x000000939cf00000)]
  0x0000024977c8b130 JavaThread "Execution worker for ':' Thread 4" [_thread_blocked, id=8060, stack(0x000000939cf00000,0x000000939d000000)]
  0x0000024977c8b640 JavaThread "Execution worker for ':' Thread 5" [_thread_blocked, id=428, stack(0x000000939d000000,0x000000939d100000)]
  0x0000024977c8bb50 JavaThread "Execution worker for ':' Thread 6" [_thread_blocked, id=16740, stack(0x000000939d100000,0x000000939d200000)]
  0x0000024977c8c060 JavaThread "Execution worker for ':' Thread 7" [_thread_blocked, id=5872, stack(0x000000939d200000,0x000000939d300000)]
  0x0000024977c8ca80 JavaThread "Execution worker for ':' Thread 8" [_thread_blocked, id=32232, stack(0x000000939d300000,0x000000939d400000)]
  0x0000024977c892d0 JavaThread "Execution worker for ':' Thread 9" [_thread_blocked, id=25388, stack(0x000000939d400000,0x000000939d500000)]
  0x0000024977c8cf90 JavaThread "Execution worker for ':' Thread 10" [_thread_blocked, id=2024, stack(0x000000939d500000,0x000000939d600000)]
  0x0000024977c897e0 JavaThread "Execution worker for ':' Thread 11" [_thread_blocked, id=30332, stack(0x000000939d600000,0x000000939d700000)]
  0x0000024977c8dec0 JavaThread "Execution worker for ':' Thread 12" [_thread_blocked, id=17636, stack(0x000000939d700000,0x000000939d800000)]
  0x0000024977c8e8e0 JavaThread "Execution worker for ':' Thread 13" [_thread_blocked, id=36372, stack(0x000000939da00000,0x000000939db00000)]
  0x0000024977c8edf0 JavaThread "Execution worker for ':' Thread 14" [_thread_blocked, id=3888, stack(0x000000939db00000,0x000000939dc00000)]
  0x0000024977c934d0 JavaThread "Execution worker for ':' Thread 15" [_thread_in_native, id=23864, stack(0x000000939dc00000,0x000000939dd00000)]
  0x0000024977c8f300 JavaThread "Cache worker for execution history cache (D:\OneDrive - University of Westminster\Documents\GitHub\ViMusic\.gradle\7.4\executionHistory)" [_thread_blocked, id=36840, stack(0x000000939dd00000,0x000000939de00000)]
  0x000002497b4991c0 JavaThread "Unconstrained build operations Thread 154" [_thread_blocked, id=19048, stack(0x000000939de00000,0x000000939df00000)]
  0x000002497b721540 JavaThread "Unconstrained build operations Thread 155" [_thread_blocked, id=20484, stack(0x000000939df00000,0x000000939e000000)]
  0x00000249736bf840 JavaThread "Unconstrained build operations Thread 156" [_thread_blocked, id=17068, stack(0x000000939e000000,0x000000939e100000)]
  0x0000024977c8f810 JavaThread "Unconstrained build operations Thread 157" [_thread_blocked, id=25460, stack(0x000000939e100000,0x000000939e200000)]
  0x0000024977c8fd20 JavaThread "Unconstrained build operations Thread 158" [_thread_blocked, id=26080, stack(0x000000939e200000,0x000000939e300000)]
  0x00000249765a3060 JavaThread "Unconstrained build operations Thread 159" [_thread_blocked, id=29028, stack(0x000000939e300000,0x000000939e400000)]
  0x00000249767ef760 JavaThread "Unconstrained build operations Thread 160" [_thread_blocked, id=19108, stack(0x000000939e400000,0x000000939e500000)]
  0x0000024978ee49e0 JavaThread "WorkerExecutor Queue" [_thread_in_vm, id=29528, stack(0x000000939e500000,0x000000939e600000)]
  0x00000249790f0c60 JavaThread "WorkerExecutor Queue Thread 2" [_thread_blocked, id=8864, stack(0x000000939e600000,0x000000939e700000)]
  0x000002497c7cc580 JavaThread "WorkerExecutor Queue Thread 3" [_thread_in_native, id=5980, stack(0x000000939e700000,0x000000939e800000)]
  0x00000249767ef250 JavaThread "WorkerExecutor Queue Thread 4" [_thread_blocked, id=21980, stack(0x000000939e800000,0x000000939e900000)]
  0x000002497baaf8e0 JavaThread "RMI Scheduler(0)" daemon [_thread_blocked, id=31820, stack(0x000000939ed00000,0x000000939ee00000)]
  0x00000249765a3570 JavaThread "RMI RenewClean-[127.0.0.1:17111,org.jetbrains.kotlin.daemon.common.LoopbackNetworkInterface$ClientLoopbackSocketFactory@3fc102c3]" daemon [_thread_blocked, id=7752, stack(0x000000939ee00000,0x000000939ef00000)]
  0x00000249765a2640 JavaThread "RMI GC Daemon" daemon [_thread_blocked, id=4552, stack(0x000000939ef00000,0x000000939f000000)]
  0x0000024978ee4ef0 JavaThread "RMI TCP Accept-0" daemon [_thread_in_native, id=30552, stack(0x000000939f000000,0x000000939f100000)]
  0x000002497b720b20 JavaThread "RMI Reaper" [_thread_blocked, id=12104, stack(0x000000939f100000,0x000000939f200000)]
  0x0000024977c90230 JavaThread "RMI TCP Connection(idle)" daemon [_thread_blocked, id=13576, stack(0x000000939f200000,0x000000939f300000)]
  0x00000249765a3f90 JavaThread "ForkJoinPool-1-worker-1" daemon [_thread_blocked, id=24948, stack(0x000000939f700000,0x000000939f800000)]
  0x000002497b720100 JavaThread "ForkJoinPool-1-worker-2" daemon [_thread_blocked, id=16888, stack(0x000000939f800000,0x000000939f900000)]
  0x000002497b49a0f0 JavaThread "ForkJoinPool-1-worker-3" daemon [_thread_blocked, id=18436, stack(0x000000939f900000,0x000000939fa00000)]
  0x000002497b49a600 JavaThread "ForkJoinPool-1-worker-4" daemon [_thread_blocked, id=19968, stack(0x000000939fa00000,0x000000939fb00000)]
  0x000002497ba40a20 JavaThread "ForkJoinPool-1-worker-5" daemon [_thread_blocked, id=36276, stack(0x000000939fb00000,0x000000939fc00000)]
  0x00000249765a2b50 JavaThread "ForkJoinPool-1-worker-6" daemon [_thread_blocked, id=5544, stack(0x000000939fc00000,0x000000939fd00000)]
  0x000002497baafdf0 JavaThread "ForkJoinPool-1-worker-7" daemon [_thread_blocked, id=19132, stack(0x000000939fd00000,0x000000939fe00000)]
  0x000002497b4996d0 JavaThread "ForkJoinPool-1-worker-8" daemon [_thread_blocked, id=7364, stack(0x000000939fe00000,0x000000939ff00000)]
  0x0000024978ee44d0 JavaThread "ForkJoinPool-1-worker-9" daemon [_thread_blocked, id=15376, stack(0x000000939ff00000,0x00000093a0000000)]
  0x00000249747fd720 JavaThread "ForkJoinPool-1-worker-10" daemon [_thread_blocked, id=14736, stack(0x00000093a0000000,0x00000093a0100000)]
  0x000002497b498cb0 JavaThread "ForkJoinPool-1-worker-11" daemon [_thread_blocked, id=15972, stack(0x00000093a0100000,0x00000093a0200000)]
  0x00000249736bee20 JavaThread "ForkJoinPool-1-worker-12" daemon [_thread_blocked, id=17544, stack(0x00000093a0200000,0x00000093a0300000)]
  0x000002497ba40f30 JavaThread "ForkJoinPool-1-worker-13" daemon [_thread_blocked, id=24372, stack(0x00000093a0300000,0x00000093a0400000)]
  0x000002497cafb1f0 JavaThread "ForkJoinPool-1-worker-14" daemon [_thread_blocked, id=25820, stack(0x00000093a0400000,0x00000093a0500000)]
  0x00000249767f0690 JavaThread "ForkJoinPool-1-worker-15" daemon [_thread_blocked, id=27212, stack(0x00000093a0500000,0x00000093a0600000)]
  0x00000249767f0180 JavaThread "ForkJoinPool-1-worker-16" daemon [_thread_blocked, id=20620, stack(0x00000093a0600000,0x00000093a0700000)]

Other Threads:
  0x0000024973042010 VMThread "VM Thread" [stack: 0x000000938e200000,0x000000938e300000] [id=19716]
  0x000002490f0f4e60 WatcherThread [stack: 0x000000938f100000,0x000000938f200000] [id=30432]
  0x000002490f0a4af0 GCTaskThread "GC Thread#0" [stack: 0x000000938dd00000,0x000000938de00000] [id=21460]
  0x00000249749b3d10 GCTaskThread "GC Thread#1" [stack: 0x000000938f600000,0x000000938f700000] [id=6156]
  0x0000024974dd5c70 GCTaskThread "GC Thread#2" [stack: 0x000000938f700000,0x000000938f800000] [id=21576]
  0x0000024974032c60 GCTaskThread "GC Thread#3" [stack: 0x000000938f800000,0x000000938f900000] [id=20800]
  0x0000024974558490 GCTaskThread "GC Thread#4" [stack: 0x000000938f900000,0x000000938fa00000] [id=14732]
  0x00000249745f4190 GCTaskThread "GC Thread#5" [stack: 0x000000938fa00000,0x000000938fb00000] [id=35172]
  0x00000249777336b0 GCTaskThread "GC Thread#6" [stack: 0x0000009390d00000,0x0000009390e00000] [id=20384]
  0x0000024977733c30 GCTaskThread "GC Thread#7" [stack: 0x0000009390e00000,0x0000009390f00000] [id=25920]
  0x00000249777341b0 GCTaskThread "GC Thread#8" [stack: 0x0000009390f00000,0x0000009391000000] [id=12896]
  0x00000249777333f0 GCTaskThread "GC Thread#9" [stack: 0x0000009391000000,0x0000009391100000] [id=9756]
  0x0000024977733130 GCTaskThread "GC Thread#10" [stack: 0x0000009391100000,0x0000009391200000] [id=16436]
  0x0000024977733970 GCTaskThread "GC Thread#11" [stack: 0x0000009391200000,0x0000009391300000] [id=3340]
  0x00000249777349f0 GCTaskThread "GC Thread#12" [stack: 0x0000009391300000,0x0000009391400000] [id=12452]
  0x000002490f0b5a40 ConcurrentGCThread "G1 Main Marker" [stack: 0x000000938de00000,0x000000938df00000] [id=21900]
  0x000002490f0b7120 ConcurrentGCThread "G1 Conc#0" [stack: 0x000000938df00000,0x000000938e000000] [id=424]
  0x0000024977733ef0 ConcurrentGCThread "G1 Conc#1" [stack: 0x0000009391400000,0x0000009391500000] [id=18228]
  0x0000024977732e70 ConcurrentGCThread "G1 Conc#2" [stack: 0x0000009391500000,0x0000009391600000] [id=33760]
  0x000002490f10e7d0 ConcurrentGCThread "G1 Refine#0" [stack: 0x000000938e000000,0x000000938e100000] [id=18652]
  0x000002497c7eda50 ConcurrentGCThread "G1 Refine#1" [stack: 0x000000939e900000,0x000000939ea00000] [id=27540]
  0x000002497691f790 ConcurrentGCThread "G1 Refine#2" [stack: 0x000000939ea00000,0x000000939eb00000] [id=32004]
  0x00000249795ffd60 ConcurrentGCThread "G1 Refine#3" [stack: 0x000000939eb00000,0x000000939ec00000] [id=8052]
  0x0000024976bcbbd0 ConcurrentGCThread "G1 Refine#4" [stack: 0x000000939ec00000,0x000000939ed00000] [id=17672]
  0x000002497ba0c680 ConcurrentGCThread "G1 Refine#5" [stack: 0x000000939f300000,0x000000939f400000] [id=30428]
  0x000002497bab7af0 ConcurrentGCThread "G1 Refine#6" [stack: 0x000000939f400000,0x000000939f500000] [id=24136]
  0x000002497ba0c970 ConcurrentGCThread "G1 Refine#7" [stack: 0x000000939f500000,0x000000939f600000] [id=14188]
  0x0000024977d14f50 ConcurrentGCThread "G1 Refine#8" [stack: 0x000000939f600000,0x000000939f700000] [id=33016]
  0x00000249736c0ce0 ConcurrentGCThread "G1 Refine#9" [stack: 0x00000093a0700000,0x00000093a0800000] [id=11512]
  0x000002492dc20340 ConcurrentGCThread "G1 Service" [stack: 0x000000938e100000,0x000000938e200000] [id=36688]

Threads with active compile tasks:
C2 CompilerThread0    17350 19308       4       com.android.tools.r8.internal.Yn::a (167 bytes)
C1 CompilerThread0    17350 19563       2       org.gradle.internal.watch.vfs.impl.LocationsWrittenByCurrentBuild::wasLocationWritten (15 bytes)
C1 CompilerThread2    17350 19561       2       org.gradle.internal.watch.registry.impl.DefaultFileWatcherRegistry::convertType (64 bytes)
C1 CompilerThread3    17351 19562   !   2       org.gradle.internal.watch.vfs.impl.WatchingVirtualFileSystem$3::handleChange (63 bytes)
C2 CompilerThread1    17351 19319       4       com.android.tools.r8.graph.j3$$Lambda$2287/0x000002492feecaa0::apply (12 bytes)
C2 CompilerThread2    17352 19155       4       com.android.tools.r8.internal.Yf::a (294 bytes)
C2 CompilerThread3    17352 19315       4       com.android.tools.r8.graph.j3::a (178 bytes)
C2 CompilerThread4    17352 19247       4       com.android.tools.r8.graph.I::<init> (354 bytes)
C2 CompilerThread5    17352 19445       4       com.android.tools.r8.internal.sc::b (50 bytes)
C2 CompilerThread6    17352 19135       4       com.android.tools.r8.internal.eg::a (140 bytes)

VM state: not at safepoint (normal execution)

VM Mutex/Monitor currently owned by a thread: None

Heap address: 0x0000000080000000, size: 2048 MB, Compressed Oops mode: 32-bit

CDS archive(s) mapped at: [0x000002492e000000-0x000002492ebd0000-0x000002492ebd0000), size 12386304, SharedBaseAddress: 0x000002492e000000, ArchiveRelocationMode: 1.
Compressed class space mapped at: 0x000002492f000000-0x000002496f000000, reserved size: 1073741824
Narrow klass base: 0x000002492e000000, Narrow klass shift: 0, Narrow klass range: 0x100000000

GC Precious Log:
 CPUs: 16 total, 16 available
 Memory: 16202M
 Large Page Support: Disabled
 NUMA Support: Disabled
 Compressed Oops: Enabled (32-bit)
 Heap Region Size: 1M
 Heap Min Capacity: 8M
 Heap Initial Capacity: 254M
 Heap Max Capacity: 2G
 Pre-touch: Disabled
 Parallel Workers: 13
 Concurrent Workers: 3
 Concurrent Refinement Workers: 13
 Periodic GC: Disabled

Heap:
 garbage-first heap   total 695296K, used 448800K [0x0000000080000000, 0x0000000100000000)
  region size 1024K, 67 young (68608K), 3 survivors (3072K)
 Metaspace       used 107214K, committed 108224K, reserved 1179648K
  class space    used 14730K, committed 15168K, reserved 1048576K

Heap Regions: E=young(eden), S=young(survivor), O=old, HS=humongous(starts), HC=humongous(continues), CS=collection set, F=free, OA=open archive, CA=closed archive, TAMS=top-at-mark-start (previous, next)
|   0|0x0000000080000000, 0x0000000080100000, 0x0000000080100000|100%| O|  |TAMS 0x0000000080100000, 0x0000000080000000| Untracked 
|   1|0x0000000080100000, 0x0000000080200000, 0x0000000080200000|100%| O|  |TAMS 0x0000000080200000, 0x0000000080100000| Untracked 
|   2|0x0000000080200000, 0x0000000080300000, 0x0000000080300000|100%| O|  |TAMS 0x0000000080300000, 0x0000000080200000| Untracked 
|   3|0x0000000080300000, 0x0000000080400000, 0x0000000080400000|100%|HS|  |TAMS 0x0000000080400000, 0x0000000080300000| Complete 
|   4|0x0000000080400000, 0x0000000080500000, 0x0000000080500000|100%|HC|  |TAMS 0x0000000080500000, 0x0000000080400000| Complete 
|   5|0x0000000080500000, 0x0000000080600000, 0x0000000080600000|100%|HC|  |TAMS 0x0000000080600000, 0x0000000080500000| Complete 
|   6|0x0000000080600000, 0x0000000080700000, 0x0000000080700000|100%| O|  |TAMS 0x0000000080700000, 0x0000000080600000| Untracked 
|   7|0x0000000080700000, 0x0000000080800000, 0x0000000080800000|100%| O|  |TAMS 0x0000000080800000, 0x0000000080700000| Untracked 
|   8|0x0000000080800000, 0x0000000080900000, 0x0000000080900000|100%| O|  |TAMS 0x0000000080900000, 0x0000000080800000| Untracked 
|   9|0x0000000080900000, 0x0000000080a00000, 0x0000000080a00000|100%| O|  |TAMS 0x0000000080a00000, 0x0000000080900000| Untracked 
|  10|0x0000000080a00000, 0x0000000080b00000, 0x0000000080b00000|100%| O|  |TAMS 0x0000000080b00000, 0x0000000080a00000| Untracked 
|  11|0x0000000080b00000, 0x0000000080c00000, 0x0000000080c00000|100%| O|  |TAMS 0x0000000080c00000, 0x0000000080b00000| Untracked 
|  12|0x0000000080c00000, 0x0000000080d00000, 0x0000000080d00000|100%| O|  |TAMS 0x0000000080d00000, 0x0000000080c00000| Untracked 
|  13|0x0000000080d00000, 0x0000000080e00000, 0x0000000080e00000|100%| O|  |TAMS 0x0000000080e00000, 0x0000000080d00000| Untracked 
|  14|0x0000000080e00000, 0x0000000080f00000, 0x0000000080f00000|100%| O|  |TAMS 0x0000000080f00000, 0x0000000080e00000| Untracked 
|  15|0x0000000080f00000, 0x0000000081000000, 0x0000000081000000|100%| O|  |TAMS 0x0000000081000000, 0x0000000080f00000| Untracked 
|  16|0x0000000081000000, 0x0000000081100000, 0x0000000081100000|100%| O|  |TAMS 0x0000000081100000, 0x0000000081000000| Untracked 
|  17|0x0000000081100000, 0x0000000081200000, 0x0000000081200000|100%| O|  |TAMS 0x0000000081200000, 0x0000000081100000| Untracked 
|  18|0x0000000081200000, 0x0000000081300000, 0x0000000081300000|100%| O|  |TAMS 0x0000000081300000, 0x0000000081200000| Untracked 
|  19|0x0000000081300000, 0x0000000081400000, 0x0000000081400000|100%| O|  |TAMS 0x0000000081400000, 0x0000000081300000| Untracked 
|  20|0x0000000081400000, 0x0000000081500000, 0x0000000081500000|100%| O|  |TAMS 0x0000000081500000, 0x0000000081400000| Untracked 
|  21|0x0000000081500000, 0x0000000081600000, 0x0000000081600000|100%| O|  |TAMS 0x0000000081600000, 0x0000000081500000| Untracked 
|  22|0x0000000081600000, 0x0000000081700000, 0x0000000081700000|100%| O|  |TAMS 0x0000000081700000, 0x0000000081600000| Untracked 
|  23|0x0000000081700000, 0x0000000081800000, 0x0000000081800000|100%| O|  |TAMS 0x0000000081800000, 0x0000000081700000| Untracked 
|  24|0x0000000081800000, 0x0000000081900000, 0x0000000081900000|100%| O|  |TAMS 0x0000000081900000, 0x0000000081800000| Untracked 
|  25|0x0000000081900000, 0x0000000081a00000, 0x0000000081a00000|100%| O|  |TAMS 0x0000000081a00000, 0x0000000081900000| Untracked 
|  26|0x0000000081a00000, 0x0000000081b00000, 0x0000000081b00000|100%| O|  |TAMS 0x0000000081b00000, 0x0000000081a00000| Untracked 
|  27|0x0000000081b00000, 0x0000000081c00000, 0x0000000081c00000|100%| O|  |TAMS 0x0000000081c00000, 0x0000000081b00000| Untracked 
|  28|0x0000000081c00000, 0x0000000081d00000, 0x0000000081d00000|100%| O|  |TAMS 0x0000000081d00000, 0x0000000081c00000| Untracked 
|  29|0x0000000081d00000, 0x0000000081e00000, 0x0000000081e00000|100%| O|  |TAMS 0x0000000081e00000, 0x0000000081d00000| Untracked 
|  30|0x0000000081e00000, 0x0000000081f00000, 0x0000000081f00000|100%| O|  |TAMS 0x0000000081f00000, 0x0000000081e00000| Untracked 
|  31|0x0000000081f00000, 0x0000000082000000, 0x0000000082000000|100%| O|  |TAMS 0x0000000082000000, 0x0000000081f00000| Untracked 
|  32|0x0000000082000000, 0x0000000082100000, 0x0000000082100000|100%| O|  |TAMS 0x0000000082100000, 0x0000000082000000| Untracked 
|  33|0x0000000082100000, 0x0000000082200000, 0x0000000082200000|100%| O|  |TAMS 0x0000000082200000, 0x0000000082100000| Untracked 
|  34|0x0000000082200000, 0x0000000082300000, 0x0000000082300000|100%| O|  |TAMS 0x0000000082300000, 0x0000000082200000| Untracked 
|  35|0x0000000082300000, 0x0000000082400000, 0x0000000082400000|100%| O|  |TAMS 0x0000000082400000, 0x0000000082300000| Untracked 
|  36|0x0000000082400000, 0x0000000082500000, 0x0000000082500000|100%|HS|  |TAMS 0x0000000082500000, 0x0000000082400000| Complete 
|  37|0x0000000082500000, 0x0000000082600000, 0x0000000082600000|100%|HS|  |TAMS 0x0000000082600000, 0x0000000082500000| Complete 
|  38|0x0000000082600000, 0x0000000082700000, 0x0000000082700000|100%|HS|  |TAMS 0x0000000082700000, 0x0000000082600000| Complete 
|  39|0x0000000082700000, 0x0000000082800000, 0x0000000082800000|100%| O|  |TAMS 0x0000000082800000, 0x0000000082700000| Untracked 
|  40|0x0000000082800000, 0x0000000082900000, 0x0000000082900000|100%| O|  |TAMS 0x0000000082900000, 0x0000000082800000| Untracked 
|  41|0x0000000082900000, 0x0000000082a00000, 0x0000000082a00000|100%| O|  |TAMS 0x0000000082a00000, 0x0000000082900000| Untracked 
|  42|0x0000000082a00000, 0x0000000082b00000, 0x0000000082b00000|100%| O|  |TAMS 0x0000000082b00000, 0x0000000082a00000| Untracked 
|  43|0x0000000082b00000, 0x0000000082c00000, 0x0000000082c00000|100%|HS|  |TAMS 0x0000000082c00000, 0x0000000082b00000| Complete 
|  44|0x0000000082c00000, 0x0000000082d00000, 0x0000000082d00000|100%|HC|  |TAMS 0x0000000082d00000, 0x0000000082c00000| Complete 
|  45|0x0000000082d00000, 0x0000000082e00000, 0x0000000082e00000|100%|HC|  |TAMS 0x0000000082e00000, 0x0000000082d00000| Complete 
|  46|0x0000000082e00000, 0x0000000082f00000, 0x0000000082f00000|100%|HC|  |TAMS 0x0000000082f00000, 0x0000000082e00000| Complete 
|  47|0x0000000082f00000, 0x0000000083000000, 0x0000000083000000|100%| O|  |TAMS 0x0000000083000000, 0x0000000082f00000| Untracked 
|  48|0x0000000083000000, 0x0000000083100000, 0x0000000083100000|100%|HS|  |TAMS 0x0000000083100000, 0x0000000083000000| Complete 
|  49|0x0000000083100000, 0x0000000083200000, 0x0000000083200000|100%|HC|  |TAMS 0x0000000083200000, 0x0000000083100000| Complete 
|  50|0x0000000083200000, 0x0000000083300000, 0x0000000083300000|100%| O|  |TAMS 0x0000000083300000, 0x0000000083200000| Untracked 
|  51|0x0000000083300000, 0x0000000083400000, 0x0000000083400000|100%| O|  |TAMS 0x0000000083400000, 0x0000000083300000| Untracked 
|  52|0x0000000083400000, 0x0000000083500000, 0x0000000083500000|100%| O|  |TAMS 0x0000000083500000, 0x0000000083400000| Untracked 
|  53|0x0000000083500000, 0x0000000083600000, 0x0000000083600000|100%| O|  |TAMS 0x0000000083600000, 0x0000000083500000| Untracked 
|  54|0x0000000083600000, 0x0000000083700000, 0x0000000083700000|100%| O|  |TAMS 0x0000000083700000, 0x0000000083600000| Untracked 
|  55|0x0000000083700000, 0x0000000083800000, 0x0000000083800000|100%| O|  |TAMS 0x0000000083800000, 0x0000000083700000| Untracked 
|  56|0x0000000083800000, 0x0000000083900000, 0x0000000083900000|100%| O|  |TAMS 0x0000000083900000, 0x0000000083800000| Untracked 
|  57|0x0000000083900000, 0x0000000083a00000, 0x0000000083a00000|100%| O|  |TAMS 0x0000000083a00000, 0x0000000083900000| Untracked 
|  58|0x0000000083a00000, 0x0000000083b00000, 0x0000000083b00000|100%| O|  |TAMS 0x0000000083b00000, 0x0000000083a00000| Untracked 
|  59|0x0000000083b00000, 0x0000000083c00000, 0x0000000083c00000|100%| O|  |TAMS 0x0000000083c00000, 0x0000000083b00000| Untracked 
|  60|0x0000000083c00000, 0x0000000083d00000, 0x0000000083d00000|100%| O|  |TAMS 0x0000000083d00000, 0x0000000083c00000| Untracked 
|  61|0x0000000083d00000, 0x0000000083e00000, 0x0000000083e00000|100%| O|  |TAMS 0x0000000083e00000, 0x0000000083d00000| Untracked 
|  62|0x0000000083e00000, 0x0000000083f00000, 0x0000000083f00000|100%| O|  |TAMS 0x0000000083f00000, 0x0000000083e00000| Untracked 
|  63|0x0000000083f00000, 0x0000000084000000, 0x0000000084000000|100%| O|  |TAMS 0x0000000084000000, 0x0000000083f00000| Untracked 
|  64|0x0000000084000000, 0x0000000084100000, 0x0000000084100000|100%| O|  |TAMS 0x0000000084100000, 0x0000000084000000| Untracked 
|  65|0x0000000084100000, 0x0000000084200000, 0x0000000084200000|100%| O|  |TAMS 0x0000000084200000, 0x0000000084100000| Untracked 
|  66|0x0000000084200000, 0x0000000084300000, 0x0000000084300000|100%| O|  |TAMS 0x0000000084300000, 0x0000000084200000| Untracked 
|  67|0x0000000084300000, 0x0000000084400000, 0x0000000084400000|100%| O|  |TAMS 0x0000000084400000, 0x0000000084300000| Untracked 
|  68|0x0000000084400000, 0x0000000084500000, 0x0000000084500000|100%| O|  |TAMS 0x0000000084500000, 0x0000000084400000| Untracked 
|  69|0x0000000084500000, 0x0000000084600000, 0x0000000084600000|100%| O|  |TAMS 0x0000000084600000, 0x0000000084500000| Untracked 
|  70|0x0000000084600000, 0x0000000084700000, 0x0000000084700000|100%| O|  |TAMS 0x0000000084700000, 0x0000000084600000| Untracked 
|  71|0x0000000084700000, 0x0000000084800000, 0x0000000084800000|100%| O|  |TAMS 0x0000000084800000, 0x0000000084700000| Untracked 
|  72|0x0000000084800000, 0x0000000084900000, 0x0000000084900000|100%| O|  |TAMS 0x0000000084900000, 0x0000000084800000| Untracked 
|  73|0x0000000084900000, 0x0000000084a00000, 0x0000000084a00000|100%| O|  |TAMS 0x0000000084a00000, 0x0000000084900000| Untracked 
|  74|0x0000000084a00000, 0x0000000084b00000, 0x0000000084b00000|100%| O|  |TAMS 0x0000000084b00000, 0x0000000084a00000| Untracked 
|  75|0x0000000084b00000, 0x0000000084c00000, 0x0000000084c00000|100%| O|  |TAMS 0x0000000084c00000, 0x0000000084b00000| Untracked 
|  76|0x0000000084c00000, 0x0000000084d00000, 0x0000000084d00000|100%| O|  |TAMS 0x0000000084d00000, 0x0000000084c00000| Untracked 
|  77|0x0000000084d00000, 0x0000000084e00000, 0x0000000084e00000|100%| O|  |TAMS 0x0000000084e00000, 0x0000000084d00000| Untracked 
|  78|0x0000000084e00000, 0x0000000084f00000, 0x0000000084f00000|100%| O|  |TAMS 0x0000000084f00000, 0x0000000084e00000| Untracked 
|  79|0x0000000084f00000, 0x0000000085000000, 0x0000000085000000|100%| O|  |TAMS 0x0000000085000000, 0x0000000084f00000| Untracked 
|  80|0x0000000085000000, 0x0000000085100000, 0x0000000085100000|100%| O|  |TAMS 0x0000000085100000, 0x0000000085000000| Untracked 
|  81|0x0000000085100000, 0x0000000085200000, 0x0000000085200000|100%| O|  |TAMS 0x0000000085200000, 0x0000000085100000| Untracked 
|  82|0x0000000085200000, 0x0000000085300000, 0x0000000085300000|100%| O|  |TAMS 0x0000000085300000, 0x0000000085200000| Untracked 
|  83|0x0000000085300000, 0x0000000085400000, 0x0000000085400000|100%| O|  |TAMS 0x0000000085400000, 0x0000000085300000| Untracked 
|  84|0x0000000085400000, 0x0000000085500000, 0x0000000085500000|100%| O|  |TAMS 0x0000000085500000, 0x0000000085400000| Untracked 
|  85|0x0000000085500000, 0x0000000085600000, 0x0000000085600000|100%| O|  |TAMS 0x0000000085600000, 0x0000000085500000| Untracked 
|  86|0x0000000085600000, 0x0000000085700000, 0x0000000085700000|100%| O|  |TAMS 0x0000000085700000, 0x0000000085600000| Untracked 
|  87|0x0000000085700000, 0x0000000085800000, 0x0000000085800000|100%| O|  |TAMS 0x0000000085800000, 0x0000000085700000| Untracked 
|  88|0x0000000085800000, 0x0000000085900000, 0x0000000085900000|100%| O|  |TAMS 0x0000000085900000, 0x0000000085800000| Untracked 
|  89|0x0000000085900000, 0x0000000085a00000, 0x0000000085a00000|100%| O|  |TAMS 0x0000000085a00000, 0x0000000085900000| Untracked 
|  90|0x0000000085a00000, 0x0000000085b00000, 0x0000000085b00000|100%| O|  |TAMS 0x0000000085b00000, 0x0000000085a00000| Untracked 
|  91|0x0000000085b00000, 0x0000000085c00000, 0x0000000085c00000|100%| O|  |TAMS 0x0000000085c00000, 0x0000000085b00000| Untracked 
|  92|0x0000000085c00000, 0x0000000085d00000, 0x0000000085d00000|100%| O|  |TAMS 0x0000000085d00000, 0x0000000085c00000| Untracked 
|  93|0x0000000085d00000, 0x0000000085e00000, 0x0000000085e00000|100%| O|  |TAMS 0x0000000085e00000, 0x0000000085d00000| Untracked 
|  94|0x0000000085e00000, 0x0000000085f00000, 0x0000000085f00000|100%| O|  |TAMS 0x0000000085f00000, 0x0000000085e00000| Untracked 
|  95|0x0000000085f00000, 0x0000000086000000, 0x0000000086000000|100%| O|  |TAMS 0x0000000086000000, 0x0000000085f00000| Untracked 
|  96|0x0000000086000000, 0x0000000086100000, 0x0000000086100000|100%| O|  |TAMS 0x0000000086100000, 0x0000000086000000| Untracked 
|  97|0x0000000086100000, 0x0000000086200000, 0x0000000086200000|100%| O|  |TAMS 0x0000000086200000, 0x0000000086100000| Untracked 
|  98|0x0000000086200000, 0x0000000086300000, 0x0000000086300000|100%| O|  |TAMS 0x0000000086300000, 0x0000000086200000| Untracked 
|  99|0x0000000086300000, 0x0000000086400000, 0x0000000086400000|100%| O|  |TAMS 0x0000000086400000, 0x0000000086300000| Untracked 
| 100|0x0000000086400000, 0x0000000086500000, 0x0000000086500000|100%| O|  |TAMS 0x0000000086500000, 0x0000000086400000| Untracked 
| 101|0x0000000086500000, 0x0000000086600000, 0x0000000086600000|100%| O|  |TAMS 0x0000000086600000, 0x0000000086500000| Untracked 
| 102|0x0000000086600000, 0x0000000086700000, 0x0000000086700000|100%| O|  |TAMS 0x0000000086700000, 0x0000000086600000| Untracked 
| 103|0x0000000086700000, 0x0000000086800000, 0x0000000086800000|100%| O|  |TAMS 0x0000000086800000, 0x0000000086700000| Untracked 
| 104|0x0000000086800000, 0x0000000086900000, 0x0000000086900000|100%| O|  |TAMS 0x0000000086900000, 0x0000000086800000| Untracked 
| 105|0x0000000086900000, 0x0000000086a00000, 0x0000000086a00000|100%| O|  |TAMS 0x0000000086a00000, 0x0000000086900000| Untracked 
| 106|0x0000000086a00000, 0x0000000086b00000, 0x0000000086b00000|100%| O|  |TAMS 0x0000000086b00000, 0x0000000086a00000| Untracked 
| 107|0x0000000086b00000, 0x0000000086c00000, 0x0000000086c00000|100%| O|  |TAMS 0x0000000086c00000, 0x0000000086b00000| Untracked 
| 108|0x0000000086c00000, 0x0000000086d00000, 0x0000000086d00000|100%| O|  |TAMS 0x0000000086d00000, 0x0000000086c00000| Untracked 
| 109|0x0000000086d00000, 0x0000000086e00000, 0x0000000086e00000|100%| O|  |TAMS 0x0000000086e00000, 0x0000000086d00000| Untracked 
| 110|0x0000000086e00000, 0x0000000086f00000, 0x0000000086f00000|100%| O|  |TAMS 0x0000000086f00000, 0x0000000086e00000| Untracked 
| 111|0x0000000086f00000, 0x0000000087000000, 0x0000000087000000|100%| O|  |TAMS 0x0000000087000000, 0x0000000086f00000| Untracked 
| 112|0x0000000087000000, 0x0000000087100000, 0x0000000087100000|100%| O|  |TAMS 0x0000000087100000, 0x0000000087000000| Untracked 
| 113|0x0000000087100000, 0x0000000087200000, 0x0000000087200000|100%| O|  |TAMS 0x0000000087200000, 0x0000000087100000| Untracked 
| 114|0x0000000087200000, 0x0000000087300000, 0x0000000087300000|100%|HS|  |TAMS 0x0000000087200000, 0x0000000087200000| Complete 
| 115|0x0000000087300000, 0x0000000087400000, 0x0000000087400000|100%|HS|  |TAMS 0x0000000087300000, 0x0000000087300000| Complete 
| 116|0x0000000087400000, 0x0000000087500000, 0x0000000087500000|100%| O|  |TAMS 0x0000000087500000, 0x0000000087400000| Untracked 
| 117|0x0000000087500000, 0x0000000087600000, 0x0000000087600000|100%| O|  |TAMS 0x0000000087600000, 0x0000000087500000| Untracked 
| 118|0x0000000087600000, 0x0000000087700000, 0x0000000087700000|100%| O|  |TAMS 0x0000000087700000, 0x0000000087600000| Untracked 
| 119|0x0000000087700000, 0x0000000087800000, 0x0000000087800000|100%| O|  |TAMS 0x0000000087800000, 0x0000000087700000| Untracked 
| 120|0x0000000087800000, 0x0000000087900000, 0x0000000087900000|100%| O|  |TAMS 0x0000000087900000, 0x0000000087800000| Untracked 
| 121|0x0000000087900000, 0x0000000087a00000, 0x0000000087a00000|100%| O|  |TAMS 0x0000000087a00000, 0x0000000087900000| Untracked 
| 122|0x0000000087a00000, 0x0000000087b00000, 0x0000000087b00000|100%| O|  |TAMS 0x0000000087b00000, 0x0000000087a00000| Untracked 
| 123|0x0000000087b00000, 0x0000000087c00000, 0x0000000087c00000|100%|HS|  |TAMS 0x0000000087c00000, 0x0000000087b00000| Complete 
| 124|0x0000000087c00000, 0x0000000087d00000, 0x0000000087d00000|100%|HC|  |TAMS 0x0000000087d00000, 0x0000000087c00000| Complete 
| 125|0x0000000087d00000, 0x0000000087e00000, 0x0000000087e00000|100%|HS|  |TAMS 0x0000000087e00000, 0x0000000087d00000| Complete 
| 126|0x0000000087e00000, 0x0000000087f00000, 0x0000000087f00000|100%|HC|  |TAMS 0x0000000087f00000, 0x0000000087e00000| Complete 
| 127|0x0000000087f00000, 0x0000000088000000, 0x0000000088000000|100%|HS|  |TAMS 0x0000000088000000, 0x0000000087f00000| Complete 
| 128|0x0000000088000000, 0x0000000088100000, 0x0000000088100000|100%|HC|  |TAMS 0x0000000088100000, 0x0000000088000000| Complete 
| 129|0x0000000088100000, 0x0000000088200000, 0x0000000088200000|100%|HS|  |TAMS 0x0000000088200000, 0x0000000088100000| Complete 
| 130|0x0000000088200000, 0x0000000088300000, 0x0000000088300000|100%|HS|  |TAMS 0x0000000088300000, 0x0000000088200000| Complete 
| 131|0x0000000088300000, 0x0000000088400000, 0x0000000088400000|100%|HC|  |TAMS 0x0000000088400000, 0x0000000088300000| Complete 
| 132|0x0000000088400000, 0x0000000088500000, 0x0000000088500000|100%|HS|  |TAMS 0x0000000088500000, 0x0000000088400000| Complete 
| 133|0x0000000088500000, 0x0000000088600000, 0x0000000088600000|100%|HS|  |TAMS 0x0000000088600000, 0x0000000088500000| Complete 
| 134|0x0000000088600000, 0x0000000088700000, 0x0000000088700000|100%|HS|  |TAMS 0x0000000088700000, 0x0000000088600000| Complete 
| 135|0x0000000088700000, 0x0000000088800000, 0x0000000088800000|100%|HC|  |TAMS 0x0000000088800000, 0x0000000088700000| Complete 
| 136|0x0000000088800000, 0x0000000088900000, 0x0000000088900000|100%| O|  |TAMS 0x0000000088900000, 0x0000000088800000| Untracked 
| 137|0x0000000088900000, 0x0000000088a00000, 0x0000000088a00000|100%| O|  |TAMS 0x0000000088a00000, 0x0000000088900000| Untracked 
| 138|0x0000000088a00000, 0x0000000088b00000, 0x0000000088b00000|100%|HS|  |TAMS 0x0000000088a00000, 0x0000000088a00000| Complete 
| 139|0x0000000088b00000, 0x0000000088c00000, 0x0000000088c00000|100%| O|  |TAMS 0x0000000088c00000, 0x0000000088b00000| Untracked 
| 140|0x0000000088c00000, 0x0000000088d00000, 0x0000000088d00000|100%| O|  |TAMS 0x0000000088d00000, 0x0000000088c00000| Untracked 
| 141|0x0000000088d00000, 0x0000000088e00000, 0x0000000088e00000|100%| O|  |TAMS 0x0000000088d43800, 0x0000000088d00000| Untracked 
| 142|0x0000000088e00000, 0x0000000088f00000, 0x0000000088f00000|100%|HS|  |TAMS 0x0000000088f00000, 0x0000000088e00000| Complete 
| 143|0x0000000088f00000, 0x0000000089000000, 0x0000000089000000|100%|HS|  |TAMS 0x0000000089000000, 0x0000000088f00000| Complete 
| 144|0x0000000089000000, 0x0000000089100000, 0x0000000089100000|100%|HS|  |TAMS 0x0000000089100000, 0x0000000089000000| Complete 
| 145|0x0000000089100000, 0x0000000089200000, 0x0000000089200000|100%|HC|  |TAMS 0x0000000089200000, 0x0000000089100000| Complete 
| 146|0x0000000089200000, 0x0000000089300000, 0x0000000089300000|100%|HS|  |TAMS 0x0000000089300000, 0x0000000089200000| Complete 
| 147|0x0000000089300000, 0x0000000089400000, 0x0000000089400000|100%|HC|  |TAMS 0x0000000089400000, 0x0000000089300000| Complete 
| 148|0x0000000089400000, 0x0000000089500000, 0x0000000089500000|100%| O|  |TAMS 0x0000000089400000, 0x0000000089400000| Untracked 
| 149|0x0000000089500000, 0x0000000089600000, 0x0000000089600000|100%| O|  |TAMS 0x0000000089500000, 0x0000000089500000| Untracked 
| 150|0x0000000089600000, 0x0000000089700000, 0x0000000089700000|100%| O|  |TAMS 0x0000000089600000, 0x0000000089600000| Untracked 
| 151|0x0000000089700000, 0x0000000089800000, 0x0000000089800000|100%| O|  |TAMS 0x0000000089700000, 0x0000000089700000| Untracked 
| 152|0x0000000089800000, 0x0000000089900000, 0x0000000089900000|100%| O|  |TAMS 0x0000000089800000, 0x0000000089800000| Untracked 
| 153|0x0000000089900000, 0x0000000089a00000, 0x0000000089a00000|100%| O|  |TAMS 0x0000000089900000, 0x0000000089900000| Untracked 
| 154|0x0000000089a00000, 0x0000000089b00000, 0x0000000089b00000|100%|HS|  |TAMS 0x0000000089b00000, 0x0000000089a00000| Complete 
| 155|0x0000000089b00000, 0x0000000089c00000, 0x0000000089c00000|100%|HC|  |TAMS 0x0000000089c00000, 0x0000000089b00000| Complete 
| 156|0x0000000089c00000, 0x0000000089d00000, 0x0000000089d00000|100%|HC|  |TAMS 0x0000000089d00000, 0x0000000089c00000| Complete 
| 157|0x0000000089d00000, 0x0000000089e00000, 0x0000000089e00000|100%|HS|  |TAMS 0x0000000089e00000, 0x0000000089d00000| Complete 
| 158|0x0000000089e00000, 0x0000000089f00000, 0x0000000089f00000|100%|HC|  |TAMS 0x0000000089f00000, 0x0000000089e00000| Complete 
| 159|0x0000000089f00000, 0x000000008a000000, 0x000000008a000000|100%|HC|  |TAMS 0x000000008a000000, 0x0000000089f00000| Complete 
| 160|0x000000008a000000, 0x000000008a100000, 0x000000008a100000|100%| O|  |TAMS 0x000000008a000000, 0x000000008a000000| Untracked 
| 161|0x000000008a100000, 0x000000008a200000, 0x000000008a200000|100%|HS|  |TAMS 0x000000008a100000, 0x000000008a100000| Complete 
| 162|0x000000008a200000, 0x000000008a300000, 0x000000008a300000|100%|HS|  |TAMS 0x000000008a200000, 0x000000008a200000| Complete 
| 163|0x000000008a300000, 0x000000008a400000, 0x000000008a400000|100%|HC|  |TAMS 0x000000008a300000, 0x000000008a300000| Complete 
| 164|0x000000008a400000, 0x000000008a500000, 0x000000008a500000|100%| O|  |TAMS 0x000000008a400000, 0x000000008a400000| Untracked 
| 165|0x000000008a500000, 0x000000008a600000, 0x000000008a600000|100%| O|  |TAMS 0x000000008a500000, 0x000000008a500000| Untracked 
| 166|0x000000008a600000, 0x000000008a700000, 0x000000008a700000|100%| O|  |TAMS 0x000000008a600000, 0x000000008a600000| Untracked 
| 167|0x000000008a700000, 0x000000008a800000, 0x000000008a800000|100%| O|  |TAMS 0x000000008a700000, 0x000000008a700000| Untracked 
| 168|0x000000008a800000, 0x000000008a900000, 0x000000008a900000|100%| O|  |TAMS 0x000000008a800000, 0x000000008a800000| Untracked 
| 169|0x000000008a900000, 0x000000008aa00000, 0x000000008aa00000|100%| O|  |TAMS 0x000000008a900000, 0x000000008a900000| Untracked 
| 170|0x000000008aa00000, 0x000000008ab00000, 0x000000008ab00000|100%| O|  |TAMS 0x000000008aa00000, 0x000000008aa00000| Untracked 
| 171|0x000000008ab00000, 0x000000008ac00000, 0x000000008ac00000|100%|HS|  |TAMS 0x000000008ab00000, 0x000000008ab00000| Complete 
| 172|0x000000008ac00000, 0x000000008ad00000, 0x000000008ad00000|100%|HC|  |TAMS 0x000000008ac00000, 0x000000008ac00000| Complete 
| 173|0x000000008ad00000, 0x000000008ae00000, 0x000000008ae00000|100%| O|  |TAMS 0x000000008ad00000, 0x000000008ad00000| Untracked 
| 174|0x000000008ae00000, 0x000000008af00000, 0x000000008af00000|100%| O|  |TAMS 0x000000008ae00000, 0x000000008ae00000| Untracked 
| 175|0x000000008af00000, 0x000000008b000000, 0x000000008b000000|100%|HS|  |TAMS 0x000000008af00000, 0x000000008af00000| Complete 
| 176|0x000000008b000000, 0x000000008b100000, 0x000000008b100000|100%|HS|  |TAMS 0x000000008b000000, 0x000000008b000000| Complete 
| 177|0x000000008b100000, 0x000000008b200000, 0x000000008b200000|100%|HC|  |TAMS 0x000000008b100000, 0x000000008b100000| Complete 
| 178|0x000000008b200000, 0x000000008b300000, 0x000000008b300000|100%| O|  |TAMS 0x000000008b200000, 0x000000008b200000| Untracked 
| 179|0x000000008b300000, 0x000000008b400000, 0x000000008b400000|100%|HS|  |TAMS 0x000000008b300000, 0x000000008b300000| Complete 
| 180|0x000000008b400000, 0x000000008b500000, 0x000000008b500000|100%|HS|  |TAMS 0x000000008b400000, 0x000000008b400000| Complete 
| 181|0x000000008b500000, 0x000000008b600000, 0x000000008b600000|100%|HC|  |TAMS 0x000000008b500000, 0x000000008b500000| Complete 
| 182|0x000000008b600000, 0x000000008b700000, 0x000000008b700000|100%|HS|  |TAMS 0x000000008b600000, 0x000000008b600000| Complete 
| 183|0x000000008b700000, 0x000000008b800000, 0x000000008b800000|100%|HS|  |TAMS 0x000000008b700000, 0x000000008b700000| Complete 
| 184|0x000000008b800000, 0x000000008b900000, 0x000000008b900000|100%|HC|  |TAMS 0x000000008b800000, 0x000000008b800000| Complete 
| 185|0x000000008b900000, 0x000000008ba00000, 0x000000008ba00000|100%| O|  |TAMS 0x000000008b900000, 0x000000008b900000| Untracked 
| 186|0x000000008ba00000, 0x000000008bb00000, 0x000000008bb00000|100%| O|  |TAMS 0x000000008ba00000, 0x000000008ba00000| Untracked 
| 187|0x000000008bb00000, 0x000000008bc00000, 0x000000008bc00000|100%| O|  |TAMS 0x000000008bb00000, 0x000000008bb00000| Untracked 
| 188|0x000000008bc00000, 0x000000008bd00000, 0x000000008bd00000|100%| O|  |TAMS 0x000000008bc00000, 0x000000008bc00000| Untracked 
| 189|0x000000008bd00000, 0x000000008be00000, 0x000000008be00000|100%| O|  |TAMS 0x000000008bd00000, 0x000000008bd00000| Untracked 
| 190|0x000000008be00000, 0x000000008bf00000, 0x000000008bf00000|100%| O|  |TAMS 0x000000008be00000, 0x000000008be00000| Untracked 
| 191|0x000000008bf00000, 0x000000008c000000, 0x000000008c000000|100%| O|  |TAMS 0x000000008bf00000, 0x000000008bf00000| Untracked 
| 192|0x000000008c000000, 0x000000008c100000, 0x000000008c100000|100%| O|  |TAMS 0x000000008c000000, 0x000000008c000000| Untracked 
| 193|0x000000008c100000, 0x000000008c200000, 0x000000008c200000|100%|HS|  |TAMS 0x000000008c100000, 0x000000008c100000| Complete 
| 194|0x000000008c200000, 0x000000008c300000, 0x000000008c300000|100%|HC|  |TAMS 0x000000008c200000, 0x000000008c200000| Complete 
| 195|0x000000008c300000, 0x000000008c400000, 0x000000008c400000|100%| O|  |TAMS 0x000000008c300000, 0x000000008c300000| Untracked 
| 196|0x000000008c400000, 0x000000008c500000, 0x000000008c500000|100%| O|  |TAMS 0x000000008c400000, 0x000000008c400000| Untracked 
| 197|0x000000008c500000, 0x000000008c600000, 0x000000008c600000|100%| O|  |TAMS 0x000000008c500000, 0x000000008c500000| Untracked 
| 198|0x000000008c600000, 0x000000008c700000, 0x000000008c700000|100%|HS|  |TAMS 0x000000008c600000, 0x000000008c600000| Complete 
| 199|0x000000008c700000, 0x000000008c800000, 0x000000008c800000|100%|HC|  |TAMS 0x000000008c700000, 0x000000008c700000| Complete 
| 200|0x000000008c800000, 0x000000008c900000, 0x000000008c900000|100%| O|  |TAMS 0x000000008c800000, 0x000000008c800000| Untracked 
| 201|0x000000008c900000, 0x000000008ca00000, 0x000000008ca00000|100%| O|  |TAMS 0x000000008c900000, 0x000000008c900000| Untracked 
| 202|0x000000008ca00000, 0x000000008cb00000, 0x000000008cb00000|100%| O|  |TAMS 0x000000008ca00000, 0x000000008ca00000| Untracked 
| 203|0x000000008cb00000, 0x000000008cc00000, 0x000000008cc00000|100%| O|  |TAMS 0x000000008cb00000, 0x000000008cb00000| Untracked 
| 204|0x000000008cc00000, 0x000000008cd00000, 0x000000008cd00000|100%| O|  |TAMS 0x000000008cc00000, 0x000000008cc00000| Untracked 
| 205|0x000000008cd00000, 0x000000008ce00000, 0x000000008ce00000|100%| O|  |TAMS 0x000000008cd00000, 0x000000008cd00000| Untracked 
| 206|0x000000008ce00000, 0x000000008cf00000, 0x000000008cf00000|100%|HS|  |TAMS 0x000000008ce00000, 0x000000008ce00000| Complete 
| 207|0x000000008cf00000, 0x000000008d000000, 0x000000008d000000|100%|HC|  |TAMS 0x000000008cf00000, 0x000000008cf00000| Complete 
| 208|0x000000008d000000, 0x000000008d100000, 0x000000008d100000|100%|HC|  |TAMS 0x000000008d000000, 0x000000008d000000| Complete 
| 209|0x000000008d100000, 0x000000008d200000, 0x000000008d200000|100%| O|  |TAMS 0x000000008d100000, 0x000000008d100000| Untracked 
| 210|0x000000008d200000, 0x000000008d300000, 0x000000008d300000|100%| O|  |TAMS 0x000000008d200000, 0x000000008d200000| Untracked 
| 211|0x000000008d300000, 0x000000008d400000, 0x000000008d400000|100%| O|  |TAMS 0x000000008d300000, 0x000000008d300000| Untracked 
| 212|0x000000008d400000, 0x000000008d500000, 0x000000008d500000|100%| O|  |TAMS 0x000000008d400000, 0x000000008d400000| Untracked 
| 213|0x000000008d500000, 0x000000008d600000, 0x000000008d600000|100%|HS|  |TAMS 0x000000008d500000, 0x000000008d500000| Complete 
| 214|0x000000008d600000, 0x000000008d700000, 0x000000008d700000|100%|HC|  |TAMS 0x000000008d600000, 0x000000008d600000| Complete 
| 215|0x000000008d700000, 0x000000008d800000, 0x000000008d800000|100%|HS|  |TAMS 0x000000008d700000, 0x000000008d700000| Complete 
| 216|0x000000008d800000, 0x000000008d900000, 0x000000008d900000|100%|HC|  |TAMS 0x000000008d800000, 0x000000008d800000| Complete 
| 217|0x000000008d900000, 0x000000008da00000, 0x000000008da00000|100%|HC|  |TAMS 0x000000008d900000, 0x000000008d900000| Complete 
| 218|0x000000008da00000, 0x000000008db00000, 0x000000008db00000|100%| O|  |TAMS 0x000000008da00000, 0x000000008da00000| Untracked 
| 219|0x000000008db00000, 0x000000008dc00000, 0x000000008dc00000|100%| O|  |TAMS 0x000000008db00000, 0x000000008db00000| Untracked 
| 220|0x000000008dc00000, 0x000000008dd00000, 0x000000008dd00000|100%| O|  |TAMS 0x000000008dc00000, 0x000000008dc00000| Untracked 
| 221|0x000000008dd00000, 0x000000008de00000, 0x000000008de00000|100%| O|  |TAMS 0x000000008dd00000, 0x000000008dd00000| Untracked 
| 222|0x000000008de00000, 0x000000008df00000, 0x000000008df00000|100%| O|  |TAMS 0x000000008de00000, 0x000000008de00000| Untracked 
| 223|0x000000008df00000, 0x000000008e000000, 0x000000008e000000|100%| O|  |TAMS 0x000000008df00000, 0x000000008df00000| Untracked 
| 224|0x000000008e000000, 0x000000008e100000, 0x000000008e100000|100%| O|  |TAMS 0x000000008e000000, 0x000000008e000000| Untracked 
| 225|0x000000008e100000, 0x000000008e200000, 0x000000008e200000|100%| O|  |TAMS 0x000000008e100000, 0x000000008e100000| Untracked 
| 226|0x000000008e200000, 0x000000008e300000, 0x000000008e300000|100%| O|  |TAMS 0x000000008e200000, 0x000000008e200000| Untracked 
| 227|0x000000008e300000, 0x000000008e400000, 0x000000008e400000|100%| O|  |TAMS 0x000000008e300000, 0x000000008e300000| Untracked 
| 228|0x000000008e400000, 0x000000008e500000, 0x000000008e500000|100%| O|  |TAMS 0x000000008e400000, 0x000000008e400000| Untracked 
| 229|0x000000008e500000, 0x000000008e600000, 0x000000008e600000|100%| O|  |TAMS 0x000000008e500000, 0x000000008e500000| Untracked 
| 230|0x000000008e600000, 0x000000008e700000, 0x000000008e700000|100%| O|  |TAMS 0x000000008e600000, 0x000000008e600000| Untracked 
| 231|0x000000008e700000, 0x000000008e800000, 0x000000008e800000|100%| O|  |TAMS 0x000000008e700000, 0x000000008e700000| Untracked 
| 232|0x000000008e800000, 0x000000008e900000, 0x000000008e900000|100%| O|  |TAMS 0x000000008e800000, 0x000000008e800000| Untracked 
| 233|0x000000008e900000, 0x000000008ea00000, 0x000000008ea00000|100%| O|  |TAMS 0x000000008e900000, 0x000000008e900000| Untracked 
| 234|0x000000008ea00000, 0x000000008eb00000, 0x000000008eb00000|100%| O|  |TAMS 0x000000008ea00000, 0x000000008ea00000| Untracked 
| 235|0x000000008eb00000, 0x000000008ec00000, 0x000000008ec00000|100%| O|  |TAMS 0x000000008eb00000, 0x000000008eb00000| Untracked 
| 236|0x000000008ec00000, 0x000000008ed00000, 0x000000008ed00000|100%| O|  |TAMS 0x000000008ec00000, 0x000000008ec00000| Untracked 
| 237|0x000000008ed00000, 0x000000008ee00000, 0x000000008ee00000|100%| O|  |TAMS 0x000000008ed00000, 0x000000008ed00000| Untracked 
| 238|0x000000008ee00000, 0x000000008ef00000, 0x000000008ef00000|100%| O|  |TAMS 0x000000008ee00000, 0x000000008ee00000| Untracked 
| 239|0x000000008ef00000, 0x000000008f000000, 0x000000008f000000|100%| O|  |TAMS 0x000000008ef00000, 0x000000008ef00000| Untracked 
| 240|0x000000008f000000, 0x000000008f100000, 0x000000008f100000|100%| O|  |TAMS 0x000000008f000000, 0x000000008f000000| Untracked 
| 241|0x000000008f100000, 0x000000008f200000, 0x000000008f200000|100%| O|  |TAMS 0x000000008f100000, 0x000000008f100000| Untracked 
| 242|0x000000008f200000, 0x000000008f300000, 0x000000008f300000|100%| O|  |TAMS 0x000000008f200000, 0x000000008f200000| Untracked 
| 243|0x000000008f300000, 0x000000008f400000, 0x000000008f400000|100%| O|  |TAMS 0x000000008f300000, 0x000000008f300000| Untracked 
| 244|0x000000008f400000, 0x000000008f500000, 0x000000008f500000|100%| O|  |TAMS 0x000000008f400000, 0x000000008f400000| Untracked 
| 245|0x000000008f500000, 0x000000008f600000, 0x000000008f600000|100%| O|  |TAMS 0x000000008f500000, 0x000000008f500000| Untracked 
| 246|0x000000008f600000, 0x000000008f700000, 0x000000008f700000|100%| O|  |TAMS 0x000000008f600000, 0x000000008f600000| Untracked 
| 247|0x000000008f700000, 0x000000008f800000, 0x000000008f800000|100%| O|  |TAMS 0x000000008f700000, 0x000000008f700000| Untracked 
| 248|0x000000008f800000, 0x000000008f900000, 0x000000008f900000|100%| O|  |TAMS 0x000000008f800000, 0x000000008f800000| Untracked 
| 249|0x000000008f900000, 0x000000008fa00000, 0x000000008fa00000|100%| O|  |TAMS 0x000000008f900000, 0x000000008f900000| Untracked 
| 250|0x000000008fa00000, 0x000000008fb00000, 0x000000008fb00000|100%| O|  |TAMS 0x000000008fa00000, 0x000000008fa00000| Untracked 
| 251|0x000000008fb00000, 0x000000008fc00000, 0x000000008fc00000|100%| O|  |TAMS 0x000000008fb00000, 0x000000008fb00000| Untracked 
| 252|0x000000008fc00000, 0x000000008fd00000, 0x000000008fd00000|100%| O|  |TAMS 0x000000008fc00000, 0x000000008fc00000| Untracked 
| 253|0x000000008fd00000, 0x000000008fe00000, 0x000000008fe00000|100%| O|  |TAMS 0x000000008fd00000, 0x000000008fd00000| Untracked 
| 254|0x000000008fe00000, 0x000000008ff00000, 0x000000008ff00000|100%| O|  |TAMS 0x000000008fe00000, 0x000000008fe00000| Untracked 
| 255|0x000000008ff00000, 0x0000000090000000, 0x0000000090000000|100%| O|  |TAMS 0x000000008ff00000, 0x000000008ff00000| Untracked 
| 256|0x0000000090000000, 0x0000000090100000, 0x0000000090100000|100%| O|  |TAMS 0x0000000090000000, 0x0000000090000000| Untracked 
| 257|0x0000000090100000, 0x0000000090200000, 0x0000000090200000|100%| O|  |TAMS 0x0000000090100000, 0x0000000090100000| Untracked 
| 258|0x0000000090200000, 0x0000000090300000, 0x0000000090300000|100%| O|  |TAMS 0x0000000090200000, 0x0000000090200000| Untracked 
| 259|0x0000000090300000, 0x0000000090400000, 0x0000000090400000|100%| O|  |TAMS 0x0000000090300000, 0x0000000090300000| Untracked 
| 260|0x0000000090400000, 0x0000000090500000, 0x0000000090500000|100%| O|  |TAMS 0x0000000090400000, 0x0000000090400000| Untracked 
| 261|0x0000000090500000, 0x0000000090600000, 0x0000000090600000|100%| O|  |TAMS 0x0000000090500000, 0x0000000090500000| Untracked 
| 262|0x0000000090600000, 0x0000000090700000, 0x0000000090700000|100%| O|  |TAMS 0x0000000090600000, 0x0000000090600000| Untracked 
| 263|0x0000000090700000, 0x0000000090800000, 0x0000000090800000|100%| O|  |TAMS 0x0000000090700000, 0x0000000090700000| Untracked 
| 264|0x0000000090800000, 0x0000000090900000, 0x0000000090900000|100%| O|  |TAMS 0x0000000090800000, 0x0000000090800000| Untracked 
| 265|0x0000000090900000, 0x0000000090a00000, 0x0000000090a00000|100%| O|  |TAMS 0x0000000090900000, 0x0000000090900000| Untracked 
| 266|0x0000000090a00000, 0x0000000090b00000, 0x0000000090b00000|100%| O|  |TAMS 0x0000000090a00000, 0x0000000090a00000| Untracked 
| 267|0x0000000090b00000, 0x0000000090c00000, 0x0000000090c00000|100%| O|  |TAMS 0x0000000090b00000, 0x0000000090b00000| Untracked 
| 268|0x0000000090c00000, 0x0000000090d00000, 0x0000000090d00000|100%| O|  |TAMS 0x0000000090c00000, 0x0000000090c00000| Untracked 
| 269|0x0000000090d00000, 0x0000000090e00000, 0x0000000090e00000|100%| O|  |TAMS 0x0000000090d00000, 0x0000000090d00000| Untracked 
| 270|0x0000000090e00000, 0x0000000090f00000, 0x0000000090f00000|100%| O|  |TAMS 0x0000000090e00000, 0x0000000090e00000| Untracked 
| 271|0x0000000090f00000, 0x0000000091000000, 0x0000000091000000|100%| O|  |TAMS 0x0000000090f00000, 0x0000000090f00000| Untracked 
| 272|0x0000000091000000, 0x0000000091100000, 0x0000000091100000|100%| O|  |TAMS 0x0000000091000000, 0x0000000091000000| Untracked 
| 273|0x0000000091100000, 0x0000000091200000, 0x0000000091200000|100%| O|  |TAMS 0x0000000091100000, 0x0000000091100000| Untracked 
| 274|0x0000000091200000, 0x0000000091300000, 0x0000000091300000|100%| O|  |TAMS 0x0000000091200000, 0x0000000091200000| Untracked 
| 275|0x0000000091300000, 0x0000000091400000, 0x0000000091400000|100%| O|  |TAMS 0x0000000091300000, 0x0000000091300000| Untracked 
| 276|0x0000000091400000, 0x0000000091500000, 0x0000000091500000|100%| O|  |TAMS 0x0000000091400000, 0x0000000091400000| Untracked 
| 277|0x0000000091500000, 0x0000000091600000, 0x0000000091600000|100%| O|  |TAMS 0x0000000091500000, 0x0000000091500000| Untracked 
| 278|0x0000000091600000, 0x0000000091700000, 0x0000000091700000|100%| O|  |TAMS 0x0000000091600000, 0x0000000091600000| Untracked 
| 279|0x0000000091700000, 0x0000000091800000, 0x0000000091800000|100%| O|  |TAMS 0x0000000091700000, 0x0000000091700000| Untracked 
| 280|0x0000000091800000, 0x0000000091900000, 0x0000000091900000|100%| O|  |TAMS 0x0000000091800000, 0x0000000091800000| Untracked 
| 281|0x0000000091900000, 0x0000000091a00000, 0x0000000091a00000|100%| O|  |TAMS 0x0000000091900000, 0x0000000091900000| Untracked 
| 282|0x0000000091a00000, 0x0000000091b00000, 0x0000000091b00000|100%| O|  |TAMS 0x0000000091a00000, 0x0000000091a00000| Untracked 
| 283|0x0000000091b00000, 0x0000000091c00000, 0x0000000091c00000|100%| O|  |TAMS 0x0000000091b00000, 0x0000000091b00000| Untracked 
| 284|0x0000000091c00000, 0x0000000091d00000, 0x0000000091d00000|100%| O|  |TAMS 0x0000000091c00000, 0x0000000091c00000| Untracked 
| 285|0x0000000091d00000, 0x0000000091e00000, 0x0000000091e00000|100%| O|  |TAMS 0x0000000091d00000, 0x0000000091d00000| Untracked 
| 286|0x0000000091e00000, 0x0000000091f00000, 0x0000000091f00000|100%| O|  |TAMS 0x0000000091e00000, 0x0000000091e00000| Untracked 
| 287|0x0000000091f00000, 0x0000000092000000, 0x0000000092000000|100%| O|  |TAMS 0x0000000091f00000, 0x0000000091f00000| Untracked 
| 288|0x0000000092000000, 0x0000000092100000, 0x0000000092100000|100%| O|  |TAMS 0x0000000092000000, 0x0000000092000000| Untracked 
| 289|0x0000000092100000, 0x0000000092200000, 0x0000000092200000|100%| O|  |TAMS 0x0000000092100000, 0x0000000092100000| Untracked 
| 290|0x0000000092200000, 0x0000000092300000, 0x0000000092300000|100%| O|  |TAMS 0x0000000092200000, 0x0000000092200000| Untracked 
| 291|0x0000000092300000, 0x0000000092400000, 0x0000000092400000|100%| O|  |TAMS 0x0000000092300000, 0x0000000092300000| Untracked 
| 292|0x0000000092400000, 0x0000000092500000, 0x0000000092500000|100%| O|  |TAMS 0x0000000092400000, 0x0000000092400000| Untracked 
| 293|0x0000000092500000, 0x0000000092600000, 0x0000000092600000|100%| O|  |TAMS 0x0000000092500000, 0x0000000092500000| Untracked 
| 294|0x0000000092600000, 0x0000000092700000, 0x0000000092700000|100%| O|  |TAMS 0x0000000092600000, 0x0000000092600000| Untracked 
| 295|0x0000000092700000, 0x0000000092800000, 0x0000000092800000|100%| O|  |TAMS 0x0000000092700000, 0x0000000092700000| Untracked 
| 296|0x0000000092800000, 0x0000000092900000, 0x0000000092900000|100%| O|  |TAMS 0x0000000092800000, 0x0000000092800000| Untracked 
| 297|0x0000000092900000, 0x0000000092a00000, 0x0000000092a00000|100%| O|  |TAMS 0x0000000092900000, 0x0000000092900000| Untracked 
| 298|0x0000000092a00000, 0x0000000092b00000, 0x0000000092b00000|100%| O|  |TAMS 0x0000000092a00000, 0x0000000092a00000| Untracked 
| 299|0x0000000092b00000, 0x0000000092c00000, 0x0000000092c00000|100%| O|  |TAMS 0x0000000092b00000, 0x0000000092b00000| Untracked 
| 300|0x0000000092c00000, 0x0000000092d00000, 0x0000000092d00000|100%| O|  |TAMS 0x0000000092c00000, 0x0000000092c00000| Untracked 
| 301|0x0000000092d00000, 0x0000000092e00000, 0x0000000092e00000|100%| O|  |TAMS 0x0000000092d00000, 0x0000000092d00000| Untracked 
| 302|0x0000000092e00000, 0x0000000092f00000, 0x0000000092f00000|100%| O|  |TAMS 0x0000000092e00000, 0x0000000092e00000| Untracked 
| 303|0x0000000092f00000, 0x0000000093000000, 0x0000000093000000|100%| O|  |TAMS 0x0000000092f00000, 0x0000000092f00000| Untracked 
| 304|0x0000000093000000, 0x0000000093100000, 0x0000000093100000|100%| O|  |TAMS 0x0000000093000000, 0x0000000093000000| Untracked 
| 305|0x0000000093100000, 0x0000000093200000, 0x0000000093200000|100%| O|  |TAMS 0x0000000093100000, 0x0000000093100000| Untracked 
| 306|0x0000000093200000, 0x0000000093300000, 0x0000000093300000|100%| O|  |TAMS 0x0000000093200000, 0x0000000093200000| Untracked 
| 307|0x0000000093300000, 0x0000000093400000, 0x0000000093400000|100%| O|  |TAMS 0x0000000093300000, 0x0000000093300000| Untracked 
| 308|0x0000000093400000, 0x0000000093500000, 0x0000000093500000|100%| O|  |TAMS 0x0000000093400000, 0x0000000093400000| Untracked 
| 309|0x0000000093500000, 0x0000000093600000, 0x0000000093600000|100%| O|  |TAMS 0x0000000093500000, 0x0000000093500000| Untracked 
| 310|0x0000000093600000, 0x0000000093700000, 0x0000000093700000|100%| O|  |TAMS 0x0000000093600000, 0x0000000093600000| Untracked 
| 311|0x0000000093700000, 0x0000000093800000, 0x0000000093800000|100%| O|  |TAMS 0x0000000093700000, 0x0000000093700000| Untracked 
| 312|0x0000000093800000, 0x0000000093900000, 0x0000000093900000|100%| O|  |TAMS 0x0000000093800000, 0x0000000093800000| Untracked 
| 313|0x0000000093900000, 0x0000000093a00000, 0x0000000093a00000|100%| O|  |TAMS 0x0000000093900000, 0x0000000093900000| Untracked 
| 314|0x0000000093a00000, 0x0000000093b00000, 0x0000000093b00000|100%| O|  |TAMS 0x0000000093a00000, 0x0000000093a00000| Untracked 
| 315|0x0000000093b00000, 0x0000000093c00000, 0x0000000093c00000|100%| O|  |TAMS 0x0000000093b00000, 0x0000000093b00000| Untracked 
| 316|0x0000000093c00000, 0x0000000093d00000, 0x0000000093d00000|100%| O|  |TAMS 0x0000000093c00000, 0x0000000093c00000| Untracked 
| 317|0x0000000093d00000, 0x0000000093e00000, 0x0000000093e00000|100%| O|  |TAMS 0x0000000093d00000, 0x0000000093d00000| Untracked 
| 318|0x0000000093e00000, 0x0000000093f00000, 0x0000000093f00000|100%| O|  |TAMS 0x0000000093e00000, 0x0000000093e00000| Untracked 
| 319|0x0000000093f00000, 0x0000000094000000, 0x0000000094000000|100%| O|  |TAMS 0x0000000093f00000, 0x0000000093f00000| Untracked 
| 320|0x0000000094000000, 0x0000000094100000, 0x0000000094100000|100%| O|  |TAMS 0x0000000094000000, 0x0000000094000000| Untracked 
| 321|0x0000000094100000, 0x0000000094200000, 0x0000000094200000|100%| O|  |TAMS 0x0000000094100000, 0x0000000094100000| Untracked 
| 322|0x0000000094200000, 0x0000000094300000, 0x0000000094300000|100%| O|  |TAMS 0x0000000094200000, 0x0000000094200000| Untracked 
| 323|0x0000000094300000, 0x0000000094400000, 0x0000000094400000|100%| O|  |TAMS 0x0000000094300000, 0x0000000094300000| Untracked 
| 324|0x0000000094400000, 0x0000000094500000, 0x0000000094500000|100%| O|  |TAMS 0x0000000094400000, 0x0000000094400000| Untracked 
| 325|0x0000000094500000, 0x0000000094600000, 0x0000000094600000|100%| O|  |TAMS 0x0000000094500000, 0x0000000094500000| Untracked 
| 326|0x0000000094600000, 0x0000000094700000, 0x0000000094700000|100%| O|  |TAMS 0x0000000094600000, 0x0000000094600000| Untracked 
| 327|0x0000000094700000, 0x0000000094800000, 0x0000000094800000|100%| O|  |TAMS 0x0000000094700000, 0x0000000094700000| Untracked 
| 328|0x0000000094800000, 0x0000000094900000, 0x0000000094900000|100%| O|  |TAMS 0x0000000094800000, 0x0000000094800000| Untracked 
| 329|0x0000000094900000, 0x0000000094a00000, 0x0000000094a00000|100%| O|  |TAMS 0x0000000094900000, 0x0000000094900000| Untracked 
| 330|0x0000000094a00000, 0x0000000094b00000, 0x0000000094b00000|100%| O|  |TAMS 0x0000000094a00000, 0x0000000094a00000| Untracked 
| 331|0x0000000094b00000, 0x0000000094c00000, 0x0000000094c00000|100%| O|  |TAMS 0x0000000094b00000, 0x0000000094b00000| Untracked 
| 332|0x0000000094c00000, 0x0000000094d00000, 0x0000000094d00000|100%| O|  |TAMS 0x0000000094c00000, 0x0000000094c00000| Untracked 
| 333|0x0000000094d00000, 0x0000000094e00000, 0x0000000094e00000|100%| O|  |TAMS 0x0000000094d00000, 0x0000000094d00000| Untracked 
| 334|0x0000000094e00000, 0x0000000094f00000, 0x0000000094f00000|100%| O|  |TAMS 0x0000000094e00000, 0x0000000094e00000| Untracked 
| 335|0x0000000094f00000, 0x0000000095000000, 0x0000000095000000|100%| O|  |TAMS 0x0000000094f00000, 0x0000000094f00000| Untracked 
| 336|0x0000000095000000, 0x0000000095100000, 0x0000000095100000|100%| O|  |TAMS 0x0000000095000000, 0x0000000095000000| Untracked 
| 337|0x0000000095100000, 0x0000000095200000, 0x0000000095200000|100%| O|  |TAMS 0x0000000095100000, 0x0000000095100000| Untracked 
| 338|0x0000000095200000, 0x0000000095300000, 0x0000000095300000|100%| O|  |TAMS 0x0000000095200000, 0x0000000095200000| Untracked 
| 339|0x0000000095300000, 0x0000000095400000, 0x0000000095400000|100%| O|  |TAMS 0x0000000095300000, 0x0000000095300000| Untracked 
| 340|0x0000000095400000, 0x0000000095500000, 0x0000000095500000|100%| O|  |TAMS 0x0000000095400000, 0x0000000095400000| Untracked 
| 341|0x0000000095500000, 0x0000000095600000, 0x0000000095600000|100%| O|  |TAMS 0x0000000095500000, 0x0000000095500000| Untracked 
| 342|0x0000000095600000, 0x0000000095700000, 0x0000000095700000|100%| O|  |TAMS 0x0000000095600000, 0x0000000095600000| Untracked 
| 343|0x0000000095700000, 0x0000000095800000, 0x0000000095800000|100%| O|  |TAMS 0x0000000095700000, 0x0000000095700000| Untracked 
| 344|0x0000000095800000, 0x0000000095900000, 0x0000000095900000|100%| O|  |TAMS 0x0000000095800000, 0x0000000095800000| Untracked 
| 345|0x0000000095900000, 0x0000000095a00000, 0x0000000095a00000|100%| O|  |TAMS 0x0000000095900000, 0x0000000095900000| Untracked 
| 346|0x0000000095a00000, 0x0000000095b00000, 0x0000000095b00000|100%| O|  |TAMS 0x0000000095a00000, 0x0000000095a00000| Untracked 
| 347|0x0000000095b00000, 0x0000000095c00000, 0x0000000095c00000|100%| O|  |TAMS 0x0000000095b00000, 0x0000000095b00000| Untracked 
| 348|0x0000000095c00000, 0x0000000095d00000, 0x0000000095d00000|100%| O|  |TAMS 0x0000000095c00000, 0x0000000095c00000| Untracked 
| 349|0x0000000095d00000, 0x0000000095e00000, 0x0000000095e00000|100%| O|  |TAMS 0x0000000095d00000, 0x0000000095d00000| Untracked 
| 350|0x0000000095e00000, 0x0000000095f00000, 0x0000000095f00000|100%| O|  |TAMS 0x0000000095e00000, 0x0000000095e00000| Untracked 
| 351|0x0000000095f00000, 0x0000000096000000, 0x0000000096000000|100%| O|  |TAMS 0x0000000095f00000, 0x0000000095f00000| Untracked 
| 352|0x0000000096000000, 0x0000000096100000, 0x0000000096100000|100%| O|  |TAMS 0x0000000096000000, 0x0000000096000000| Untracked 
| 353|0x0000000096100000, 0x0000000096200000, 0x0000000096200000|100%| O|  |TAMS 0x0000000096100000, 0x0000000096100000| Untracked 
| 354|0x0000000096200000, 0x0000000096300000, 0x0000000096300000|100%| O|  |TAMS 0x0000000096200000, 0x0000000096200000| Untracked 
| 355|0x0000000096300000, 0x0000000096400000, 0x0000000096400000|100%| O|  |TAMS 0x0000000096300000, 0x0000000096300000| Untracked 
| 356|0x0000000096400000, 0x0000000096500000, 0x0000000096500000|100%| O|  |TAMS 0x0000000096400000, 0x0000000096400000| Untracked 
| 357|0x0000000096500000, 0x0000000096600000, 0x0000000096600000|100%| O|  |TAMS 0x0000000096500000, 0x0000000096500000| Untracked 
| 358|0x0000000096600000, 0x0000000096700000, 0x0000000096700000|100%| O|  |TAMS 0x0000000096600000, 0x0000000096600000| Untracked 
| 359|0x0000000096700000, 0x0000000096800000, 0x0000000096800000|100%| O|  |TAMS 0x0000000096700000, 0x0000000096700000| Untracked 
| 360|0x0000000096800000, 0x0000000096900000, 0x0000000096900000|100%| O|  |TAMS 0x0000000096800000, 0x0000000096800000| Untracked 
| 361|0x0000000096900000, 0x0000000096a00000, 0x0000000096a00000|100%| O|  |TAMS 0x0000000096900000, 0x0000000096900000| Untracked 
| 362|0x0000000096a00000, 0x0000000096b00000, 0x0000000096b00000|100%| O|  |TAMS 0x0000000096a00000, 0x0000000096a00000| Untracked 
| 363|0x0000000096b00000, 0x0000000096c00000, 0x0000000096c00000|100%| O|  |TAMS 0x0000000096b00000, 0x0000000096b00000| Untracked 
| 364|0x0000000096c00000, 0x0000000096d00000, 0x0000000096d00000|100%| O|  |TAMS 0x0000000096c00000, 0x0000000096c00000| Untracked 
| 365|0x0000000096d00000, 0x0000000096e00000, 0x0000000096e00000|100%| O|  |TAMS 0x0000000096d00000, 0x0000000096d00000| Untracked 
| 366|0x0000000096e00000, 0x0000000096e48000, 0x0000000096f00000| 28%| O|  |TAMS 0x0000000096e00000, 0x0000000096e00000| Untracked 
| 367|0x0000000096f00000, 0x0000000097000000, 0x0000000097000000|100%|HS|  |TAMS 0x0000000096f00000, 0x0000000096f00000| Complete 
| 368|0x0000000097000000, 0x0000000097000000, 0x0000000097100000|  0%| F|  |TAMS 0x0000000097000000, 0x0000000097000000| Untracked 
| 369|0x0000000097100000, 0x0000000097100000, 0x0000000097200000|  0%| F|  |TAMS 0x0000000097100000, 0x0000000097100000| Untracked 
| 370|0x0000000097200000, 0x0000000097200000, 0x0000000097300000|  0%| F|  |TAMS 0x0000000097200000, 0x0000000097200000| Untracked 
| 371|0x0000000097300000, 0x0000000097300000, 0x0000000097400000|  0%| F|  |TAMS 0x0000000097300000, 0x0000000097300000| Untracked 
| 372|0x0000000097400000, 0x0000000097400000, 0x0000000097500000|  0%| F|  |TAMS 0x0000000097400000, 0x0000000097400000| Untracked 
| 373|0x0000000097500000, 0x0000000097500000, 0x0000000097600000|  0%| F|  |TAMS 0x0000000097500000, 0x0000000097500000| Untracked 
| 374|0x0000000097600000, 0x0000000097600000, 0x0000000097700000|  0%| F|  |TAMS 0x0000000097600000, 0x0000000097600000| Untracked 
| 375|0x0000000097700000, 0x0000000097700000, 0x0000000097800000|  0%| F|  |TAMS 0x0000000097700000, 0x0000000097700000| Untracked 
| 376|0x0000000097800000, 0x0000000097800000, 0x0000000097900000|  0%| F|  |TAMS 0x0000000097800000, 0x0000000097800000| Untracked 
| 377|0x0000000097900000, 0x0000000097900000, 0x0000000097a00000|  0%| F|  |TAMS 0x0000000097900000, 0x0000000097900000| Untracked 
| 378|0x0000000097a00000, 0x0000000097a00000, 0x0000000097b00000|  0%| F|  |TAMS 0x0000000097a00000, 0x0000000097a00000| Untracked 
| 379|0x0000000097b00000, 0x0000000097b00000, 0x0000000097c00000|  0%| F|  |TAMS 0x0000000097b00000, 0x0000000097b00000| Untracked 
| 380|0x0000000097c00000, 0x0000000097c00000, 0x0000000097d00000|  0%| F|  |TAMS 0x0000000097c00000, 0x0000000097c00000| Untracked 
| 381|0x0000000097d00000, 0x0000000097d00000, 0x0000000097e00000|  0%| F|  |TAMS 0x0000000097d00000, 0x0000000097d00000| Untracked 
| 382|0x0000000097e00000, 0x0000000097e00000, 0x0000000097f00000|  0%| F|  |TAMS 0x0000000097e00000, 0x0000000097e00000| Untracked 
| 383|0x0000000097f00000, 0x0000000097f00000, 0x0000000098000000|  0%| F|  |TAMS 0x0000000097f00000, 0x0000000097f00000| Untracked 
| 384|0x0000000098000000, 0x0000000098000000, 0x0000000098100000|  0%| F|  |TAMS 0x0000000098000000, 0x0000000098000000| Untracked 
| 385|0x0000000098100000, 0x0000000098100000, 0x0000000098200000|  0%| F|  |TAMS 0x0000000098100000, 0x0000000098100000| Untracked 
| 386|0x0000000098200000, 0x0000000098200000, 0x0000000098300000|  0%| F|  |TAMS 0x0000000098200000, 0x0000000098200000| Untracked 
| 387|0x0000000098300000, 0x0000000098300000, 0x0000000098400000|  0%| F|  |TAMS 0x0000000098300000, 0x0000000098300000| Untracked 
| 388|0x0000000098400000, 0x0000000098400000, 0x0000000098500000|  0%| F|  |TAMS 0x0000000098400000, 0x0000000098400000| Untracked 
| 389|0x0000000098500000, 0x0000000098500000, 0x0000000098600000|  0%| F|  |TAMS 0x0000000098500000, 0x0000000098500000| Untracked 
| 390|0x0000000098600000, 0x0000000098600000, 0x0000000098700000|  0%| F|  |TAMS 0x0000000098600000, 0x0000000098600000| Untracked 
| 391|0x0000000098700000, 0x0000000098700000, 0x0000000098800000|  0%| F|  |TAMS 0x0000000098700000, 0x0000000098700000| Untracked 
| 392|0x0000000098800000, 0x0000000098800000, 0x0000000098900000|  0%| F|  |TAMS 0x0000000098800000, 0x0000000098800000| Untracked 
| 393|0x0000000098900000, 0x0000000098900000, 0x0000000098a00000|  0%| F|  |TAMS 0x0000000098900000, 0x0000000098900000| Untracked 
| 394|0x0000000098a00000, 0x0000000098a00000, 0x0000000098b00000|  0%| F|  |TAMS 0x0000000098a00000, 0x0000000098a00000| Untracked 
| 395|0x0000000098b00000, 0x0000000098b00000, 0x0000000098c00000|  0%| F|  |TAMS 0x0000000098b00000, 0x0000000098b00000| Untracked 
| 396|0x0000000098c00000, 0x0000000098c00000, 0x0000000098d00000|  0%| F|  |TAMS 0x0000000098c00000, 0x0000000098c00000| Untracked 
| 397|0x0000000098d00000, 0x0000000098d00000, 0x0000000098e00000|  0%| F|  |TAMS 0x0000000098d00000, 0x0000000098d00000| Untracked 
| 398|0x0000000098e00000, 0x0000000098e00000, 0x0000000098f00000|  0%| F|  |TAMS 0x0000000098e00000, 0x0000000098e00000| Untracked 
| 399|0x0000000098f00000, 0x0000000098f00000, 0x0000000099000000|  0%| F|  |TAMS 0x0000000098f00000, 0x0000000098f00000| Untracked 
| 400|0x0000000099000000, 0x0000000099000000, 0x0000000099100000|  0%| F|  |TAMS 0x0000000099000000, 0x0000000099000000| Untracked 
| 401|0x0000000099100000, 0x0000000099100000, 0x0000000099200000|  0%| F|  |TAMS 0x0000000099100000, 0x0000000099100000| Untracked 
| 402|0x0000000099200000, 0x0000000099200000, 0x0000000099300000|  0%| F|  |TAMS 0x0000000099200000, 0x0000000099200000| Untracked 
| 403|0x0000000099300000, 0x0000000099300000, 0x0000000099400000|  0%| F|  |TAMS 0x0000000099300000, 0x0000000099300000| Untracked 
| 404|0x0000000099400000, 0x0000000099400000, 0x0000000099500000|  0%| F|  |TAMS 0x0000000099400000, 0x0000000099400000| Untracked 
| 405|0x0000000099500000, 0x0000000099500000, 0x0000000099600000|  0%| F|  |TAMS 0x0000000099500000, 0x0000000099500000| Untracked 
| 406|0x0000000099600000, 0x0000000099600000, 0x0000000099700000|  0%| F|  |TAMS 0x0000000099600000, 0x0000000099600000| Untracked 
| 407|0x0000000099700000, 0x0000000099700000, 0x0000000099800000|  0%| F|  |TAMS 0x0000000099700000, 0x0000000099700000| Untracked 
| 408|0x0000000099800000, 0x0000000099800000, 0x0000000099900000|  0%| F|  |TAMS 0x0000000099800000, 0x0000000099800000| Untracked 
| 409|0x0000000099900000, 0x0000000099900000, 0x0000000099a00000|  0%| F|  |TAMS 0x0000000099900000, 0x0000000099900000| Untracked 
| 410|0x0000000099a00000, 0x0000000099a00000, 0x0000000099b00000|  0%| F|  |TAMS 0x0000000099a00000, 0x0000000099a00000| Untracked 
| 411|0x0000000099b00000, 0x0000000099b00000, 0x0000000099c00000|  0%| F|  |TAMS 0x0000000099b00000, 0x0000000099b00000| Untracked 
| 412|0x0000000099c00000, 0x0000000099c00000, 0x0000000099d00000|  0%| F|  |TAMS 0x0000000099c00000, 0x0000000099c00000| Untracked 
| 413|0x0000000099d00000, 0x0000000099d00000, 0x0000000099e00000|  0%| F|  |TAMS 0x0000000099d00000, 0x0000000099d00000| Untracked 
| 414|0x0000000099e00000, 0x0000000099e00000, 0x0000000099f00000|  0%| F|  |TAMS 0x0000000099e00000, 0x0000000099e00000| Untracked 
| 415|0x0000000099f00000, 0x0000000099f00000, 0x000000009a000000|  0%| F|  |TAMS 0x0000000099f00000, 0x0000000099f00000| Untracked 
| 416|0x000000009a000000, 0x000000009a000000, 0x000000009a100000|  0%| F|  |TAMS 0x000000009a000000, 0x000000009a000000| Untracked 
| 417|0x000000009a100000, 0x000000009a100000, 0x000000009a200000|  0%| F|  |TAMS 0x000000009a100000, 0x000000009a100000| Untracked 
| 418|0x000000009a200000, 0x000000009a200000, 0x000000009a300000|  0%| F|  |TAMS 0x000000009a200000, 0x000000009a200000| Untracked 
| 419|0x000000009a300000, 0x000000009a300000, 0x000000009a400000|  0%| F|  |TAMS 0x000000009a300000, 0x000000009a300000| Untracked 
| 420|0x000000009a400000, 0x000000009a400000, 0x000000009a500000|  0%| F|  |TAMS 0x000000009a400000, 0x000000009a400000| Untracked 
| 421|0x000000009a500000, 0x000000009a500000, 0x000000009a600000|  0%| F|  |TAMS 0x000000009a500000, 0x000000009a500000| Untracked 
| 422|0x000000009a600000, 0x000000009a600000, 0x000000009a700000|  0%| F|  |TAMS 0x000000009a600000, 0x000000009a600000| Untracked 
| 423|0x000000009a700000, 0x000000009a700000, 0x000000009a800000|  0%| F|  |TAMS 0x000000009a700000, 0x000000009a700000| Untracked 
| 424|0x000000009a800000, 0x000000009a800000, 0x000000009a900000|  0%| F|  |TAMS 0x000000009a800000, 0x000000009a800000| Untracked 
| 425|0x000000009a900000, 0x000000009a900000, 0x000000009aa00000|  0%| F|  |TAMS 0x000000009a900000, 0x000000009a900000| Untracked 
| 426|0x000000009aa00000, 0x000000009aa00000, 0x000000009ab00000|  0%| F|  |TAMS 0x000000009aa00000, 0x000000009aa00000| Untracked 
| 427|0x000000009ab00000, 0x000000009ab00000, 0x000000009ac00000|  0%| F|  |TAMS 0x000000009ab00000, 0x000000009ab00000| Untracked 
| 428|0x000000009ac00000, 0x000000009ac00000, 0x000000009ad00000|  0%| F|  |TAMS 0x000000009ac00000, 0x000000009ac00000| Untracked 
| 429|0x000000009ad00000, 0x000000009ad00000, 0x000000009ae00000|  0%| F|  |TAMS 0x000000009ad00000, 0x000000009ad00000| Untracked 
| 430|0x000000009ae00000, 0x000000009ae00000, 0x000000009af00000|  0%| F|  |TAMS 0x000000009ae00000, 0x000000009ae00000| Untracked 
| 431|0x000000009af00000, 0x000000009af00000, 0x000000009b000000|  0%| F|  |TAMS 0x000000009af00000, 0x000000009af00000| Untracked 
| 432|0x000000009b000000, 0x000000009b000000, 0x000000009b100000|  0%| F|  |TAMS 0x000000009b000000, 0x000000009b000000| Untracked 
| 433|0x000000009b100000, 0x000000009b100000, 0x000000009b200000|  0%| F|  |TAMS 0x000000009b100000, 0x000000009b100000| Untracked 
| 434|0x000000009b200000, 0x000000009b200000, 0x000000009b300000|  0%| F|  |TAMS 0x000000009b200000, 0x000000009b200000| Untracked 
| 435|0x000000009b300000, 0x000000009b300000, 0x000000009b400000|  0%| F|  |TAMS 0x000000009b300000, 0x000000009b300000| Untracked 
| 436|0x000000009b400000, 0x000000009b400000, 0x000000009b500000|  0%| F|  |TAMS 0x000000009b400000, 0x000000009b400000| Untracked 
| 437|0x000000009b500000, 0x000000009b500000, 0x000000009b600000|  0%| F|  |TAMS 0x000000009b500000, 0x000000009b500000| Untracked 
| 438|0x000000009b600000, 0x000000009b700000, 0x000000009b700000|100%| S|CS|TAMS 0x000000009b600000, 0x000000009b600000| Complete 
| 439|0x000000009b700000, 0x000000009b800000, 0x000000009b800000|100%| S|CS|TAMS 0x000000009b700000, 0x000000009b700000| Complete 
| 440|0x000000009b800000, 0x000000009b800000, 0x000000009b900000|  0%| F|  |TAMS 0x000000009b800000, 0x000000009b800000| Untracked 
| 441|0x000000009b900000, 0x000000009b900000, 0x000000009ba00000|  0%| F|  |TAMS 0x000000009b900000, 0x000000009b900000| Untracked 
| 442|0x000000009ba00000, 0x000000009ba00000, 0x000000009bb00000|  0%| F|  |TAMS 0x000000009ba00000, 0x000000009ba00000| Untracked 
| 443|0x000000009bb00000, 0x000000009bb00000, 0x000000009bc00000|  0%| F|  |TAMS 0x000000009bb00000, 0x000000009bb00000| Untracked 
| 444|0x000000009bc00000, 0x000000009bc00000, 0x000000009bd00000|  0%| F|  |TAMS 0x000000009bc00000, 0x000000009bc00000| Untracked 
| 445|0x000000009bd00000, 0x000000009be00000, 0x000000009be00000|100%| S|CS|TAMS 0x000000009bd00000, 0x000000009bd00000| Complete 
| 446|0x000000009be00000, 0x000000009be00000, 0x000000009bf00000|  0%| F|  |TAMS 0x000000009be00000, 0x000000009be00000| Untracked 
| 447|0x000000009bf00000, 0x000000009bf00000, 0x000000009c000000|  0%| F|  |TAMS 0x000000009bf00000, 0x000000009bf00000| Untracked 
| 448|0x000000009c000000, 0x000000009c000000, 0x000000009c100000|  0%| F|  |TAMS 0x000000009c000000, 0x000000009c000000| Untracked 
| 449|0x000000009c100000, 0x000000009c100000, 0x000000009c200000|  0%| F|  |TAMS 0x000000009c100000, 0x000000009c100000| Untracked 
| 450|0x000000009c200000, 0x000000009c200000, 0x000000009c300000|  0%| F|  |TAMS 0x000000009c200000, 0x000000009c200000| Untracked 
| 451|0x000000009c300000, 0x000000009c300000, 0x000000009c400000|  0%| F|  |TAMS 0x000000009c300000, 0x000000009c300000| Untracked 
| 452|0x000000009c400000, 0x000000009c400000, 0x000000009c500000|  0%| F|  |TAMS 0x000000009c400000, 0x000000009c400000| Untracked 
| 453|0x000000009c500000, 0x000000009c500000, 0x000000009c600000|  0%| F|  |TAMS 0x000000009c500000, 0x000000009c500000| Untracked 
| 454|0x000000009c600000, 0x000000009c600000, 0x000000009c700000|  0%| F|  |TAMS 0x000000009c600000, 0x000000009c600000| Untracked 
| 455|0x000000009c700000, 0x000000009c700000, 0x000000009c800000|  0%| F|  |TAMS 0x000000009c700000, 0x000000009c700000| Untracked 
| 456|0x000000009c800000, 0x000000009c800000, 0x000000009c900000|  0%| F|  |TAMS 0x000000009c800000, 0x000000009c800000| Untracked 
| 457|0x000000009c900000, 0x000000009c900000, 0x000000009ca00000|  0%| F|  |TAMS 0x000000009c900000, 0x000000009c900000| Untracked 
| 458|0x000000009ca00000, 0x000000009ca00000, 0x000000009cb00000|  0%| F|  |TAMS 0x000000009ca00000, 0x000000009ca00000| Untracked 
| 459|0x000000009cb00000, 0x000000009cb00000, 0x000000009cc00000|  0%| F|  |TAMS 0x000000009cb00000, 0x000000009cb00000| Untracked 
| 460|0x000000009cc00000, 0x000000009cc00000, 0x000000009cd00000|  0%| F|  |TAMS 0x000000009cc00000, 0x000000009cc00000| Untracked 
| 461|0x000000009cd00000, 0x000000009cd00000, 0x000000009ce00000|  0%| F|  |TAMS 0x000000009cd00000, 0x000000009cd00000| Untracked 
| 462|0x000000009ce00000, 0x000000009ce00000, 0x000000009cf00000|  0%| F|  |TAMS 0x000000009ce00000, 0x000000009ce00000| Untracked 
| 463|0x000000009cf00000, 0x000000009cf00000, 0x000000009d000000|  0%| F|  |TAMS 0x000000009cf00000, 0x000000009cf00000| Untracked 
| 464|0x000000009d000000, 0x000000009d000000, 0x000000009d100000|  0%| F|  |TAMS 0x000000009d000000, 0x000000009d000000| Untracked 
| 465|0x000000009d100000, 0x000000009d100000, 0x000000009d200000|  0%| F|  |TAMS 0x000000009d100000, 0x000000009d100000| Untracked 
| 466|0x000000009d200000, 0x000000009d200000, 0x000000009d300000|  0%| F|  |TAMS 0x000000009d200000, 0x000000009d200000| Untracked 
| 467|0x000000009d300000, 0x000000009d300000, 0x000000009d400000|  0%| F|  |TAMS 0x000000009d300000, 0x000000009d300000| Untracked 
| 468|0x000000009d400000, 0x000000009d400000, 0x000000009d500000|  0%| F|  |TAMS 0x000000009d400000, 0x000000009d400000| Untracked 
| 469|0x000000009d500000, 0x000000009d500000, 0x000000009d600000|  0%| F|  |TAMS 0x000000009d500000, 0x000000009d500000| Untracked 
| 470|0x000000009d600000, 0x000000009d600000, 0x000000009d700000|  0%| F|  |TAMS 0x000000009d600000, 0x000000009d600000| Untracked 
| 471|0x000000009d700000, 0x000000009d700000, 0x000000009d800000|  0%| F|  |TAMS 0x000000009d700000, 0x000000009d700000| Untracked 
| 472|0x000000009d800000, 0x000000009d800000, 0x000000009d900000|  0%| F|  |TAMS 0x000000009d800000, 0x000000009d800000| Untracked 
| 473|0x000000009d900000, 0x000000009d900000, 0x000000009da00000|  0%| F|  |TAMS 0x000000009d900000, 0x000000009d900000| Untracked 
| 474|0x000000009da00000, 0x000000009da00000, 0x000000009db00000|  0%| F|  |TAMS 0x000000009da00000, 0x000000009da00000| Untracked 
| 475|0x000000009db00000, 0x000000009db00000, 0x000000009dc00000|  0%| F|  |TAMS 0x000000009db00000, 0x000000009db00000| Untracked 
| 476|0x000000009dc00000, 0x000000009dc00000, 0x000000009dd00000|  0%| F|  |TAMS 0x000000009dc00000, 0x000000009dc00000| Untracked 
| 477|0x000000009dd00000, 0x000000009dd00000, 0x000000009de00000|  0%| F|  |TAMS 0x000000009dd00000, 0x000000009dd00000| Untracked 
| 478|0x000000009de00000, 0x000000009de00000, 0x000000009df00000|  0%| F|  |TAMS 0x000000009de00000, 0x000000009de00000| Untracked 
| 479|0x000000009df00000, 0x000000009df00000, 0x000000009e000000|  0%| F|  |TAMS 0x000000009df00000, 0x000000009df00000| Untracked 
| 480|0x000000009e000000, 0x000000009e000000, 0x000000009e100000|  0%| F|  |TAMS 0x000000009e000000, 0x000000009e000000| Untracked 
| 481|0x000000009e100000, 0x000000009e100000, 0x000000009e200000|  0%| F|  |TAMS 0x000000009e100000, 0x000000009e100000| Untracked 
| 482|0x000000009e200000, 0x000000009e200000, 0x000000009e300000|  0%| F|  |TAMS 0x000000009e200000, 0x000000009e200000| Untracked 
| 483|0x000000009e300000, 0x000000009e300000, 0x000000009e400000|  0%| F|  |TAMS 0x000000009e300000, 0x000000009e300000| Untracked 
| 484|0x000000009e400000, 0x000000009e400000, 0x000000009e500000|  0%| F|  |TAMS 0x000000009e400000, 0x000000009e400000| Untracked 
| 485|0x000000009e500000, 0x000000009e500000, 0x000000009e600000|  0%| F|  |TAMS 0x000000009e500000, 0x000000009e500000| Untracked 
| 486|0x000000009e600000, 0x000000009e600000, 0x000000009e700000|  0%| F|  |TAMS 0x000000009e600000, 0x000000009e600000| Untracked 
| 487|0x000000009e700000, 0x000000009e700000, 0x000000009e800000|  0%| F|  |TAMS 0x000000009e700000, 0x000000009e700000| Untracked 
| 488|0x000000009e800000, 0x000000009e800000, 0x000000009e900000|  0%| F|  |TAMS 0x000000009e800000, 0x000000009e800000| Untracked 
| 489|0x000000009e900000, 0x000000009e900000, 0x000000009ea00000|  0%| F|  |TAMS 0x000000009e900000, 0x000000009e900000| Untracked 
| 490|0x000000009ea00000, 0x000000009ea00000, 0x000000009eb00000|  0%| F|  |TAMS 0x000000009ea00000, 0x000000009ea00000| Untracked 
| 491|0x000000009eb00000, 0x000000009eb00000, 0x000000009ec00000|  0%| F|  |TAMS 0x000000009eb00000, 0x000000009eb00000| Untracked 
| 492|0x000000009ec00000, 0x000000009ec00000, 0x000000009ed00000|  0%| F|  |TAMS 0x000000009ec00000, 0x000000009ec00000| Untracked 
| 493|0x000000009ed00000, 0x000000009ed00000, 0x000000009ee00000|  0%| F|  |TAMS 0x000000009ed00000, 0x000000009ed00000| Untracked 
| 494|0x000000009ee00000, 0x000000009ee00000, 0x000000009ef00000|  0%| F|  |TAMS 0x000000009ee00000, 0x000000009ee00000| Untracked 
| 495|0x000000009ef00000, 0x000000009ef00000, 0x000000009f000000|  0%| F|  |TAMS 0x000000009ef00000, 0x000000009ef00000| Untracked 
| 496|0x000000009f000000, 0x000000009f000000, 0x000000009f100000|  0%| F|  |TAMS 0x000000009f000000, 0x000000009f000000| Untracked 
| 497|0x000000009f100000, 0x000000009f100000, 0x000000009f200000|  0%| F|  |TAMS 0x000000009f100000, 0x000000009f100000| Untracked 
| 498|0x000000009f200000, 0x000000009f200000, 0x000000009f300000|  0%| F|  |TAMS 0x000000009f200000, 0x000000009f200000| Untracked 
| 499|0x000000009f300000, 0x000000009f300000, 0x000000009f400000|  0%| F|  |TAMS 0x000000009f300000, 0x000000009f300000| Untracked 
| 500|0x000000009f400000, 0x000000009f400000, 0x000000009f500000|  0%| F|  |TAMS 0x000000009f400000, 0x000000009f400000| Untracked 
| 501|0x000000009f500000, 0x000000009f500000, 0x000000009f600000|  0%| F|  |TAMS 0x000000009f500000, 0x000000009f500000| Untracked 
| 502|0x000000009f600000, 0x000000009f600000, 0x000000009f700000|  0%| F|  |TAMS 0x000000009f600000, 0x000000009f600000| Untracked 
| 503|0x000000009f700000, 0x000000009f700000, 0x000000009f800000|  0%| F|  |TAMS 0x000000009f700000, 0x000000009f700000| Untracked 
| 504|0x000000009f800000, 0x000000009f800000, 0x000000009f900000|  0%| F|  |TAMS 0x000000009f800000, 0x000000009f800000| Untracked 
| 505|0x000000009f900000, 0x000000009f900000, 0x000000009fa00000|  0%| F|  |TAMS 0x000000009f900000, 0x000000009f900000| Untracked 
| 506|0x000000009fa00000, 0x000000009fa00000, 0x000000009fb00000|  0%| F|  |TAMS 0x000000009fa00000, 0x000000009fa00000| Untracked 
| 507|0x000000009fb00000, 0x000000009fb00000, 0x000000009fc00000|  0%| F|  |TAMS 0x000000009fb00000, 0x000000009fb00000| Untracked 
| 508|0x000000009fc00000, 0x000000009fc00000, 0x000000009fd00000|  0%| F|  |TAMS 0x000000009fc00000, 0x000000009fc00000| Untracked 
| 509|0x000000009fd00000, 0x000000009fd00000, 0x000000009fe00000|  0%| F|  |TAMS 0x000000009fd00000, 0x000000009fd00000| Untracked 
| 510|0x000000009fe00000, 0x000000009fe00000, 0x000000009ff00000|  0%| F|  |TAMS 0x000000009fe00000, 0x000000009fe00000| Untracked 
| 511|0x000000009ff00000, 0x000000009ff00000, 0x00000000a0000000|  0%| F|  |TAMS 0x000000009ff00000, 0x000000009ff00000| Untracked 
| 512|0x00000000a0000000, 0x00000000a0000000, 0x00000000a0100000|  0%| F|  |TAMS 0x00000000a0000000, 0x00000000a0000000| Untracked 
| 513|0x00000000a0100000, 0x00000000a0100000, 0x00000000a0200000|  0%| F|  |TAMS 0x00000000a0100000, 0x00000000a0100000| Untracked 
| 514|0x00000000a0200000, 0x00000000a0200000, 0x00000000a0300000|  0%| F|  |TAMS 0x00000000a0200000, 0x00000000a0200000| Untracked 
| 515|0x00000000a0300000, 0x00000000a0300000, 0x00000000a0400000|  0%| F|  |TAMS 0x00000000a0300000, 0x00000000a0300000| Untracked 
| 516|0x00000000a0400000, 0x00000000a0400000, 0x00000000a0500000|  0%| F|  |TAMS 0x00000000a0400000, 0x00000000a0400000| Untracked 
| 517|0x00000000a0500000, 0x00000000a0500000, 0x00000000a0600000|  0%| F|  |TAMS 0x00000000a0500000, 0x00000000a0500000| Untracked 
| 518|0x00000000a0600000, 0x00000000a0600000, 0x00000000a0700000|  0%| F|  |TAMS 0x00000000a0600000, 0x00000000a0600000| Untracked 
| 519|0x00000000a0700000, 0x00000000a0700000, 0x00000000a0800000|  0%| F|  |TAMS 0x00000000a0700000, 0x00000000a0700000| Untracked 
| 520|0x00000000a0800000, 0x00000000a0800000, 0x00000000a0900000|  0%| F|  |TAMS 0x00000000a0800000, 0x00000000a0800000| Untracked 
| 521|0x00000000a0900000, 0x00000000a0900000, 0x00000000a0a00000|  0%| F|  |TAMS 0x00000000a0900000, 0x00000000a0900000| Untracked 
| 522|0x00000000a0a00000, 0x00000000a0a00000, 0x00000000a0b00000|  0%| F|  |TAMS 0x00000000a0a00000, 0x00000000a0a00000| Untracked 
| 523|0x00000000a0b00000, 0x00000000a0b00000, 0x00000000a0c00000|  0%| F|  |TAMS 0x00000000a0b00000, 0x00000000a0b00000| Untracked 
| 524|0x00000000a0c00000, 0x00000000a0c00000, 0x00000000a0d00000|  0%| F|  |TAMS 0x00000000a0c00000, 0x00000000a0c00000| Untracked 
| 525|0x00000000a0d00000, 0x00000000a0d00000, 0x00000000a0e00000|  0%| F|  |TAMS 0x00000000a0d00000, 0x00000000a0d00000| Untracked 
| 526|0x00000000a0e00000, 0x00000000a0e00000, 0x00000000a0f00000|  0%| F|  |TAMS 0x00000000a0e00000, 0x00000000a0e00000| Untracked 
| 527|0x00000000a0f00000, 0x00000000a0f00000, 0x00000000a1000000|  0%| F|  |TAMS 0x00000000a0f00000, 0x00000000a0f00000| Untracked 
| 528|0x00000000a1000000, 0x00000000a1000000, 0x00000000a1100000|  0%| F|  |TAMS 0x00000000a1000000, 0x00000000a1000000| Untracked 
| 529|0x00000000a1100000, 0x00000000a1100000, 0x00000000a1200000|  0%| F|  |TAMS 0x00000000a1100000, 0x00000000a1100000| Untracked 
| 530|0x00000000a1200000, 0x00000000a1200000, 0x00000000a1300000|  0%| F|  |TAMS 0x00000000a1200000, 0x00000000a1200000| Untracked 
| 531|0x00000000a1300000, 0x00000000a1300000, 0x00000000a1400000|  0%| F|  |TAMS 0x00000000a1300000, 0x00000000a1300000| Untracked 
| 532|0x00000000a1400000, 0x00000000a1400000, 0x00000000a1500000|  0%| F|  |TAMS 0x00000000a1400000, 0x00000000a1400000| Untracked 
| 533|0x00000000a1500000, 0x00000000a1500000, 0x00000000a1600000|  0%| F|  |TAMS 0x00000000a1500000, 0x00000000a1500000| Untracked 
| 534|0x00000000a1600000, 0x00000000a1600000, 0x00000000a1700000|  0%| F|  |TAMS 0x00000000a1600000, 0x00000000a1600000| Untracked 
| 535|0x00000000a1700000, 0x00000000a1700000, 0x00000000a1800000|  0%| F|  |TAMS 0x00000000a1700000, 0x00000000a1700000| Untracked 
| 536|0x00000000a1800000, 0x00000000a1800000, 0x00000000a1900000|  0%| F|  |TAMS 0x00000000a1800000, 0x00000000a1800000| Untracked 
| 537|0x00000000a1900000, 0x00000000a1900000, 0x00000000a1a00000|  0%| F|  |TAMS 0x00000000a1900000, 0x00000000a1900000| Untracked 
| 538|0x00000000a1a00000, 0x00000000a1a00000, 0x00000000a1b00000|  0%| F|  |TAMS 0x00000000a1a00000, 0x00000000a1a00000| Untracked 
| 539|0x00000000a1b00000, 0x00000000a1b00000, 0x00000000a1c00000|  0%| F|  |TAMS 0x00000000a1b00000, 0x00000000a1b00000| Untracked 
| 540|0x00000000a1c00000, 0x00000000a1c00000, 0x00000000a1d00000|  0%| F|  |TAMS 0x00000000a1c00000, 0x00000000a1c00000| Untracked 
| 541|0x00000000a1d00000, 0x00000000a1d00000, 0x00000000a1e00000|  0%| F|  |TAMS 0x00000000a1d00000, 0x00000000a1d00000| Untracked 
| 542|0x00000000a1e00000, 0x00000000a1e00000, 0x00000000a1f00000|  0%| F|  |TAMS 0x00000000a1e00000, 0x00000000a1e00000| Untracked 
| 543|0x00000000a1f00000, 0x00000000a1f00000, 0x00000000a2000000|  0%| F|  |TAMS 0x00000000a1f00000, 0x00000000a1f00000| Untracked 
| 544|0x00000000a2000000, 0x00000000a2000000, 0x00000000a2100000|  0%| F|  |TAMS 0x00000000a2000000, 0x00000000a2000000| Untracked 
| 545|0x00000000a2100000, 0x00000000a2100000, 0x00000000a2200000|  0%| F|  |TAMS 0x00000000a2100000, 0x00000000a2100000| Untracked 
| 546|0x00000000a2200000, 0x00000000a2200000, 0x00000000a2300000|  0%| F|  |TAMS 0x00000000a2200000, 0x00000000a2200000| Untracked 
| 547|0x00000000a2300000, 0x00000000a2300000, 0x00000000a2400000|  0%| F|  |TAMS 0x00000000a2300000, 0x00000000a2300000| Untracked 
| 548|0x00000000a2400000, 0x00000000a2400000, 0x00000000a2500000|  0%| F|  |TAMS 0x00000000a2400000, 0x00000000a2400000| Untracked 
| 549|0x00000000a2500000, 0x00000000a2500000, 0x00000000a2600000|  0%| F|  |TAMS 0x00000000a2500000, 0x00000000a2500000| Untracked 
| 550|0x00000000a2600000, 0x00000000a2600000, 0x00000000a2700000|  0%| F|  |TAMS 0x00000000a2600000, 0x00000000a2600000| Untracked 
| 551|0x00000000a2700000, 0x00000000a2700000, 0x00000000a2800000|  0%| F|  |TAMS 0x00000000a2700000, 0x00000000a2700000| Untracked 
| 552|0x00000000a2800000, 0x00000000a2800000, 0x00000000a2900000|  0%| F|  |TAMS 0x00000000a2800000, 0x00000000a2800000| Untracked 
| 553|0x00000000a2900000, 0x00000000a2900000, 0x00000000a2a00000|  0%| F|  |TAMS 0x00000000a2900000, 0x00000000a2900000| Untracked 
| 554|0x00000000a2a00000, 0x00000000a2a00000, 0x00000000a2b00000|  0%| F|  |TAMS 0x00000000a2a00000, 0x00000000a2a00000| Untracked 
| 555|0x00000000a2b00000, 0x00000000a2b00000, 0x00000000a2c00000|  0%| F|  |TAMS 0x00000000a2b00000, 0x00000000a2b00000| Untracked 
| 556|0x00000000a2c00000, 0x00000000a2c00000, 0x00000000a2d00000|  0%| F|  |TAMS 0x00000000a2c00000, 0x00000000a2c00000| Untracked 
| 557|0x00000000a2d00000, 0x00000000a2d00000, 0x00000000a2e00000|  0%| F|  |TAMS 0x00000000a2d00000, 0x00000000a2d00000| Untracked 
| 558|0x00000000a2e00000, 0x00000000a2e00000, 0x00000000a2f00000|  0%| F|  |TAMS 0x00000000a2e00000, 0x00000000a2e00000| Untracked 
| 559|0x00000000a2f00000, 0x00000000a2f00000, 0x00000000a3000000|  0%| F|  |TAMS 0x00000000a2f00000, 0x00000000a2f00000| Untracked 
| 560|0x00000000a3000000, 0x00000000a3000000, 0x00000000a3100000|  0%| F|  |TAMS 0x00000000a3000000, 0x00000000a3000000| Untracked 
| 561|0x00000000a3100000, 0x00000000a3100000, 0x00000000a3200000|  0%| F|  |TAMS 0x00000000a3100000, 0x00000000a3100000| Untracked 
| 562|0x00000000a3200000, 0x00000000a3200000, 0x00000000a3300000|  0%| F|  |TAMS 0x00000000a3200000, 0x00000000a3200000| Untracked 
| 563|0x00000000a3300000, 0x00000000a3300000, 0x00000000a3400000|  0%| F|  |TAMS 0x00000000a3300000, 0x00000000a3300000| Untracked 
| 564|0x00000000a3400000, 0x00000000a3400000, 0x00000000a3500000|  0%| F|  |TAMS 0x00000000a3400000, 0x00000000a3400000| Untracked 
| 565|0x00000000a3500000, 0x00000000a3500000, 0x00000000a3600000|  0%| F|  |TAMS 0x00000000a3500000, 0x00000000a3500000| Untracked 
| 566|0x00000000a3600000, 0x00000000a3600000, 0x00000000a3700000|  0%| F|  |TAMS 0x00000000a3600000, 0x00000000a3600000| Untracked 
| 567|0x00000000a3700000, 0x00000000a3700000, 0x00000000a3800000|  0%| F|  |TAMS 0x00000000a3700000, 0x00000000a3700000| Untracked 
| 568|0x00000000a3800000, 0x00000000a3800000, 0x00000000a3900000|  0%| F|  |TAMS 0x00000000a3800000, 0x00000000a3800000| Untracked 
| 569|0x00000000a3900000, 0x00000000a3900000, 0x00000000a3a00000|  0%| F|  |TAMS 0x00000000a3900000, 0x00000000a3900000| Untracked 
| 570|0x00000000a3a00000, 0x00000000a3a00000, 0x00000000a3b00000|  0%| F|  |TAMS 0x00000000a3a00000, 0x00000000a3a00000| Untracked 
| 571|0x00000000a3b00000, 0x00000000a3b00000, 0x00000000a3c00000|  0%| F|  |TAMS 0x00000000a3b00000, 0x00000000a3b00000| Untracked 
| 572|0x00000000a3c00000, 0x00000000a3c00000, 0x00000000a3d00000|  0%| F|  |TAMS 0x00000000a3c00000, 0x00000000a3c00000| Untracked 
| 573|0x00000000a3d00000, 0x00000000a3d00000, 0x00000000a3e00000|  0%| F|  |TAMS 0x00000000a3d00000, 0x00000000a3d00000| Untracked 
| 574|0x00000000a3e00000, 0x00000000a3e00000, 0x00000000a3f00000|  0%| F|  |TAMS 0x00000000a3e00000, 0x00000000a3e00000| Untracked 
| 575|0x00000000a3f00000, 0x00000000a3f00000, 0x00000000a4000000|  0%| F|  |TAMS 0x00000000a3f00000, 0x00000000a3f00000| Untracked 
| 576|0x00000000a4000000, 0x00000000a4000000, 0x00000000a4100000|  0%| F|  |TAMS 0x00000000a4000000, 0x00000000a4000000| Untracked 
| 577|0x00000000a4100000, 0x00000000a4100000, 0x00000000a4200000|  0%| F|  |TAMS 0x00000000a4100000, 0x00000000a4100000| Untracked 
| 578|0x00000000a4200000, 0x00000000a4200000, 0x00000000a4300000|  0%| F|  |TAMS 0x00000000a4200000, 0x00000000a4200000| Untracked 
| 579|0x00000000a4300000, 0x00000000a4300000, 0x00000000a4400000|  0%| F|  |TAMS 0x00000000a4300000, 0x00000000a4300000| Untracked 
| 580|0x00000000a4400000, 0x00000000a4400000, 0x00000000a4500000|  0%| F|  |TAMS 0x00000000a4400000, 0x00000000a4400000| Untracked 
| 581|0x00000000a4500000, 0x00000000a4500000, 0x00000000a4600000|  0%| F|  |TAMS 0x00000000a4500000, 0x00000000a4500000| Untracked 
| 582|0x00000000a4600000, 0x00000000a4600000, 0x00000000a4700000|  0%| F|  |TAMS 0x00000000a4600000, 0x00000000a4600000| Untracked 
| 583|0x00000000a4700000, 0x00000000a4700000, 0x00000000a4800000|  0%| F|  |TAMS 0x00000000a4700000, 0x00000000a4700000| Untracked 
| 584|0x00000000a4800000, 0x00000000a4800000, 0x00000000a4900000|  0%| F|  |TAMS 0x00000000a4800000, 0x00000000a4800000| Untracked 
| 585|0x00000000a4900000, 0x00000000a4900000, 0x00000000a4a00000|  0%| F|  |TAMS 0x00000000a4900000, 0x00000000a4900000| Untracked 
| 586|0x00000000a4a00000, 0x00000000a4a00000, 0x00000000a4b00000|  0%| F|  |TAMS 0x00000000a4a00000, 0x00000000a4a00000| Untracked 
| 587|0x00000000a4b00000, 0x00000000a4b00000, 0x00000000a4c00000|  0%| F|  |TAMS 0x00000000a4b00000, 0x00000000a4b00000| Untracked 
| 588|0x00000000a4c00000, 0x00000000a4c00000, 0x00000000a4d00000|  0%| F|  |TAMS 0x00000000a4c00000, 0x00000000a4c00000| Untracked 
| 589|0x00000000a4d00000, 0x00000000a4d00000, 0x00000000a4e00000|  0%| F|  |TAMS 0x00000000a4d00000, 0x00000000a4d00000| Untracked 
| 590|0x00000000a4e00000, 0x00000000a4e00000, 0x00000000a4f00000|  0%| F|  |TAMS 0x00000000a4e00000, 0x00000000a4e00000| Untracked 
| 591|0x00000000a4f00000, 0x00000000a4f00000, 0x00000000a5000000|  0%| F|  |TAMS 0x00000000a4f00000, 0x00000000a4f00000| Untracked 
| 592|0x00000000a5000000, 0x00000000a5000000, 0x00000000a5100000|  0%| F|  |TAMS 0x00000000a5000000, 0x00000000a5000000| Untracked 
| 593|0x00000000a5100000, 0x00000000a5100000, 0x00000000a5200000|  0%| F|  |TAMS 0x00000000a5100000, 0x00000000a5100000| Untracked 
| 594|0x00000000a5200000, 0x00000000a5200000, 0x00000000a5300000|  0%| F|  |TAMS 0x00000000a5200000, 0x00000000a5200000| Untracked 
| 595|0x00000000a5300000, 0x00000000a5300000, 0x00000000a5400000|  0%| F|  |TAMS 0x00000000a5300000, 0x00000000a5300000| Untracked 
| 596|0x00000000a5400000, 0x00000000a5400000, 0x00000000a5500000|  0%| F|  |TAMS 0x00000000a5400000, 0x00000000a5400000| Untracked 
| 597|0x00000000a5500000, 0x00000000a5500000, 0x00000000a5600000|  0%| F|  |TAMS 0x00000000a5500000, 0x00000000a5500000| Untracked 
| 598|0x00000000a5600000, 0x00000000a5600000, 0x00000000a5700000|  0%| F|  |TAMS 0x00000000a5600000, 0x00000000a5600000| Untracked 
| 599|0x00000000a5700000, 0x00000000a5700000, 0x00000000a5800000|  0%| F|  |TAMS 0x00000000a5700000, 0x00000000a5700000| Untracked 
| 600|0x00000000a5800000, 0x00000000a5800000, 0x00000000a5900000|  0%| F|  |TAMS 0x00000000a5800000, 0x00000000a5800000| Untracked 
| 601|0x00000000a5900000, 0x00000000a5900000, 0x00000000a5a00000|  0%| F|  |TAMS 0x00000000a5900000, 0x00000000a5900000| Untracked 
| 602|0x00000000a5a00000, 0x00000000a5a00000, 0x00000000a5b00000|  0%| F|  |TAMS 0x00000000a5a00000, 0x00000000a5a00000| Untracked 
| 603|0x00000000a5b00000, 0x00000000a5b00000, 0x00000000a5c00000|  0%| F|  |TAMS 0x00000000a5b00000, 0x00000000a5b00000| Untracked 
| 604|0x00000000a5c00000, 0x00000000a5c00000, 0x00000000a5d00000|  0%| F|  |TAMS 0x00000000a5c00000, 0x00000000a5c00000| Untracked 
| 605|0x00000000a5d00000, 0x00000000a5d00000, 0x00000000a5e00000|  0%| F|  |TAMS 0x00000000a5d00000, 0x00000000a5d00000| Untracked 
| 606|0x00000000a5e00000, 0x00000000a5e00000, 0x00000000a5f00000|  0%| F|  |TAMS 0x00000000a5e00000, 0x00000000a5e00000| Untracked 
| 607|0x00000000a5f00000, 0x00000000a5f00000, 0x00000000a6000000|  0%| F|  |TAMS 0x00000000a5f00000, 0x00000000a5f00000| Untracked 
| 608|0x00000000a6000000, 0x00000000a6100000, 0x00000000a6100000|100%| E|CS|TAMS 0x00000000a6000000, 0x00000000a6000000| Complete 
| 609|0x00000000a6100000, 0x00000000a6200000, 0x00000000a6200000|100%| E|CS|TAMS 0x00000000a6100000, 0x00000000a6100000| Complete 
| 610|0x00000000a6200000, 0x00000000a6300000, 0x00000000a6300000|100%| E|CS|TAMS 0x00000000a6200000, 0x00000000a6200000| Complete 
| 611|0x00000000a6300000, 0x00000000a6400000, 0x00000000a6400000|100%| E|CS|TAMS 0x00000000a6300000, 0x00000000a6300000| Complete 
| 612|0x00000000a6400000, 0x00000000a6500000, 0x00000000a6500000|100%| E|CS|TAMS 0x00000000a6400000, 0x00000000a6400000| Complete 
| 613|0x00000000a6500000, 0x00000000a6600000, 0x00000000a6600000|100%| E|CS|TAMS 0x00000000a6500000, 0x00000000a6500000| Complete 
| 614|0x00000000a6600000, 0x00000000a6700000, 0x00000000a6700000|100%| E|CS|TAMS 0x00000000a6600000, 0x00000000a6600000| Complete 
| 615|0x00000000a6700000, 0x00000000a6800000, 0x00000000a6800000|100%| E|CS|TAMS 0x00000000a6700000, 0x00000000a6700000| Complete 
| 616|0x00000000a6800000, 0x00000000a6900000, 0x00000000a6900000|100%| E|CS|TAMS 0x00000000a6800000, 0x00000000a6800000| Complete 
| 617|0x00000000a6900000, 0x00000000a6a00000, 0x00000000a6a00000|100%| E|CS|TAMS 0x00000000a6900000, 0x00000000a6900000| Complete 
| 618|0x00000000a6a00000, 0x00000000a6b00000, 0x00000000a6b00000|100%| E|CS|TAMS 0x00000000a6a00000, 0x00000000a6a00000| Complete 
| 619|0x00000000a6b00000, 0x00000000a6c00000, 0x00000000a6c00000|100%| E|CS|TAMS 0x00000000a6b00000, 0x00000000a6b00000| Complete 
| 620|0x00000000a6c00000, 0x00000000a6d00000, 0x00000000a6d00000|100%| E|CS|TAMS 0x00000000a6c00000, 0x00000000a6c00000| Complete 
| 621|0x00000000a6d00000, 0x00000000a6e00000, 0x00000000a6e00000|100%| E|CS|TAMS 0x00000000a6d00000, 0x00000000a6d00000| Complete 
| 622|0x00000000a6e00000, 0x00000000a6f00000, 0x00000000a6f00000|100%| E|CS|TAMS 0x00000000a6e00000, 0x00000000a6e00000| Complete 
| 623|0x00000000a6f00000, 0x00000000a7000000, 0x00000000a7000000|100%| E|CS|TAMS 0x00000000a6f00000, 0x00000000a6f00000| Complete 
| 624|0x00000000a7000000, 0x00000000a7100000, 0x00000000a7100000|100%| E|CS|TAMS 0x00000000a7000000, 0x00000000a7000000| Complete 
| 625|0x00000000a7100000, 0x00000000a7200000, 0x00000000a7200000|100%| E|CS|TAMS 0x00000000a7100000, 0x00000000a7100000| Complete 
| 626|0x00000000a7200000, 0x00000000a7300000, 0x00000000a7300000|100%| E|CS|TAMS 0x00000000a7200000, 0x00000000a7200000| Complete 
| 627|0x00000000a7300000, 0x00000000a7400000, 0x00000000a7400000|100%| E|CS|TAMS 0x00000000a7300000, 0x00000000a7300000| Complete 
| 628|0x00000000a7400000, 0x00000000a7500000, 0x00000000a7500000|100%| E|CS|TAMS 0x00000000a7400000, 0x00000000a7400000| Complete 
| 629|0x00000000a7500000, 0x00000000a7600000, 0x00000000a7600000|100%| E|CS|TAMS 0x00000000a7500000, 0x00000000a7500000| Complete 
| 630|0x00000000a7600000, 0x00000000a7700000, 0x00000000a7700000|100%| E|CS|TAMS 0x00000000a7600000, 0x00000000a7600000| Complete 
| 631|0x00000000a7700000, 0x00000000a7800000, 0x00000000a7800000|100%| E|CS|TAMS 0x00000000a7700000, 0x00000000a7700000| Complete 
| 632|0x00000000a7800000, 0x00000000a7900000, 0x00000000a7900000|100%| E|CS|TAMS 0x00000000a7800000, 0x00000000a7800000| Complete 
| 633|0x00000000a7900000, 0x00000000a7a00000, 0x00000000a7a00000|100%| E|CS|TAMS 0x00000000a7900000, 0x00000000a7900000| Complete 
| 634|0x00000000a7a00000, 0x00000000a7b00000, 0x00000000a7b00000|100%| E|CS|TAMS 0x00000000a7a00000, 0x00000000a7a00000| Complete 
| 635|0x00000000a7b00000, 0x00000000a7c00000, 0x00000000a7c00000|100%| E|CS|TAMS 0x00000000a7b00000, 0x00000000a7b00000| Complete 
| 636|0x00000000a7c00000, 0x00000000a7d00000, 0x00000000a7d00000|100%| E|CS|TAMS 0x00000000a7c00000, 0x00000000a7c00000| Complete 
| 637|0x00000000a7d00000, 0x00000000a7e00000, 0x00000000a7e00000|100%| E|CS|TAMS 0x00000000a7d00000, 0x00000000a7d00000| Complete 
| 638|0x00000000a7e00000, 0x00000000a7f00000, 0x00000000a7f00000|100%| E|CS|TAMS 0x00000000a7e00000, 0x00000000a7e00000| Complete 
| 639|0x00000000a7f00000, 0x00000000a8000000, 0x00000000a8000000|100%| E|CS|TAMS 0x00000000a7f00000, 0x00000000a7f00000| Complete 
| 640|0x00000000a8000000, 0x00000000a8100000, 0x00000000a8100000|100%| E|CS|TAMS 0x00000000a8000000, 0x00000000a8000000| Complete 
| 641|0x00000000a8100000, 0x00000000a8200000, 0x00000000a8200000|100%| E|CS|TAMS 0x00000000a8100000, 0x00000000a8100000| Complete 
| 642|0x00000000a8200000, 0x00000000a8300000, 0x00000000a8300000|100%| E|CS|TAMS 0x00000000a8200000, 0x00000000a8200000| Complete 
| 643|0x00000000a8300000, 0x00000000a8400000, 0x00000000a8400000|100%| E|CS|TAMS 0x00000000a8300000, 0x00000000a8300000| Complete 
| 644|0x00000000a8400000, 0x00000000a8500000, 0x00000000a8500000|100%| E|CS|TAMS 0x00000000a8400000, 0x00000000a8400000| Complete 
| 645|0x00000000a8500000, 0x00000000a8600000, 0x00000000a8600000|100%| E|CS|TAMS 0x00000000a8500000, 0x00000000a8500000| Complete 
| 646|0x00000000a8600000, 0x00000000a8700000, 0x00000000a8700000|100%| E|CS|TAMS 0x00000000a8600000, 0x00000000a8600000| Complete 
| 647|0x00000000a8700000, 0x00000000a8800000, 0x00000000a8800000|100%| E|CS|TAMS 0x00000000a8700000, 0x00000000a8700000| Complete 
| 648|0x00000000a8800000, 0x00000000a8900000, 0x00000000a8900000|100%| E|CS|TAMS 0x00000000a8800000, 0x00000000a8800000| Complete 
| 649|0x00000000a8900000, 0x00000000a8a00000, 0x00000000a8a00000|100%| E|CS|TAMS 0x00000000a8900000, 0x00000000a8900000| Complete 
| 650|0x00000000a8a00000, 0x00000000a8b00000, 0x00000000a8b00000|100%| E|CS|TAMS 0x00000000a8a00000, 0x00000000a8a00000| Complete 
| 651|0x00000000a8b00000, 0x00000000a8c00000, 0x00000000a8c00000|100%| E|CS|TAMS 0x00000000a8b00000, 0x00000000a8b00000| Complete 
| 652|0x00000000a8c00000, 0x00000000a8d00000, 0x00000000a8d00000|100%| E|CS|TAMS 0x00000000a8c00000, 0x00000000a8c00000| Complete 
| 653|0x00000000a8d00000, 0x00000000a8e00000, 0x00000000a8e00000|100%| E|CS|TAMS 0x00000000a8d00000, 0x00000000a8d00000| Complete 
| 654|0x00000000a8e00000, 0x00000000a8f00000, 0x00000000a8f00000|100%| E|CS|TAMS 0x00000000a8e00000, 0x00000000a8e00000| Complete 
| 655|0x00000000a8f00000, 0x00000000a9000000, 0x00000000a9000000|100%| E|CS|TAMS 0x00000000a8f00000, 0x00000000a8f00000| Complete 
| 656|0x00000000a9000000, 0x00000000a9100000, 0x00000000a9100000|100%| E|CS|TAMS 0x00000000a9000000, 0x00000000a9000000| Complete 
| 657|0x00000000a9100000, 0x00000000a9200000, 0x00000000a9200000|100%| E|CS|TAMS 0x00000000a9100000, 0x00000000a9100000| Complete 
| 658|0x00000000a9200000, 0x00000000a9300000, 0x00000000a9300000|100%| E|CS|TAMS 0x00000000a9200000, 0x00000000a9200000| Complete 
| 659|0x00000000a9300000, 0x00000000a9400000, 0x00000000a9400000|100%| E|CS|TAMS 0x00000000a9300000, 0x00000000a9300000| Complete 
| 660|0x00000000a9400000, 0x00000000a9500000, 0x00000000a9500000|100%| E|CS|TAMS 0x00000000a9400000, 0x00000000a9400000| Complete 
| 661|0x00000000a9500000, 0x00000000a9600000, 0x00000000a9600000|100%| E|CS|TAMS 0x00000000a9500000, 0x00000000a9500000| Complete 
| 662|0x00000000a9600000, 0x00000000a9700000, 0x00000000a9700000|100%| E|CS|TAMS 0x00000000a9600000, 0x00000000a9600000| Complete 
| 663|0x00000000a9700000, 0x00000000a9800000, 0x00000000a9800000|100%| E|CS|TAMS 0x00000000a9700000, 0x00000000a9700000| Complete 
| 664|0x00000000a9800000, 0x00000000a9900000, 0x00000000a9900000|100%| E|CS|TAMS 0x00000000a9800000, 0x00000000a9800000| Complete 
| 665|0x00000000a9900000, 0x00000000a9a00000, 0x00000000a9a00000|100%| E|CS|TAMS 0x00000000a9900000, 0x00000000a9900000| Complete 
| 666|0x00000000a9a00000, 0x00000000a9b00000, 0x00000000a9b00000|100%| E|CS|TAMS 0x00000000a9a00000, 0x00000000a9a00000| Complete 
| 667|0x00000000a9b00000, 0x00000000a9c00000, 0x00000000a9c00000|100%| E|CS|TAMS 0x00000000a9b00000, 0x00000000a9b00000| Complete 
| 668|0x00000000a9c00000, 0x00000000a9d00000, 0x00000000a9d00000|100%| E|CS|TAMS 0x00000000a9c00000, 0x00000000a9c00000| Complete 
| 669|0x00000000a9d00000, 0x00000000a9e00000, 0x00000000a9e00000|100%| E|CS|TAMS 0x00000000a9d00000, 0x00000000a9d00000| Complete 
| 670|0x00000000a9e00000, 0x00000000a9f00000, 0x00000000a9f00000|100%| E|CS|TAMS 0x00000000a9e00000, 0x00000000a9e00000| Complete 
| 671|0x00000000a9f00000, 0x00000000aa000000, 0x00000000aa000000|100%| E|CS|TAMS 0x00000000a9f00000, 0x00000000a9f00000| Complete 
| 672|0x00000000aa000000, 0x00000000aa100000, 0x00000000aa100000|100%| E|CS|TAMS 0x00000000aa000000, 0x00000000aa000000| Complete 
| 673|0x00000000aa100000, 0x00000000aa200000, 0x00000000aa200000|100%| E|CS|TAMS 0x00000000aa100000, 0x00000000aa100000| Complete 
|2043|0x00000000ffb00000, 0x00000000ffc00000, 0x00000000ffc00000|100%| O|  |TAMS 0x00000000ffb00000, 0x00000000ffb00000| Untracked 
|2044|0x00000000ffc00000, 0x00000000ffd00000, 0x00000000ffd00000|100%| O|  |TAMS 0x00000000ffc00000, 0x00000000ffc00000| Untracked 
|2045|0x00000000ffd00000, 0x00000000ffe00000, 0x00000000ffe00000|100%| O|  |TAMS 0x00000000ffd00000, 0x00000000ffd00000| Untracked 
|2046|0x00000000ffe00000, 0x00000000fff00000, 0x00000000fff00000|100%| O|  |TAMS 0x00000000ffe00000, 0x00000000ffe00000| Untracked 
|2047|0x00000000fff00000, 0x0000000100000000, 0x0000000100000000|100%| O|  |TAMS 0x00000000fff00000, 0x00000000fff00000| Untracked 

Card table byte_map: [0x0000024926590000,0x0000024926990000] _byte_map_base: 0x0000024926190000

Marking Bits (Prev, Next): (CMBitMap*) 0x000002490f0a5110, (CMBitMap*) 0x000002490f0a5150
 Prev Bits: [0x0000024926d90000, 0x0000024928d90000)
 Next Bits: [0x0000024928d90000, 0x000002492ad90000)

Polling page: 0x000002490cff0000

Metaspace:

Usage:
  Non-class:     90.51 MB used.
      Class:     14.41 MB used.
       Both:    104.91 MB used.

Virtual space:
  Non-class space:      128.00 MB reserved,      91.06 MB ( 71%) committed,  2 nodes.
      Class space:        1.00 GB reserved,      14.81 MB (  1%) committed,  1 nodes.
             Both:        1.12 GB reserved,     105.88 MB (  9%) committed. 

Chunk freelists:
   Non-Class:  4.30 MB
       Class:  1.00 MB
        Both:  5.30 MB

MaxMetaspaceSize: unlimited
CompressedClassSpaceSize: 1.00 GB
Initial GC threshold: 21.00 MB
Current GC threshold: 159.50 MB
CDS: on
MetaspaceReclaimPolicy: balanced
 - commit_granule_bytes: 65536.
 - commit_granule_words: 8192.
 - virtual_space_node_default_size: 8388608.
 - enlarge_chunks_in_place: 1.
 - new_chunks_are_fully_committed: 0.
 - uncommit_free_chunks: 1.
 - use_allocation_guard: 0.
 - handle_deallocations: 1.


Internal statistics:

num_allocs_failed_limit: 6.
num_arena_births: 1388.
num_arena_deaths: 28.
num_vsnodes_births: 3.
num_vsnodes_deaths: 0.
num_space_committed: 1694.
num_space_uncommitted: 0.
num_chunks_returned_to_freelist: 48.
num_chunks_taken_from_freelist: 6040.
num_chunk_merges: 19.
num_chunk_splits: 3882.
num_chunks_enlarged: 2450.
num_inconsistent_stats: 0.

CodeHeap 'non-profiled nmethods': size=119168Kb used=9256Kb max_used=9256Kb free=109911Kb
 bounds [0x000002491e4a0000, 0x000002491edb0000, 0x0000024925900000]
CodeHeap 'profiled nmethods': size=119104Kb used=33295Kb max_used=33295Kb free=85808Kb
 bounds [0x0000024916900000, 0x0000024918990000, 0x000002491dd50000]
CodeHeap 'non-nmethods': size=7488Kb used=4141Kb max_used=4216Kb free=3346Kb
 bounds [0x000002491dd50000, 0x000002491e180000, 0x000002491e4a0000]
 total_blobs=17686 nmethods=16695 adapters=898
 compilation: enabled
              stopped_count=0, restarted_count=0
 full_count=0

Compilation events (20 events):
Event: 17.270 Thread 0x0000024973065d80 nmethod 19475 0x0000024918950990 code [0x0000024918950b40, 0x0000024918950d98]
Event: 17.271 Thread 0x0000024973197000 nmethod 19473 0x0000024918950f10 code [0x00000249189510a0, 0x00000249189511b8]
Event: 17.271 Thread 0x0000024973065d80 19477       2       com.android.tools.r8.graph.n::<init> (10 bytes)
Event: 17.271 Thread 0x0000024973197000 19478       2       com.android.tools.r8.internal.G7::a (17 bytes)
Event: 17.271 Thread 0x0000024973194a20 nmethod 19476 0x0000024918951290 code [0x0000024918951420, 0x0000024918951578]
Event: 17.271 Thread 0x0000024973194a20 19479       2       com.android.tools.r8.internal.G7$$Lambda$2314/0x000002492fee98d8::a (5 bytes)
Event: 17.271 Thread 0x0000024973065d80 nmethod 19477 0x0000024918951610 code [0x00000249189517a0, 0x00000249189518f8]
Event: 17.271 Thread 0x0000024973065d80 19480       2       com.android.tools.r8.internal.G7::a (19 bytes)
Event: 17.271 Thread 0x0000024973197000 nmethod 19478 0x0000024918951990 code [0x0000024918951b40, 0x0000024918951cb8]
Event: 17.272 Thread 0x0000024973194a20 nmethod 19479 0x0000024918952b90 code [0x0000024918952d40, 0x0000024918952eb8]
Event: 17.272 Thread 0x00000249731975d0 nmethod 19470 0x0000024918951e10 code [0x0000024918952040, 0x00000249189527f8]
Event: 17.272 Thread 0x0000024973065d80 nmethod 19480 0x0000024918952f90 code [0x0000024918953140, 0x0000024918953298]
Event: 17.277 Thread 0x0000024973065d80 19482       2       com.android.tools.r8.graph.n0::a (66 bytes)
Event: 17.278 Thread 0x0000024973065d80 nmethod 19482 0x0000024918953390 code [0x0000024918953580, 0x0000024918953ae8]
Event: 17.280 Thread 0x00000249731975d0 19484       2       com.android.tools.r8.graph.N2$$Lambda$2289/0x000002492feed730::<init> (15 bytes)
Event: 17.280 Thread 0x00000249731975d0 nmethod 19484 0x0000024918953d90 code [0x0000024918953f20, 0x00000249189540d8]
Event: 17.281 Thread 0x0000024973065d80 19485       2       com.android.tools.r8.graph.n0$a::<init> (279 bytes)
Event: 17.282 Thread 0x0000024973065d80 nmethod 19485 0x0000024918954190 code [0x00000249189543e0, 0x0000024918955058]
Event: 17.284 Thread 0x0000024973197000 19486       2       com.android.tools.r8.internal.jW::<init> (13 bytes)
Event: 17.284 Thread 0x0000024973197000 nmethod 19486 0x0000024918955490 code [0x0000024918955620, 0x0000024918955798]

GC Heap History (20 events):
Event: 14.620 GC heap before
{Heap before GC invocations=50 (full 0):
 garbage-first heap   total 293888K, used 276460K [0x0000000080000000, 0x0000000100000000)
  region size 1024K, 54 young (55296K), 2 survivors (2048K)
 Metaspace       used 99231K, committed 100160K, reserved 1179648K
  class space    used 13431K, committed 13824K, reserved 1048576K
}
Event: 14.630 GC heap after
{Heap after GC invocations=51 (full 0):
 garbage-first heap   total 359424K, used 217928K [0x0000000080000000, 0x0000000100000000)
  region size 1024K, 7 young (7168K), 7 survivors (7168K)
 Metaspace       used 99231K, committed 100160K, reserved 1179648K
  class space    used 13431K, committed 13824K, reserved 1048576K
}
Event: 14.860 GC heap before
{Heap before GC invocations=51 (full 0):
 garbage-first heap   total 359424K, used 284488K [0x0000000080000000, 0x0000000100000000)
  region size 1024K, 69 young (70656K), 7 survivors (7168K)
 Metaspace       used 100226K, committed 101184K, reserved 1179648K
  class space    used 13560K, committed 14016K, reserved 1048576K
}
Event: 14.874 GC heap after
{Heap after GC invocations=52 (full 0):
 garbage-first heap   total 359424K, used 243196K [0x0000000080000000, 0x0000000100000000)
  region size 1024K, 9 young (9216K), 9 survivors (9216K)
 Metaspace       used 100226K, committed 101184K, reserved 1179648K
  class space    used 13560K, committed 14016K, reserved 1048576K
}
Event: 15.236 GC heap before
{Heap before GC invocations=52 (full 0):
 garbage-first heap   total 359424K, used 289276K [0x0000000080000000, 0x0000000100000000)
  region size 1024K, 53 young (54272K), 9 survivors (9216K)
 Metaspace       used 102747K, committed 103744K, reserved 1179648K
  class space    used 14103K, committed 14528K, reserved 1048576K
}
Event: 15.251 GC heap after
{Heap after GC invocations=53 (full 0):
 garbage-first heap   total 359424K, used 259261K [0x0000000080000000, 0x0000000100000000)
  region size 1024K, 7 young (7168K), 7 survivors (7168K)
 Metaspace       used 102747K, committed 103744K, reserved 1179648K
  class space    used 14103K, committed 14528K, reserved 1048576K
}
Event: 15.419 GC heap before
{Heap before GC invocations=53 (full 0):
 garbage-first heap   total 359424K, used 295101K [0x0000000080000000, 0x0000000100000000)
  region size 1024K, 42 young (43008K), 7 survivors (7168K)
 Metaspace       used 103636K, committed 104576K, reserved 1179648K
  class space    used 14239K, committed 14656K, reserved 1048576K
}
Event: 15.433 GC heap after
{Heap after GC invocations=54 (full 0):
 garbage-first heap   total 359424K, used 276077K [0x0000000080000000, 0x0000000100000000)
  region size 1024K, 6 young (6144K), 6 survivors (6144K)
 Metaspace       used 103636K, committed 104576K, reserved 1179648K
  class space    used 14239K, committed 14656K, reserved 1048576K
}
Event: 15.520 GC heap before
{Heap before GC invocations=54 (full 0):
 garbage-first heap   total 359424K, used 298605K [0x0000000080000000, 0x0000000100000000)
  region size 1024K, 29 young (29696K), 6 survivors (6144K)
 Metaspace       used 103748K, committed 104704K, reserved 1179648K
  class space    used 14245K, committed 14656K, reserved 1048576K
}
Event: 15.531 GC heap after
{Heap after GC invocations=55 (full 0):
 garbage-first heap   total 496640K, used 288703K [0x0000000080000000, 0x0000000100000000)
  region size 1024K, 4 young (4096K), 4 survivors (4096K)
 Metaspace       used 103748K, committed 104704K, reserved 1179648K
  class space    used 14245K, committed 14656K, reserved 1048576K
}
Event: 15.744 GC heap before
{Heap before GC invocations=55 (full 0):
 garbage-first heap   total 496640K, used 371647K [0x0000000080000000, 0x0000000100000000)
  region size 1024K, 86 young (88064K), 4 survivors (4096K)
 Metaspace       used 104082K, committed 105024K, reserved 1179648K
  class space    used 14276K, committed 14720K, reserved 1048576K
}
Event: 15.768 GC heap after
{Heap after GC invocations=56 (full 0):
 garbage-first heap   total 496640K, used 330964K [0x0000000080000000, 0x0000000100000000)
  region size 1024K, 11 young (11264K), 11 survivors (11264K)
 Metaspace       used 104082K, committed 105024K, reserved 1179648K
  class space    used 14276K, committed 14720K, reserved 1048576K
}
Event: 15.958 GC heap before
{Heap before GC invocations=56 (full 0):
 garbage-first heap   total 496640K, used 387284K [0x0000000080000000, 0x0000000100000000)
  region size 1024K, 66 young (67584K), 11 survivors (11264K)
 Metaspace       used 104450K, committed 105408K, reserved 1179648K
  class space    used 14339K, committed 14784K, reserved 1048576K
}
Event: 15.975 GC heap after
{Heap after GC invocations=57 (full 0):
 garbage-first heap   total 496640K, used 359424K [0x0000000080000000, 0x0000000100000000)
  region size 1024K, 9 young (9216K), 9 survivors (9216K)
 Metaspace       used 104450K, committed 105408K, reserved 1179648K
  class space    used 14339K, committed 14784K, reserved 1048576K
}
Event: 16.335 GC heap before
{Heap before GC invocations=57 (full 0):
 garbage-first heap   total 496640K, used 399360K [0x0000000080000000, 0x0000000100000000)
  region size 1024K, 49 young (50176K), 9 survivors (9216K)
 Metaspace       used 105544K, committed 106496K, reserved 1179648K
  class space    used 14501K, committed 14912K, reserved 1048576K
}
Event: 16.346 GC heap after
{Heap after GC invocations=58 (full 0):
 garbage-first heap   total 496640K, used 373173K [0x0000000080000000, 0x0000000100000000)
  region size 1024K, 7 young (7168K), 7 survivors (7168K)
 Metaspace       used 105544K, committed 106496K, reserved 1179648K
  class space    used 14501K, committed 14912K, reserved 1048576K
}
Event: 16.480 GC heap before
{Heap before GC invocations=58 (full 0):
 garbage-first heap   total 496640K, used 407989K [0x0000000080000000, 0x0000000100000000)
  region size 1024K, 42 young (43008K), 7 survivors (7168K)
 Metaspace       used 105664K, committed 106624K, reserved 1179648K
  class space    used 14519K, committed 14976K, reserved 1048576K
}
Event: 16.487 GC heap after
{Heap after GC invocations=59 (full 0):
 garbage-first heap   total 496640K, used 380111K [0x0000000080000000, 0x0000000100000000)
  region size 1024K, 5 young (5120K), 5 survivors (5120K)
 Metaspace       used 105664K, committed 106624K, reserved 1179648K
  class space    used 14519K, committed 14976K, reserved 1048576K
}
Event: 16.934 GC heap before
{Heap before GC invocations=59 (full 0):
 garbage-first heap   total 496640K, used 413903K [0x0000000080000000, 0x0000000100000000)
  region size 1024K, 39 young (39936K), 5 survivors (5120K)
 Metaspace       used 106681K, committed 107648K, reserved 1179648K
  class space    used 14662K, committed 15104K, reserved 1048576K
}
Event: 16.959 GC heap after
{Heap after GC invocations=60 (full 0):
 garbage-first heap   total 695296K, used 383264K [0x0000000080000000, 0x0000000100000000)
  region size 1024K, 3 young (3072K), 3 survivors (3072K)
 Metaspace       used 106681K, committed 107648K, reserved 1179648K
  class space    used 14662K, committed 15104K, reserved 1048576K
}

Deoptimization events (20 events):
Event: 17.223 Thread 0x0000024978ee49e0 Uncommon trap: trap_request=0xffffffde fr.pc=0x000002491e94b990 relative=0x0000000000000a50
Event: 17.223 Thread 0x0000024978ee49e0 Uncommon trap: reason=class_check action=maybe_recompile pc=0x000002491e94b990 method=com.android.tools.r8.internal.vY$$Lambda$1860/0x000002492fe6d578.a(Ljava/lang/Object;Ljava/lang/Object;Lcom/android/tools/r8/internal/rc;)I @ 1 c2
Event: 17.223 Thread 0x0000024978ee49e0 DEOPT PACKING pc=0x000002491e94b990 sp=0x000000939e5fd070
Event: 17.223 Thread 0x0000024978ee49e0 DEOPT UNPACKING pc=0x000002491dda23a3 sp=0x000000939e5fcfd0 mode 2
Event: 17.226 Thread 0x0000024978ee49e0 Uncommon trap: trap_request=0xffffffbe fr.pc=0x000002491e94b584 relative=0x0000000000000644
Event: 17.226 Thread 0x0000024978ee49e0 Uncommon trap: reason=profile_predicate action=maybe_recompile pc=0x000002491e94b584 method=com.android.tools.r8.internal.tc.a(Ljava/util/Iterator;Ljava/util/Iterator;Lcom/android/tools/r8/internal/sY;)I @ 5 c2
Event: 17.226 Thread 0x0000024978ee49e0 DEOPT PACKING pc=0x000002491e94b584 sp=0x000000939e5fc970
Event: 17.226 Thread 0x0000024978ee49e0 DEOPT UNPACKING pc=0x000002491dda23a3 sp=0x000000939e5fc948 mode 2
Event: 17.241 Thread 0x0000024978ee49e0 Uncommon trap: trap_request=0xffffffbe fr.pc=0x000002491e94b584 relative=0x0000000000000644
Event: 17.241 Thread 0x0000024978ee49e0 Uncommon trap: reason=profile_predicate action=maybe_recompile pc=0x000002491e94b584 method=com.android.tools.r8.internal.tc.a(Ljava/util/Iterator;Ljava/util/Iterator;Lcom/android/tools/r8/internal/sY;)I @ 5 c2
Event: 17.241 Thread 0x0000024978ee49e0 DEOPT PACKING pc=0x000002491e94b584 sp=0x000000939e5fc970
Event: 17.241 Thread 0x0000024978ee49e0 DEOPT UNPACKING pc=0x000002491dda23a3 sp=0x000000939e5fc948 mode 2
Event: 17.247 Thread 0x0000024978ee49e0 Uncommon trap: trap_request=0xffffffbe fr.pc=0x000002491e94b584 relative=0x0000000000000644
Event: 17.248 Thread 0x0000024978ee49e0 Uncommon trap: reason=profile_predicate action=maybe_recompile pc=0x000002491e94b584 method=com.android.tools.r8.internal.tc.a(Ljava/util/Iterator;Ljava/util/Iterator;Lcom/android/tools/r8/internal/sY;)I @ 5 c2
Event: 17.248 Thread 0x0000024978ee49e0 DEOPT PACKING pc=0x000002491e94b584 sp=0x000000939e5fc970
Event: 17.248 Thread 0x0000024978ee49e0 DEOPT UNPACKING pc=0x000002491dda23a3 sp=0x000000939e5fc948 mode 2
Event: 17.248 Thread 0x0000024978ee49e0 Uncommon trap: trap_request=0xffffffbe fr.pc=0x000002491e94b584 relative=0x0000000000000644
Event: 17.248 Thread 0x0000024978ee49e0 Uncommon trap: reason=profile_predicate action=maybe_recompile pc=0x000002491e94b584 method=com.android.tools.r8.internal.tc.a(Ljava/util/Iterator;Ljava/util/Iterator;Lcom/android/tools/r8/internal/sY;)I @ 5 c2
Event: 17.248 Thread 0x0000024978ee49e0 DEOPT PACKING pc=0x000002491e94b584 sp=0x000000939e5fc9a0
Event: 17.248 Thread 0x0000024978ee49e0 DEOPT UNPACKING pc=0x000002491dda23a3 sp=0x000000939e5fc978 mode 2

Classes unloaded (14 events):
Event: 14.284 Thread 0x0000024973042010 Unloading class 0x000002492fc69800 'java/lang/invoke/LambdaForm$DMH+0x000002492fc69800'
Event: 14.284 Thread 0x0000024973042010 Unloading class 0x000002492fc69400 'java/lang/invoke/LambdaForm$DMH+0x000002492fc69400'
Event: 14.284 Thread 0x0000024973042010 Unloading class 0x000002492fc69000 'java/lang/invoke/LambdaForm$DMH+0x000002492fc69000'
Event: 14.284 Thread 0x0000024973042010 Unloading class 0x000002492fc68c00 'java/lang/invoke/LambdaForm$DMH+0x000002492fc68c00'
Event: 14.284 Thread 0x0000024973042010 Unloading class 0x000002492fc68800 'java/lang/invoke/LambdaForm$DMH+0x000002492fc68800'
Event: 14.284 Thread 0x0000024973042010 Unloading class 0x000002492fc68000 'java/lang/invoke/LambdaForm$DMH+0x000002492fc68000'
Event: 14.284 Thread 0x0000024973042010 Unloading class 0x000002492fc68400 'java/lang/invoke/LambdaForm$DMH+0x000002492fc68400'
Event: 14.284 Thread 0x0000024973042010 Unloading class 0x000002492fc60400 'java/lang/invoke/LambdaForm$DMH+0x000002492fc60400'
Event: 14.284 Thread 0x0000024973042010 Unloading class 0x000002492fc60c00 'java/lang/invoke/LambdaForm$DMH+0x000002492fc60c00'
Event: 14.284 Thread 0x0000024973042010 Unloading class 0x000002492fc5cc00 'java/lang/invoke/LambdaForm$DMH+0x000002492fc5cc00'
Event: 14.284 Thread 0x0000024973042010 Unloading class 0x000002492fc5c800 'java/lang/invoke/LambdaForm$DMH+0x000002492fc5c800'
Event: 14.284 Thread 0x0000024973042010 Unloading class 0x000002492fc2cc00 'java/lang/invoke/LambdaForm$DMH+0x000002492fc2cc00'
Event: 14.284 Thread 0x0000024973042010 Unloading class 0x000002492fc2d000 'java/lang/invoke/LambdaForm$DMH+0x000002492fc2d000'
Event: 14.284 Thread 0x0000024973042010 Unloading class 0x000002492fc2c400 'java/lang/invoke/LambdaForm$DMH+0x000002492fc2c400'

Classes redefined (0 events):
No events

Internal exceptions (20 events):
Event: 15.021 Thread 0x000002497ba40a20 Exception <a 'java/lang/IncompatibleClassChangeError'{0x0000000093964e08}: Found class java.lang.Object, but interface was expected> (0x0000000093964e08) 
thrown [s\open\src\hotspot\share\interpreter\linkResolver.cpp, line 826]
Event: 15.021 Thread 0x000002497b498cb0 Exception <a 'java/lang/IncompatibleClassChangeError'{0x000000009396a1a8}: Found class java.lang.Object, but interface was expected> (0x000000009396a1a8) 
thrown [s\open\src\hotspot\share\interpreter\linkResolver.cpp, line 826]
Event: 15.027 Thread 0x000002497b498cb0 Exception <a 'java/lang/IncompatibleClassChangeError'{0x000000009396cd58}: Found class java.lang.Object, but interface was expected> (0x000000009396cd58) 
thrown [s\open\src\hotspot\share\interpreter\linkResolver.cpp, line 826]
Event: 15.027 Thread 0x000002497ba40a20 Exception <a 'java/lang/IncompatibleClassChangeError'{0x0000000093967a10}: Found class java.lang.Object, but interface was expected> (0x0000000093967a10) 
thrown [s\open\src\hotspot\share\interpreter\linkResolver.cpp, line 826]
Event: 15.027 Thread 0x0000024978ee44d0 Exception <a 'java/lang/IncompatibleClassChangeError'{0x000000009397a640}: Found class java.lang.Object, but interface was expected> (0x000000009397a640) 
thrown [s\open\src\hotspot\share\interpreter\linkResolver.cpp, line 826]
Event: 15.027 Thread 0x00000249736bee20 Exception <a 'java/lang/IncompatibleClassChangeError'{0x000000009399b1f8}: Found class java.lang.Object, but interface was expected> (0x000000009399b1f8) 
thrown [s\open\src\hotspot\share\interpreter\linkResolver.cpp, line 826]
Event: 15.032 Thread 0x0000024978ee49e0 Exception <a 'java/lang/IncompatibleClassChangeError'{0x0000000093aa8240}: Found class java.lang.Object, but interface was expected> (0x0000000093aa8240) 
thrown [s\open\src\hotspot\share\interpreter\linkResolver.cpp, line 826]
Event: 15.069 Thread 0x0000024978ee49e0 Exception <a 'java/lang/IncompatibleClassChangeError'{0x0000000093624668}: Found class java.lang.Object, but interface was expected> (0x0000000093624668) 
thrown [s\open\src\hotspot\share\interpreter\linkResolver.cpp, line 826]
Event: 15.706 Thread 0x0000024978ee49e0 Exception <a 'java/lang/NoSuchMethodError'{0x0000000099dfa610}: 'java.lang.Object java.lang.invoke.DirectMethodHandle$Holder.invokeStatic(java.lang.Object, int, java.lang.Object, java.lang.Object)'> (0x0000000099dfa610) 
thrown [s\open\src\hotspot\share\interpreter\linkResolver.cpp, line 759]
Event: 15.925 Thread 0x0000024978ee49e0 Exception <a 'java/lang/IncompatibleClassChangeError'{0x000000009afc5bb8}: Found class java.lang.Object, but interface was expected> (0x000000009afc5bb8) 
thrown [s\open\src\hotspot\share\interpreter\linkResolver.cpp, line 826]
Event: 15.947 Thread 0x0000024978ee49e0 Exception <a 'java/lang/NoSuchMethodError'{0x000000009aa1eb88}: 'java.lang.Object java.lang.invoke.DirectMethodHandle$Holder.newInvokeSpecial(java.lang.Object, long)'> (0x000000009aa1eb88) 
thrown [s\open\src\hotspot\share\interpreter\linkResolver.cpp, line 759]
Event: 16.520 Thread 0x000002497c7cc580 Implicit null exception at 0x000002491ed4ef0a to 0x000002491ed4f77a
Event: 16.596 Thread 0x000002497c7cc580 Exception <a 'java/lang/IncompatibleClassChangeError'{0x000000009d69da08}: Found class java.lang.Object, but interface was expected> (0x000000009d69da08) 
thrown [s\open\src\hotspot\share\interpreter\linkResolver.cpp, line 826]
Event: 16.648 Thread 0x000002497c7cc580 Exception <a 'java/lang/NoSuchMethodError'{0x000000009d333410}: 'java.lang.Object java.lang.invoke.DirectMethodHandle$Holder.newInvokeSpecial(java.lang.Object, java.lang.Object, int, java.lang.Object, java.lang.Object, java.lang.Object)'> (0x000000009d333410) 
thrown [s\open\src\hotspot\share\interpreter\linkResolver.cpp, line 759]
Event: 16.649 Thread 0x000002497c7cc580 Exception <a 'java/lang/NoSuchMethodError'{0x000000009d33b220}: 'java.lang.Object java.lang.invoke.Invokers$Holder.linkToTargetMethod(java.lang.Object, int, java.lang.Object, java.lang.Object, java.lang.Object, java.lang.Object)'> (0x000000009d33b220) 
thrown [s\open\src\hotspot\share\interpreter\linkResolver.cpp, line 759]
Event: 16.700 Thread 0x0000024978ee49e0 Exception <a 'java/lang/NoSuchMethodError'{0x000000009d016e38}: 'java.lang.Object java.lang.invoke.DirectMethodHandle$Holder.invokeSpecial(java.lang.Object, java.lang.Object, java.lang.Object, java.lang.Object, java.lang.Object, java.lang.Object, java.lang.Object, java.lang.Object, java.lang.Object, java.lang.Object, java.lang.Object)'> (0x000000009d016e38) 
thrown [s\open\src\hotspot\share\interpreter\linkResolver.cpp, line 759]
Event: 16.701 Thread 0x0000024978ee49e0 Exception <a 'java/lang/NoSuchMethodError'{0x000000009d021fc8}: 'java.lang.Object java.lang.invoke.DirectMethodHandle$Holder.newInvokeSpecial(java.lang.Object, java.lang.Object, java.lang.Object, java.lang.Object, java.lang.Object, java.lang.Object, java.lang.Object, java.lang.Object, java.lang.Object, java.lang.Object)'> (0x000000009d021fc8) 
thrown [s\open\src\hotspot\share\interpreter\linkResolver.cpp, line 759]
Event: 16.702 Thread 0x0000024978ee49e0 Exception <a 'java/lang/NoSuchMethodError'{0x000000009d026b18}: 'java.lang.Object java.lang.invoke.Invokers$Holder.linkToTargetMethod(java.lang.Object, java.lang.Object, java.lang.Object, java.lang.Object, java.lang.Object, java.lang.Object, java.lang.Object, java.lang.Object, java.lang.Object, java.lang.Object)'> (0x000000009d026b18) 
thrown [s\open\src\hotspot\share\interpreter\linkResolver.cpp, line 759]
Event: 16.704 Thread 0x0000024978ee49e0 Exception <a 'java/lang/NoSuchMethodError'{0x000000009d02fb98}: 'int java.lang.invoke.DirectMethodHandle$Holder.invokeSpecial(java.lang.Object, java.lang.Object, int)'> (0x000000009d02fb98) 
thrown [s\open\src\hotspot\share\interpreter\linkResolver.cpp, line 759]
Event: 16.901 Thread 0x000002497c7cc580 Exception <a 'java/lang/NoSuchMethodError'{0x000000009c1cc370}: 'void java.lang.invoke.DirectMethodHandle$Holder.invokeStatic(java.lang.Object, java.lang.Object, java.lang.Object, java.lang.Object, java.lang.Object, java.lang.Object, java.lang.Object, java.lang.Object)'> (0x000000009c1cc370) 
thrown [s\open\src\hotspot\share\interpreter\linkResolver.cpp, line 759]

VM Operations (20 events):
Event: 16.585 Executing VM operation: HandshakeAllThreads
Event: 16.586 Executing VM operation: HandshakeAllThreads done
Event: 16.595 Executing VM operation: HandshakeAllThreads
Event: 16.596 Executing VM operation: HandshakeAllThreads done
Event: 16.606 Executing VM operation: HandshakeAllThreads
Event: 16.607 Executing VM operation: HandshakeAllThreads done
Event: 16.652 Executing VM operation: ICBufferFull
Event: 16.652 Executing VM operation: ICBufferFull done
Event: 16.734 Executing VM operation: ICBufferFull
Event: 16.734 Executing VM operation: ICBufferFull done
Event: 16.757 Executing VM operation: HandshakeAllThreads
Event: 16.758 Executing VM operation: HandshakeAllThreads done
Event: 16.834 Executing VM operation: ICBufferFull
Event: 16.834 Executing VM operation: ICBufferFull done
Event: 16.934 Executing VM operation: G1CollectForAllocation
Event: 16.960 Executing VM operation: G1CollectForAllocation done
Event: 16.969 Executing VM operation: HandshakeAllThreads
Event: 16.970 Executing VM operation: HandshakeAllThreads done
Event: 17.221 Executing VM operation: ICBufferFull
Event: 17.221 Executing VM operation: ICBufferFull done

Events (20 events):
Event: 16.639 Thread 0x0000024973072bb0 flushing nmethod 0x0000024918558490
Event: 16.639 Thread 0x0000024973072bb0 flushing nmethod 0x000002491855a490
Event: 16.639 Thread 0x0000024973072bb0 flushing nmethod 0x000002491855d490
Event: 16.639 Thread 0x0000024973072bb0 flushing nmethod 0x000002491855da10
Event: 16.639 Thread 0x0000024973072bb0 flushing nmethod 0x000002491855f890
Event: 16.639 Thread 0x0000024973072bb0 flushing nmethod 0x0000024918560710
Event: 16.639 Thread 0x0000024973072bb0 flushing nmethod 0x0000024918561010
Event: 16.639 Thread 0x0000024973072bb0 flushing nmethod 0x0000024918564390
Event: 16.639 Thread 0x0000024973072bb0 flushing nmethod 0x0000024918565890
Event: 16.639 Thread 0x0000024973072bb0 flushing nmethod 0x0000024918568a90
Event: 16.639 Thread 0x0000024973072bb0 flushing nmethod 0x000002491856a410
Event: 16.639 Thread 0x0000024973072bb0 flushing nmethod 0x0000024918572f90
Event: 16.639 Thread 0x0000024973072bb0 flushing nmethod 0x0000024918580310
Event: 16.640 Thread 0x0000024973072bb0 flushing nmethod 0x0000024918592e90
Event: 16.640 Thread 0x0000024973072bb0 flushing nmethod 0x00000249185a5290
Event: 16.640 Thread 0x0000024973072bb0 flushing nmethod 0x00000249185aa910
Event: 16.640 Thread 0x0000024973072bb0 flushing nmethod 0x00000249185ae810
Event: 16.640 Thread 0x0000024973072bb0 flushing nmethod 0x00000249185bdc90
Event: 16.641 Thread 0x0000024973072bb0 flushing nmethod 0x000002491863cf10
Event: 16.641 Thread 0x0000024973072bb0 flushing nmethod 0x000002491863f990


Dynamic libraries:
0x00007ff6ea5f0000 - 0x00007ff6ea600000 	C:\Program Files\Java\jdk-17\bin\java.exe
0x00007ffd93b20000 - 0x00007ffd93d87000 	C:\WINDOWS\SYSTEM32\ntdll.dll
0x00007ffd92430000 - 0x00007ffd924fb000 	C:\WINDOWS\System32\KERNEL32.DLL
0x00007ffd91430000 - 0x00007ffd91832000 	C:\WINDOWS\System32\KERNELBASE.dll
0x00007ffd90f00000 - 0x00007ffd9104c000 	C:\WINDOWS\System32\ucrtbase.dll
0x00007ffd28fa0000 - 0x00007ffd28fb9000 	C:\Program Files\Java\jdk-17\bin\jli.dll
0x00007ffcfc130000 - 0x00007ffcfc14b000 	C:\Program Files\Java\jdk-17\bin\VCRUNTIME140.dll
0x00007ffd91840000 - 0x00007ffd918fc000 	C:\WINDOWS\System32\ADVAPI32.dll
0x00007ffd91910000 - 0x00007ffd919b9000 	C:\WINDOWS\System32\msvcrt.dll
0x00007ffd91f50000 - 0x00007ffd91ff9000 	C:\WINDOWS\System32\sechost.dll
0x00007ffd93670000 - 0x00007ffd93788000 	C:\WINDOWS\System32\RPCRT4.dll
0x00007ffd93810000 - 0x00007ffd939df000 	C:\WINDOWS\System32\USER32.dll
0x00007ffd75380000 - 0x00007ffd75610000 	C:\WINDOWS\WinSxS\amd64_microsoft.windows.common-controls_6595b64144ccf1df_6.0.26100.9278_none_3e0d1ba8e3303201\COMCTL32.dll
0x00007ffd91400000 - 0x00007ffd91427000 	C:\WINDOWS\System32\win32u.dll
0x00007ffd92110000 - 0x00007ffd9213b000 	C:\WINDOWS\System32\GDI32.dll
0x00007ffd90d20000 - 0x00007ffd90e49000 	C:\WINDOWS\System32\gdi32full.dll
0x00007ffd90e50000 - 0x00007ffd90ef3000 	C:\WINDOWS\System32\msvcp_win.dll
0x00007ffd88f50000 - 0x00007ffd88f5b000 	C:\WINDOWS\SYSTEM32\VERSION.dll
0x00007ffd933c0000 - 0x00007ffd933f1000 	C:\WINDOWS\System32\IMM32.DLL
0x00007ffd5e020000 - 0x00007ffd5e02c000 	C:\Program Files\Java\jdk-17\bin\vcruntime140_1.dll
0x00007ffcf4740000 - 0x00007ffcf47ce000 	C:\Program Files\Java\jdk-17\bin\msvcp140.dll
0x00007ffccbaf0000 - 0x00007ffccc6d0000 	C:\Program Files\Java\jdk-17\bin\server\jvm.dll
0x00007ffd91f40000 - 0x00007ffd91f48000 	C:\WINDOWS\System32\PSAPI.DLL
0x00007ffd81220000 - 0x00007ffd8122a000 	C:\WINDOWS\SYSTEM32\WSOCK32.dll
0x00007ffd826a0000 - 0x00007ffd826d6000 	C:\WINDOWS\SYSTEM32\WINMM.dll
0x00007ffd93a50000 - 0x00007ffd93ad0000 	C:\WINDOWS\System32\WS2_32.dll
0x00007ffd8f9b0000 - 0x00007ffd8f9cb000 	C:\WINDOWS\SYSTEM32\kernel.appcore.dll
0x00007ffd56070000 - 0x00007ffd5607a000 	C:\Program Files\Java\jdk-17\bin\jimage.dll
0x00007ffd8e260000 - 0x00007ffd8e4ac000 	C:\WINDOWS\SYSTEM32\DBGHELP.DLL
0x00007ffd92e00000 - 0x00007ffd93185000 	C:\WINDOWS\System32\combase.dll
0x00007ffd93490000 - 0x00007ffd93569000 	C:\WINDOWS\System32\OLEAUT32.dll
0x00007ffd79ef0000 - 0x00007ffd79f2b000 	C:\WINDOWS\SYSTEM32\dbgcore.DLL
0x00007ffd910f0000 - 0x00007ffd9119c000 	C:\WINDOWS\System32\bcryptPrimitives.dll
0x00007ffcf5fb0000 - 0x00007ffcf5fd5000 	C:\Program Files\Java\jdk-17\bin\java.dll
0x00007ffced330000 - 0x00007ffced407000 	C:\Program Files\Java\jdk-17\bin\jsvml.dll
0x00007ffd92660000 - 0x00007ffd92df8000 	C:\WINDOWS\System32\SHELL32.dll
0x00007ffd8e740000 - 0x00007ffd8efee000 	C:\WINDOWS\SYSTEM32\windows.storage.dll
0x00007ffd93570000 - 0x00007ffd9366b000 	C:\WINDOWS\System32\SHCORE.dll
0x00007ffd92340000 - 0x00007ffd923a6000 	C:\WINDOWS\System32\shlwapi.dll
0x00007ffd90c40000 - 0x00007ffd90c69000 	C:\WINDOWS\SYSTEM32\profapi.dll
0x00007ffcfb710000 - 0x00007ffcfb729000 	C:\Program Files\Java\jdk-17\bin\net.dll
0x00007ffd8ae00000 - 0x00007ffd8af2a000 	C:\WINDOWS\SYSTEM32\WINHTTP.dll
0x00007ffd8ff50000 - 0x00007ffd8ffbc000 	C:\WINDOWS\system32\mswsock.dll
0x00007ffcfb6f0000 - 0x00007ffcfb706000 	C:\Program Files\Java\jdk-17\bin\nio.dll
0x00007ffcf8840000 - 0x00007ffcf8858000 	C:\Program Files\Java\jdk-17\bin\zip.dll
0x00007ffd50700000 - 0x00007ffd50710000 	C:\Program Files\Java\jdk-17\bin\verify.dll
0x00007ffcd8b10000 - 0x00007ffcd8b37000 	C:\Users\ASUS\.gradle\native\e1d6ef7f7dcc3fd88c89a11ec53ec762bb8ba0a96d01ffa2cd45eb1d1d8dd5c5\windows-amd64\native-platform.dll
0x00007ffcedcb0000 - 0x00007ffceddf4000 	C:\Users\ASUS\.gradle\native\0d407fdbe67a94daf76414ababcb853783967236a71b16ec16e742cd7a986fd3\windows-amd64\native-platform-file-events.dll
0x00007ffd4a160000 - 0x00007ffd4a16a000 	C:\Program Files\Java\jdk-17\bin\management.dll
0x00007ffd48b10000 - 0x00007ffd48b1b000 	C:\Program Files\Java\jdk-17\bin\management_ext.dll
0x00007ffd90370000 - 0x00007ffd9038b000 	C:\WINDOWS\SYSTEM32\CRYPTSP.dll
0x00007ffd8f910000 - 0x00007ffd8f949000 	C:\WINDOWS\system32\rsaenh.dll
0x00007ffd90000000 - 0x00007ffd90034000 	C:\WINDOWS\SYSTEM32\USERENV.dll
0x00007ffd90c10000 - 0x00007ffd90c3a000 	C:\WINDOWS\SYSTEM32\bcrypt.dll
0x00007ffd901b0000 - 0x00007ffd901bc000 	C:\WINDOWS\SYSTEM32\CRYPTBASE.dll
0x00007ffd8f3b0000 - 0x00007ffd8f3e3000 	C:\WINDOWS\SYSTEM32\IPHLPAPI.DLL
0x00007ffd91f30000 - 0x00007ffd91f3a000 	C:\WINDOWS\System32\NSI.dll
0x00007ffd8b000000 - 0x00007ffd8b01d000 	C:\WINDOWS\SYSTEM32\dhcpcsvc6.DLL
0x00007ffd8afd0000 - 0x00007ffd8aff5000 	C:\WINDOWS\SYSTEM32\dhcpcsvc.DLL
0x00007ffd8f450000 - 0x00007ffd8f5a8000 	C:\WINDOWS\SYSTEM32\DNSAPI.dll
0x00007ffd8fd70000 - 0x00007ffd8fd7d000 	C:\WINDOWS\SYSTEM32\DSPARSE.dll
0x00007ffd48950000 - 0x00007ffd4895e000 	C:\Program Files\Java\jdk-17\bin\sunmscapi.dll
0x00007ffd911b0000 - 0x00007ffd9132e000 	C:\WINDOWS\System32\CRYPT32.dll
0x00007ffd904e0000 - 0x00007ffd90510000 	C:\WINDOWS\SYSTEM32\ncrypt.dll
0x00007ffd90490000 - 0x00007ffd904cf000 	C:\WINDOWS\SYSTEM32\NTASN1.dll
0x00007ffd777e0000 - 0x00007ffd777e8000 	C:\WINDOWS\system32\wshunix.dll
0x00007ffd81400000 - 0x00007ffd81407000 	C:\Program Files\Java\jdk-17\bin\rmi.dll

dbghelp: loaded successfully - version: 4.0.5 - missing functions: none
symbol engine: initialized successfully - sym options: 0x614 - pdb path: .;C:\Program Files\Java\jdk-17\bin;C:\WINDOWS\SYSTEM32;C:\WINDOWS\WinSxS\amd64_microsoft.windows.common-controls_6595b64144ccf1df_6.0.26100.9278_none_3e0d1ba8e3303201;C:\Program Files\Java\jdk-17\bin\server;C:\Users\ASUS\.gradle\native\e1d6ef7f7dcc3fd88c89a11ec53ec762bb8ba0a96d01ffa2cd45eb1d1d8dd5c5\windows-amd64;C:\Users\ASUS\.gradle\native\0d407fdbe67a94daf76414ababcb853783967236a71b16ec16e742cd7a986fd3\windows-amd64

VM Arguments:
jvm_args: --add-opens=java.base/java.util=ALL-UNNAMED --add-opens=java.base/java.lang=ALL-UNNAMED --add-opens=java.base/java.lang.invoke=ALL-UNNAMED --add-opens=java.base/java.util=ALL-UNNAMED --add-opens=java.prefs/java.util.prefs=ALL-UNNAMED --add-opens=java.prefs/java.util.prefs=ALL-UNNAMED --add-opens=java.base/java.nio.charset=ALL-UNNAMED --add-opens=java.base/java.net=ALL-UNNAMED --add-opens=java.base/java.util.concurrent.atomic=ALL-UNNAMED -Xmx2048m -Dfile.encoding=UTF-8 -Duser.country=US -Duser.language=en -Duser.variant 
java_command: org.gradle.launcher.daemon.bootstrap.GradleDaemon 7.4
java_class_path (initial): C:\Users\ASUS\.gradle\wrapper\dists\gradle-7.4-bin\c0gwcg53nkjbqw7r0h0umtfvt\gradle-7.4\lib\gradle-launcher-7.4.jar
Launcher Type: SUN_STANDARD

[Global flags]
     intx CICompilerCount                          = 12                                        {product} {ergonomic}
     uint ConcGCThreads                            = 3                                         {product} {ergonomic}
     uint G1ConcRefinementThreads                  = 13                                        {product} {ergonomic}
   size_t G1HeapRegionSize                         = 1048576                                   {product} {ergonomic}
    uintx GCDrainStackTargetSize                   = 64                                        {product} {ergonomic}
   size_t InitialHeapSize                          = 266338304                                 {product} {ergonomic}
   size_t MarkStackSize                            = 4194304                                   {product} {ergonomic}
   size_t MaxHeapSize                              = 2147483648                                {product} {command line}
   size_t MaxNewSize                               = 1287651328                                {product} {ergonomic}
   size_t MinHeapDeltaBytes                        = 1048576                                   {product} {ergonomic}
   size_t MinHeapSize                              = 8388608                                   {product} {ergonomic}
    uintx NonNMethodCodeHeapSize                   = 7602480                                {pd product} {ergonomic}
    uintx NonProfiledCodeHeapSize                  = 122027880                              {pd product} {ergonomic}
    uintx ProfiledCodeHeapSize                     = 122027880                              {pd product} {ergonomic}
    uintx ReservedCodeCacheSize                    = 251658240                              {pd product} {ergonomic}
     bool SegmentedCodeCache                       = true                                      {product} {ergonomic}
   size_t SoftMaxHeapSize                          = 2147483648                             {manageable} {ergonomic}
     bool UseCompressedClassPointers               = true                           {product lp64_product} {ergonomic}
     bool UseCompressedOops                        = true                           {product lp64_product} {ergonomic}
     bool UseG1GC                                  = true                                      {product} {ergonomic}
     bool UseLargePagesIndividualAllocation        = false                                  {pd product} {ergonomic}

Logging:
Log output configuration:
 #0: stdout all=warning uptime,level,tags
 #1: stderr all=off uptime,level,tags

Environment Variables:
PATH=C:\Program Files\NVIDIA GPU Computing Toolkit\CUDA\v12.6\bin;C:\Program Files\NVIDIA GPU Computing Toolkit\CUDA\v12.6\libnvvp;C:\Program Files\NVIDIA GPU Computing Toolkit\CUDA\v13.3\bin\x64;C:\Program Files\NVIDIA GPU Computing Toolkit\CUDA\v13.3\bin;c:\Users\ASUS\AppData\Local\Programs\cursor\resources\app\bin;C:\Program Files\Common Files\Oracle\Java\javapath;C:\WINDOWS\system32;C:\WINDOWS;C:\WINDOWS\System32\Wbem;C:\WINDOWS\System32\WindowsPowerShell\v1.0\;C:\WINDOWS\System32\OpenSSH\;C:\Program Files (x86)\NVIDIA Corporation\PhysX\Common;C:\Program Files\dotnet\;C:\Program Files\Java\jdk-17\bin;C:\Program Files\nodejs\;C:\Program Files\PostgreSQL\17\bin;C:\Program Files\Git\cmd;C:\Users\ASUS\AppData\Local\Programs\Python\Launcher\;C:\Users\ASUS\scoop\shims;C:\Users\ASUS\AppData\Local\Microsoft\WindowsApps;C:\Users\ASUS\AppData\Roaming\npm;C:\Users\ASUS\AppData\Local\Programs\Python\Python313;C:\Users\ASUS\AppData\Local\Programs\Python\Python313\Scripts;C:\Users\ASUS\AppData\Local\Programs\cursor\resources\app\bin;c:\Users\ASUS\AppData\Local\Programs\cursor\resources\app\bin;C:\Program Files\Git\cmd;C:\Program Files\NVIDIA Corporation\NVIDIA App\NvDLISR;C:\Program Files (x86)\BaseX\bin;C:\Program Files\Apache\apache-maven-3.9.12\bin;C:\Program Files\Docker\Docker\resources\bin;C:\tools\rtk-x86_64-pc-windows-msvc;C:\Program Files\NVIDIA Corporation\Nsight Compute 2024.3.0\;C:\Program Files\NVIDIA GPU Computing Toolkit\CUDA\v12.6\bin;C:\Program Files\NVIDIA GPU Computing Toolkit\CUDA\v12.6\libnvvp;C:\Program Files\NVIDIA GPU Computing Toolkit\CUDA\v13.3\bin\x64;C:\Program Files\NVIDIA GPU Computing Toolkit\CUDA\v13.3\bin;c:\Users\ASUS\AppData\Local\Programs\cursor\resources\app\bin;C:\Program Files\Common Files\Oracle\Java\javapath;C:\WINDOWS\system32;C:\WINDOWS;C:\WINDOWS\System32\Wbem;C:\WINDOWS\System32\WindowsPowerShell\v1.0\;C:\WINDOWS\System32\OpenSSH\;C:\Program Files (x86)\NVIDIA Corporation\PhysX\Common;C:\Program Files\dotnet\;C:\Program Files\Java\jdk
USERNAME=ASUS
OS=Windows_NT
PROCESSOR_IDENTIFIER=AMD64 Family 25 Model 68 Stepping 1, AuthenticAMD



---------------  S Y S T E M  ---------------

OS:
 Windows 11 , 64 bit Build 26100 (10.0.26100.9444)
OS uptime: 1 days 20:24 hours
Hyper-V role detected

CPU: total 16 (initial active 16) (16 cores per cpu, 2 threads per core) family 25 model 68 stepping 1 microcode 0xa404107, cx8, cmov, fxsr, ht, mmx, 3dnowpref, sse, sse2, sse3, ssse3, sse4a, sse4.1, sse4.2, popcnt, lzcnt, tsc, tscinvbit, avx, avx2, aes, erms, clmul, bmi1, bmi2, adx, sha, fma, vzeroupper, clflush, clflushopt, hv

Memory: 4k page, system-wide physical 16202M (1166M free)
TotalPageFile size 25424M (AvailPageFile size 378M)
current process WorkingSet (physical memory assigned to process): 906M, peak: 906M
current process commit charge ("private bytes"): 1130M, peak: 1130M

vm_info: Java HotSpot(TM) 64-Bit Server VM (17.0.12+8-LTS-286) for windows-amd64 JRE (17.0.12+8-LTS-286), built on Jun  5 2024 06:46:59 by "mach5one" with MS VC++ 17.6 (VS2022)

END.
